{"type":"FeatureCollection","features":[{"type":"Feature","properties":{"Layer":"LOCAL TIPO IV"},"geometry":{"type":"MultiLineString","coordinates":[[[757589.53,9814168.14],[757587.31,9814160.94],[757584.32,9814150.18],[757581.93,9814139.26],[757580.15,9814128.22],[757579,9814117.11],[757578.47,9814105.94],[757577.27,9814041.2]]]}},{"type":"Feature","properties":{"Layer":"LOCAL TIPO IV"},"geometry":{"type":"MultiLineString","coordinates":[[[757182.75,9816007.53],[757204.6,9816007.57],[757213.59,9816007.31],[757222.55,9816006.51],[757231.44,9816005.17],[757240.23,9816003.29],[757248.89,9816000.89],[757257.4,9815997.97],[757265.71,9815994.54],[757270.93,9815992.19],[757273.9,9815990.74],[757276.76,9815989.09],[757279.5,9815987.24],[757282.11,9815985.21],[757284.57,9815983.01],[757286.88,9815980.65],[757289.02,9815978.13],[757290.98,9815975.47],[757292.75,9815972.69],[757294.34,9815969.79],[757295.72,9815966.79],[757301.14,9815953.85],[757301.83,9815952.57],[757302.43,9815951.8],[757303.13,9815951.13],[757303.91,9815950.55],[757304.77,9815950.09],[757306.14,9815949.61],[757307.1,9815949.46],[757308.07,9815949.43],[757309.04,9815949.54],[757407.02,9815966.88],[757414.97,9815968.05],[757422.97,9815968.77],[757441.73,9815969.92],[757446.71,9815970.39],[757451.65,9815971.2],[757456.52,9815972.33],[757461.3,9815973.79],[757465.97,9815975.56],[757562.67,9816016.08]]]}},{"type":"Feature","properties":{"Layer":"LOCAL TIPO IV"},"geometry":{"type":"MultiLineString","coordinates":[[[757559.86,9815924.37],[757494.17,9815881.18]]]}},{"type":"Feature","properties":{"Layer":"LOCAL TIPO IV"},"geometry":{"type":"MultiLineString","coordinates":[[[757494.17,9815881.18],[757446.98,9815850.15]]]}},{"type":"Feature","properties":{"Layer":"LOCAL TIPO IV"},"geometry":{"type":"MultiLineString","coordinates":[[[757446.98,9815850.15],[757402.21,9815820.73]]]}},{"type":"Feature","properties":{"Layer":"LOCAL TIPO III"},"geometry":{"type":"MultiLineString","coordinates":[[[757722.88,9815913.67],[757702.23,9815876.62],[757700.52,9815874.33],[757698.52,9815872.3],[757696.26,9815870.55],[757691.82,9815867.73],[757688.4,9815865.9],[757684.87,9815864.29],[757681.24,9815862.92],[757677.53,9815861.79],[757673.75,9815860.91],[757669.92,9815860.28],[757666.06,9815859.9],[757662.18,9815859.77],[757648.68,9815859.77],[757632.82,9815860.29],[757617.02,9815861.85],[757601.36,9815864.45],[757585.31,9815867.67],[757583.99,9815868.18],[757583.18,9815868.67],[757582.44,9815869.26],[757581.5,9815870.32],[757581.01,9815871.12],[757580.62,9815871.98],[757580.36,9815872.89],[757580.22,9815873.83],[757580.26,9815875.24],[757580.59,9815876.62],[757585.72,9815891.41],[757586.11,9815892.86],[757586.3,9815894.35],[757586.28,9815895.85],[757586.06,9815897.33],[757585.63,9815898.77],[757585.01,9815900.13],[757584.63,9815900.78],[757583.74,9815901.99],[757583.24,9815902.54],[757562.38,9815921.2],[757561.24,9815922.36],[757560.73,9815923],[757559.86,9815924.37]]]}},{"type":"Feature","properties":{"Layer":"LOCAL TIPO III"},"geometry":{"type":"MultiLineString","coordinates":[[[757559.86,9815924.37],[757559.21,9815925.74],[757558.75,9815927.19],[757558.4,9815929.44],[757558.15,9815934.75],[757558.38,9815936.01],[757558.67,9815936.81],[757559.06,9815937.57],[757559.56,9815938.27],[757560.14,9815938.89],[757565.38,9815943.83],[757573.71,9815952.15],[757581.54,9815960.95],[757588.83,9815970.19],[757595.57,9815979.84],[757601.73,9815989.87],[757607.49,9815999.91]]]}},{"type":"Feature","properties":{"Layer":"LOCAL TIPO II"},"geometry":{"type":"MultiLineString","coordinates":[[[757582.85,9815534.44],[757525.63,9815609.62],[757517.88,9815620.22],[757510.55,9815631.12],[757484.93,9815670.85],[757482.04,9815675.46],[757463.49,9815706.02],[757461.96,9815708.18],[757460.14,9815710.12],[757459.13,9815710.99],[757456.95,9815712.5],[757455.79,9815713.15],[757453.34,9815714.18],[757450.77,9815714.86],[757448.13,9815715.17],[757366.12,9815713.63],[757364.03,9815713.88],[757363,9815714.11],[757361.01,9815714.79],[757360.06,9815715.23],[757358.25,9815716.3],[757357.41,9815716.93],[757356.61,9815717.61],[757355.16,9815719.13],[757353.94,9815720.84],[757352.96,9815722.71],[757352.58,9815723.68],[757352.26,9815724.69],[757351.83,9815726.74],[757351.69,9815728.84],[757352.9,9815745.87],[757353.74,9815754.78],[757354.99,9815763.64],[757356.92,9815775.41],[757357.52,9815778.52],[757358.29,9815781.58],[757359.25,9815784.59],[757360.37,9815787.55],[757361.66,9815790.43],[757367.7,9815802.96]]]}},{"type":"Feature","properties":{"Layer":"LOCAL TIPO IV"},"geometry":{"type":"MultiLineString","coordinates":[[[757447.02,9815850.09],[757463.29,9815825.04]]]}},{"type":"Feature","properties":{"Layer":"LOCAL TIPO IV"},"geometry":{"type":"MultiLineString","coordinates":[[[757494.17,9815881.18],[757506.76,9815862.17]]]}},{"type":"Feature","properties":{"Layer":"LOCAL TIPO III"},"geometry":{"type":"MultiLineString","coordinates":[[[758941.74,9814310.37],[759005.03,9814194.79]]]}},{"type":"Feature","properties":{"Layer":"LOCAL TIPO IV"},"geometry":{"type":"MultiLineString","coordinates":[[[759106.97,9814198.46],[759114.5,9814161.33]]]}},{"type":"Feature","properties":{"Layer":"LOCAL TIPO IV"},"geometry":{"type":"MultiLineString","coordinates":[[[759503.15,9814171.25],[759528.51,9814096.3]]]}},{"type":"Feature","properties":{"Layer":"LOCAL TIPO II"},"geometry":{"type":"MultiLineString","coordinates":[[[759220.81,9814925.68],[759167.08,9815012.14]]]}},{"type":"Feature","properties":{"Layer":"LOCAL TIPO II"},"geometry":{"type":"MultiLineString","coordinates":[[[759167.08,9815012.14],[759120.84,9815086.55]]]}},{"type":"Feature","properties":{"Layer":"LOCAL TIPO II"},"geometry":{"type":"MultiLineString","coordinates":[[[759339.84,9815073.7],[759273.75,9815026.21]]]}},{"type":"Feature","properties":{"Layer":"LOCAL TIPO IV"},"geometry":{"type":"MultiLineString","coordinates":[[[759038.03,9814916.96],[759127.25,9814947.4]]]}},{"type":"Feature","properties":{"Layer":"LOCAL TIPO IV"},"geometry":{"type":"MultiLineString","coordinates":[[[759127.25,9814947.4],[759160.24,9814958.66]]]}},{"type":"Feature","properties":{"Layer":"LOCAL TIPO I"},"geometry":{"type":"MultiLineString","coordinates":[[[758292.7,9815226.31],[758407.36,9815350.35],[758408.35,9815351.56],[758409.18,9815352.89],[758409.84,9815354.31],[758410.32,9815355.81]]]}},{"type":"Feature","properties":{"Layer":"LOCAL TIPO I"},"geometry":{"type":"MultiLineString","coordinates":[[[758410.32,9815355.81],[758410.63,9815357.48],[758410.7,9815359.19],[758410.55,9815360.88],[758410.39,9815361.72],[758410.17,9815362.54],[758409.56,9815364.14],[758408.75,9815365.63],[758407.75,9815367.01],[758257.37,9815545.65],[758240.64,9815570.25],[758239.44,9815572.3],[758238.54,9815574.49],[758237.94,9815576.79],[758237.77,9815577.97],[758237.66,9815580.34],[758237.73,9815581.52],[758238.11,9815583.87],[758238.81,9815586.14],[758239.82,9815588.29],[758241.11,9815590.28],[758241.86,9815591.2],[758243.53,9815592.89],[758245.42,9815594.32],[758247.49,9815595.49],[758248.58,9815595.96],[758284.7,9815610.13]]]}},{"type":"Feature","properties":{"Layer":"LOCAL TIPO I"},"geometry":{"type":"MultiLineString","coordinates":[[[758410.32,9815355.81],[758445.84,9815358.61],[758451.01,9815358.84],[758456.18,9815358.72],[758461.33,9815358.26],[758466.44,9815357.45],[758471.48,9815356.29],[758476.43,9815354.8],[758481.27,9815352.97],[758485.98,9815350.83],[758490.53,9815348.37],[758494.9,9815345.6],[758499.08,9815342.55],[758535.97,9815313.66],[758643.59,9815231.42]]]}},{"type":"Feature","properties":{"Layer":"LOCAL TIPO I"},"geometry":{"type":"MultiLineString","coordinates":[[[758619.62,9815249.74],[758562.26,9815211.02]]]}},{"type":"Feature","properties":{"Layer":"LOCAL TIPO I"},"geometry":{"type":"MultiLineString","coordinates":[[[758562.26,9815211.02],[758440.2,9815128.63]]]}},{"type":"Feature","properties":{"Layer":"LOCAL TIPO I"},"geometry":{"type":"MultiLineString","coordinates":[[[758395.14,9815337],[758562.26,9815211.02]]]}},{"type":"Feature","properties":{"Layer":"LOCAL TIPO IV"},"geometry":{"type":"MultiLineString","coordinates":[[[759741.65,9814124.38],[759707.16,9814100.49]]]}},{"type":"Feature","properties":{"Layer":"LOCAL TIPO II"},"geometry":{"type":"MultiLineString","coordinates":[[[758332.24,9815269.07],[758456.08,9815191.61],[758457.04,9815191.21],[758458.4,9815190.99],[758459.43,9815191.06],[758460.74,9815191.47],[758471.66,9815198.35],[758472.48,9815199.1],[758473.01,9815200.09],[758473.15,9815200.75],[758473.16,9815201.43],[758473.02,9815202.09],[758472.75,9815202.7],[758472.36,9815203.26],[758471.87,9815203.71],[758353.97,9815292.6]]]}},{"type":"Feature","properties":{"Layer":"LOCAL TIPO I"},"geometry":{"type":"MultiLineString","coordinates":[[[758442.62,9815358.36],[758484.33,9815485.89]]]}},{"type":"Feature","properties":{"Layer":"LOCAL TIPO I"},"geometry":{"type":"MultiLineString","coordinates":[[[758399.12,9815535.46],[758614.03,9815410.44]]]}},{"type":"Feature","properties":{"Layer":"LOCAL TIPO I"},"geometry":{"type":"MultiLineString","coordinates":[[[758576.13,9815432.48],[758603.45,9815516.46]]]}},{"type":"Feature","properties":{"Layer":"LOCAL TIPO IV"},"geometry":{"type":"MultiLineString","coordinates":[[[758758.7,9814884.37],[758804.46,9814895.46],[758812.91,9814897.28],[758821.44,9814898.66],[758830.04,9814899.6],[758838.91,9814900.34],[758844.35,9814900.94],[758849.75,9814901.84],[758855.1,9814903.04],[758872.99,9814907.57]]]}},{"type":"Feature","properties":{"Layer":"LOCAL TIPO IV"},"geometry":{"type":"MultiLineString","coordinates":[[[758872.99,9814907.57],[758880.78,9814909.39],[758881.84,9814909.74],[758883.88,9814910.67],[758885.77,9814911.86],[758887.48,9814913.29],[758888.26,9814914.09],[758889.65,9814915.84],[758890.26,9814916.78],[758891.27,9814918.77],[758892,9814920.88],[758892.26,9814921.97],[758892.59,9814924.61],[758893.09,9814938.09],[758892.82,9814951.58],[758891.78,9814965.02],[758889.98,9814978.39],[758888.53,9814987.29]]]}},{"type":"Feature","properties":{"Layer":"LOCAL TIPO II"},"geometry":{"type":"MultiLineString","coordinates":[[[757837.48,9813959.12],[757835.77,9813970.77],[757835.09,9813974.56],[757834.18,9813978.3],[757833.03,9813981.97],[757831.65,9813985.57],[757830.05,9813989.07]]]}},{"type":"Feature","properties":{"Layer":"LOCAL TIPO II"},"geometry":{"type":"MultiLineString","coordinates":[[[757830.05,9813989.07],[757828.14,9813992.64],[757825.99,9813996.07],[757823.61,9813999.36],[757809.51,9814017.59]]]}},{"type":"Feature","properties":{"Layer":"LOCAL TIPO II"},"geometry":{"type":"MultiLineString","coordinates":[[[757809.51,9814017.59],[757802.3,9814026.92],[757798.29,9814032.4],[757794.6,9814038.11],[757791.24,9814044.01],[757744.13,9814132.22]]]}},{"type":"Feature","properties":{"Layer":"LOCAL TIPO II"},"geometry":{"type":"MultiLineString","coordinates":[[[757744.13,9814132.22],[757741.92,9814136.15],[757740.08,9814138.95],[757738.07,9814141.63],[757735.9,9814144.18],[757733.58,9814146.6],[757731.12,9814148.87],[757722.62,9814155.97],[757713.85,9814162.74],[757684.78,9814184.31]]]}},{"type":"Feature","properties":{"Layer":"LOCAL TIPO IV"},"geometry":{"type":"MultiLineString","coordinates":[[[758032.29,9814024.14],[758011.21,9814018.5],[758003.63,9814016.3],[757996.15,9814013.78]]]}},{"type":"Feature","properties":{"Layer":"LOCAL TIPO IV"},"geometry":{"type":"MultiLineString","coordinates":[[[757996.15,9814013.78],[757988.74,9814010.93],[757926.16,9813985.27],[757924.18,9813984.53],[757922.15,9813983.92],[757920.08,9813983.45],[757917.99,9813983.1],[757915.88,9813982.89],[757913.77,9813982.82],[757911.65,9813982.89],[757909.54,9813983.09],[757893.25,9813985.15],[757891.02,9813985.07],[757888.86,9813984.56],[757887.48,9813983.99],[757837.48,9813959.12]]]}},{"type":"Feature","properties":{"Layer":"LOCAL TIPO IV"},"geometry":{"type":"MultiLineString","coordinates":[[[757763.09,9814202],[757761.65,9814171.89],[757761.31,9814167.51],[757760.7,9814163.15],[757759.84,9814158.84],[757758.71,9814154.59],[757757.33,9814150.42],[757755.7,9814146.34],[757753.83,9814142.36],[757748.68,9814132.23]]]}},{"type":"Feature","properties":{"Layer":"LOCAL TIPO IV"},"geometry":{"type":"MultiLineString","coordinates":[[[757580.06,9814127.33],[757621.78,9814132.15],[757648.93,9814134.51],[757676.17,9814135.28],[757703.42,9814134.48],[757735.16,9814132.62],[757744.13,9814132.22]]]}},{"type":"Feature","properties":{"Layer":"LOCAL TIPO IV"},"geometry":{"type":"MultiLineString","coordinates":[[[757744.13,9814132.22],[757763.2,9814132.25],[757825.56,9814134.23],[757832.56,9814134.59],[757839.54,9814135.21]]]}},{"type":"Feature","properties":{"Layer":"LOCAL TIPO IV"},"geometry":{"type":"MultiLineString","coordinates":[[[757839.54,9814135.21],[757848.95,9814136.49],[757858.27,9814138.25],[757867.49,9814140.49],[757913.43,9814152.93],[757928.73,9814157.57]]]}},{"type":"Feature","properties":{"Layer":"LOCAL TIPO IV"},"geometry":{"type":"MultiLineString","coordinates":[[[757928.73,9814157.57],[757940.54,9814161.86],[757952.13,9814166.7],[757960.75,9814170.55],[757969.69,9814174.8],[757978.4,9814179.49]]]}},{"type":"Feature","properties":{"Layer":"LOCAL TIPO III"},"geometry":{"type":"MultiLineString","coordinates":[[[757842.05,9814220.1],[757840.71,9814163.77],[757839.54,9814135.21]]]}},{"type":"Feature","properties":{"Layer":"LOCAL TIPO III"},"geometry":{"type":"MultiLineString","coordinates":[[[757839.54,9814135.21],[757838.8,9814123.86],[757836.6,9814093.15],[757836.1,9814088.19],[757835.31,9814083.27],[757834.24,9814078.41],[757832.89,9814073.61],[757831.26,9814068.9],[757820.83,9814041.32],[757819.33,9814037.65],[757817.66,9814034.05],[757809.51,9814017.59]]]}},{"type":"Feature","properties":{"Layer":"LOCAL TIPO III"},"geometry":{"type":"MultiLineString","coordinates":[[[757895.48,9814234.24],[757896.66,9814228.77],[757897.72,9814224.37],[757899,9814220.03],[757901.16,9814213.97],[757903.6,9814208.03],[757906.4,9814202.26],[757915.22,9814185.43],[757919.01,9814177.87],[757928.73,9814157.57]]]}},{"type":"Feature","properties":{"Layer":"LOCAL TIPO III"},"geometry":{"type":"MultiLineString","coordinates":[[[757928.73,9814157.57],[757951.52,9814108.86]]]}},{"type":"Feature","properties":{"Layer":"LOCAL TIPO III"},"geometry":{"type":"MultiLineString","coordinates":[[[757951.52,9814108.86],[757969.58,9814069.12],[757991.23,9814023.57],[757996.15,9814013.78]]]}},{"type":"Feature","properties":{"Layer":"LOCAL TIPO IV"},"geometry":{"type":"MultiLineString","coordinates":[[[757988.66,9814185.76],[757995.1,9814190.13],[758038.35,9814220.85]]]}},{"type":"Feature","properties":{"Layer":"LOCAL TIPO IV"},"geometry":{"type":"MultiLineString","coordinates":[[[758038.35,9814220.85],[758084.27,9814256.99]]]}},{"type":"Feature","properties":{"Layer":"LOCAL TIPO III"},"geometry":{"type":"MultiLineString","coordinates":[[[758038.35,9814220.85],[758074.15,9814162.1],[758097.77,9814121.81],[758126.43,9814070.94]]]}},{"type":"Feature","properties":{"Layer":"LOCAL TIPO IV"},"geometry":{"type":"MultiLineString","coordinates":[[[758081.59,9814047.95],[758126.43,9814070.94]]]}},{"type":"Feature","properties":{"Layer":"LOCAL TIPO IV"},"geometry":{"type":"MultiLineString","coordinates":[[[758126.43,9814070.94],[758154.82,9814085.5],[758167.16,9814092.01],[758213.5,9814117.15]]]}},{"type":"Feature","properties":{"Layer":"LOCAL TIPO IV"},"geometry":{"type":"MultiLineString","coordinates":[[[758155.23,9814172.54],[758162.5,9814170.34],[758165.74,9814169.47],[758169.03,9814168.82],[758172.35,9814168.38],[758175.7,9814168.17],[758179.06,9814168.17],[758182.41,9814168.4],[758185.36,9814168.75],[758187.14,9814169.1],[758188.89,9814169.57],[758190.6,9814170.15],[758192.28,9814170.84],[758193.91,9814171.63],[758195.48,9814172.53],[758196.99,9814173.53],[758198.43,9814174.62],[758206.16,9814181.65]]]}},{"type":"Feature","properties":{"Layer":"LOCAL TIPO IV"},"geometry":{"type":"MultiLineString","coordinates":[[[758025.16,9814327.32],[758084.27,9814256.99]]]}},{"type":"Feature","properties":{"Layer":"LOCAL TIPO IV"},"geometry":{"type":"MultiLineString","coordinates":[[[758084.27,9814256.99],[758161.57,9814164.99],[758166.11,9814159.95],[758170.98,9814155.22],[758213.58,9814117.07]]]}},{"type":"Feature","properties":{"Layer":"LOCAL TIPO IV"},"geometry":{"type":"MultiLineString","coordinates":[[[758213.58,9814117.07],[758223.68,9814108.69],[758226.09,9814106.55],[758228.35,9814104.26],[758230.44,9814101.81],[758232.37,9814099.24],[758234.12,9814096.54],[758235.69,9814093.72],[758239.28,9814086.73],[758240.67,9814083.79],[758241.85,9814080.76],[758242.82,9814077.66],[758243.58,9814074.5],[758244.13,9814071.3],[758244.45,9814068.07],[758244.56,9814064.82],[758244.51,9814029.95],[758244.68,9814027.32],[758244.88,9814026.02],[758245.54,9814023.48],[758246.52,9814021.03],[758247.12,9814019.86],[758264.39,9813992.81],[758268.51,9813986.27],[758269.32,9813984.63],[758269.68,9813983.46],[758269.91,9813981.64],[758269.85,9813980.42],[758269.64,9813979.21],[758269.27,9813978.05],[758268.74,9813976.94],[758265.91,9813972.58]]]}},{"type":"Feature","properties":{"Layer":"LOCAL TIPO IV"},"geometry":{"type":"MultiLineString","coordinates":[[[758265.91,9813972.58],[758237.26,9813928.72],[758236.87,9813928.03],[758211.39,9813873.75],[758208.01,9813865.87],[758205.16,9813857.79],[758197.02,9813831.98],[758195.94,9813828.91],[758194.65,9813825.92],[758193.17,9813823.03],[758191.49,9813820.24],[758186.79,9813813.01],[758185.08,9813810.52],[758183.22,9813808.13],[758181.24,9813805.85],[758179.14,9813803.68],[758161.1,9813786.1]]]}},{"type":"Feature","properties":{"Layer":"LOCAL TIPO IV"},"geometry":{"type":"MultiLineString","coordinates":[[[758265.91,9813972.58],[758311.12,9813996.56],[758323.6,9814002.69],[758336.45,9814008.03],[758348.29,9814012.52],[758356.13,9814015.31],[758364.08,9814017.77],[758380.83,9814022.58],[758389.85,9814025.4],[758398.73,9814028.64],[758500.88,9814068.73]]]}},{"type":"Feature","properties":{"Layer":"LOCAL TIPO IV"},"geometry":{"type":"MultiLineString","coordinates":[[[758718.83,9814548.23],[758711.6,9814513.16],[758709.68,9814504.8],[758707.41,9814496.53],[758691.01,9814441.42],[758690.59,9814440.28],[758689.71,9814438.69],[758688.97,9814437.74],[758687.59,9814436.26],[758686.85,9814435.06],[758686.49,9814434.19],[758686.24,9814433.28],[758686.11,9814431.87],[758686.28,9814376.15],[758686.36,9814375.42],[758686.7,9814374.48],[758687.1,9814373.86],[758687.83,9814373.19],[758688.71,9814372.74],[758689.68,9814372.54],[758715.64,9814372.56]]]}},{"type":"Feature","properties":{"Layer":"LOCAL TIPO III"},"geometry":{"type":"MultiLineString","coordinates":[[[758761.35,9814844.87],[758724.55,9814838.06],[758697.16,9814833.38],[758654.98,9814826.76],[758654.22,9814826.66],[758652.68,9814826.63],[758651.91,9814826.69],[758650.4,9814826.96],[758648.94,9814827.44],[758648.23,9814827.74],[758647.55,9814828.1],[758646.26,9814828.94],[758645.1,9814829.95],[758644.57,9814830.51],[758643.64,9814831.72],[758643.23,9814832.38],[758642.55,9814833.76],[758638.43,9814843.79],[758635.59,9814850.09],[758632.32,9814856.18],[758626.02,9814867.01],[758624.96,9814868.71],[758623.8,9814870.34],[758622.55,9814871.9],[758621.2,9814873.38],[758619.77,9814874.78],[758618.26,9814876.09],[758616.67,9814877.31],[758602.21,9814887.72],[758601.21,9814888.35],[758600.14,9814888.83],[758598.43,9814889.28],[758597.25,9814889.39],[758595.49,9814889.25],[758594.34,9814888.96],[758593.25,9814888.53],[758520.05,9814853.55]]]}},{"type":"Feature","properties":{"Layer":"LOCAL TIPO IV"},"geometry":{"type":"MultiLineString","coordinates":[[[758933.98,9814720.22],[758906.54,9814803.83]]]}},{"type":"Feature","properties":{"Layer":"LOCAL TIPO IV"},"geometry":{"type":"MultiLineString","coordinates":[[[758906.54,9814803.83],[758889.83,9814857.84],[758888.1,9814863.16],[758872.99,9814907.57]]]}},{"type":"Feature","properties":{"Layer":"LOCAL TIPO IV"},"geometry":{"type":"MultiLineString","coordinates":[[[758906.54,9814803.83],[758951.44,9814817.98],[758963.12,9814821.85],[759007.51,9814837.3],[759008.25,9814837.62],[759008.93,9814838.02],[759009.84,9814838.8],[759010.57,9814839.74],[759011.1,9814840.8],[759011.34,9814841.56],[759011.48,9814842.75],[759011.45,9814843.54],[759011.2,9814844.71],[759005.81,9814858.3],[759003.86,9814862.8],[759001.63,9814867.17],[758984.32,9814898.71],[758983.01,9814901.27],[758981.86,9814903.9],[758980.86,9814906.59],[758980.02,9814909.34],[758979.34,9814912.13],[758978.83,9814914.95],[758971.61,9814962.81]]]}},{"type":"Feature","properties":{"Layer":"LOCAL TIPO IV"},"geometry":{"type":"MultiLineString","coordinates":[[[759167.64,9814889.61],[759137.3,9814931.26],[759133.69,9814936.47],[759130.33,9814941.86],[759127.25,9814947.4]]]}},{"type":"Feature","properties":{"Layer":"LOCAL TIPO IV"},"geometry":{"type":"MultiLineString","coordinates":[[[759127.25,9814947.4],[759123.6,9814954.89],[759120.44,9814962.6],[759110.34,9814989.64]]]}},{"type":"Feature","properties":{"Layer":"LOCAL TIPO I"},"geometry":{"type":"MultiLineString","coordinates":[[[759080.6,9814979.03],[759110.34,9814989.64]]]}},{"type":"Feature","properties":{"Layer":"LOCAL TIPO I"},"geometry":{"type":"MultiLineString","coordinates":[[[759110.34,9814989.64],[759145.69,9815002.25],[759153.01,9815005.12],[759160.15,9815008.42],[759167.08,9815012.14]]]}},{"type":"Feature","properties":{"Layer":"LOCAL TIPO I"},"geometry":{"type":"MultiLineString","coordinates":[[[759167.08,9815012.14],[759173.88,9815016.35],[759180.4,9815020.97],[759205.26,9815039.74]]]}},{"type":"Feature","properties":{"Layer":"LOCAL TIPO III"},"geometry":{"type":"MultiLineString","coordinates":[[[759267.56,9814957.39],[759205.26,9815039.74]]]}},{"type":"Feature","properties":{"Layer":"LOCAL TIPO III"},"geometry":{"type":"MultiLineString","coordinates":[[[759205.26,9815039.74],[759186.69,9815064.75],[759166.99,9815090.88]]]}},{"type":"Feature","properties":{"Layer":"LOCAL TIPO IV"},"geometry":{"type":"MultiLineString","coordinates":[[[759312.41,9814989.56],[759290.78,9815008.31],[759284.72,9815013.91],[759279.04,9815019.88],[759273.75,9815026.21]]]}},{"type":"Feature","properties":{"Layer":"LOCAL TIPO IV"},"geometry":{"type":"MultiLineString","coordinates":[[[759273.75,9815026.21],[759270.37,9815030.74],[759267.18,9815035.42],[759255.76,9815053.02],[759243.86,9815070.79],[759235.18,9815082.8],[759225.77,9815094.24],[759216.92,9815104.34],[759215.65,9815105.7],[759214.3,9815106.97],[759212.87,9815108.16],[759211.37,9815109.25],[759209.8,9815110.25],[759208.17,9815111.15],[759206.49,9815111.94]]]}},{"type":"Feature","properties":{"Layer":"LOCAL TIPO IV"},"geometry":{"type":"MultiLineString","coordinates":[[[759206.49,9815111.94],[759205.02,9815112.53],[759199.85,9815114.18],[759196.7,9815115.27],[759193.62,9815116.58],[759190.65,9815118.09],[759187.78,9815119.8],[759185.04,9815121.71],[759160.4,9815140.09]]]}},{"type":"Feature","properties":{"Layer":"LOCAL TIPO II"},"geometry":{"type":"MultiLineString","coordinates":[[[759380.13,9815039.36],[759339.84,9815073.7]]]}},{"type":"Feature","properties":{"Layer":"LOCAL TIPO II"},"geometry":{"type":"MultiLineString","coordinates":[[[759339.84,9815073.7],[759291.85,9815114.61],[759260.3,9815142.21],[759234.3,9815164.72]]]}},{"type":"Feature","properties":{"Layer":"LOCAL TIPO II"},"geometry":{"type":"MultiLineString","coordinates":[[[759234.3,9815164.72],[759207.4,9815187.49],[759185.21,9815206.07]]]}},{"type":"Feature","properties":{"Layer":"LOCAL TIPO II"},"geometry":{"type":"MultiLineString","coordinates":[[[759270.41,9815210.57],[759247.69,9815183],[759240.74,9815174.05],[759234.3,9815164.72]]]}},{"type":"Feature","properties":{"Layer":"LOCAL TIPO II"},"geometry":{"type":"MultiLineString","coordinates":[[[759234.3,9815164.72],[759228.47,9815155.17],[759223.18,9815145.31],[759206.49,9815111.94]]]}},{"type":"Feature","properties":{"Layer":"LOCAL TIPO II"},"geometry":{"type":"MultiLineString","coordinates":[[[759373.06,9815178.94],[759330.08,9815148.42]]]}},{"type":"Feature","properties":{"Layer":"LOCAL TIPO II"},"geometry":{"type":"MultiLineString","coordinates":[[[759330.08,9815148.42],[759288.31,9815117.65]]]}},{"type":"Feature","properties":{"Layer":"LOCAL TIPO II"},"geometry":{"type":"MultiLineString","coordinates":[[[759422.83,9815070.76],[759344.1,9815135.69],[759336.94,9815141.89],[759330.08,9815148.42]]]}},{"type":"Feature","properties":{"Layer":"LOCAL TIPO II"},"geometry":{"type":"MultiLineString","coordinates":[[[759330.08,9815148.42],[759270.41,9815210.57]]]}},{"type":"Feature","properties":{"Layer":"LOCAL TIPO II"},"geometry":{"type":"MultiLineString","coordinates":[[[759270.41,9815210.57],[759229.68,9815253.05]]]}},{"type":"Feature","properties":{"Layer":"LOCAL TIPO II"},"geometry":{"type":"MultiLineString","coordinates":[[[759463.68,9815100.8],[759373.06,9815178.94]]]}},{"type":"Feature","properties":{"Layer":"LOCAL TIPO II"},"geometry":{"type":"MultiLineString","coordinates":[[[759373.06,9815178.94],[759358.91,9815191.01],[759326.71,9815217.84]]]}},{"type":"Feature","properties":{"Layer":"LOCAL TIPO IV"},"geometry":{"type":"MultiLineString","coordinates":[[[759051.06,9814795.58],[759083.98,9814744.51],[759084.66,9814743.27],[759085.37,9814741.27],[759085.61,9814739.88],[759085.67,9814738.46],[759085.54,9814737.05],[759084.04,9814727.45],[759083.97,9814724.82],[759084.07,9814723.51],[759084.54,9814720.92],[759084.9,9814719.65],[759085.87,9814717.21],[759089.07,9814710.53],[759091.02,9814706.76],[759093.18,9814703.12],[759095.55,9814699.61],[759098.12,9814696.24],[759120.75,9814668.39],[759132.14,9814653.7],[759142.87,9814638.51],[759152.8,9814623.74],[759168.81,9814601.35],[759186.07,9814579.91],[759204.52,9814559.48],[759227.42,9814535.54],[759232.21,9814530.23],[759236.67,9814524.64],[759240.8,9814518.8],[759244.57,9814512.73],[759247.97,9814506.44],[759251,9814499.96],[759261.4,9814475.84],[759270.17,9814456.88],[759279.91,9814438.39],[759290.61,9814420.44],[759293.46,9814415.93],[759296.31,9814411.69],[759299.39,9814407.62],[759315.89,9814387.1],[759323.44,9814378.1],[759331.34,9814369.4],[759367.11,9814331.61],[759367.59,9814331.25],[759368.29,9814331.07],[759368.88,9814331.14],[759369.71,9814331.45]]]}},{"type":"Feature","properties":{"Layer":"PASAJE UNIDIRECCIONAL"},"geometry":{"type":"MultiLineString","coordinates":[[[759084.73,9814720.31],[759052.09,9814704.8],[759039.27,9814698.34],[759026.76,9814691.31],[759004.81,9814678.3]]]}},{"type":"Feature","properties":{"Layer":"LOCAL TIPO IV"},"geometry":{"type":"MultiLineString","coordinates":[[[758935.35,9814680.61],[758938.82,9814670.64],[758941.04,9814663.26],[758954.58,9814614.74],[758958.1,9814602.88]]]}},{"type":"Feature","properties":{"Layer":"LOCAL TIPO IV"},"geometry":{"type":"MultiLineString","coordinates":[[[758958.1,9814602.88],[758966.04,9814580.07],[758967.79,9814575.51],[758970.79,9814568.13],[758974.83,9814559.29],[758981.37,9814546.57],[758988.64,9814534.24],[758996.6,9814522.36],[759005.24,9814510.96],[759070.47,9814429.83]]]}},{"type":"Feature","properties":{"Layer":"LOCAL TIPO IV"},"geometry":{"type":"MultiLineString","coordinates":[[[759070.47,9814429.83],[759097.67,9814395.99],[759223.26,9814251.84]]]}},{"type":"Feature","properties":{"Layer":"PASAJE UNIDIRECCIONAL"},"geometry":{"type":"MultiLineString","coordinates":[[[759070.45,9814429.81],[759047.83,9814408.38],[759040.68,9814401.92],[759004.59,9814370.89],[758998.38,9814365.67],[758991.03,9814359.11],[758984.14,9814352.07],[758977.74,9814344.58],[758971.84,9814336.69],[758970.79,9814335.18]]]}},{"type":"Feature","properties":{"Layer":"PASAJE UNIDIRECCIONAL"},"geometry":{"type":"MultiLineString","coordinates":[[[759104.78,9814688.05],[759067.73,9814665.07],[759031.15,9814641.65],[759017.96,9814632.94],[759010.8,9814628.44],[759003.46,9814624.27],[758995.05,9814619.74],[758986.79,9814615.52],[758978.37,9814611.65],[758958.09,9814602.87]]]}},{"type":"Feature","properties":{"Layer":"LOCAL TIPO III"},"geometry":{"type":"MultiLineString","coordinates":[[[759359.9,9814339.23],[759345.82,9814329.5],[759322.59,9814314.4],[759273.05,9814284.14],[759225.45,9814253.89],[759223.26,9814251.84]]]}},{"type":"Feature","properties":{"Layer":"LOCAL TIPO IV"},"geometry":{"type":"MultiLineString","coordinates":[[[759223.26,9814251.84],[759221.07,9814249.79],[759204.64,9814238.59],[759195.58,9814232.76],[759186.22,9814227.43],[759176.58,9814222.61],[759140.63,9814205.82],[759135.87,9814203.79],[759130.98,9814202.08],[759125.99,9814200.7],[759120.91,9814199.65],[759115.78,9814198.95],[759110.61,9814198.59],[759106.97,9814198.46]]]}},{"type":"Feature","properties":{"Layer":"LOCAL TIPO IV"},"geometry":{"type":"MultiLineString","coordinates":[[[759106.97,9814198.46],[758948.09,9814192.74],[758945.76,9814192.74],[758943.43,9814192.88],[758941.11,9814193.18],[758938.82,9814193.64],[758936.57,9814194.24],[758934.36,9814194.99],[758932.2,9814195.88],[758930.11,9814196.92],[758928.09,9814198.09],[758926.15,9814199.39],[758924.31,9814200.82],[758922.56,9814202.36],[758920.91,9814204.02],[758919.38,9814205.78],[758917.97,9814207.64],[758916.68,9814209.59],[758887.55,9814257.05],[758884.03,9814262.09],[758883.39,9814263.34],[758882.76,9814265.34],[758882.55,9814267.43],[758882.65,9814268.83],[758883.15,9814270.87],[758884.05,9814272.76],[758885.33,9814274.43],[758886.91,9814275.81],[758898.51,9814282.86],[758907.63,9814288.21],[758916.4,9814294.12],[758920.28,9814296.97],[758924.47,9814299.9],[758928.8,9814302.63],[758941.74,9814310.37]]]}},{"type":"Feature","properties":{"Layer":"LOCAL TIPO IV"},"geometry":{"type":"MultiLineString","coordinates":[[[758941.74,9814310.37],[758951.03,9814315.93],[758953.86,9814317.74],[758956.58,9814319.73],[758959.18,9814321.87],[758961.64,9814324.17],[758963.96,9814326.61],[758966.12,9814329.19],[758970.81,9814335.13]]]}},{"type":"Feature","properties":{"Layer":"LOCAL TIPO II"},"geometry":{"type":"MultiLineString","coordinates":[[[758778.16,9814597.89],[758748.64,9814659.95],[758747.54,9814662.47],[758746.6,9814665.05],[758745.82,9814667.68],[758745.21,9814670.35],[758744.5,9814673.97],[758744.37,9814674.99],[758744.45,9814676.53],[758744.84,9814678.02],[758745.53,9814679.39],[758746.49,9814680.6],[758747.26,9814681.28],[758749.92,9814683.28],[758762.08,9814689.69],[758763.49,9814690.62],[758764.69,9814691.82],[758765.63,9814693.23],[758766.27,9814694.8],[758766.59,9814696.47],[758767.9,9814758.3],[758761.35,9814844.87]]]}},{"type":"Feature","properties":{"Layer":"LOCAL TIPO II"},"geometry":{"type":"MultiLineString","coordinates":[[[758761.35,9814844.87],[758757.36,9814882.6],[758757.44,9814883.2],[758757.72,9814883.73],[758758.15,9814884.13],[758758.7,9814884.37]]]}},{"type":"Feature","properties":{"Layer":"LOCAL TIPO III"},"geometry":{"type":"MultiLineString","coordinates":[[[759603.57,9814412.71],[759501.07,9814380.46],[759482.3,9814373.97],[759369.71,9814331.45]]]}},{"type":"Feature","properties":{"Layer":"LOCAL TIPO IV"},"geometry":{"type":"MultiLineString","coordinates":[[[759503.15,9814171.25],[759510.26,9814173.07],[759528.72,9814178.4],[759546.83,9814184.81],[759564.53,9814192.29],[759611.98,9814214.04],[759632.5,9814222.78],[759644.67,9814227.58],[759649.01,9814229.15],[759653.45,9814230.46],[759657.95,9814231.51],[759662.5,9814232.29],[759667.1,9814232.81],[759678.3,9814233.34]]]}},{"type":"Feature","properties":{"Layer":"LOCAL TIPO IV"},"geometry":{"type":"MultiLineString","coordinates":[[[759565.66,9814095.25],[759565.16,9814094.5],[759564.62,9814093.26],[759564.39,9814092.39],[759564.28,9814091.04],[759565.21,9814047.12]]]}},{"type":"Feature","properties":{"Layer":"LOCAL TIPO IV"},"geometry":{"type":"MultiLineString","coordinates":[[[759565.21,9814047.12],[759566.24,9813997.92]]]}},{"type":"Feature","properties":{"Layer":"LOCAL TIPO IV"},"geometry":{"type":"MultiLineString","coordinates":[[[759566.24,9813997.92],[759566.66,9813979.65]]]}},{"type":"Feature","properties":{"Layer":"LOCAL TIPO IV"},"geometry":{"type":"MultiLineString","coordinates":[[[759566.27,9813997.92],[759750.3,9814043.23],[759750.74,9814043.4],[759751.11,9814043.69],[759751.54,9814044.39]]]}},{"type":"Feature","properties":{"Layer":"LOCAL TIPO IV"},"geometry":{"type":"MultiLineString","coordinates":[[[759565.21,9814047.12],[759606.65,9814057.56],[759676.85,9814075.46],[759718.67,9814086.27]]]}},{"type":"Feature","properties":{"Layer":"LOCAL TIPO IV"},"geometry":{"type":"MultiLineString","coordinates":[[[759685.56,9814126.81],[759685.09,9814126.92],[759684.49,9814126.88],[759569.34,9814097.68],[759568.08,9814097.22],[759567.3,9814096.78],[759566.26,9814095.93],[759565.66,9814095.25]]]}},{"type":"Feature","properties":{"Layer":"LOCAL TIPO II"},"geometry":{"type":"MultiLineString","coordinates":[[[759685.56,9814126.81],[759685.96,9814126.59],[759686.28,9814126.28],[759751.24,9814046.03],[759751.48,9814045.63],[759751.61,9814045.19],[759751.54,9814044.39]]]}},{"type":"Feature","properties":{"Layer":"LOCAL TIPO III"},"geometry":{"type":"MultiLineString","coordinates":[[[757951.52,9814108.86],[757874.5,9814024.41],[757868.36,9814018.06],[757861.86,9814012.08],[757855.03,9814006.47],[757847.89,9814001.28],[757830.05,9813989.07]]]}},{"type":"Feature","properties":{"Layer":"LOCAL TIPO III"},"geometry":{"type":"MultiLineString","coordinates":[[[758014.37,9815777.48],[758013.67,9815777.64],[758013.18,9815777.99],[758012.79,9815778.58],[758012.67,9815779.29],[758016.12,9815879.02]]]}},{"type":"Feature","properties":{"Layer":"LOCAL TIPO II"},"geometry":{"type":"MultiLineString","coordinates":[[[758083.84,9815876.77],[758108.85,9815861.85],[758113.42,9815858.94],[758117.8,9815855.77],[758122,9815852.35],[758125.98,9815848.69],[758138.98,9815836.02],[758139.83,9815835.06],[758140.55,9815834],[758141.12,9815832.85],[758141.52,9815831.64],[758141.75,9815830.38],[758141.78,9815828.46],[758141.58,9815827.19],[758141.2,9815825.97],[758140.67,9815824.81],[758139.98,9815823.73],[758138.69,9815822.31],[758137.68,9815821.52],[758135.99,9815820.61],[758134.15,9815820.07],[758132.87,9815819.92],[758111.47,9815818.91],[758109.35,9815818.74],[758107.26,9815818.42],[758105.18,9815817.96],[758103.15,9815817.36],[758101.16,9815816.62],[758099.22,9815815.75],[758097.35,9815814.74],[758095.56,9815813.61],[758050.05,9815782.81],[758048.08,9815781.58],[758046.03,9815780.48],[758043.91,9815779.52],[758041.72,9815778.72],[758039.49,9815778.07],[758037.21,9815777.57],[758034.91,9815777.24],[758032.59,9815777.06],[758030.26,9815777.04],[758014.37,9815777.48]]]}},{"type":"Feature","properties":{"Layer":"LOCAL TIPO I"},"geometry":{"type":"MultiLineString","coordinates":[[[759099.87,9814786.23],[759080.81,9814813.4]]]}},{"type":"Feature","properties":{"Layer":"LOCAL TIPO III"},"geometry":{"type":"MultiLineString","coordinates":[[[759696.07,9814368.82],[759882.53,9814432.33]]]}},{"type":"Feature","properties":{"Layer":"LOCAL TIPO IV"},"geometry":{"type":"MultiLineString","coordinates":[[[759689.41,9814247.38],[759693.58,9814257.7],[759694.3,9814259.66],[759694.89,9814261.67],[759695.36,9814263.71],[759695.71,9814265.78],[759696.8,9814274.34],[759696.89,9814277.92],[759695.73,9814319.11],[759692.76,9814364.71],[759692.8,9814365.26],[759693,9814366.05],[759693.22,9814366.55],[759693.68,9814367.24],[759694.49,9814367.97],[759696.07,9814368.82]]]}},{"type":"Feature","properties":{"Layer":"LOCAL TIPO IV"},"geometry":{"type":"MultiLineString","coordinates":[[[759267.76,9814938.19],[759325,9814874.26]]]}},{"type":"Feature","properties":{"Layer":"LOCAL TIPO IV"},"geometry":{"type":"MultiLineString","coordinates":[[[759291.97,9814852.06],[759234.15,9814915.39]]]}},{"type":"Feature","properties":{"Layer":"LOCAL TIPO II"},"geometry":{"type":"MultiLineString","coordinates":[[[757456.19,9814085.77],[757337.26,9814072.87]]]}},{"type":"Feature","properties":{"Layer":"LOCAL TIPO II"},"geometry":{"type":"MultiLineString","coordinates":[[[757450.09,9814143.78],[757457.63,9814072.03],[757457.91,9814069.95],[757458.3,9814067.9],[757458.8,9814065.87],[757459.92,9814062],[757461.06,9814059.34],[757462.55,9814056.87],[757464.36,9814054.61],[757466.47,9814052.63],[757468.82,9814050.95],[757472.95,9814048.72],[757474.54,9814047.94],[757476.19,9814047.26],[757477.87,9814046.69],[757479.58,9814046.22],[757481.32,9814045.87],[757483.08,9814045.62],[757484.85,9814045.48],[757574.74,9814041.42],[757612.86,9814037.88],[757615.53,9814037.55],[757618.17,9814037.07],[757620.78,9814036.44],[757623.35,9814035.66],[757625.87,9814034.73],[757712.3,9814000.06],[757740.08,9813991.48],[757741.88,9813990.84],[757807.44,9813963.88],[757810.7,9813962.64],[757814.04,9813961.61],[757817.42,9813960.77],[757820.85,9813960.13],[757824.32,9813959.7],[757827.8,9813959.47],[757837.48,9813959.12]]]}},{"type":"Feature","properties":{"Layer":"LOCAL TIPO IV"},"geometry":{"type":"MultiLineString","coordinates":[[[759369.71,9814331.45],[759381.16,9814272.72],[759384.56,9814253.26],[759385.38,9814249.27],[759386.46,9814245.34],[759387.84,9814241.38],[759389.1,9814238.35],[759390.53,9814235.41],[759392.13,9814232.55],[759398.88,9814222.12],[759402.27,9814216.15],[759405.34,9814210],[759410.66,9814198.62],[759413.63,9814191.8],[759416.24,9814184.84],[759418.49,9814177.75],[759424.46,9814157.1],[759424.81,9814156.31],[759425.52,9814155.22],[759426.11,9814154.59],[759426.78,9814154.04],[759427.52,9814153.59],[759428.31,9814153.23],[759429.14,9814152.99],[759429.99,9814152.86],[759430.86,9814152.84],[759431.72,9814152.95],[759503.15,9814171.25]]]}},{"type":"Feature","properties":{"Layer":"PASAJE O UNIDIRECCIONAL"},"geometry":{"type":"MultiLineString","coordinates":[[[760124.32,9813527.58],[760101.45,9813627.87],[760101.32,9813628.66],[760101.31,9813629.45],[760101.41,9813630.24],[760101.61,9813631],[760101.92,9813631.73],[760102.33,9813632.42],[760102.82,9813633.03],[760103.4,9813633.58],[760104.05,9813634.04],[760105.12,9813634.55],[760105.89,9813634.76],[760114.5,9813636.51]]]}},{"type":"Feature","properties":{"Layer":"LOCAL TIPO III"},"geometry":{"type":"MultiLineString","coordinates":[[[759764.87,9813453.76],[759786.94,9813262.64]]]}},{"type":"Feature","properties":{"Layer":"LOCAL TIPO IV"},"geometry":{"type":"MultiLineString","coordinates":[[[760132.36,9813517.01],[760186.63,9813296.8]]]}},{"type":"Feature","properties":{"Layer":"LOCAL TIPO III"},"geometry":{"type":"MultiLineString","coordinates":[[[759738.2,9813244.16],[759738.68,9813218.07],[759738.34,9813213.52],[759737.71,9813209],[759736.75,9813203.57],[759736.42,9813201.22],[759736.25,9813198.85],[759736.23,9813196.47],[759736.37,9813194.1],[759739.83,9813157.2],[759740.13,9813154.86],[759740.58,9813152.55],[759741.18,9813150.28],[759741.93,9813148.05],[759749.72,9813127.06],[759755.05,9813110.37],[759756.6,9813104.92],[759757.81,9813099.38],[759758.67,9813093.78],[759759.17,9813088.13],[759761.26,9813051.54]]]}},{"type":"Feature","properties":{"Layer":"PASAJE O UNIDIRECCIONAL"},"geometry":{"type":"MultiLineString","coordinates":[[[761166.3,9812643.84],[761163.94,9812651.76],[761162.86,9812654.18],[761161.46,9812656.42],[761159.75,9812658.45],[761143.63,9812675.19],[761142.04,9812677.33],[761140.72,9812679.65],[761139.71,9812682.12],[761134.04,9812698.95],[761121.36,9812727.36],[761113.28,9812752.59],[761112.18,9812754.92],[761110.77,9812757.09],[761109.08,9812759.04],[761108.14,9812759.93],[761099.43,9812767.61],[761097.2,9812769.33],[761094.75,9812770.74],[761083.4,9812776.29],[761081.4,9812777.41],[761066.7,9812787.86],[761065.11,9812789.25],[761048.64,9812805.19]]]}},{"type":"Feature","properties":{"Layer":"LOCAL TIPO IV"},"geometry":{"type":"MultiLineString","coordinates":[[[761257.65,9812701.54],[761256.81,9812699.18],[761255.78,9812696.83],[761254.61,9812694.54],[761253.28,9812692.35],[761251.8,9812690.24],[761250.19,9812688.24],[761248.45,9812686.35],[761246.59,9812684.59],[761244.61,9812682.95],[761242.52,9812681.45],[761204.04,9812655.67],[761201.58,9812654.25],[761198.94,9812653.17],[761170.16,9812645.58],[761167.56,9812644.52],[761166.32,9812643.86],[761163.98,9812642.31],[761131.92,9812617.86]]]}},{"type":"Feature","properties":{"Layer":"LOCAL TIPO III"},"geometry":{"type":"MultiLineString","coordinates":[[[761236.67,9812523.28],[761221.04,9812514.55],[761219.28,9812513.64],[761217.45,9812512.85],[761215.58,9812512.2],[761213.67,9812511.67],[761211.72,9812511.27],[761209.75,9812511.01],[761207.77,9812510.88],[761205.78,9812510.89],[761203.8,9812511.03],[761201.83,9812511.32],[761199.89,9812511.73],[761197.98,9812512.28],[761196.11,9812512.95],[761194.3,9812513.76],[761192.54,9812514.68],[761190.85,9812515.72],[761189.24,9812516.88],[761187.7,9812518.15],[761186.26,9812519.51],[761184.92,9812520.98],[761183.68,9812522.53],[761182.54,9812524.16],[761181.53,9812525.86],[761154.81,9812574.37],[761133.59,9812615.07],[761132.65,9812616.74],[761131.6,9812618.34],[761130.45,9812619.87],[761129.2,9812621.32],[761127.86,9812622.68],[761103.83,9812645.53],[761102.36,9812646.84],[761100.8,9812648.04],[761099.16,9812649.14],[761097.46,9812650.12],[761095.69,9812650.99],[761093.87,9812651.73],[761092,9812652.34],[761045.77,9812665.87],[761043.91,9812666.35],[761042.03,9812666.71],[761040.13,9812666.93],[761038.22,9812667.04],[761036.3,9812667.01],[761034.39,9812666.86],[761032.49,9812666.58],[761030.62,9812666.18],[761028.78,9812665.66],[761026.97,9812665.01],[761025.22,9812664.25],[761023.51,9812663.37],[761021.87,9812662.38],[761020.3,9812661.29],[761018.8,9812660.09],[761017.39,9812658.8],[761016.06,9812657.42],[761014.83,9812655.95],[760983.61,9812616.16],[760982.37,9812614.68],[760981.04,9812613.29],[760979.61,9812611.99],[760950.74,9812587.38],[760948.37,9812585.11],[760915.39,9812545.61],[760900.8,9812524.18],[760893.63,9812512.53],[760890.06,9812507.32]]]}},{"type":"Feature","properties":{"Layer":"PASAJE O UNIDIRECCIONAL"},"geometry":{"type":"MultiLineString","coordinates":[[[762004.38,9812000.45],[762021.27,9811983.53]]]}},{"type":"Feature","properties":{"Layer":"LOCAL TIPO I"},"geometry":{"type":"MultiLineString","coordinates":[[[763443.28,9811535.28],[763526.84,9811625.38]]]}},{"type":"Feature","properties":{"Layer":"LOCAL TIPO IV"},"geometry":{"type":"MultiLineString","coordinates":[[[762082.84,9812318.95],[761982.93,9812402.29]]]}},{"type":"Feature","properties":{"Layer":"LOCAL TIPO III"},"geometry":{"type":"MultiLineString","coordinates":[[[762484.16,9812073.43],[762558.66,9812150.37]]]}},{"type":"Feature","properties":{"Layer":"PASAJE O UNIDIRECCIONAL"},"geometry":{"type":"MultiLineString","coordinates":[[[761990.49,9812014.84],[762004.38,9812000.45]]]}},{"type":"Feature","properties":{"Layer":"LOCAL TIPO I"},"geometry":{"type":"MultiLineString","coordinates":[[[762525.26,9811882.74],[762531.74,9811855.25]]]}},{"type":"Feature","properties":{"Layer":"LOCAL TIPO II"},"geometry":{"type":"MultiLineString","coordinates":[[[762419.22,9812376.89],[762526.02,9812456.09]]]}},{"type":"Feature","properties":{"Layer":"LOCAL TIPO IV"},"geometry":{"type":"MultiLineString","coordinates":[[[762730.02,9812686.52],[762682.96,9812728.62]]]}},{"type":"Feature","properties":{"Layer":"LOCAL TIPO II"},"geometry":{"type":"MultiLineString","coordinates":[[[762526.02,9812456.09],[762534.42,9812463.48]]]}},{"type":"Feature","properties":{"Layer":"LOCAL TIPO III"},"geometry":{"type":"MultiLineString","coordinates":[[[762051.09,9811605.77],[762086.99,9811654.03],[762102.73,9811673.46],[762123.28,9811701.12],[762139.47,9811715.52],[762172.72,9811737.61]]]}},{"type":"Feature","properties":{"Layer":"LOCAL TIPO II"},"geometry":{"type":"MultiLineString","coordinates":[[[762241.34,9811787.79],[762330.2,9811853.27]]]}},{"type":"Feature","properties":{"Layer":"LOCAL TIPO IV"},"geometry":{"type":"MultiLineString","coordinates":[[[762656.72,9811652.8],[762685.04,9811670.3],[762707.81,9811687.21],[762739.75,9811708.84],[762775.88,9811737.22]]]}},{"type":"Feature","properties":{"Layer":"LOCAL TIPO IV"},"geometry":{"type":"MultiLineString","coordinates":[[[762797.28,9811747.82],[762903.9,9811820.2]]]}},{"type":"Feature","properties":{"Layer":"LOCAL TIPO IV"},"geometry":{"type":"MultiLineString","coordinates":[[[762924.73,9811785.01],[762875.39,9811740.51]]]}},{"type":"Feature","properties":{"Layer":"LOCAL TIPO IV"},"geometry":{"type":"MultiLineString","coordinates":[[[762965.8,9812457.89],[763018.73,9812428.85]]]}},{"type":"Feature","properties":{"Layer":"LOCAL TIPO IV"},"geometry":{"type":"MultiLineString","coordinates":[[[763018.73,9812428.85],[763062.16,9812410.58]]]}},{"type":"Feature","properties":{"Layer":"LOCAL TIPO IV"},"geometry":{"type":"MultiLineString","coordinates":[[[763073.94,9812429.1],[762986.52,9812490.29]]]}},{"type":"Feature","properties":{"Layer":"PASAJE O UNIDIRECCIONAL"},"geometry":{"type":"MultiLineString","coordinates":[[[762791.6,9812148.25],[762808.56,9812121.38],[762820.14,9812098.67],[762846.55,9812083.93]]]}},{"type":"Feature","properties":{"Layer":"PASAJE O UNIDIRECCIONAL"},"geometry":{"type":"MultiLineString","coordinates":[[[762500.45,9812701],[762539.44,9812660.76]]]}},{"type":"Feature","properties":{"Layer":"LOCAL TIPO II"},"geometry":{"type":"MultiLineString","coordinates":[[[762567.42,9812169.26],[762634.4,9812098.81],[762654.14,9812072.48]]]}},{"type":"Feature","properties":{"Layer":"PASAJE O UNIDIRECCIONAL"},"geometry":{"type":"MultiLineString","coordinates":[[[764027.39,9811655.01],[763978.65,9811579.43]]]}},{"type":"Feature","properties":{"Layer":"PASAJE O UNIDIRECCIONAL"},"geometry":{"type":"MultiLineString","coordinates":[[[762770.94,9811630.3],[762722.98,9811582.53]]]}},{"type":"Feature","properties":{"Layer":"PASAJE O UNIDIRECCIONAL"},"geometry":{"type":"MultiLineString","coordinates":[[[763120.1,9812687.29],[763205.66,9812647.49]]]}},{"type":"Feature","properties":{"Layer":"LOCAL TIPO IV"},"geometry":{"type":"MultiLineString","coordinates":[[[763490.53,9812442.39],[763566.28,9812375.5],[763636.34,9812314.58],[763662.77,9812292.77]]]}},{"type":"Feature","properties":{"Layer":"LOCAL TIPO III"},"geometry":{"type":"MultiLineString","coordinates":[[[763610.77,9811901.81],[763680.79,9811873.68]]]}},{"type":"Feature","properties":{"Layer":"LOCAL TIPO III"},"geometry":{"type":"MultiLineString","coordinates":[[[763680.8,9811873.67],[763734.26,9811852.19]]]}},{"type":"Feature","properties":{"Layer":"LOCAL TIPO IV"},"geometry":{"type":"MultiLineString","coordinates":[[[762656.18,9811652.49],[762684.11,9811623.23],[762711.03,9811594.55]]]}},{"type":"Feature","properties":{"Layer":"PASAJE O UNIDIRECCIONAL"},"geometry":{"type":"MultiLineString","coordinates":[[[762272,9812181.65],[762347.53,9812230.33]]]}},{"type":"Feature","properties":{"Layer":"LOCAL TIPO IV"},"geometry":{"type":"MultiLineString","coordinates":[[[762026.41,9812017.53],[762004.29,9812000.56]]]}},{"type":"Feature","properties":{"Layer":"PASAJE O UNIDIRECCIONAL"},"geometry":{"type":"MultiLineString","coordinates":[[[762441.63,9811927.13],[762467.74,9811888.4],[762527.5,9811799.26]]]}},{"type":"Feature","properties":{"Layer":"LOCAL TIPO IV"},"geometry":{"type":"MultiLineString","coordinates":[[[762503.69,9811970.53],[762567.56,9811889.85]]]}},{"type":"Feature","properties":{"Layer":"LOCAL TIPO I"},"geometry":{"type":"MultiLineString","coordinates":[[[763526.84,9811625.38],[763582.81,9811687.12],[763638.76,9811747.66]]]}},{"type":"Feature","properties":{"Layer":"PASAJE O UNIDIRECCIONAL"},"geometry":{"type":"MultiLineString","coordinates":[[[762570.17,9811892.71],[762634.41,9811951.96],[762659.86,9811975.57],[762677.69,9811989.61]]]}},{"type":"Feature","properties":{"Layer":"LOCAL TIPO II"},"geometry":{"type":"MultiLineString","coordinates":[[[762507.1,9811972.67],[762559.94,9812007.81],[762645.85,9812066.04],[762654.76,9812072.96]]]}},{"type":"Feature","properties":{"Layer":"LOCAL TIPO IV"},"geometry":{"type":"MultiLineString","coordinates":[[[761892.89,9812514.82],[761933.06,9812470.5],[761956.49,9812440.95]]]}},{"type":"Feature","properties":{"Layer":"PASAJE O UNIDIRECCIONAL"},"geometry":{"type":"MultiLineString","coordinates":[[[762445.47,9811802.13],[762407.58,9811709.08],[762452.59,9811692.71],[762471.26,9811684.57]]]}},{"type":"Feature","properties":{"Layer":"LOCAL TIPO IV"},"geometry":{"type":"MultiLineString","coordinates":[[[762685.56,9812728.33],[762719.08,9812758.52]]]}},{"type":"Feature","properties":{"Layer":"LOCAL TIPO IV"},"geometry":{"type":"MultiLineString","coordinates":[[[762634.41,9811951.96],[762679.98,9811901.73]]]}},{"type":"Feature","properties":{"Layer":"PASAJE O UNIDIRECCIONAL"},"geometry":{"type":"MultiLineString","coordinates":[[[761931.43,9812343.3],[761888.96,9812403.9]]]}},{"type":"Feature","properties":{"Layer":"PASAJE O UNIDIRECCIONAL"},"geometry":{"type":"MultiLineString","coordinates":[[[761962.99,9811983.81],[761934.42,9811956.42]]]}},{"type":"Feature","properties":{"Layer":"PASAJE O UNIDIRECCIONAL"},"geometry":{"type":"MultiLineString","coordinates":[[[761900.34,9812028.28],[761939.65,9812011.5],[761963.15,9811983.96]]]}},{"type":"Feature","properties":{"Layer":"PASAJE O UNIDIRECCIONAL"},"geometry":{"type":"MultiLineString","coordinates":[[[762508.12,9811590.05],[762423.21,9811563.69]]]}},{"type":"Feature","properties":{"Layer":"LOCAL TIPO IV"},"geometry":{"type":"MultiLineString","coordinates":[[[762656.23,9811652.52],[762626.98,9811683.81]]]}},{"type":"Feature","properties":{"Layer":"LOCAL TIPO III"},"geometry":{"type":"MultiLineString","coordinates":[[[763515.45,9811730.32],[763617.14,9811664.66],[763692.74,9811636.15]]]}},{"type":"Feature","properties":{"Layer":"PASAJE O UNIDIRECCIONAL"},"geometry":{"type":"MultiLineString","coordinates":[[[762708.86,9811782.24],[762739.95,9811817.16],[762752.16,9811838.68]]]}},{"type":"Feature","properties":{"Layer":"PASAJE O UNIDIRECCIONAL"},"geometry":{"type":"MultiLineString","coordinates":[[[762134.66,9811999.29],[762109.55,9812025.22]]]}},{"type":"Feature","properties":{"Layer":"LOCAL TIPO IV"},"geometry":{"type":"MultiLineString","coordinates":[[[763901.93,9811704.3],[763833.4,9811616.82],[763796.57,9811575.46],[763793.99,9811572.91],[763789.51,9811568.07],[763785.51,9811562.95],[763781.98,9811557.5],[763778.88,9811551.68],[763739.49,9811469.41]]]}},{"type":"Feature","properties":{"Layer":"LOCAL TIPO II"},"geometry":{"type":"MultiLineString","coordinates":[[[762490.95,9812290.96],[762530.9,9812226.89],[762552.65,9812188.22],[762567.42,9812169.26]]]}},{"type":"Feature","properties":{"Layer":"LOCAL TIPO IV"},"geometry":{"type":"MultiLineString","coordinates":[[[762290.12,9812101.89],[762319.91,9812132.25],[762393.36,9812193.7]]]}},{"type":"Feature","properties":{"Layer":"LOCAL TIPO IV"},"geometry":{"type":"MultiLineString","coordinates":[[[762026.51,9812017.42],[762000.61,9812043.46]]]}},{"type":"Feature","properties":{"Layer":"LOCAL TIPO III"},"geometry":{"type":"MultiLineString","coordinates":[[[762049.06,9812299.64],[762092.54,9812232.75],[762150.75,9812142.52],[762182.29,9812094.77]]]}},{"type":"Feature","properties":{"Layer":"PASAJE O UNIDIRECCIONAL"},"geometry":{"type":"MultiLineString","coordinates":[[[762684.27,9811623.06],[762654.41,9811598.2]]]}},{"type":"Feature","properties":{"Layer":"PASAJE O UNIDIRECCIONAL"},"geometry":{"type":"MultiLineString","coordinates":[[[763022.13,9812530.3],[763091.66,9812465.79]]]}},{"type":"Feature","properties":{"Layer":"LOCAL TIPO II"},"geometry":{"type":"MultiLineString","coordinates":[[[762344.68,9811861.75],[762444.17,9811928.84],[762506.73,9811972.67]]]}},{"type":"Feature","properties":{"Layer":"LOCAL TIPO IV"},"geometry":{"type":"MultiLineString","coordinates":[[[762597.15,9811917.63],[762636.41,9811872.45]]]}},{"type":"Feature","properties":{"Layer":"LOCAL TIPO II"},"geometry":{"type":"MultiLineString","coordinates":[[[764128.3,9811885.29],[764089.88,9811808.26]]]}},{"type":"Feature","properties":{"Layer":"LOCAL TIPO III"},"geometry":{"type":"MultiLineString","coordinates":[[[762579.58,9811677.22],[762604.77,9811623.62]]]}},{"type":"Feature","properties":{"Layer":"LOCAL TIPO I"},"geometry":{"type":"MultiLineString","coordinates":[[[763691.01,9811806.25],[763742.49,9811781.11],[763807.95,9811747.34],[763851.86,9811726.84],[763999.02,9811660.58],[764003.72,9811658.76],[764008.52,9811657.23],[764013.4,9811656],[764018.35,9811655.07],[764023.35,9811654.44],[764028.38,9811654.12],[764033.41,9811654.1],[764042.6,9811654.87],[764051.73,9811656.19],[764060.76,9811658.05],[764069.67,9811660.45],[764078.41,9811663.38],[764081.45,9811664.53]]]}},{"type":"Feature","properties":{"Layer":"LOCAL TIPO I"},"geometry":{"type":"MultiLineString","coordinates":[[[764081.45,9811664.53],[764117,9811677.98]]]}},{"type":"Feature","properties":{"Layer":"LOCAL TIPO IV"},"geometry":{"type":"MultiLineString","coordinates":[[[762708.83,9811687.9],[762730.86,9811676.13],[762732.48,9811675.16],[762733.24,9811674.59],[762734.63,9811673.31],[762735.83,9811671.85],[762752.51,9811652.97],[762754.75,9811650.53],[762757.11,9811648.55],[762759.7,9811646.89],[762762.69,9811645.48],[762771.94,9811641.56]]]}},{"type":"Feature","properties":{"Layer":"LOCAL TIPO IV"},"geometry":{"type":"MultiLineString","coordinates":[[[762907.6,9812482.36],[762965.8,9812457.89]]]}},{"type":"Feature","properties":{"Layer":"LOCAL TIPO II"},"geometry":{"type":"MultiLineString","coordinates":[[[762598.58,9812527.03],[762645.5,9812576.33]]]}},{"type":"Feature","properties":{"Layer":"PASAJE O UNIDIRECCIONAL"},"geometry":{"type":"MultiLineString","coordinates":[[[763376.29,9812495.44],[763322.26,9812521.74],[763226.7,9812568.55]]]}},{"type":"Feature","properties":{"Layer":"LOCAL TIPO IV"},"geometry":{"type":"MultiLineString","coordinates":[[[762342.93,9812467.89],[762329.22,9812449.91],[762301.61,9812411.36],[762265.54,9812368.44],[762236.21,9812339.23]]]}},{"type":"Feature","properties":{"Layer":"LOCAL TIPO II"},"geometry":{"type":"MultiLineString","coordinates":[[[763440.49,9811733.81],[763488.97,9811788.08]]]}},{"type":"Feature","properties":{"Layer":"PASAJE O UNIDIRECCIONAL"},"geometry":{"type":"MultiLineString","coordinates":[[[762264.67,9812213.93],[762310.18,9812244.93]]]}},{"type":"Feature","properties":{"Layer":"LOCAL TIPO II"},"geometry":{"type":"MultiLineString","coordinates":[[[762309.22,9812513.42],[762342.55,9812468.53]]]}},{"type":"Feature","properties":{"Layer":"LOCAL TIPO IV"},"geometry":{"type":"MultiLineString","coordinates":[[[762667.66,9812021.71],[762754.48,9812087.8]]]}},{"type":"Feature","properties":{"Layer":"LOCAL TIPO IV"},"geometry":{"type":"MultiLineString","coordinates":[[[762666.65,9812024.71],[762666.71,9812024.75]]]}},{"type":"Feature","properties":{"Layer":"LOCAL TIPO II"},"geometry":{"type":"MultiLineString","coordinates":[[[762693.87,9812777.55],[762591.31,9812797.66]]]}},{"type":"Feature","properties":{"Layer":"LOCAL TIPO III"},"geometry":{"type":"MultiLineString","coordinates":[[[763473.5,9811770.77],[763523.73,9811739.55]]]}},{"type":"Feature","properties":{"Layer":"PASAJE O UNIDIRECCIONAL"},"geometry":{"type":"MultiLineString","coordinates":[[[762517.98,9811952.48],[762561.28,9811984.77],[762606.31,9812020.4]]]}},{"type":"Feature","properties":{"Layer":"PASAJE O UNIDIRECCIONAL"},"geometry":{"type":"MultiLineString","coordinates":[[[762180.21,9812050.05],[762198.29,9812029.88],[762238.63,9811983.88]]]}},{"type":"Feature","properties":{"Layer":"LOCAL TIPO III"},"geometry":{"type":"MultiLineString","coordinates":[[[763776.06,9811973.98],[763856.31,9812061.56],[763920.95,9812131.44]]]}},{"type":"Feature","properties":{"Layer":"LOCAL TIPO III"},"geometry":{"type":"MultiLineString","coordinates":[[[762484.16,9812073.43],[762486.33,9812043.74],[762504.67,9811971.22]]]}},{"type":"Feature","properties":{"Layer":"LOCAL TIPO III"},"geometry":{"type":"MultiLineString","coordinates":[[[763509.3,9811800.54],[763584.38,9811769.97],[763638.76,9811747.66]]]}},{"type":"Feature","properties":{"Layer":"LOCAL TIPO IV"},"geometry":{"type":"MultiLineString","coordinates":[[[762581.86,9811592.7],[762564.94,9811548.27],[762551.79,9811499.48],[762546.81,9811481.45],[762541,9811471.38]]]}},{"type":"Feature","properties":{"Layer":"PASAJE O UNIDIRECCIONAL"},"geometry":{"type":"MultiLineString","coordinates":[[[762363.13,9811933.46],[762409.22,9811970.6]]]}},{"type":"Feature","properties":{"Layer":"PASAJE O UNIDIRECCIONAL"},"geometry":{"type":"MultiLineString","coordinates":[[[763010.5,9812521.06],[762996.57,9812536.09],[762990.55,9812541.27],[762957.85,9812560.46],[762935.64,9812570.95]]]}},{"type":"Feature","properties":{"Layer":"LOCAL TIPO III"},"geometry":{"type":"MultiLineString","coordinates":[[[761900.34,9812028.28],[761870.64,9812005.96]]]}},{"type":"Feature","properties":{"Layer":"PASAJE O UNIDIRECCIONAL"},"geometry":{"type":"MultiLineString","coordinates":[[[762212.39,9812083.04],[762268.67,9812019.68]]]}},{"type":"Feature","properties":{"Layer":"LOCAL TIPO II"},"geometry":{"type":"MultiLineString","coordinates":[[[763898.82,9812030.07],[763850.46,9811977.66],[763823.68,9811948.52],[763691.42,9811806.05]]]}},{"type":"Feature","properties":{"Layer":"LOCAL TIPO III"},"geometry":{"type":"MultiLineString","coordinates":[[[764028.64,9811944.35],[764128.3,9811885.29]]]}},{"type":"Feature","properties":{"Layer":"LOCAL TIPO III"},"geometry":{"type":"MultiLineString","coordinates":[[[763816.73,9812086.81],[763896.92,9812031.36],[763986.09,9811971.03],[764029.1,9811945.05]]]}},{"type":"Feature","properties":{"Layer":"PASAJE O UNIDIRECCIONAL"},"geometry":{"type":"MultiLineString","coordinates":[[[762015.94,9811893.32],[762044.01,9811877.35]]]}},{"type":"Feature","properties":{"Layer":"LOCAL TIPO II"},"geometry":{"type":"MultiLineString","coordinates":[[[762722.75,9812138.45],[762771.02,9812061.39],[762794.46,9812024.82],[762800.1,9812017.67],[762806.09,9812010.94],[762812.48,9812004.57],[762821.36,9811996.74]]]}},{"type":"Feature","properties":{"Layer":"LOCAL TIPO II"},"geometry":{"type":"MultiLineString","coordinates":[[[763703.69,9811898.44],[763680.79,9811873.68]]]}},{"type":"Feature","properties":{"Layer":"LOCAL TIPO III"},"geometry":{"type":"MultiLineString","coordinates":[[[763162.27,9812730.96],[763194.23,9812685.4],[763237.73,9812625.93],[763264.27,9812607.59]]]}},{"type":"Feature","properties":{"Layer":"LOCAL TIPO IV"},"geometry":{"type":"MultiLineString","coordinates":[[[764080.67,9811664.23],[764019.95,9811569.32]]]}},{"type":"Feature","properties":{"Layer":"LOCAL TIPO II"},"geometry":{"type":"MultiLineString","coordinates":[[[761984.61,9812404.21],[762015.63,9812440.08],[762055.92,9812482.63]]]}},{"type":"Feature","properties":{"Layer":"PASAJE O UNIDIRECCIONAL"},"geometry":{"type":"MultiLineString","coordinates":[[[763011.78,9812522.71],[763022.13,9812530.3]]]}},{"type":"Feature","properties":{"Layer":"LOCAL TIPO II"},"geometry":{"type":"MultiLineString","coordinates":[[[762534.42,9812463.48],[762537.3,9812466.02],[762590.06,9812518.4]]]}},{"type":"Feature","properties":{"Layer":"LOCAL TIPO II"},"geometry":{"type":"MultiLineString","coordinates":[[[762654.73,9812073.05],[762698.2,9812106.83],[762727.84,9812130.32]]]}},{"type":"Feature","properties":{"Layer":"LOCAL TIPO IV"},"geometry":{"type":"MultiLineString","coordinates":[[[762875.62,9811740.7],[762923.87,9811639.96]]]}},{"type":"Feature","properties":{"Layer":"PASAJE O UNIDIRECCIONAL"},"geometry":{"type":"MultiLineString","coordinates":[[[762845.8,9811827.7],[762877.12,9811848.75]]]}},{"type":"Feature","properties":{"Layer":"LOCAL TIPO IV"},"geometry":{"type":"MultiLineString","coordinates":[[[762875.39,9811740.51],[762776.47,9811672.15]]]}},{"type":"Feature","properties":{"Layer":"LOCAL TIPO III"},"geometry":{"type":"MultiLineString","coordinates":[[[763259.45,9812132.75],[763333.42,9812085.73]]]}},{"type":"Feature","properties":{"Layer":"LOCAL TIPO II"},"geometry":{"type":"MultiLineString","coordinates":[[[762622.33,9811565.42],[762631.89,9811533.89],[762644.89,9811522.57]]]}},{"type":"Feature","properties":{"Layer":"PASAJE O UNIDIRECCIONAL"},"geometry":{"type":"MultiLineString","coordinates":[[[761963.15,9811983.96],[762001.85,9811941.57]]]}},{"type":"Feature","properties":{"Layer":"LOCAL TIPO IV"},"geometry":{"type":"MultiLineString","coordinates":[[[763883.44,9812166.17],[763920.95,9812131.44]]]}},{"type":"Feature","properties":{"Layer":"LOCAL TIPO IV"},"geometry":{"type":"MultiLineString","coordinates":[[[763920.95,9812131.44],[763958.34,9812094.91]]]}},{"type":"Feature","properties":{"Layer":"LOCAL TIPO III"},"geometry":{"type":"MultiLineString","coordinates":[[[762091.36,9811952.53],[762136.05,9811997.31]]]}},{"type":"Feature","properties":{"Layer":"PASAJE O UNIDIRECCIONAL"},"geometry":{"type":"MultiLineString","coordinates":[[[762784.39,9811750.81],[762768.62,9811762.38],[762721.48,9811783.06],[762696.81,9811781.46],[762664.61,9811798.26],[762638.28,9811807.91],[762627.47,9811816],[762602.59,9811849.73]]]}},{"type":"Feature","properties":{"Layer":"LOCAL TIPO III"},"geometry":{"type":"MultiLineString","coordinates":[[[762047.67,9811879.95],[762058.3,9811909.56],[762066.27,9811925.11],[762091.36,9811952.53]]]}},{"type":"Feature","properties":{"Layer":"PASAJE O UNIDIRECCIONAL"},"geometry":{"type":"MultiLineString","coordinates":[[[763525.3,9812150.14],[763492.34,9812188.45]]]}},{"type":"Feature","properties":{"Layer":"LOCAL TIPO II"},"geometry":{"type":"MultiLineString","coordinates":[[[763200.22,9812769.29],[763356.99,9812702.25]]]}},{"type":"Feature","properties":{"Layer":"LOCAL TIPO IV"},"geometry":{"type":"MultiLineString","coordinates":[[[762832.59,9811824.27],[762769.75,9811893.61],[762740.32,9811942.07]]]}},{"type":"Feature","properties":{"Layer":"PASAJE O UNIDIRECCIONAL"},"geometry":{"type":"MultiLineString","coordinates":[[[763169.39,9812738.19],[763326.08,9812670.65]]]}},{"type":"Feature","properties":{"Layer":"LOCAL TIPO III"},"geometry":{"type":"MultiLineString","coordinates":[[[762391.63,9812355.85],[762419.61,9812321.55]]]}},{"type":"Feature","properties":{"Layer":"PASAJE O UNIDIRECCIONAL"},"geometry":{"type":"MultiLineString","coordinates":[[[763762.68,9811517.85],[763818.48,9811492.37]]]}},{"type":"Feature","properties":{"Layer":"LOCAL TIPO II"},"geometry":{"type":"MultiLineString","coordinates":[[[762342.55,9812468.53],[762419.52,9812376.53]]]}},{"type":"Feature","properties":{"Layer":"LOCAL TIPO IV"},"geometry":{"type":"MultiLineString","coordinates":[[[762986.52,9812490.29],[762958.85,9812508.84],[762913.87,9812528.8],[762899.79,9812545.07]]]}},{"type":"Feature","properties":{"Layer":"PASAJE O UNIDIRECCIONAL"},"geometry":{"type":"MultiLineString","coordinates":[[[762357.77,9812481.05],[762410.49,9812425.2]]]}},{"type":"Feature","properties":{"Layer":"LOCAL TIPO IV"},"geometry":{"type":"MultiLineString","coordinates":[[[762057.6,9811986.17],[762026.51,9812017.42]]]}},{"type":"Feature","properties":{"Layer":"PASAJE O UNIDIRECCIONAL"},"geometry":{"type":"MultiLineString","coordinates":[[[761830.71,9812257.55],[761858.6,9812226.06]]]}},{"type":"Feature","properties":{"Layer":"LOCAL TIPO IV"},"geometry":{"type":"MultiLineString","coordinates":[[[762656.72,9811652.8],[762588.04,9811614.17],[762581.86,9811592.7]]]}},{"type":"Feature","properties":{"Layer":"LOCAL TIPO II"},"geometry":{"type":"MultiLineString","coordinates":[[[762319.02,9812301.99],[762419.64,9812376.61]]]}},{"type":"Feature","properties":{"Layer":"LOCAL TIPO III"},"geometry":{"type":"MultiLineString","coordinates":[[[762367.41,9812033.69],[762454.21,9812106.45],[762484.25,9812072.18]]]}},{"type":"Feature","properties":{"Layer":"LOCAL TIPO I"},"geometry":{"type":"MultiLineString","coordinates":[[[762200.38,9812424.71],[762123.44,9812354.88],[762082.44,9812318.59],[762048.99,9812299.6],[761976.77,9812260.91]]]}},{"type":"Feature","properties":{"Layer":"LOCAL TIPO III"},"geometry":{"type":"MultiLineString","coordinates":[[[762357.38,9812330.44],[762382.55,9812299.68]]]}},{"type":"Feature","properties":{"Layer":"LOCAL TIPO II"},"geometry":{"type":"MultiLineString","coordinates":[[[762652.26,9812071.01],[762678.98,9811985.46],[762696.54,9811912.86]]]}},{"type":"Feature","properties":{"Layer":"LOCAL TIPO III"},"geometry":{"type":"MultiLineString","coordinates":[[[761984.61,9812404.21],[761930.27,9812341.96],[761874.55,9812277.26]]]}},{"type":"Feature","properties":{"Layer":"PASAJE O UNIDIRECCIONAL"},"geometry":{"type":"MultiLineString","coordinates":[[[762426.16,9811948.77],[762492.5,9812019.34]]]}},{"type":"Feature","properties":{"Layer":"PASAJE O UNIDIRECCIONAL"},"geometry":{"type":"MultiLineString","coordinates":[[[763110.06,9812641.83],[763161.86,9812617.9],[763196.48,9812602.06],[763238.82,9812581.15]]]}},{"type":"Feature","properties":{"Layer":"LOCAL TIPO IV"},"geometry":{"type":"MultiLineString","coordinates":[[[763351.49,9812304.44],[763395.13,9812260.88],[763431.5,9812221.55]]]}},{"type":"Feature","properties":{"Layer":"LOCAL TIPO IV"},"geometry":{"type":"MultiLineString","coordinates":[[[762878.15,9811847.66],[762903.9,9811820.2]]]}},{"type":"Feature","properties":{"Layer":"LOCAL TIPO III"},"geometry":{"type":"MultiLineString","coordinates":[[[762542.04,9811922.09],[762603.38,9811974.63],[762667.89,9812020.96]]]}},{"type":"Feature","properties":{"Layer":"PASAJE O UNIDIRECCIONAL"},"geometry":{"type":"MultiLineString","coordinates":[[[763714.18,9811584.33],[763751.94,9811648.44],[763808.82,9811746.94]]]}},{"type":"Feature","properties":{"Layer":"PASAJE O UNIDIRECCIONAL"},"geometry":{"type":"MultiLineString","coordinates":[[[762986.47,9812489.87],[763011.78,9812522.71]]]}},{"type":"Feature","properties":{"Layer":"LOCAL TIPO III"},"geometry":{"type":"MultiLineString","coordinates":[[[762035.55,9811822.54],[762031.65,9811817.76],[762011.02,9811773.4],[761995.03,9811743.57],[761983.69,9811720.19],[761980.84,9811711.25],[761958.34,9811647.9],[761947.91,9811625.65]]]}},{"type":"Feature","properties":{"Layer":"LOCAL TIPO IV"},"geometry":{"type":"MultiLineString","coordinates":[[[761947.91,9811625.65],[761923.39,9811581.3]]]}},{"type":"Feature","properties":{"Layer":"PASAJE O UNIDIRECCIONAL"},"geometry":{"type":"MultiLineString","coordinates":[[[762623.23,9811562.43],[762662.01,9811575.8]]]}},{"type":"Feature","properties":{"Layer":"LOCAL TIPO IV"},"geometry":{"type":"MultiLineString","coordinates":[[[762452.99,9811692.54],[762480.7,9811760.33],[762483.17,9811765.78]]]}},{"type":"Feature","properties":{"Layer":"LOCAL TIPO IV"},"geometry":{"type":"MultiLineString","coordinates":[[[762685.56,9812728.33],[762634.54,9812734.28]]]}},{"type":"Feature","properties":{"Layer":"PASAJE O UNIDIRECCIONAL"},"geometry":{"type":"MultiLineString","coordinates":[[[761819.71,9812249.45],[761866.98,9812284.26]]]}},{"type":"Feature","properties":{"Layer":"LOCAL TIPO IV"},"geometry":{"type":"MultiLineString","coordinates":[[[761752.23,9812242.42],[761785.64,9812151.34],[761794.97,9812128.08],[761800.79,9812115.98]]]}},{"type":"Feature","properties":{"Layer":"LOCAL TIPO IV"},"geometry":{"type":"MultiLineString","coordinates":[[[762711.03,9811594.55],[762751.3,9811554.05],[762772.56,9811530.18]]]}},{"type":"Feature","properties":{"Layer":"LOCAL TIPO III"},"geometry":{"type":"MultiLineString","coordinates":[[[763453,9811747.81],[763503.5,9811717.01]]]}},{"type":"Feature","properties":{"Layer":"LOCAL TIPO IV"},"geometry":{"type":"MultiLineString","coordinates":[[[762694.72,9812631.79],[762702.04,9812640.24],[762713.05,9812652],[762721.95,9812665.22],[762729.9,9812686.01]]]}},{"type":"Feature","properties":{"Layer":"LOCAL TIPO II"},"geometry":{"type":"MultiLineString","coordinates":[[[762604.68,9811623.57],[762622.33,9811565.42]]]}},{"type":"Feature","properties":{"Layer":"LOCAL TIPO I"},"geometry":{"type":"MultiLineString","coordinates":[[[763104.32,9812670.95],[763163.99,9812732.75],[763235.03,9812804.4],[763290.51,9812861.55],[763326.96,9812898.78]]]}},{"type":"Feature","properties":{"Layer":"LOCAL TIPO III"},"geometry":{"type":"MultiLineString","coordinates":[[[762041.83,9811849.39],[762040.56,9811858.51],[762047.67,9811879.95]]]}},{"type":"Feature","properties":{"Layer":"LOCAL TIPO II"},"geometry":{"type":"MultiLineString","coordinates":[[[763638.76,9811747.66],[763691.01,9811806.25]]]}},{"type":"Feature","properties":{"Layer":"LOCAL TIPO IV"},"geometry":{"type":"MultiLineString","coordinates":[[[762026.29,9812017.64],[762068.59,9812050.95]]]}},{"type":"Feature","properties":{"Layer":"LOCAL TIPO IV"},"geometry":{"type":"MultiLineString","coordinates":[[[762683.54,9811966.61],[762780.39,9812046.76]]]}},{"type":"Feature","properties":{"Layer":"LOCAL TIPO IV"},"geometry":{"type":"MultiLineString","coordinates":[[[762551.23,9811634.57],[762567.34,9811598.57],[762581.59,9811592.01]]]}},{"type":"Feature","properties":{"Layer":"LOCAL TIPO III"},"geometry":{"type":"MultiLineString","coordinates":[[[763193.6,9812686.3],[763284.49,9812646.91],[763392.57,9812598.94]]]}},{"type":"Feature","properties":{"Layer":"LOCAL TIPO II"},"geometry":{"type":"MultiLineString","coordinates":[[[762419.35,9812376.95],[762490.95,9812290.96]]]}},{"type":"Feature","properties":{"Layer":"LOCAL TIPO I"},"geometry":{"type":"MultiLineString","coordinates":[[[762527.5,9811799.26],[762852.49,9812017.66]]]}},{"type":"Feature","properties":{"Layer":"LOCAL TIPO IV"},"geometry":{"type":"MultiLineString","coordinates":[[[762855.06,9811872.28],[762878.15,9811847.66]]]}},{"type":"Feature","properties":{"Layer":"LOCAL TIPO I"},"geometry":{"type":"MultiLineString","coordinates":[[[762034.7,9812589.07],[762055.92,9812482.63]]]}},{"type":"Feature","properties":{"Layer":"PASAJE O UNIDIRECCIONAL"},"geometry":{"type":"MultiLineString","coordinates":[[[763646.13,9811710.44],[763670.2,9811700.32],[763709.59,9811688.27]]]}},{"type":"Feature","properties":{"Layer":"LOCAL TIPO II"},"geometry":{"type":"MultiLineString","coordinates":[[[763680.8,9811873.67],[763638.9,9811827.78]]]}},{"type":"Feature","properties":{"Layer":"LOCAL TIPO II"},"geometry":{"type":"MultiLineString","coordinates":[[[763638.9,9811827.78],[763606.7,9811792.53],[763562.87,9811745.08]]]}},{"type":"Feature","properties":{"Layer":"LOCAL TIPO III"},"geometry":{"type":"MultiLineString","coordinates":[[[761923.39,9811581.3],[761996.44,9811526.99]]]}},{"type":"Feature","properties":{"Layer":"LOCAL TIPO III"},"geometry":{"type":"MultiLineString","coordinates":[[[762025.7,9811567.81],[761947.91,9811625.65]]]}},{"type":"Feature","properties":{"Layer":"PASAJE O UNIDIRECCIONAL"},"geometry":{"type":"MultiLineString","coordinates":[[[761885.92,9811629.35],[761897.39,9811612.31],[761906.36,9811601.69],[761926.63,9811587.32]]]}},{"type":"Feature","properties":{"Layer":"PASAJE O UNIDIRECCIONAL"},"geometry":{"type":"MultiLineString","coordinates":[[[761893.75,9811677.2],[761885.23,9811630.61]]]}},{"type":"Feature","properties":{"Layer":"PASAJE O UNIDIRECCIONAL"},"geometry":{"type":"MultiLineString","coordinates":[[[761897.24,9811612.54],[761908.58,9811642.26],[761933.14,9811722.17]]]}},{"type":"Feature","properties":{"Layer":"LOCAL TIPO III"},"geometry":{"type":"MultiLineString","coordinates":[[[762301.76,9811978.44],[762205.69,9811904.44],[762180.6,9811868.38],[762147.77,9811819.11],[762118.12,9811775.57]]]}},{"type":"Feature","properties":{"Layer":"PASAJE O UNIDIRECCIONAL"},"geometry":{"type":"MultiLineString","coordinates":[[[762311.08,9811937.42],[762261,9811903.03]]]}},{"type":"Feature","properties":{"Layer":"PASAJE O UNIDIRECCIONAL"},"geometry":{"type":"MultiLineString","coordinates":[[[762265.5,9811729.66],[762294.92,9811696.9]]]}},{"type":"Feature","properties":{"Layer":"PASAJE O UNIDIRECCIONAL"},"geometry":{"type":"MultiLineString","coordinates":[[[762228.5,9811828.37],[762259.95,9811801.51]]]}},{"type":"Feature","properties":{"Layer":"LOCAL TIPO IV"},"geometry":{"type":"MultiLineString","coordinates":[[[762203.75,9811708.32],[762344.46,9811790.67]]]}},{"type":"Feature","properties":{"Layer":"LOCAL TIPO IV"},"geometry":{"type":"MultiLineString","coordinates":[[[762102.41,9811673.07],[762168.49,9811619.58]]]}},{"type":"Feature","properties":{"Layer":"LOCAL TIPO III"},"geometry":{"type":"MultiLineString","coordinates":[[[762168.39,9811619.06],[762208.14,9811588.02]]]}},{"type":"Feature","properties":{"Layer":"LOCAL TIPO IV"},"geometry":{"type":"MultiLineString","coordinates":[[[762259.95,9811658.27],[762295.1,9811697.11],[762321.77,9811717.76],[762355.65,9811742.65]]]}},{"type":"Feature","properties":{"Layer":"LOCAL TIPO IV"},"geometry":{"type":"MultiLineString","coordinates":[[[762234.12,9811625.81],[762242.73,9811640.78],[762260.18,9811658.07]]]}},{"type":"Feature","properties":{"Layer":"LOCAL TIPO IV"},"geometry":{"type":"MultiLineString","coordinates":[[[762208.14,9811588.02],[762225.35,9811611.54],[762233.71,9811626.08]]]}},{"type":"Feature","properties":{"Layer":"PASAJE O UNIDIRECCIONAL"},"geometry":{"type":"MultiLineString","coordinates":[[[762261.48,9811850.01],[762290.49,9811824.01]]]}},{"type":"Feature","properties":{"Layer":"PASAJE O UNIDIRECCIONAL"},"geometry":{"type":"MultiLineString","coordinates":[[[762135.64,9811542.79],[762162.45,9811585.27],[762168.49,9811619.58]]]}},{"type":"Feature","properties":{"Layer":"LOCAL TIPO II"},"geometry":{"type":"MultiLineString","coordinates":[[[762171.78,9811738.51],[762203.4,9811708.63],[762263.4,9811655.2],[762275.12,9811643.85],[762289.46,9811627.41]]]}},{"type":"Feature","properties":{"Layer":"PASAJE O UNIDIRECCIONAL"},"geometry":{"type":"MultiLineString","coordinates":[[[762201.19,9811710.71],[762167.6,9811675.53],[762178.17,9811666.2],[762192.27,9811653.56],[762233.87,9811625.98],[762258.45,9811609.78]]]}},{"type":"Feature","properties":{"Layer":"LOCAL TIPO II"},"geometry":{"type":"MultiLineString","coordinates":[[[762027.52,9811827.07],[762114.34,9811778.05],[762150.12,9811754.54],[762170.81,9811740.13]]]}},{"type":"Feature","properties":{"Layer":"PASAJE O UNIDIRECCIONAL"},"geometry":{"type":"MultiLineString","coordinates":[[[761973.7,9811691.14],[761955.49,9811709.96],[761933.14,9811722.17]]]}},{"type":"Feature","properties":{"Layer":"LOCAL TIPO III"},"geometry":{"type":"MultiLineString","coordinates":[[[761996.5,9811527.08],[762025.79,9811567.94]]]}},{"type":"Feature","properties":{"Layer":"PASAJE O UNIDIRECCIONAL"},"geometry":{"type":"MultiLineString","coordinates":[[[762085.85,9811567.59],[762119.09,9811624.99]]]}},{"type":"Feature","properties":{"Layer":"PASAJE O UNIDIRECCIONAL"},"geometry":{"type":"MultiLineString","coordinates":[[[762531.84,9812668.6],[762552.37,9812688.18]]]}},{"type":"Feature","properties":{"Layer":"PASAJE O UNIDIRECCIONAL"},"geometry":{"type":"MultiLineString","coordinates":[[[762342.93,9812467.89],[762376.5,9812499.79],[762407.95,9812540.5],[762433.07,9812570.44],[762490.14,9812625.53]]]}},{"type":"Feature","properties":{"Layer":"PASAJE O UNIDIRECCIONAL"},"geometry":{"type":"MultiLineString","coordinates":[[[762786.64,9812597.62],[762793.99,9812611.23],[762822.06,9812657.47],[762823.3,9812659.1],[762824.84,9812660.45],[762826,9812661.16],[762827.26,9812661.7],[762828.85,9812662.14],[762829.81,9812662.31],[762830.78,9812662.41],[762832.73,9812662.41],[762834.65,9812662.14],[762836.53,9812661.61],[762863.28,9812651.74]]]}},{"type":"Feature","properties":{"Layer":"LOCAL TIPO IV"},"geometry":{"type":"MultiLineString","coordinates":[[[762560.34,9811249.53],[762616.21,9811219.17],[762635.63,9811207.12],[762715.05,9811158.26]]]}},{"type":"Feature","properties":{"Layer":"PASAJE O UNIDIRECCIONAL"},"geometry":{"type":"MultiLineString","coordinates":[[[762437.03,9811517.52],[762482.95,9811533.65]]]}},{"type":"Feature","properties":{"Layer":"PASAJE O UNIDIRECCIONAL"},"geometry":{"type":"MultiLineString","coordinates":[[[762302.92,9811462.2],[762423.8,9811505.91]]]}},{"type":"Feature","properties":{"Layer":"LOCAL TIPO II"},"geometry":{"type":"MultiLineString","coordinates":[[[762407.59,9811615.84],[762452.74,9811689.77],[762453.73,9811692.22]]]}},{"type":"Feature","properties":{"Layer":"PASAJE O UNIDIRECCIONAL"},"geometry":{"type":"MultiLineString","coordinates":[[[761956.98,9812440.31],[761979.29,9812465.79]]]}},{"type":"Feature","properties":{"Layer":"LOCAL TIPO IV"},"geometry":{"type":"MultiLineString","coordinates":[[[761956.46,9812440.99],[761984.61,9812404.21]]]}},{"type":"Feature","properties":{"Layer":"LOCAL TIPO II"},"geometry":{"type":"MultiLineString","coordinates":[[[761976.77,9812260.91],[761970.09,9812270.34]]]}},{"type":"Feature","properties":{"Layer":"LOCAL TIPO II"},"geometry":{"type":"MultiLineString","coordinates":[[[761970.09,9812270.34],[761959.53,9812280.82]]]}},{"type":"Feature","properties":{"Layer":"LOCAL TIPO II"},"geometry":{"type":"MultiLineString","coordinates":[[[761959.53,9812280.82],[761903.05,9812256.2]]]}},{"type":"Feature","properties":{"Layer":"LOCAL TIPO II"},"geometry":{"type":"MultiLineString","coordinates":[[[761903.05,9812256.2],[761874.55,9812277.26]]]}},{"type":"Feature","properties":{"Layer":"LOCAL TIPO II"},"geometry":{"type":"MultiLineString","coordinates":[[[761874.55,9812277.26],[761867.19,9812284.07]]]}},{"type":"Feature","properties":{"Layer":"LOCAL TIPO II"},"geometry":{"type":"MultiLineString","coordinates":[[[761867.19,9812284.07],[761821.13,9812324.8]]]}},{"type":"Feature","properties":{"Layer":"PASAJE O UNIDIRECCIONAL"},"geometry":{"type":"MultiLineString","coordinates":[[[761959.53,9812280.82],[761963.13,9812282.87],[761959.97,9812297.22],[761957.04,9812302.33]]]}},{"type":"Feature","properties":{"Layer":"PASAJE O UNIDIRECCIONAL"},"geometry":{"type":"MultiLineString","coordinates":[[[762036.5,9812292.9],[762009.88,9812314.61]]]}},{"type":"Feature","properties":{"Layer":"PASAJE O UNIDIRECCIONAL"},"geometry":{"type":"MultiLineString","coordinates":[[[762155.94,9811968.95],[762134.66,9811999.29]]]}},{"type":"Feature","properties":{"Layer":"LOCAL TIPO III"},"geometry":{"type":"MultiLineString","coordinates":[[[762001.87,9811941.6],[762057.6,9811986.17],[762109.62,9812025.27],[762131.32,9812047.61],[762182.87,9812095.31],[762204.42,9812122.02],[762217.07,9812135.66],[762241.08,9812153.97],[762259.09,9812166.29]]]}},{"type":"Feature","properties":{"Layer":"LOCAL TIPO III"},"geometry":{"type":"MultiLineString","coordinates":[[[763217.49,9812558.98],[763298.18,9812642.83],[763324.35,9812668.88],[763424.84,9812771.56]]]}},{"type":"Feature","properties":{"Layer":"PASAJE O UNIDIRECCIONAL"},"geometry":{"type":"MultiLineString","coordinates":[[[763370.97,9812285.01],[763400.87,9812353.58]]]}},{"type":"Feature","properties":{"Layer":"PASAJE O UNIDIRECCIONAL"},"geometry":{"type":"MultiLineString","coordinates":[[[763400.44,9812353.96],[763414.54,9812387.62]]]}},{"type":"Feature","properties":{"Layer":"PASAJE O UNIDIRECCIONAL"},"geometry":{"type":"MultiLineString","coordinates":[[[763317.29,9812042.1],[763233.23,9812090.34]]]}},{"type":"Feature","properties":{"Layer":"PASAJE O UNIDIRECCIONAL"},"geometry":{"type":"MultiLineString","coordinates":[[[763361.33,9812117.05],[763289.83,9812177.84]]]}},{"type":"Feature","properties":{"Layer":"LOCAL TIPO II"},"geometry":{"type":"MultiLineString","coordinates":[[[764022.31,9811843.57],[764071.21,9811919.09]]]}},{"type":"Feature","properties":{"Layer":"LOCAL TIPO III"},"geometry":{"type":"MultiLineString","coordinates":[[[763978.05,9811867.06],[764029.1,9811945.05]]]}},{"type":"Feature","properties":{"Layer":"LOCAL TIPO IV"},"geometry":{"type":"MultiLineString","coordinates":[[[763987.93,9811969.92],[763933.35,9811900.53]]]}},{"type":"Feature","properties":{"Layer":"PASAJE O UNIDIRECCIONAL"},"geometry":{"type":"MultiLineString","coordinates":[[[764057.01,9811965.52],[763964.56,9812011.25]]]}},{"type":"Feature","properties":{"Layer":"LOCAL TIPO III"},"geometry":{"type":"MultiLineString","coordinates":[[[764016.58,9812006.54],[763987.67,9811970.08]]]}},{"type":"Feature","properties":{"Layer":"PASAJE O UNIDIRECCIONAL"},"geometry":{"type":"MultiLineString","coordinates":[[[764171.86,9811869.52],[764134.51,9811786.47]]]}},{"type":"Feature","properties":{"Layer":"LOCAL TIPO III"},"geometry":{"type":"MultiLineString","coordinates":[[[764153.88,9811828.98],[764185.64,9811815.67]]]}},{"type":"Feature","properties":{"Layer":"PASAJE O UNIDIRECCIONAL"},"geometry":{"type":"MultiLineString","coordinates":[[[763854.14,9811523.9],[763784.57,9811561.5]]]}},{"type":"Feature","properties":{"Layer":"LOCAL TIPO IV"},"geometry":{"type":"MultiLineString","coordinates":[[[763821.04,9811541.79],[763891.89,9811606.42],[763939.52,9811687.37]]]}},{"type":"Feature","properties":{"Layer":"PASAJE O UNIDIRECCIONAL"},"geometry":{"type":"MultiLineString","coordinates":[[[763713.11,9811666.32],[763751.43,9811647.58]]]}},{"type":"Feature","properties":{"Layer":"LOCAL TIPO IV"},"geometry":{"type":"MultiLineString","coordinates":[[[763674.87,9811750.01],[763654.53,9811706.91]]]}},{"type":"Feature","properties":{"Layer":"LOCAL TIPO IV"},"geometry":{"type":"MultiLineString","coordinates":[[[763728.88,9811466.8],[763725.91,9811479.73],[763723.65,9811500.7],[763723.78,9811509.07],[763737.82,9811569.87],[763796.65,9811638.52],[763898.46,9811800.89]]]}},{"type":"Feature","properties":{"Layer":"LOCAL TIPO IV"},"geometry":{"type":"MultiLineString","coordinates":[[[763649.87,9811760.11],[763685.41,9811745.75]]]}},{"type":"Feature","properties":{"Layer":"LOCAL TIPO III"},"geometry":{"type":"MultiLineString","coordinates":[[[763686.53,9811695.32],[763731.29,9811786.58]]]}},{"type":"Feature","properties":{"Layer":"LOCAL TIPO III"},"geometry":{"type":"MultiLineString","coordinates":[[[763584.1,9812574.86],[763660.55,9812669.47],[763714.57,9812736.75]]]}},{"type":"Feature","properties":{"Layer":"LOCAL TIPO IV"},"geometry":{"type":"MultiLineString","coordinates":[[[762176.16,9812285.25],[762240.83,9812153.78]]]}},{"type":"Feature","properties":{"Layer":"LOCAL TIPO III"},"geometry":{"type":"MultiLineString","coordinates":[[[762001.87,9811941.6],[761963.44,9811918.03]]]}},{"type":"Feature","properties":{"Layer":"PASAJE O UNIDIRECCIONAL"},"geometry":{"type":"MultiLineString","coordinates":[[[763738.81,9812703.13],[763673.66,9812623.24]]]}},{"type":"Feature","properties":{"Layer":"PASAJE O UNIDIRECCIONAL"},"geometry":{"type":"MultiLineString","coordinates":[[[762207.92,9811588.2],[762190.33,9811565.38]]]}},{"type":"Feature","properties":{"Layer":"PASAJE O UNIDIRECCIONAL"},"geometry":{"type":"MultiLineString","coordinates":[[[762127.26,9811652.96],[762146.33,9811670.26]]]}},{"type":"Feature","properties":{"Layer":"LOCAL TIPO III"},"geometry":{"type":"MultiLineString","coordinates":[[[762722.96,9812138.12],[762770.94,9812168.29]]]}},{"type":"Feature","properties":{"Layer":"PASAJE O UNIDIRECCIONAL"},"geometry":{"type":"MultiLineString","coordinates":[[[762635.23,9812097.71],[762722.75,9812138.45]]]}},{"type":"Feature","properties":{"Layer":"LOCAL TIPO IV"},"geometry":{"type":"MultiLineString","coordinates":[[[762845.1,9811883.33],[762803.57,9811928.7]]]}},{"type":"Feature","properties":{"Layer":"LOCAL TIPO IV"},"geometry":{"type":"MultiLineString","coordinates":[[[762770.24,9811893.07],[762834.18,9811961.43]]]}},{"type":"Feature","properties":{"Layer":"PASAJE O UNIDIRECCIONAL"},"geometry":{"type":"MultiLineString","coordinates":[[[762710.89,9811594.69],[762684.46,9811565.61],[762684.19,9811565.22],[762684.04,9811564.77],[762684.01,9811564.3],[762684.11,9811563.84],[762684.56,9811563.15],[762746.32,9811505.71]]]}},{"type":"Feature","properties":{"Layer":"LOCAL TIPO II"},"geometry":{"type":"MultiLineString","coordinates":[[[761988.99,9811732.3],[761926.75,9811761.62]]]}},{"type":"Feature","properties":{"Layer":"PASAJE O UNIDIRECCIONAL"},"geometry":{"type":"MultiLineString","coordinates":[[[762289.46,9811627.41],[762368.17,9811694.1]]]}},{"type":"Feature","properties":{"Layer":"LOCAL TIPO I"},"geometry":{"type":"MultiLineString","coordinates":[[[762098.68,9811552.79],[762021,9811639.27]]]}},{"type":"Feature","properties":{"Layer":"LOCAL TIPO II"},"geometry":{"type":"MultiLineString","coordinates":[[[762131.06,9812047.34],[762075.55,9812124.95]]]}},{"type":"Feature","properties":{"Layer":"PASAJE O UNIDIRECCIONAL"},"geometry":{"type":"MultiLineString","coordinates":[[[762384.37,9812003.1],[762324.15,9811952.11]]]}},{"type":"Feature","properties":{"Layer":"PASAJE O UNIDIRECCIONAL"},"geometry":{"type":"MultiLineString","coordinates":[[[762567.51,9811886.01],[762505.24,9811832.46]]]}},{"type":"Feature","properties":{"Layer":"LOCAL TIPO IV"},"geometry":{"type":"MultiLineString","coordinates":[[[762816.99,9811278.71],[762792.97,9811239.8],[762791.92,9811238.34],[762790.69,9811237.05],[762789.29,9811235.93],[762787.75,9811235.02],[762772.71,9811227.46],[762771.13,9811226.79],[762769.47,9811226.33],[762768.62,9811226.19],[762766.91,9811226.07],[762766.05,9811226.1],[762764.35,9811226.32],[762762.69,9811226.76],[762761.88,9811227.07],[762760.34,9811227.83],[762758.92,9811228.79],[762758.25,9811229.34],[762733.89,9811250.89],[762732.36,9811252.51],[762731.5,9811253.72],[762721.01,9811270.44],[762704.94,9811295.39],[762703.88,9811296.68],[762687.62,9811310.4],[762670.61,9811324.54],[762658.87,9811333.96],[762638.56,9811348.64]]]}},{"type":"Feature","properties":{"Layer":"LOCAL TIPO IV"},"geometry":{"type":"MultiLineString","coordinates":[[[762665.37,9811293.42],[762684.2,9811313.28]]]}},{"type":"Feature","properties":{"Layer":"LOCAL TIPO III"},"geometry":{"type":"MultiLineString","coordinates":[[[762387.43,9812218.29],[762320.33,9812300.59]]]}},{"type":"Feature","properties":{"Layer":"LOCAL TIPO II"},"geometry":{"type":"MultiLineString","coordinates":[[[762319.16,9812301.82],[762255.41,9812254.69]]]}},{"type":"Feature","properties":{"Layer":"PASAJE O UNIDIRECCIONAL"},"geometry":{"type":"MultiLineString","coordinates":[[[762137.56,9811762.8],[762108.63,9811721.09]]]}},{"type":"Feature","properties":{"Layer":"LOCAL TIPO III"},"geometry":{"type":"MultiLineString","coordinates":[[[762265.54,9812368.44],[762320.22,9812300.5]]]}},{"type":"Feature","properties":{"Layer":"LOCAL TIPO IV"},"geometry":{"type":"MultiLineString","coordinates":[[[762693.87,9812777.55],[762725.32,9812753.81],[762732.75,9812728.91],[762732.76,9812698.53],[762729.9,9812686.01]]]}},{"type":"Feature","properties":{"Layer":"PASAJE O UNIDIRECCIONAL"},"geometry":{"type":"MultiLineString","coordinates":[[[763398.32,9812030.49],[763349,9812068.78],[763333.42,9812085.73]]]}},{"type":"Feature","properties":{"Layer":"LOCAL TIPO IV"},"geometry":{"type":"MultiLineString","coordinates":[[[763395.13,9812260.88],[763453.5,9812356.37]]]}},{"type":"Feature","properties":{"Layer":"LOCAL TIPO II"},"geometry":{"type":"MultiLineString","coordinates":[[[763369.19,9812380.23],[763399.31,9812354.96],[763433.89,9812324.29]]]}},{"type":"Feature","properties":{"Layer":"PASAJE O UNIDIRECCIONAL"},"geometry":{"type":"MultiLineString","coordinates":[[[763436.41,9812328.42],[763494.45,9812273.2]]]}},{"type":"Feature","properties":{"Layer":"PASAJE O UNIDIRECCIONAL"},"geometry":{"type":"MultiLineString","coordinates":[[[763205.66,9812647.49],[763212.27,9812660.74]]]}},{"type":"Feature","properties":{"Layer":"LOCAL TIPO II"},"geometry":{"type":"MultiLineString","coordinates":[[[763742.29,9812559.63],[763792.87,9812628.13]]]}},{"type":"Feature","properties":{"Layer":"LOCAL TIPO III"},"geometry":{"type":"MultiLineString","coordinates":[[[763760.67,9812584.52],[763711.38,9812621.04]]]}},{"type":"Feature","properties":{"Layer":"LOCAL TIPO III"},"geometry":{"type":"MultiLineString","coordinates":[[[763767.97,9812028.8],[763883.44,9812166.17]]]}},{"type":"Feature","properties":{"Layer":"LOCAL TIPO II"},"geometry":{"type":"MultiLineString","coordinates":[[[763898.97,9812029.97],[763956.52,9812092.97],[764018.25,9812159.4],[764084.78,9812223.22]]]}},{"type":"Feature","properties":{"Layer":"LOCAL TIPO II"},"geometry":{"type":"MultiLineString","coordinates":[[[763565.56,9811860.06],[763638.9,9811827.78]]]}},{"type":"Feature","properties":{"Layer":"LOCAL TIPO II"},"geometry":{"type":"MultiLineString","coordinates":[[[763638.9,9811827.78],[763690.11,9811805.24]]]}},{"type":"Feature","properties":{"Layer":"PASAJE O UNIDIRECCIONAL"},"geometry":{"type":"MultiLineString","coordinates":[[[763978.01,9811867.01],[764017.68,9811846.06],[764028.1,9811840.46],[764084.58,9811810.92],[764094.88,9811805.75]]]}},{"type":"Feature","properties":{"Layer":"PASAJE O UNIDIRECCIONAL"},"geometry":{"type":"MultiLineString","coordinates":[[[763954.92,9811992.12],[763972.57,9812026.68]]]}},{"type":"Feature","properties":{"Layer":"LOCAL TIPO IV"},"geometry":{"type":"MultiLineString","coordinates":[[[763767.89,9811888.43],[763858.85,9811811.63]]]}},{"type":"Feature","properties":{"Layer":"LOCAL TIPO IV"},"geometry":{"type":"MultiLineString","coordinates":[[[763799.09,9811922.03],[763849.71,9811869.83],[763857.62,9811864.79],[763895.36,9811852.34]]]}},{"type":"Feature","properties":{"Layer":"PASAJE O UNIDIRECCIONAL"},"geometry":{"type":"MultiLineString","coordinates":[[[763726.93,9811605.97],[763691.44,9811622.3]]]}},{"type":"Feature","properties":{"Layer":"LOCAL TIPO IV"},"geometry":{"type":"MultiLineString","coordinates":[[[762207.68,9811587.88],[762244.88,9811558.91]]]}},{"type":"Feature","properties":{"Layer":"PASAJE O UNIDIRECCIONAL"},"geometry":{"type":"MultiLineString","coordinates":[[[762442.5,9811927.71],[762385.29,9812001.45]]]}},{"type":"Feature","properties":{"Layer":"PASAJE O UNIDIRECCIONAL"},"geometry":{"type":"MultiLineString","coordinates":[[[762367.41,9812033.69],[762385.29,9812001.45]]]}},{"type":"Feature","properties":{"Layer":"LOCAL TIPO III"},"geometry":{"type":"MultiLineString","coordinates":[[[762147.49,9812223.78],[762188.13,9812260.9]]]}},{"type":"Feature","properties":{"Layer":"EJE PROYECTADO"},"geometry":{"type":"MultiLineString","coordinates":[[[763703.72,9811898.44],[763776.06,9811973.98]]]}},{"type":"Feature","properties":{"Layer":"LOCAL TIPO III"},"geometry":{"type":"MultiLineString","coordinates":[[[763984.55,9811667.1],[763935.17,9811595.54],[763797.89,9811474.16],[763786.37,9811469.41],[763734.34,9811469.41],[763722.04,9811463.52],[763711.46,9811451.18],[763695.1,9811426.71],[763676.48,9811406.6]]]}},{"type":"Feature","properties":{"Layer":"LOCAL TIPO III"},"geometry":{"type":"MultiLineString","coordinates":[[[763491.5,9811703.64],[763541.27,9811759.09]]]}},{"type":"Feature","properties":{"Layer":"LOCAL TIPO II"},"geometry":{"type":"MultiLineString","coordinates":[[[762541,9811471.38],[762461.3,9811438.21]]]}},{"type":"Feature","properties":{"Layer":"LOCAL TIPO I"},"geometry":{"type":"MultiLineString","coordinates":[[[762213.88,9812437.52],[762309.22,9812513.42]]]}},{"type":"Feature","properties":{"Layer":"LOCAL TIPO I"},"geometry":{"type":"MultiLineString","coordinates":[[[762309.22,9812513.42],[762459.87,9812660.58]]]}},{"type":"Feature","properties":{"Layer":"LOCAL TIPO II"},"geometry":{"type":"MultiLineString","coordinates":[[[761906.76,9812570.81],[761895.48,9812524.43],[761892.49,9812513.48],[761888.88,9812502.71],[761863.43,9812433.43],[761859.85,9812424.43],[761855.8,9812415.64],[761851.3,9812407.06],[761846.36,9812398.74],[761837.03,9812383.94],[761835.36,9812381.11],[761833.87,9812378.19],[761832.56,9812375.18],[761831.42,9812372.1],[761830.48,9812368.96],[761829.73,9812365.76],[761829.17,9812362.53],[761826.02,9812340.42],[761825.46,9812337.25],[761824.71,9812334.13],[761823.76,9812331.05],[761822.61,9812328.05],[761821.28,9812325.12],[761819.77,9812322.28],[761818.08,9812319.54],[761816.21,9812316.92],[761814.19,9812314.42],[761754.56,9812245.33],[761752.39,9812242.64],[761750.41,9812239.81],[761748.63,9812236.85],[761747.05,9812233.77],[761745.69,9812230.6],[761744.54,9812227.34],[761740.54,9812214.57],[761736.53,9812200.14],[761733.47,9812185.48],[761725.78,9812141.65],[761724.63,9812133.77],[761723.91,9812125.84],[761723.63,9812117.88],[761723.25,9812064.71]]]}},{"type":"Feature","properties":{"Layer":"PASAJE O UNIDIRECCIONAL"},"geometry":{"type":"MultiLineString","coordinates":[[[761893.75,9811677.2],[761905.93,9811728.13]]]}},{"type":"Feature","properties":{"Layer":"PASAJE O UNIDIRECCIONAL"},"geometry":{"type":"MultiLineString","coordinates":[[[761905.96,9811728.8],[761905.93,9811728.13]]]}},{"type":"Feature","properties":{"Layer":"PASAJE O UNIDIRECCIONAL"},"geometry":{"type":"MultiLineString","coordinates":[[[761905.96,9811728.8],[761904.75,9811736.97]]]}},{"type":"Feature","properties":{"Layer":"LOCAL TIPO II"},"geometry":{"type":"MultiLineString","coordinates":[[[763879.1,9812653.81],[764054.06,9812512.34]]]}},{"type":"Feature","properties":{"Layer":"LOCAL TIPO III"},"geometry":{"type":"MultiLineString","coordinates":[[[763904.34,9812685.71],[764084.69,9812544.08]]]}},{"type":"Feature","properties":{"Layer":"LOCAL TIPO II"},"geometry":{"type":"MultiLineString","coordinates":[[[763931.58,9812721.39],[763964.85,9812704.82]]]}},{"type":"Feature","properties":{"Layer":"LOCAL TIPO II"},"geometry":{"type":"MultiLineString","coordinates":[[[763964.85,9812704.82],[763989.1,9812692.74]]]}},{"type":"Feature","properties":{"Layer":"LOCAL TIPO I"},"geometry":{"type":"MultiLineString","coordinates":[[[764054.05,9812512.34],[764084.69,9812544.08]]]}},{"type":"Feature","properties":{"Layer":"LOCAL TIPO IV"},"geometry":{"type":"MultiLineString","coordinates":[[[764065.54,9812828.5],[764047.81,9812778.52]]]}},{"type":"Feature","properties":{"Layer":"LOCAL TIPO II"},"geometry":{"type":"MultiLineString","coordinates":[[[764075.28,9812824.1],[764111.98,9812883.95]]]}},{"type":"Feature","properties":{"Layer":"LOCAL TIPO II"},"geometry":{"type":"MultiLineString","coordinates":[[[764111.98,9812883.95],[764074.22,9812908.15]]]}},{"type":"Feature","properties":{"Layer":"LOCAL TIPO II"},"geometry":{"type":"MultiLineString","coordinates":[[[764026.83,9812845.85],[764065.54,9812828.5]]]}},{"type":"Feature","properties":{"Layer":"LOCAL TIPO II"},"geometry":{"type":"MultiLineString","coordinates":[[[764065.54,9812828.5],[764075.28,9812824.1]]]}},{"type":"Feature","properties":{"Layer":"LOCAL TIPO II"},"geometry":{"type":"MultiLineString","coordinates":[[[764075.28,9812824.1],[764160.68,9812784.01]]]}},{"type":"Feature","properties":{"Layer":"LOCAL TIPO III"},"geometry":{"type":"MultiLineString","coordinates":[[[764174.22,9812838.93],[764167.1,9812810.71]]]}},{"type":"Feature","properties":{"Layer":"LOCAL TIPO III"},"geometry":{"type":"MultiLineString","coordinates":[[[764167.1,9812810.71],[764160.68,9812784.01]]]}},{"type":"Feature","properties":{"Layer":"LOCAL TIPO II"},"geometry":{"type":"MultiLineString","coordinates":[[[764167.1,9812810.71],[764202.48,9812795.33]]]}},{"type":"Feature","properties":{"Layer":"LOCAL TIPO III"},"geometry":{"type":"MultiLineString","coordinates":[[[764309.12,9812101.36],[764247.71,9812184.58]]]}},{"type":"Feature","properties":{"Layer":"PASAJE O UNIDIRECCIONAL"},"geometry":{"type":"MultiLineString","coordinates":[[[764375.02,9812372.93],[764296.44,9812415.4]]]}},{"type":"Feature","properties":{"Layer":"LOCAL TIPO III"},"geometry":{"type":"MultiLineString","coordinates":[[[764418.92,9812477.96],[764290.08,9812536.54]]]}},{"type":"Feature","properties":{"Layer":"LOCAL TIPO II"},"geometry":{"type":"MultiLineString","coordinates":[[[764453.47,9812586.96],[764335.44,9812638.67]]]}},{"type":"Feature","properties":{"Layer":"LOCAL TIPO III"},"geometry":{"type":"MultiLineString","coordinates":[[[764437.01,9812525.54],[764337.86,9812571.46]]]}},{"type":"Feature","properties":{"Layer":"LOCAL TIPO IV"},"geometry":{"type":"MultiLineString","coordinates":[[[764353.7,9812253.8],[764300.93,9812203.69]]]}},{"type":"Feature","properties":{"Layer":"PASAJE O UNIDIRECCIONAL"},"geometry":{"type":"MultiLineString","coordinates":[[[764400.05,9812847.34],[764436.57,9812941.08]]]}},{"type":"Feature","properties":{"Layer":"LOCAL TIPO IV"},"geometry":{"type":"MultiLineString","coordinates":[[[764332.95,9812980.19],[764303.6,9812997.2]]]}},{"type":"Feature","properties":{"Layer":"LOCAL TIPO II"},"geometry":{"type":"MultiLineString","coordinates":[[[764199.54,9813077.88],[764218.55,9813066.99]]]}},{"type":"Feature","properties":{"Layer":"PASAJE O UNIDIRECCIONAL"},"geometry":{"type":"MultiLineString","coordinates":[[[764488.02,9812716.53],[764599.76,9812651.37]]]}},{"type":"Feature","properties":{"Layer":"LOCAL TIPO II"},"geometry":{"type":"MultiLineString","coordinates":[[[764494.78,9812772.95],[764546.53,9812741.45]]]}},{"type":"Feature","properties":{"Layer":"LOCAL TIPO II"},"geometry":{"type":"MultiLineString","coordinates":[[[764546.53,9812741.45],[764590.45,9812714.71]]]}},{"type":"Feature","properties":{"Layer":"LOCAL TIPO II"},"geometry":{"type":"MultiLineString","coordinates":[[[764590.45,9812714.71],[764633.6,9812688.47]]]}},{"type":"Feature","properties":{"Layer":"LOCAL TIPO II"},"geometry":{"type":"MultiLineString","coordinates":[[[764637.49,9812856.01],[764636.25,9812873.19]]]}},{"type":"Feature","properties":{"Layer":"LOCAL TIPO IV"},"geometry":{"type":"MultiLineString","coordinates":[[[764498.4,9812799.98],[764584.75,9812806.46]]]}},{"type":"Feature","properties":{"Layer":"LOCAL TIPO III"},"geometry":{"type":"MultiLineString","coordinates":[[[764583.28,9812803.84],[764625.29,9812775.95]]]}},{"type":"Feature","properties":{"Layer":"LOCAL TIPO II"},"geometry":{"type":"MultiLineString","coordinates":[[[764802.04,9812355.07],[764836.66,9812431.61]]]}},{"type":"Feature","properties":{"Layer":"LOCAL TIPO IV"},"geometry":{"type":"MultiLineString","coordinates":[[[765203.69,9812437.39],[765173.27,9812439.05]]]}},{"type":"Feature","properties":{"Layer":"LOCAL TIPO IV"},"geometry":{"type":"MultiLineString","coordinates":[[[765173.27,9812439.05],[765149.99,9812440.59]]]}},{"type":"Feature","properties":{"Layer":"LOCAL TIPO IV"},"geometry":{"type":"MultiLineString","coordinates":[[[765149.99,9812440.59],[765061.24,9812448.4]]]}},{"type":"Feature","properties":{"Layer":"PASAJE O UNIDIRECCIONAL"},"geometry":{"type":"MultiLineString","coordinates":[[[764392.93,9812377.03],[764445.02,9812341.88]]]}},{"type":"Feature","properties":{"Layer":"PASAJE O UNIDIRECCIONAL"},"geometry":{"type":"MultiLineString","coordinates":[[[764744.93,9812397.13],[764683.62,9812357.17]]]}},{"type":"Feature","properties":{"Layer":"PASAJE O UNIDIRECCIONAL"},"geometry":{"type":"MultiLineString","coordinates":[[[764898.72,9812143.65],[764945.56,9812247.67]]]}},{"type":"Feature","properties":{"Layer":"LOCAL TIPO IV"},"geometry":{"type":"MultiLineString","coordinates":[[[765027.13,9812320.41],[765020.73,9812283.94]]]}},{"type":"Feature","properties":{"Layer":"LOCAL TIPO II"},"geometry":{"type":"MultiLineString","coordinates":[[[764475.15,9812608.52],[764567.99,9812555.72]]]}},{"type":"Feature","properties":{"Layer":"LOCAL TIPO IV"},"geometry":{"type":"MultiLineString","coordinates":[[[764637.49,9812856.01],[764604.68,9812863.27]]]}},{"type":"Feature","properties":{"Layer":"LOCAL TIPO III"},"geometry":{"type":"MultiLineString","coordinates":[[[763993.31,9812742.46],[763964.9,9812704.79]]]}},{"type":"Feature","properties":{"Layer":"LOCAL TIPO I"},"geometry":{"type":"MultiLineString","coordinates":[[[763972.53,9812423.39],[763990.37,9812440.25]],[[764023.23,9812475.27],[764007.33,9812457.27],[763990.37,9812440.25]],[[764023.23,9812475.27],[764054.05,9812512.34]]]}},{"type":"Feature","properties":{"Layer":"LOCAL TIPO II"},"geometry":{"type":"MultiLineString","coordinates":[[[764160.68,9812784.01],[764243.25,9812745.23],[764465.84,9812649.34]]]}},{"type":"Feature","properties":{"Layer":"LOCAL TIPO II"},"geometry":{"type":"MultiLineString","coordinates":[[[764113.16,9812959.71],[764123.41,9812952.6]],[[764139.01,9812943.05],[764131.07,9812947.6],[764123.41,9812952.6]],[[764139.01,9812943.05],[764160.72,9812931.41]],[[764193.25,9812917.51],[764182.14,9812921.5],[764171.29,9812926.14],[764160.72,9812931.41]],[[764193.25,9812917.51],[764359.59,9812863.29]],[[764359.59,9812863.29],[764381.61,9812855.32],[764403.06,9812845.92],[764423.85,9812835.16],[764482.57,9812802.29]]]}},{"type":"Feature","properties":{"Layer":"LOCAL TIPO III"},"geometry":{"type":"MultiLineString","coordinates":[[[764590.45,9812714.71],[764600.48,9812729.35]],[[764611.83,9812748.03],[764606.41,9812738.54],[764600.48,9812729.35]],[[764611.83,9812748.03],[764616.5,9812756.75]],[[764631.5,9812795.6],[764628.65,9812785.56],[764625.19,9812775.71],[764621.14,9812766.1],[764616.5,9812756.75]],[[764631.5,9812795.6],[764636.14,9812814.2]]]}},{"type":"Feature","properties":{"Layer":"LOCAL TIPO III"},"geometry":{"type":"MultiLineString","coordinates":[[[764599.76,9812651.37],[764633.6,9812688.47]]]}},{"type":"Feature","properties":{"Layer":"LOCAL TIPO IV"},"geometry":{"type":"MultiLineString","coordinates":[[[764732.61,9812463.13],[764732.04,9812464.11],[764731.69,9812465.19],[764731.57,9812466.32],[764731.62,9812467.07],[764731.88,9812468.18],[764732.36,9812469.2],[764732.8,9812469.82],[764733.59,9812470.63]],[[764793.81,9812378.11],[764732.61,9812463.13]],[[764733.59,9812470.63],[764773.96,9812503.61]],[[764791.55,9812363.88],[764793.01,9812365.46]],[[764793.81,9812378.11],[764794.53,9812376.95],[764795.3,9812375.04],[764795.67,9812373.01],[764795.68,9812371.64],[764795.5,9812370.28],[764794.88,9812368.32],[764793.88,9812366.52],[764793.01,9812365.46]]]}},{"type":"Feature","properties":{"Layer":"LOCAL TIPO IV"},"geometry":{"type":"MultiLineString","coordinates":[[[764768.88,9812263.38],[764813.16,9812247.81]],[[764813.16,9812247.81],[764816.52,9812246.51],[764819.8,9812245.01],[764822.99,9812243.32],[764826.06,9812241.44],[764829.02,9812239.38],[764831.85,9812237.15],[764834.54,9812234.75]],[[764834.54,9812234.75],[764847.88,9812222.1]],[[764847.88,9812222.1],[764848.85,9812221.12],[764850.58,9812218.95],[764851.99,9812216.57],[764853.06,9812214.02],[764853.76,9812211.35],[764854.09,9812208.6],[764854.12,9812207.22],[764853.86,9812203.81]],[[764861.57,9812186.22],[764859.57,9812187.99],[764857.82,9812190.01],[764856.36,9812192.24],[764855.21,9812194.65],[764854.39,9812197.19],[764853.91,9812199.81],[764853.81,9812201.14],[764853.86,9812203.81]],[[764861.57,9812186.22],[764877.22,9812174.15]],[[764877.22,9812174.15],[764879.2,9812172.52],[764881.06,9812170.76],[764882.82,9812168.9],[764884.45,9812166.92],[764885.95,9812164.84],[764887.31,9812162.67]],[[764887.31,9812162.67],[764895.14,9812149.29]],[[764904.25,9812136.22],[764900.98,9812140.41],[764897.94,9812144.77],[764895.14,9812149.29]],[[764904.25,9812136.22],[764950.99,9812079.42]],[[764950.99,9812079.42],[764952.14,9812077.82],[764953.07,9812076.08],[764953.76,9812074.24],[764954.02,9812073.29],[764954.34,9812071.34],[764954.4,9812069.37],[764954.2,9812067.41],[764954,9812066.44]],[[764955.6,9812041.01],[764954.78,9812042.44],[764954.05,9812043.91],[764953.42,9812045.43],[764952.89,9812046.99],[764952.46,9812048.58],[764952.14,9812050.19],[764951.93,9812051.82],[764951.82,9812053.47],[764951.83,9812055.11],[764951.94,9812056.75],[764952.16,9812058.38],[764952.48,9812060]],[[764954,9812066.44],[764952.48,9812060]],[[764955.6,9812041.01],[764958.65,9812036.13]]]}},{"type":"Feature","properties":{"Layer":"LOCAL TIPO IV"},"geometry":{"type":"MultiLineString","coordinates":[[[764968.83,9812286.65],[764957.97,9812284.27]],[[764968.83,9812286.65],[764971.83,9812287.21],[764974.86,9812287.58],[764977.9,9812287.76],[764980.96,9812287.75],[764984,9812287.54]],[[765020.73,9812283.94],[764984,9812287.54]]]}},{"type":"Feature","properties":{"Layer":"LOCAL TIPO IV"},"geometry":{"type":"MultiLineString","coordinates":[[[765020.73,9812283.94],[765030.06,9812282.48]],[[765044.03,9812258.03],[765029.66,9812212.67]],[[765030.06,9812282.48],[765031.77,9812282.09],[765033.41,9812281.49],[765034.96,9812280.67],[765035.7,9812280.19],[765037.06,9812279.08],[765038.26,9812277.81],[765039.29,9812276.39],[765040.12,9812274.84]],[[765040.12,9812274.84],[765043.46,9812267.52]],[[765043.46,9812267.52],[765044.08,9812265.87],[765044.31,9812265.02],[765044.59,9812263.27],[765044.65,9812262.39],[765044.64,9812261.5],[765044.46,9812259.75],[765044.03,9812258.03]]]}},{"type":"Feature","properties":{"Layer":"LOCAL TIPO IV"},"geometry":{"type":"MultiLineString","coordinates":[[[764402.87,9812404.19],[764439.48,9812377.82]],[[764439.48,9812377.82],[764448.64,9812370.81],[764457.37,9812363.3]],[[764457.37,9812363.3],[764469.04,9812352.66]],[[764484.9,9812339.61],[764476.8,9812345.93],[764469.04,9812352.66]],[[764484.9,9812339.61],[764503.69,9812325.72]],[[764521.98,9812314.99],[764517.2,9812317.3],[764512.55,9812319.87],[764508.04,9812322.67],[764503.69,9812325.72]],[[764535.13,9812311.1],[764531.76,9812311.73],[764528.43,9812312.59],[764525.18,9812313.67],[764522.01,9812314.98]],[[764535.13,9812311.1],[764564.31,9812306.69]]]}},{"type":"Feature","properties":{"Layer":"LOCAL TIPO IV"},"geometry":{"type":"MultiLineString","coordinates":[[[764691.48,9811671.01],[764671.5,9811779.17],[764660.92,9811835.84]],[[764686.29,9811637.16],[764681.29,9811643.17],[764680.54,9811644.47],[764680.2,9811645.42],[764679.94,9811646.9],[764679.94,9811647.9],[764680.07,9811648.89],[764680.35,9811649.86],[764680.75,9811650.78],[764681.58,9811652.03]],[[764681.58,9811652.03],[764688.82,9811660.77]],[[764686.29,9811637.16],[764687.98,9811635.01],[764689.54,9811632.76],[764690.96,9811630.42],[764692.25,9811628]],[[764691.48,9811671.01],[764691.68,9811669.34],[764691.69,9811668.5],[764691.65,9811667.67],[764691.39,9811666.01],[764690.91,9811664.4],[764690.59,9811663.62],[764689.8,9811662.14],[764688.82,9811660.77]],[[764690.44,9811598.02],[764694.87,9811600.23]],[[764699.36,9811613.6],[764692.25,9811628]],[[764699.36,9811613.6],[764700.07,9811611.69],[764700.38,9811609.68],[764700.35,9811608.32],[764699.97,9811606.32],[764699.19,9811604.43],[764698.05,9811602.75],[764696.59,9811601.33],[764694.87,9811600.23]]]}},{"type":"Feature","properties":{"Layer":"PASAJE O UNIDIRECCIONAL"},"geometry":{"type":"MultiLineString","coordinates":[[[764699.36,9811613.6],[764705.54,9811621.29]],[[764705.54,9811621.29],[764709.04,9811625.42],[764712.75,9811629.36],[764716.67,9811633.11]],[[764716.67,9811633.11],[764742.24,9811656.32]]]}},{"type":"Feature","properties":{"Layer":"PASAJE O UNIDIRECCIONAL"},"geometry":{"type":"MultiLineString","coordinates":[[[764699.87,9811605.99],[764703.17,9811603.44]],[[764710.4,9811603.42],[764709.36,9811602.78],[764708.59,9811602.48],[764707.8,9811602.29],[764706.99,9811602.21],[764705.76,9811602.3],[764704.97,9811602.49],[764703.85,9811602.99],[764703.17,9811603.44]],[[764710.4,9811603.42],[764763.67,9811644.05]]]}},{"type":"Feature","properties":{"Layer":"PASAJE O UNIDIRECCIONAL"},"geometry":{"type":"MultiLineString","coordinates":[[[764548.31,9811752.65],[764548.61,9811753.13]],[[764554.97,9811766.64],[764553.68,9811763.13],[764552.19,9811759.69],[764550.5,9811756.36],[764548.61,9811753.13]],[[764554.97,9811766.64],[764559.65,9811780.64]],[[764564.79,9811799.75],[764562.5,9811790.12],[764559.65,9811780.64]],[[764564.79,9811799.75],[764572.16,9811835.54]],[[764572.16,9811835.54],[764572.55,9811836.76],[764572.94,9811837.51],[764573.44,9811838.2],[764574.02,9811838.82],[764574.69,9811839.35],[764575.42,9811839.78],[764576.2,9811840.1],[764577.03,9811840.32],[764577.87,9811840.41],[764578.72,9811840.39],[764579.56,9811840.25],[764580.76,9811839.83],[764581.5,9811839.42],[764582.18,9811838.9]],[[764582.18,9811838.9],[764615.06,9811810.06]]]}},{"type":"Feature","properties":{"Layer":"LOCAL TIPO IV"},"geometry":{"type":"MultiLineString","coordinates":[[[764381.33,9813062.34],[764326.04,9812968.46]]]}},{"type":"Feature","properties":{"Layer":"LOCAL TIPO III"},"geometry":{"type":"MultiLineString","coordinates":[[[764435.56,9812476.12],[764467.95,9812452.31]],[[764468.94,9812451.59],[764467.95,9812452.31]],[[764468.94,9812451.59],[764514.73,9812418.36]]]}},{"type":"Feature","properties":{"Layer":"LOCAL TIPO IV"},"geometry":{"type":"MultiLineString","coordinates":[[[764584.75,9812806.46],[764591.76,9812806.98]],[[764592.22,9812807.4],[764592.05,9812807.1],[764591.76,9812806.98]],[[764592.22,9812807.4],[764594.63,9812821.27],[764636.14,9812814.2]]]}},{"type":"Feature","properties":{"Layer":"LOCAL TIPO III"},"geometry":{"type":"MultiLineString","coordinates":[[[764546.53,9812741.45],[764564.11,9812769.64],[764584.75,9812806.46]]]}},{"type":"Feature","properties":{"Layer":"LOCAL TIPO IV"},"geometry":{"type":"MultiLineString","coordinates":[[[764005.21,9812606.5],[764009.9,9812613.5],[764011.41,9812615.6],[764013.05,9812617.6],[764014.82,9812619.49],[764016.7,9812621.26],[764018.7,9812622.9],[764020.79,9812624.42]],[[764020.79,9812624.42],[764021.08,9812624.61]],[[764021.08,9812624.61],[764022.28,9812625.3],[764023.56,9812625.82],[764024.9,9812626.16],[764026.27,9812626.31],[764027.65,9812626.26],[764029.01,9812626.03],[764030.33,9812625.62],[764031.58,9812625.02]],[[764031.58,9812625.02],[764064.13,9812606.66]]]}},{"type":"Feature","properties":{"Layer":"LOCAL TIPO III"},"geometry":{"type":"MultiLineString","coordinates":[[[764633.6,9812688.47],[764639.56,9812694.86]],[[764659.97,9812724.78],[764656.62,9812718.32],[764652.9,9812712.08],[764648.8,9812706.07],[764644.35,9812700.33],[764639.56,9812694.86]],[[764659.97,9812724.78],[764660.67,9812726.24]],[[764677.12,9812772.78],[764673.95,9812760.83],[764670.14,9812749.07],[764665.71,9812737.53],[764660.67,9812726.24]],[[764677.12,9812772.78],[764680.66,9812787.73]],[[764684.98,9812826.52],[764684.78,9812816.74],[764684,9812806.99],[764682.62,9812797.31],[764680.66,9812787.73]],[[764684.98,9812826.52],[764684.64,9812860.32]]]}},{"type":"Feature","properties":{"Layer":"LOCAL TIPO II"},"geometry":{"type":"MultiLineString","coordinates":[[[764636.14,9812814.2],[764637.41,9812819.98]],[[764638.56,9812832.88],[764638.6,9812829.63],[764638.42,9812826.39],[764638.02,9812823.17],[764637.41,9812819.98]],[[764638.56,9812832.88],[764637.49,9812856.01]]]}},{"type":"Feature","properties":{"Layer":"PASAJE O UNIDIRECCIONAL"},"geometry":{"type":"MultiLineString","coordinates":[[[763522.42,9815427.15],[763437.61,9815393.11]]]}},{"type":"Feature","properties":{"Layer":"LOCAL TIPO II"},"geometry":{"type":"MultiLineString","coordinates":[[[763605.5,9815519.49],[763667.42,9815455.64],[763700.3,9815425.17],[763708.92,9815417.62],[763717.97,9815410.57],[763727.4,9815404.06],[763737.19,9815398.1],[763747.31,9815392.71],[763765.79,9815383.53],[763778.01,9815377.96],[763790.57,9815373.23],[763922.23,9815328.62],[763931.58,9815325.71],[763941.06,9815323.26],[763950.64,9815321.27],[763982.04,9815315.56]]]}},{"type":"Feature","properties":{"Layer":"PASAJE O UNIDIRECCIONAL"},"geometry":{"type":"MultiLineString","coordinates":[[[764074.7,9815361.41],[764103.29,9815415.45],[764104.24,9815417.4],[764105.06,9815419.4],[764105.75,9815421.46],[764106.31,9815423.55],[764106.73,9815425.67],[764107.02,9815427.82],[764107.16,9815429.98],[764107.16,9815432.15],[764106.21,9815463.68],[764106.07,9815465.83],[764105.8,9815467.97],[764105.39,9815470.09],[764104.84,9815472.17],[764104.17,9815474.22],[764103.36,9815476.22],[764087.38,9815512.37],[764086.52,9815514.16],[764085.56,9815515.9],[764084.5,9815517.57],[764083.34,9815519.19],[764053.18,9815558.59]]]}},{"type":"Feature","properties":{"Layer":"LOCAL TIPO IV"},"geometry":{"type":"MultiLineString","coordinates":[[[763962.54,9815459.92],[764104.82,9815471.5]]]}},{"type":"Feature","properties":{"Layer":"LOCAL TIPO I"},"geometry":{"type":"MultiLineString","coordinates":[[[763787.62,9815374.26],[763835.73,9815216.06],[763838.27,9815206.95],[763840.37,9815197.72],[763860.94,9815096.59],[763863,9815087.52],[763889.13,9814983.97]]]}},{"type":"Feature","properties":{"Layer":"LOCAL TIPO I"},"geometry":{"type":"MultiLineString","coordinates":[[[763838.67,9815205.34],[763733.06,9815168.73],[763730.17,9815167.61],[763727.35,9815166.3],[763724.64,9815164.79],[763722.04,9815163.1],[763719.55,9815161.24],[763717.21,9815159.21],[763715,9815157.02],[763712.96,9815154.69],[763711.08,9815152.22],[763709.37,9815149.63],[763698.59,9815131.94],[763697.01,9815129.15],[763695.6,9815126.27],[763694.36,9815123.31],[763693.31,9815120.28],[763692.45,9815117.19],[763677.66,9815057.25],[763676.67,9815053.77],[763675.45,9815050.36],[763673.99,9815047.04],[763672.3,9815043.83],[763670.4,9815040.74],[763668.29,9815037.8],[763665.99,9815035],[763663.49,9815032.37],[763660.82,9815029.92],[763627.94,9815001.78]]]}},{"type":"Feature","properties":{"Layer":"LOCAL TIPO I"},"geometry":{"type":"MultiLineString","coordinates":[[[763872.53,9814871.51],[763818.66,9814938.02]]]}},{"type":"Feature","properties":{"Layer":"LOCAL TIPO I"},"geometry":{"type":"MultiLineString","coordinates":[[[763931.39,9814922.86],[763883.08,9814981.11]]]}},{"type":"Feature","properties":{"Layer":"LOCAL TIPO I"},"geometry":{"type":"MultiLineString","coordinates":[[[763990.28,9814974.25],[763821.75,9814827.2]]]}},{"type":"Feature","properties":{"Layer":"PASAJE O UNIDIRECCIONAL"},"geometry":{"type":"MultiLineString","coordinates":[[[764095.2,9814580.21],[764036.13,9814609.86],[764034.2,9814610.45],[764032.2,9814610.64],[764030.19,9814610.43],[764028.27,9814609.82],[764027.08,9814609.2],[764025.98,9814608.43],[764024.54,9814607.01],[763988.71,9814563.65],[763941.48,9814509.74]]]}},{"type":"Feature","properties":{"Layer":"PASAJE O UNIDIRECCIONAL"},"geometry":{"type":"MultiLineString","coordinates":[[[764256.61,9815119.03],[764284.84,9815135.04],[764290.79,9815138.67],[764296.49,9815142.68],[764301.92,9815147.05],[764307.06,9815151.76],[764318.96,9815163.37],[764321.08,9815165.32],[764323.33,9815167.13],[764325.68,9815168.8],[764328.13,9815170.32],[764330.67,9815171.68],[764341.08,9815176.77],[764343.17,9815177.62],[764370.79,9815188.06],[764373.1,9815188.86],[764375.46,9815189.54],[764391.95,9815193.83]]]}},{"type":"Feature","properties":{"Layer":"PASAJE O UNIDIRECCIONAL"},"geometry":{"type":"MultiLineString","coordinates":[[[764195.63,9814499.48],[764297.63,9814447.26]]]}},{"type":"Feature","properties":{"Layer":"LOCAL TIPO III"},"geometry":{"type":"MultiLineString","coordinates":[[[764231.41,9814579.65],[764329.68,9814512.28],[764331.31,9814510.98],[764332.74,9814509.47],[764333.38,9814508.65],[764334.48,9814506.87],[764335.31,9814504.97],[764347.47,9814471.04],[764347.94,9814469.2],[764348.05,9814467.31],[764347.81,9814465.43],[764330.79,9814391.3]]]}},{"type":"Feature","properties":{"Layer":"LOCAL TIPO III"},"geometry":{"type":"MultiLineString","coordinates":[[[764523.53,9814553.61],[764347.36,9814471.36]]]}},{"type":"Feature","properties":{"Layer":"LOCAL TIPO II"},"geometry":{"type":"MultiLineString","coordinates":[[[764464.04,9814355.22],[764391.8,9814492.11]]]}},{"type":"Feature","properties":{"Layer":"LOCAL TIPO II"},"geometry":{"type":"MultiLineString","coordinates":[[[764183.09,9814448.96],[764235.61,9814417.73],[764239.86,9814415.38],[764244.24,9814413.29],[764248.73,9814411.47],[764253.33,9814409.93],[764258.01,9814408.67],[764295.3,9814399.82]]]}},{"type":"Feature","properties":{"Layer":"LOCAL TIPO III"},"geometry":{"type":"MultiLineString","coordinates":[[[764295.3,9814399.82],[764351.05,9814386.44],[764353.77,9814385.99],[764356.52,9814385.91],[764357.9,9814386.01],[764360.61,9814386.5],[764363.23,9814387.36],[764432.3,9814415.36]]]}},{"type":"Feature","properties":{"Layer":"LOCAL TIPO I"},"geometry":{"type":"MultiLineString","coordinates":[[[764704.12,9813681.49],[764734.75,9813666.21],[764744.79,9813661.55],[764755.07,9813657.44],[764859.18,9813619.2],[764871.93,9813614.01],[764884.29,9813607.96],[764981.67,9813556.06]]]}},{"type":"Feature","properties":{"Layer":"LOCAL TIPO I"},"geometry":{"type":"MultiLineString","coordinates":[[[764981.68,9813556.07],[765111.32,9813483.33]]]}},{"type":"Feature","properties":{"Layer":"LOCAL TIPO III"},"geometry":{"type":"MultiLineString","coordinates":[[[764871.93,9813614.01],[764829.9,9813504.03]]]}},{"type":"Feature","properties":{"Layer":"LOCAL TIPO I"},"geometry":{"type":"MultiLineString","coordinates":[[[764829.9,9813504.03],[765046.76,9813379]]]}},{"type":"Feature","properties":{"Layer":"LOCAL TIPO II"},"geometry":{"type":"MultiLineString","coordinates":[[[764627.63,9813442.73],[764640.06,9813436.44],[764643.74,9813434.41],[764647.28,9813432.15],[764650.66,9813429.65],[764653.87,9813426.93],[764656.89,9813424.01],[764659.7,9813420.89],[764691.11,9813383.62],[764692.79,9813381.55],[764694.37,9813379.4],[764749.75,9813301.07],[764751.89,9813297.83],[764753.83,9813294.46],[764755.55,9813290.98],[764757.06,9813287.4],[764767.85,9813259.4]]]}},{"type":"Feature","properties":{"Layer":"PASAJE O UNIDIRECCIONAL"},"geometry":{"type":"MultiLineString","coordinates":[[[764761.12,9813120.38],[764568.87,9813153.17],[764761.12,9813120.38]]]}},{"type":"Feature","properties":{"Layer":"LOCAL TIPO IV"},"geometry":{"type":"MultiLineString","coordinates":[[[764405.59,9813248.3],[764463.87,9813299.18],[764467.57,9813302.21],[764471.46,9813304.98],[764475.52,9813307.5],[764479.73,9813309.75],[764484.09,9813311.71],[764488.56,9813313.39],[764494.61,9813315.44],[764497.82,9813316.42],[764501.08,9813317.2],[764504.38,9813317.78],[764507.71,9813318.16],[764511.06,9813318.33],[764514.41,9813318.31],[764525.03,9813317.89],[764527.52,9813317.87],[764530,9813317.98],[764532.48,9813318.24],[764534.93,9813318.64],[764537.36,9813319.18],[764601.89,9813335.39]]]}},{"type":"Feature","properties":{"Layer":"LOCAL TIPO IV"},"geometry":{"type":"MultiLineString","coordinates":[[[764405.72,9813245.91],[764485.05,9813360.83]]]}},{"type":"Feature","properties":{"Layer":"LOCAL TIPO III"},"geometry":{"type":"MultiLineString","coordinates":[[[764344.62,9813263.38],[764405.18,9813334.61],[764412.38,9813343.59],[764457.61,9813403.47]]]}},{"type":"Feature","properties":{"Layer":"LOCAL TIPO III"},"geometry":{"type":"MultiLineString","coordinates":[[[764421.16,9813438.3],[764307.06,9813291.16]]]}},{"type":"Feature","properties":{"Layer":"LOCAL TIPO III"},"geometry":{"type":"MultiLineString","coordinates":[[[764330.87,9813388.25],[764408.06,9813339.59],[764451.99,9813312.33]]]}},{"type":"Feature","properties":{"Layer":"LOCAL TIPO III"},"geometry":{"type":"MultiLineString","coordinates":[[[764104.27,9813345.57],[764128.34,9813403.81],[764129.58,9813406.55],[764130.98,9813409.22],[764132.56,9813411.78],[764134.29,9813414.25],[764136.17,9813416.6],[764152.27,9813435.45]]]}},{"type":"Feature","properties":{"Layer":"EJE PROYECTADO"},"geometry":{"type":"MultiLineString","coordinates":[[[765170.64,9814183.54],[765123.49,9814159.16]]]}},{"type":"Feature","properties":{"Layer":"LOCAL TIPO III"},"geometry":{"type":"MultiLineString","coordinates":[[[765483.39,9813744.14],[765403.56,9813900.53],[765294.98,9814110.1],[765190.15,9814313.62]]]}},{"type":"Feature","properties":{"Layer":"LOCAL TIPO III"},"geometry":{"type":"MultiLineString","coordinates":[[[765184.65,9814324.3],[765072.29,9814542.5]]]}},{"type":"Feature","properties":{"Layer":"LOCAL TIPO I"},"geometry":{"type":"MultiLineString","coordinates":[[[765050.72,9814121.53],[765099.22,9814012.57],[765102.06,9814006.46],[765151.53,9813904.7]]]}},{"type":"Feature","properties":{"Layer":"LOCAL TIPO III"},"geometry":{"type":"MultiLineString","coordinates":[[[764942.55,9814067.95],[765049.16,9814120.75],[765123.49,9814159.15]]]}},{"type":"Feature","properties":{"Layer":"LOCAL TIPO III"},"geometry":{"type":"MultiLineString","coordinates":[[[765190.49,9814056.14],[765493,9814212.09]]]}},{"type":"Feature","properties":{"Layer":"LOCAL TIPO III"},"geometry":{"type":"MultiLineString","coordinates":[[[765144.88,9813908.07],[765046.93,9813856.17]]]}},{"type":"Feature","properties":{"Layer":"LOCAL TIPO III"},"geometry":{"type":"MultiLineString","coordinates":[[[765273.87,9813833.87],[765503.44,9813952]]]}},{"type":"Feature","properties":{"Layer":"LOCAL TIPO I"},"geometry":{"type":"MultiLineString","coordinates":[[[765329.16,9813835.89],[765319.58,9813593.75]]]}},{"type":"Feature","properties":{"Layer":"LOCAL TIPO I"},"geometry":{"type":"MultiLineString","coordinates":[[[765384.13,9813839.86],[765368.63,9813550.27]]]}},{"type":"Feature","properties":{"Layer":"LOCAL TIPO I"},"geometry":{"type":"MultiLineString","coordinates":[[[765450.76,9813689.88],[765380.5,9813701.84],[765372.56,9813703.36],[765324.32,9813713.59]]]}},{"type":"Feature","properties":{"Layer":"LOCAL TIPO IV"},"geometry":{"type":"MultiLineString","coordinates":[[[764381.37,9814730.85],[764428.58,9814672.47],[764431.26,9814669.38],[764434.15,9814666.47],[764437.23,9814663.77],[764440.49,9814661.28],[764443.91,9814659.02],[764447.48,9814657.01],[764451.17,9814655.23],[764454.98,9814653.72],[764458.88,9814652.47],[764462.86,9814651.49],[764466.9,9814650.78],[764470.97,9814650.35],[764475.07,9814650.2],[764479.16,9814650.33],[764483.24,9814650.73],[764487.28,9814651.42],[764491.27,9814652.38],[764537.55,9814665.21],[764540.47,9814665.94],[764543.43,9814666.5],[764593.48,9814674.7]]]}},{"type":"Feature","properties":{"Layer":"EJE PROYECTADO"},"geometry":{"type":"MultiLineString","coordinates":[[[765170.84,9814045.94],[765190.49,9814056.14]]]}},{"type":"Feature","properties":{"Layer":"LOCAL TIPO III"},"geometry":{"type":"MultiLineString","coordinates":[[[765100.59,9814009.49],[765170.84,9814045.94]]]}},{"type":"Feature","properties":{"Layer":"LOCAL TIPO I"},"geometry":{"type":"MultiLineString","coordinates":[[[764955.32,9813863.13],[764917.44,9813748.2],[764872.97,9813619.63]]]}},{"type":"Feature","properties":{"Layer":"LOCAL TIPO III"},"geometry":{"type":"MultiLineString","coordinates":[[[765101.44,9813520.83],[765155.48,9813487.59],[765221.69,9813443.92],[765227.76,9813440.16],[765234.04,9813436.75],[765240.5,9813433.71],[765247.12,9813431.04],[765253.89,9813428.76],[765269.36,9813424.03],[765274.43,9813422.28],[765279.36,9813420.2],[765284.14,9813417.78],[765288.74,9813415.04],[765360.22,9813369.08],[765363.07,9813367.16],[765365.83,9813365.11],[765446.21,9813302.8]]]}},{"type":"Feature","properties":{"Layer":"PASAJE O UNIDIRECCIONAL"},"geometry":{"type":"MultiLineString","coordinates":[[[764853.16,9813490.59],[764833.62,9813438.96],[764829.62,9813429.16],[764815.01,9813395.98],[764810.55,9813386.52],[764797.3,9813360.26],[764796.24,9813358.47],[764794.94,9813356.85],[764794.21,9813356.11],[764792.61,9813354.79],[764790.84,9813353.71],[764788.94,9813352.88],[764771.65,9813346.72],[764769.91,9813346.04],[764768.22,9813345.26],[764766.59,9813344.37],[764765.01,9813343.38],[764763.49,9813342.3],[764762.05,9813341.12],[764748.93,9813329.79],[764735.91,9813320.55]]]}},{"type":"Feature","properties":{"Layer":"LOCAL TIPO III"},"geometry":{"type":"MultiLineString","coordinates":[[[765063.5,9813709.24],[764915.19,9813741.7]]]}},{"type":"Feature","properties":{"Layer":"LOCAL TIPO I"},"geometry":{"type":"MultiLineString","coordinates":[[[764981.67,9813556.06],[765048.79,9813680.2],[765085.05,9813748.34],[765088.94,9813757.05],[765092.41,9813765.93],[765106.4,9813804.38],[765107.57,9813807.97],[765108.49,9813811.62],[765109.16,9813815.33],[765109.57,9813819.07],[765109.72,9813822.84],[765109.82,9813837.84]]]}},{"type":"Feature","properties":{"Layer":"PASAJE O UNIDIRECCIONAL"},"geometry":{"type":"MultiLineString","coordinates":[[[764567.32,9813191.6],[764665.36,9813186.23]]]}},{"type":"Feature","properties":{"Layer":"PASAJE O UNIDIRECCIONAL"},"geometry":{"type":"MultiLineString","coordinates":[[[765124.24,9813836.43],[765127.55,9813830.42],[765128.82,9813827.95],[765129.93,9813825.41],[765130.88,9813822.8],[765131.68,9813820.14],[765132.31,9813817.43],[765132.77,9813814.69],[765133.07,9813811.93],[765135.39,9813781.87],[765138.72,9813761.25],[765139.1,9813758.33],[765139.29,9813755.38],[765139.28,9813752.43],[765138.17,9813721.12],[765137.85,9813718.49],[765137.38,9813715.88],[765132.57,9813693.15],[765132.09,9813690.52],[765131.77,9813687.86],[765131.61,9813685.19],[765131.34,9813675.91],[765131.53,9813673.98],[765131.96,9813672.1],[765132.27,9813671.18],[765133.05,9813669.42],[765134.05,9813667.77],[765142.8,9813656.82],[765144.07,9813655.57],[765145.48,9813654.48],[765159.01,9813645.22]]]}},{"type":"Feature","properties":{"Layer":"LOCAL TIPO I"},"geometry":{"type":"MultiLineString","coordinates":[[[764575.41,9813229.9],[764663.58,9813233.12],[764671.27,9813233.25],[764678.97,9813233.09],[764752.93,9813230.09]]]}},{"type":"Feature","properties":{"Layer":"LOCAL TIPO IV"},"geometry":{"type":"MultiLineString","coordinates":[[[764304.41,9813353.75],[764385.87,9813459.87]]]}},{"type":"Feature","properties":{"Layer":"LOCAL TIPO IV"},"geometry":{"type":"MultiLineString","coordinates":[[[764164.83,9813574.88],[764220.71,9813540.24],[764227.19,9813536.39],[764233.82,9813532.78],[764274.58,9813511.6],[764281.15,9813508.33],[764287.84,9813505.31],[764352.71,9813477.43],[764363.41,9813472.45],[764373.79,9813466.86],[764402.81,9813450.08],[764412.6,9813444.05],[764422.03,9813437.46],[764431.06,9813430.34],[764436.4,9813425.87],[764443.91,9813419.17],[764450.97,9813412],[764457.55,9813404.39],[764463.63,9813396.38],[764469.18,9813387.99],[764474.18,9813379.26],[764478.75,9813370.65],[764481.05,9813366.61],[764483.59,9813362.72],[764486.37,9813358.99],[764489.36,9813355.43],[764492.57,9813352.06],[764527.15,9813317.86]]]}},{"type":"Feature","properties":{"Layer":"LOCAL TIPO I"},"geometry":{"type":"MultiLineString","coordinates":[[[764976.15,9814283.79],[765050.72,9814121.53]]]}},{"type":"Feature","properties":{"Layer":"LOCAL TIPO I"},"geometry":{"type":"MultiLineString","coordinates":[[[764763.29,9814126.61],[765064.81,9814275.28]]]}},{"type":"Feature","properties":{"Layer":"LOCAL TIPO III"},"geometry":{"type":"MultiLineString","coordinates":[[[765170.65,9814183.54],[765238.94,9814218.86]]]}},{"type":"Feature","properties":{"Layer":"LOCAL TIPO I"},"geometry":{"type":"MultiLineString","coordinates":[[[765016.22,9814196.66],[764876.65,9814125.35]]]}},{"type":"Feature","properties":{"Layer":"LOCAL TIPO IV"},"geometry":{"type":"MultiLineString","coordinates":[[[764428.61,9814672.44],[764453.54,9814636.18]]]}},{"type":"Feature","properties":{"Layer":"LOCAL TIPO II"},"geometry":{"type":"MultiLineString","coordinates":[[[764007.33,9815258.24],[764009.26,9815254.26],[764015.28,9815242.97]]]}},{"type":"Feature","properties":{"Layer":"LOCAL TIPO II"},"geometry":{"type":"MultiLineString","coordinates":[[[763931.42,9815564.58],[763949.25,9815513.05],[763952.57,9815502.53],[763955.31,9815491.84],[763967.21,9815439.3],[763968.47,9815433.32],[763973.28,9815408.63],[763974.97,9815398.61],[763976.15,9815388.52],[763976.81,9815378.37],[763978.31,9815340.75],[763978.91,9815332.65],[763980.06,9815324.61],[763981.76,9815316.67],[763983.99,9815308.87],[763986.75,9815301.23],[763990.02,9815293.8],[764005.1,9815262.49],[764007.18,9815258.38],[764026.47,9815222.01],[764030,9815215.8],[764033.9,9815209.82],[764038.15,9815204.08],[764047.08,9815192.75],[764049.54,9815189.85],[764052.2,9815187.12],[764055.03,9815184.58],[764058.04,9815182.25],[764061.2,9815180.13],[764125.35,9815140.27]]]}},{"type":"Feature","properties":{"Layer":"PASAJE O UNIDIRECCIONAL"},"geometry":{"type":"MultiLineString","coordinates":[[[764081.5,9814963.11],[764030.63,9814923.9]]]}},{"type":"Feature","properties":{"Layer":"LOCAL TIPO III"},"geometry":{"type":"MultiLineString","coordinates":[[[764050.01,9815026.88],[763989.95,9814974.63]]]}},{"type":"Feature","properties":{"Layer":"PASAJE O UNIDIRECCIONAL"},"geometry":{"type":"MultiLineString","coordinates":[[[764103.97,9815029.48],[764073.22,9815065.17]]]}},{"type":"Feature","properties":{"Layer":"LOCAL TIPO I"},"geometry":{"type":"MultiLineString","coordinates":[[[763949.61,9815022.93],[763989.66,9814973.71]]]}},{"type":"Feature","properties":{"Layer":"LOCAL TIPO I"},"geometry":{"type":"MultiLineString","coordinates":[[[764043.29,9814908.53],[763989.62,9814973.66]]]}},{"type":"Feature","properties":{"Layer":"PASAJE O UNIDIRECCIONAL"},"geometry":{"type":"MultiLineString","coordinates":[[[763981.1,9815319.43],[764033.09,9815321.66],[764035.76,9815321.86],[764038.41,9815322.24],[764041.03,9815322.8],[764043.61,9815323.53],[764046.13,9815324.44],[764048.58,9815325.51],[764050.96,9815326.74],[764053.25,9815328.12],[764055.44,9815329.66],[764057.52,9815331.34],[764059.49,9815333.16],[764061.33,9815335.1],[764063.04,9815337.16],[764064.6,9815339.34],[764066.02,9815341.61],[764067.28,9815343.97],[764068.38,9815346.41],[764073.47,9815358.79]]]}},{"type":"Feature","properties":{"Layer":"PASAJE O UNIDIRECCIONAL"},"geometry":{"type":"MultiLineString","coordinates":[[[764010.74,9815027.34],[764034.94,9815042.69]]]}},{"type":"Feature","properties":{"Layer":"LOCAL TIPO III"},"geometry":{"type":"MultiLineString","coordinates":[[[765108.87,9814720.69],[765282.57,9814381.54]]]}},{"type":"Feature","properties":{"Layer":"LOCAL TIPO III"},"geometry":{"type":"MultiLineString","coordinates":[[[765288.05,9814370.85],[765505.86,9813946.71]]]}},{"type":"Feature","properties":{"Layer":"PASAJE O UNIDIRECCIONAL"},"geometry":{"type":"MultiLineString","coordinates":[[[763762.08,9815557.93],[763775,9815513.09],[763775.65,9815510.11],[763775.84,9815508.59],[763775.93,9815505.55],[763775.63,9815502.51],[763774.96,9815499.54],[763772.41,9815490.87]]]}},{"type":"Feature","properties":{"Layer":"PASAJE O UNIDIRECCIONAL"},"geometry":{"type":"MultiLineString","coordinates":[[[763660.78,9815462.5],[763683.68,9815481.91],[763750.84,9815538.07],[763752.29,9815539.2],[763753.8,9815540.25],[763755.37,9815541.21],[763765.44,9815546.32]]]}},{"type":"Feature","properties":{"Layer":"PASAJE O UNIDIRECCIONAL"},"geometry":{"type":"MultiLineString","coordinates":[[[764073.47,9815358.79],[764074.7,9815361.41]]]}},{"type":"Feature","properties":{"Layer":"LOCAL TIPO III"},"geometry":{"type":"MultiLineString","coordinates":[[[765273.87,9813833.87],[765221.06,9813835.03]]]}},{"type":"Feature","properties":{"Layer":"LOCAL TIPO III"},"geometry":{"type":"MultiLineString","coordinates":[[[765329.16,9813835.89],[765273.87,9813833.87]]]}},{"type":"Feature","properties":{"Layer":"LOCAL TIPO III"},"geometry":{"type":"MultiLineString","coordinates":[[[765384.13,9813839.86],[765329.16,9813835.89]]]}},{"type":"Feature","properties":{"Layer":"LOCAL TIPO III"},"geometry":{"type":"MultiLineString","coordinates":[[[765450.76,9813689.88],[765450.78,9813684.92],[765450.91,9813680.6],[765451.29,9813676.3],[765457.11,9813626.26]]]}},{"type":"Feature","properties":{"Layer":"LOCAL TIPO III"},"geometry":{"type":"MultiLineString","coordinates":[[[765384.13,9813839.86],[765388.29,9813840.16],[765425.18,9813786.8],[765430.15,9813779.07],[765434.6,9813771.04],[765438.52,9813762.73],[765441.88,9813754.18],[765444.67,9813745.43],[765446.88,9813736.52],[765449.04,9813726.4],[765449.97,9813721.21],[765450.52,9813715.96],[765450.72,9813710.69],[765450.76,9813689.88]]]}},{"type":"Feature","properties":{"Layer":"LOCAL TIPO III"},"geometry":{"type":"MultiLineString","coordinates":[[[764964.43,9814661.31],[765086.32,9814633.91]]]}},{"type":"Feature","properties":{"Layer":"LOCAL TIPO III"},"geometry":{"type":"MultiLineString","coordinates":[[[765059.26,9814525.16],[764938,9814554.57]]]}},{"type":"Feature","properties":{"Layer":"LOCAL TIPO II"},"geometry":{"type":"MultiLineString","coordinates":[[[763460.97,9815859.57],[763307.94,9815690.22]]]}},{"type":"Feature","properties":{"Layer":"LOCAL TIPO IV"},"geometry":{"type":"MultiLineString","coordinates":[[[763205.48,9816037.02],[763260.18,9815975.37]]]}},{"type":"Feature","properties":{"Layer":"LOCAL TIPO IV"},"geometry":{"type":"MultiLineString","coordinates":[[[763281.52,9815993.65],[763242.34,9815960.45]]]}},{"type":"Feature","properties":{"Layer":"LOCAL TIPO III"},"geometry":{"type":"MultiLineString","coordinates":[[[763221.63,9815944.99],[763305.15,9815870.05],[763313.96,9815861.64],[763386.65,9815787.95],[763392.02,9815782.3],[763397.15,9815776.44],[763476.37,9815682.52],[763479.87,9815678.24],[763596.76,9815531.61]]]}},{"type":"Feature","properties":{"Layer":"LOCAL TIPO IV"},"geometry":{"type":"MultiLineString","coordinates":[[[763386.11,9815949.95],[763311.68,9815868.88],[763307.75,9815864.47],[763240.03,9815786.19]]]}},{"type":"Feature","properties":{"Layer":"LOCAL TIPO IV"},"geometry":{"type":"MultiLineString","coordinates":[[[763325.34,9815987.7],[763195.22,9815849.1]]]}},{"type":"Feature","properties":{"Layer":"PASAJE O UNIDIRECCIONAL"},"geometry":{"type":"MultiLineString","coordinates":[[[763325.34,9815987.7],[763331.88,9815982.23],[763336.75,9815978.42],[763341.85,9815974.91],[763347.15,9815971.72],[763352.64,9815968.87],[763358.29,9815966.37],[763377.27,9815958.64]]]}},{"type":"Feature","properties":{"Layer":"LOCAL TIPO III"},"geometry":{"type":"MultiLineString","coordinates":[[[763377.27,9815958.64],[763386.11,9815949.95],[763390.09,9815945.83],[763393.86,9815941.5],[763397.39,9815936.99],[763440.81,9815878.27],[763443.17,9815875.25],[763445.71,9815872.38],[763448.4,9815869.65],[763451.25,9815867.08],[763454.23,9815864.68],[763464.39,9815856.98],[763467.09,9815854.82],[763502.25,9815825.19],[763505.74,9815822.44],[763509.41,9815819.92],[763549.67,9815794.23],[763553.02,9815791.95],[763556.23,9815789.47],[763559.28,9815786.81],[763562.16,9815783.96],[763564.87,9815780.94],[763567.39,9815777.77],[763580.06,9815760.78],[763582.88,9815757.26],[763585.93,9815753.93],[763589.2,9815750.81],[763592.67,9815747.92],[763618.08,9815728.16]]]}},{"type":"Feature","properties":{"Layer":"PASAJE O UNIDIRECCIONAL"},"geometry":{"type":"MultiLineString","coordinates":[[[763444.21,9816014.53],[763421.87,9815999.57],[763413.92,9815993.93],[763406.28,9815987.88],[763399.55,9815982.25],[763396.63,9815979.68],[763393.83,9815976.97],[763391.16,9815974.13],[763377.27,9815958.64]]]}},{"type":"Feature","properties":{"Layer":"LOCAL TIPO IV"},"geometry":{"type":"MultiLineString","coordinates":[[[763450.77,9816158.28],[763433.82,9816084.14],[763432.66,9816078.15],[763431.9,9816072.11],[763431.55,9816066.02],[763431.61,9816059.93],[763432.07,9816053.85],[763432.94,9816047.82],[763434.2,9816041.85],[763435.87,9816035.99],[763437.92,9816030.25],[763440.35,9816024.66],[763453.81,9815996.34],[763456.01,9815991.28],[763457.87,9815986.08],[763459.36,9815980.76],[763460.5,9815975.36],[763461.26,9815969.89],[763461.66,9815964.39],[763464.03,9815901.48],[763464.07,9815896.33],[763463.77,9815891.18],[763463.15,9815886.06],[763462.21,9815881],[763460.96,9815876],[763459.39,9815871.09],[763456.5,9815862.96]]]}},{"type":"Feature","properties":{"Layer":"LOCAL TIPO III"},"geometry":{"type":"MultiLineString","coordinates":[[[763452.12,9816159.26],[763502.77,9816111.18],[763508.01,9816106.01],[763556.78,9816056.15],[763557.87,9816054.95],[763558.88,9816053.7],[763559.81,9816052.37],[763560.65,9816050.99],[763561.4,9816049.56],[763562.06,9816048.09],[763562.62,9816046.57],[763563.08,9816045.02],[763563.44,9816043.44],[763577.65,9815970.48],[763577.82,9815969.14],[763577.73,9815967.11],[763577.44,9815965.79],[763576.98,9815964.52],[763575.97,9815962.76],[763574.64,9815961.24],[763463.22,9815857.86]]]}},{"type":"Feature","properties":{"Layer":"LOCAL TIPO II"},"geometry":{"type":"MultiLineString","coordinates":[[[763504.19,9815823.61],[763535.01,9815843.58],[763545.25,9815850.68],[763613.76,9815901.4],[763618.38,9815904.6],[763623.2,9815907.51],[763628.18,9815910.12],[763633.32,9815912.4],[763638.6,9815914.36],[763643.98,9815915.99],[763649.46,9815917.28],[763655,9815918.22],[763710.4,9815925.87],[763716.95,9815926.97],[763723.42,9815928.47],[763729.78,9815930.36],[763736.02,9815932.63],[763742.11,9815935.27],[763748.03,9815938.28],[763781.46,9815956.54]]]}},{"type":"Feature","properties":{"Layer":"LOCAL TIPO I"},"geometry":{"type":"MultiLineString","coordinates":[[[763376.32,9816553.57],[763464.63,9816461.57],[763466.06,9816459.97],[763467.39,9816458.27],[763468.6,9816456.49],[763469.69,9816454.63],[763470.65,9816452.7],[763471.48,9816450.71],[763472.17,9816448.67],[763472.72,9816446.59],[763473.14,9816444.48],[763473.41,9816442.34],[763473.53,9816440.19],[763473.51,9816438.03],[763473.35,9816435.88],[763457.01,9816288.55]]]}},{"type":"Feature","properties":{"Layer":"PASAJE O UNIDIRECCIONAL"},"geometry":{"type":"MultiLineString","coordinates":[[[763473.22,9816443.89],[763516.63,9816586.8],[763518.69,9816593.18],[763544.1,9816667.74],[763561.39,9816678.03],[763563.86,9816679.27],[763565.15,9816679.77],[763567.82,9816680.48],[763570.57,9816680.81],[763573.33,9816680.77],[763576.06,9816680.34],[763578.71,9816679.54],[763579.99,9816679],[763582.41,9816677.68],[763584.63,9816676.02],[763629.41,9816631.98],[763634.68,9816626.56],[763639.7,9816620.93],[763665.05,9816591.23],[763671.73,9816582.93],[763677.9,9816574.24],[763683.55,9816565.2],[763688.65,9816555.84],[763693.19,9816546.2],[763708.05,9816512.05],[763712.94,9816501.75],[763718.48,9816491.8],[763724.67,9816482.22],[763731.46,9816473.07],[763778.27,9816414.1]]]}},{"type":"Feature","properties":{"Layer":"LOCAL TIPO III"},"geometry":{"type":"MultiLineString","coordinates":[[[763809.27,9816825.04],[763852.17,9816765.22],[763860.27,9816754.68],[763956.44,9816637.81],[763964.19,9816628.94],[763988.5,9816602.71]]]}},{"type":"Feature","properties":{"Layer":"LOCAL TIPO III"},"geometry":{"type":"MultiLineString","coordinates":[[[763998.24,9816595.34],[764064.85,9816526.81]]]}},{"type":"Feature","properties":{"Layer":"LOCAL TIPO II"},"geometry":{"type":"MultiLineString","coordinates":[[[763694.99,9816766.82],[763722.66,9816724.24],[763725.74,9816719.35],[763758.53,9816665.56],[763765.01,9816655.64],[763772.1,9816646.14],[763779.77,9816637.1],[763787.99,9816628.55],[763845.25,9816573.41],[763851.97,9816567.25],[763858.97,9816561.43],[763873.08,9816550.25]]]}},{"type":"Feature","properties":{"Layer":"LOCAL TIPO III"},"geometry":{"type":"MultiLineString","coordinates":[[[764107,9816613.69],[764086.41,9816580.75],[764082.02,9816573.26],[764078.07,9816565.53],[764074.58,9816557.58],[764071.56,9816549.44],[764069,9816541.14],[764044.17,9816451.15]]]}},{"type":"Feature","properties":{"Layer":"PASAJE O UNIDIRECCIONAL"},"geometry":{"type":"MultiLineString","coordinates":[[[763681.2,9816320.52],[763764.95,9816227.55]]]}},{"type":"Feature","properties":{"Layer":"LOCAL TIPO III"},"geometry":{"type":"MultiLineString","coordinates":[[[763664.94,9816204.21],[763688.1,9816191.99],[763689.9,9816191.12],[763691.75,9816190.38],[763693.65,9816189.76],[763695.58,9816189.28],[763697.55,9816188.94],[763699.53,9816188.73],[763701.52,9816188.66],[763703.51,9816188.73],[763705.5,9816188.94],[763707.46,9816189.28],[763709.4,9816189.76],[763711.3,9816190.37],[763713.15,9816191.11],[763714.94,9816191.98],[763716.67,9816192.97],[763718.33,9816194.08],[763719.91,9816195.3],[763751.87,9816221.89],[763753.23,9816222.94],[763754.65,9816223.9],[763756.13,9816224.76],[763757.67,9816225.52],[763759.26,9816226.17],[763760.89,9816226.72],[763762.55,9816227.15],[763764.23,9816227.47],[763765.94,9816227.68],[763767.65,9816227.77],[763769.36,9816227.74],[763771.07,9816227.6],[763772.77,9816227.35],[763774.45,9816226.98],[763776.09,9816226.5],[763807.82,9816216.06],[763809.33,9816215.51],[763810.8,9816214.86],[763812.22,9816214.13],[763813.6,9816213.3],[763814.92,9816212.4],[763816.19,9816211.41],[763842.76,9816189.18],[763844.11,9816188.13],[763845.53,9816187.17],[763847,9816186.32],[763848.54,9816185.56],[763850.12,9816184.91],[763851.74,9816184.38],[763853.4,9816183.95],[763855.08,9816183.64],[763856.77,9816183.44],[763858.48,9816183.36],[763860.19,9816183.4],[763861.89,9816183.55],[763863.58,9816183.82],[763865.24,9816184.2],[763866.88,9816184.7],[763868.48,9816185.31],[763870.03,9816186.02],[763871.53,9816186.84],[763872.97,9816187.76],[763874.34,9816188.78],[763875.64,9816189.88],[763896.31,9816208.72],[763898.58,9816210.66],[763900.97,9816212.44],[763903.48,9816214.06],[763906.09,9816215.51],[763908.79,9816216.78],[763911.57,9816217.88],[763914.41,9816218.78],[763917.31,9816219.49],[763920.25,9816220.02],[763923.22,9816220.34],[763926.2,9816220.47],[763929.18,9816220.4],[763932.15,9816220.13],[763935.1,9816219.66],[763938.01,9816219.01],[763940.87,9816218.15],[763979.72,9816205.19],[763981.44,9816204.55],[763983.11,9816203.79],[763984.73,9816202.93],[763986.28,9816201.95],[763987.77,9816200.87],[763989.17,9816199.7],[763990.5,9816198.43],[763991.73,9816197.07],[763992.88,9816195.63],[763993.92,9816194.12],[763994.85,9816192.54],[763995.68,9816190.9],[763996.39,9816189.21],[763996.99,9816187.47],[763997.46,9816185.7],[763997.82,9816183.9],[763998.05,9816182.08],[763998.16,9816180.25],[763998.14,9816178.41],[763998,9816176.58],[763997.73,9816174.77],[763997.35,9816172.97],[763996.09,9816168.01]]]}},{"type":"Feature","properties":{"Layer":"LOCAL TIPO II"},"geometry":{"type":"MultiLineString","coordinates":[[[763725.34,9816344.74],[763728.02,9816345.07],[763729.78,9816345.45],[763731.5,9816345.95],[763733.19,9816346.57],[763734.83,9816347.3],[763736.41,9816348.15],[763737.94,9816349.1],[763739.39,9816350.16],[763740.77,9816351.31],[763770.48,9816378.01],[763773.02,9816380.14],[763775.69,9816382.08],[763778.49,9816383.83],[763781.41,9816385.39],[763784.42,9816386.75],[763787.52,9816387.89],[763790.7,9816388.82],[763793.92,9816389.52],[763797.19,9816390.01],[763800.49,9816390.26],[763803.8,9816390.29],[763807.1,9816390.09],[763810.37,9816389.67],[763813.61,9816389.02],[763816.8,9816388.15],[763819.92,9816387.06],[763822.96,9816385.76],[763825.91,9816384.25],[763834.04,9816379.72],[763836.84,9816378.29],[763839.72,9816377.06],[763842.69,9816376.04],[763845.72,9816375.22],[763848.8,9816374.61],[763851.91,9816374.22],[763855.04,9816374.05],[763858.18,9816374.1],[763947.5,9816378.59],[763953.15,9816378.71],[763958.8,9816378.52],[763964.43,9816378],[763970.02,9816377.17],[763975.56,9816376.02],[764011.19,9816367.58],[764018.5,9816366.11],[764025.89,9816365.14],[764033.34,9816364.67],[764070.79,9816363.58],[764072.49,9816363.48],[764074.17,9816363.25],[764075.84,9816362.92],[764077.48,9816362.47],[764079.08,9816361.91],[764080.65,9816361.24],[764082.16,9816360.47],[764083.62,9816359.6],[764085.02,9816358.63],[764086.34,9816357.56],[764087.6,9816356.41],[764088.77,9816355.18],[764089.85,9816353.87],[764090.84,9816352.49],[764091.74,9816351.05],[764092.54,9816349.54],[764093.23,9816347.99],[764093.81,9816346.4],[764094.29,9816344.76],[764094.65,9816343.1],[764096.01,9816335.71],[764096.55,9816333.2],[764097.25,9816330.74],[764098.11,9816328.32],[764099.12,9816325.97],[764100.28,9816323.68],[764101.59,9816321.47],[764103.03,9816319.36],[764115.04,9816302.88],[764117.07,9816300.27],[764119.26,9816297.78],[764121.59,9816295.43],[764124.05,9816293.22],[764126.64,9816291.17],[764170.56,9816258.48],[764172.6,9816257.07],[764174.73,9816255.8],[764176.94,9816254.68],[764179.23,9816253.72],[764181.58,9816252.91],[764183.97,9816252.27],[764237.72,9816239.9],[764240.65,9816239.16],[764243.54,9816238.31],[764275.73,9816228.11],[764279.78,9816226.69],[764283.74,9816225.02],[764287.59,9816223.11],[764291.31,9816220.97],[764301.27,9816214.83],[764303.86,9816213.11],[764306.33,9816211.21],[764308.66,9816209.14],[764310.84,9816206.92],[764312.86,9816204.56],[764314.71,9816202.06],[764321.79,9816191.78],[764323.5,9816189.47],[764325.36,9816187.28],[764327.36,9816185.22],[764329.49,9816183.29],[764331.75,9816181.51],[764334.12,9816179.89],[764367.24,9816158.82]]]}},{"type":"Feature","properties":{"Layer":"LOCAL TIPO II"},"geometry":{"type":"MultiLineString","coordinates":[[[764379.66,9816151.13],[764440.01,9816118.24],[764442.63,9816116.7],[764445.14,9816114.98],[764447.52,9816113.1],[764508.16,9816061.84]]]}},{"type":"Feature","properties":{"Layer":"LOCAL TIPO IV"},"geometry":{"type":"MultiLineString","coordinates":[[[764088.7,9816454.44],[764091.57,9816351.34]]]}},{"type":"Feature","properties":{"Layer":"LOCAL TIPO IV"},"geometry":{"type":"MultiLineString","coordinates":[[[764156.4,9816455.52],[764147.09,9816446.1],[764138.74,9816436.48],[764131.03,9816426.35],[764123.98,9816415.75],[764086.52,9816355.37]]]}},{"type":"Feature","properties":{"Layer":"LOCAL TIPO III"},"geometry":{"type":"MultiLineString","coordinates":[[[764089.62,9816428.16],[764105.93,9816415.47],[764113.72,9816409.7],[764121.78,9816404.32],[764130.09,9816399.33],[764323.66,9816289.5],[764330.85,9816285.22],[764407.73,9816237.24]]]}},{"type":"Feature","properties":{"Layer":"LOCAL TIPO III"},"geometry":{"type":"MultiLineString","coordinates":[[[764417.68,9816230.62],[764518.78,9816156.14]]]}},{"type":"Feature","properties":{"Layer":"LOCAL TIPO II"},"geometry":{"type":"MultiLineString","coordinates":[[[764143.69,9816442.33],[764159.35,9816434.86],[764163.85,9816432.8],[764186.12,9816423.05],[764189.38,9816421.51],[764192.54,9816419.8],[764209.29,9816410.13],[764211.87,9816408.71],[764214.5,9816407.41],[764263.88,9816384.19],[764267.93,9816382.44],[764272.09,9816380.95],[764276.33,9816379.72],[764280.64,9816378.76],[764285,9816378.08],[764325.71,9816373.01],[764329.98,9816372.34],[764334.2,9816371.41],[764338.36,9816370.23],[764342.43,9816368.78],[764370.12,9816358.01],[764373.43,9816356.62],[764376.68,9816355.06],[764429.86,9816327.78],[764434.9,9816325.4],[764440.08,9816323.36],[764445.38,9816321.66],[764450.78,9816320.31],[764462.78,9816317.67]]]}},{"type":"Feature","properties":{"Layer":"LOCAL TIPO II"},"geometry":{"type":"MultiLineString","coordinates":[[[764476.57,9816311.78],[764532.47,9816278.27]]]}},{"type":"Feature","properties":{"Layer":"LOCAL TIPO IV"},"geometry":{"type":"MultiLineString","coordinates":[[[764177.63,9816254.37],[764142.15,9816186.31],[764141.77,9816185.35],[764141.59,9816184.33],[764141.63,9816183.3],[764142.01,9816181.97],[764142.53,9816181.08],[764142.97,9816180.55],[764143.76,9816179.88],[764144.35,9816179.53],[764174.64,9816164.47],[764178.01,9816162.64],[764181.24,9816160.58],[764184.32,9816158.31],[764187.24,9816155.82],[764189.98,9816153.14],[764192.52,9816150.28],[764194.86,9816147.24],[764196.98,9816144.05],[764227.67,9816094.18],[764230.48,9816089.94],[764233.58,9816085.9],[764236.94,9816082.07],[764240.55,9816078.49],[764272.75,9816048.64]]]}},{"type":"Feature","properties":{"Layer":"LOCAL TIPO IV"},"geometry":{"type":"MultiLineString","coordinates":[[[764281.56,9816040.48],[764328.54,9815996.91],[764329.89,9815995.54],[764393.61,9815915.88],[764394.86,9815914.11],[764415.1,9815877.73],[764416.17,9815875.48],[764477.46,9815721.51],[764478.57,9815719.47],[764534.16,9815630.43],[764535.78,9815628.46],[764536.68,9815627.56],[764538.65,9815625.95],[764606.61,9815577.53]]]}},{"type":"Feature","properties":{"Layer":"LOCAL TIPO III"},"geometry":{"type":"MultiLineString","coordinates":[[[763857.38,9815872.77],[763890.33,9815865.8],[763895.3,9815864.93],[763900.31,9815864.39],[763905.35,9815864.19],[763910.39,9815864.33],[763915.41,9815864.81],[763920.39,9815865.62],[763925.3,9815866.77],[763950.56,9815873.57],[763955.66,9815875.13],[763960.65,9815877.01],[763965.5,9815879.22],[763970.2,9815881.74],[763974.72,9815884.56],[763979.05,9815887.67],[764007.4,9815909.49],[764011.88,9815912.7],[764016.57,9815915.6],[764021.44,9815918.18],[764026.48,9815920.42],[764091.47,9815946.72],[764093.45,9815947.23],[764094.47,9815947.38],[764096.51,9815947.47],[764098.55,9815947.27],[764099.56,9815947.08],[764101.52,9815946.47],[764103.37,9815945.61],[764104.25,9815945.09],[764105.1,9815944.5],[764106.65,9815943.17],[764108.01,9815941.64],[764131.05,9815911.8],[764133.36,9815908.62],[764135.47,9815905.31],[764137.38,9815901.87],[764139.07,9815898.32],[764140.55,9815894.68],[764141.81,9815890.95],[764142.83,9815887.16],[764156.53,9815829.75],[764156.94,9815827.78],[764157.22,9815825.8],[764157.39,9815823.8],[764157.44,9815821.79],[764156.76,9815810.84],[764156.63,9815807.06],[764156.77,9815803.27],[764157.16,9815799.5],[764157.82,9815795.77],[764158.73,9815792.09],[764159.89,9815788.49],[764161.29,9815784.97],[764162.94,9815781.56],[764167.54,9815772.8],[764169.94,9815767.83],[764172.03,9815762.71],[764173.77,9815757.46],[764175.17,9815752.12],[764176.22,9815746.69],[764181.04,9815716.48],[764181.89,9815712.09],[764183.01,9815707.77],[764184.41,9815703.52],[764186.08,9815699.38],[764188,9815695.34],[764190.18,9815691.44],[764233.49,9815619.46]]]}},{"type":"Feature","properties":{"Layer":"LOCAL TIPO II"},"geometry":{"type":"MultiLineString","coordinates":[[[763919.73,9816529.16],[763922.62,9816527.17],[763925.38,9816524.98],[763975.86,9816482.1],[763980.26,9816478.58],[763984.87,9816475.32],[763989.66,9816472.35],[763994.61,9816469.67],[764015.02,9816459.38],[764018.13,9816457.94],[764021.32,9816456.71],[764026.05,9816455.06],[764030.78,9816453.58],[764035.59,9816452.42],[764040.47,9816451.57],[764045.4,9816451.05],[764050.34,9816450.86],[764055.29,9816450.99],[764073.17,9816452.07],[764075.87,9816452.31],[764078.55,9816452.69],[764117.09,9816459.31],[764121.89,9816459.97],[764126.72,9816460.33],[764131.56,9816460.37],[764136.4,9816460.1],[764141.21,9816459.51],[764145.97,9816458.62],[764150.67,9816457.42],[764155.27,9816455.92],[764182.68,9816446.02],[764187.69,9816444.38],[764192.78,9816443.05],[764197.95,9816442.04],[764203.18,9816441.34],[764208.43,9816440.97],[764213.7,9816440.92],[764218.96,9816441.19],[764224.2,9816441.78],[764263.78,9816447.49],[764273.94,9816448.61],[764284.15,9816449.03],[764317.97,9816449.26]]]}},{"type":"Feature","properties":{"Layer":"VIA LOCAL TIPO I"},"geometry":{"type":"MultiLineString","coordinates":[[[763404.32,9816908.33],[763450.29,9816828.91],[763530.45,9816694.84]]]}},{"type":"Feature","properties":{"Layer":"VIA LOCAL TIPO IV"},"geometry":{"type":"MultiLineString","coordinates":[[[763011.68,9816796.14],[762997.77,9816825.49]]]}},{"type":"Feature","properties":{"Layer":"VIA LOCAL TIPO III"},"geometry":{"type":"MultiLineString","coordinates":[[[763044.2,9816716.62],[763071.89,9816654.53],[763074.85,9816648.33],[763078.14,9816642.3],[763081.74,9816636.45],[763085.64,9816630.8],[763095.71,9816616.99]]]}},{"type":"Feature","properties":{"Layer":"VIA LOCAL TIPO III"},"geometry":{"type":"MultiLineString","coordinates":[[[763165.21,9816676.21],[763144.14,9816710.86],[763139.05,9816719.73],[763067.71,9816851.75]]]}},{"type":"Feature","properties":{"Layer":"VIA LOCAL TIPO II"},"geometry":{"type":"MultiLineString","coordinates":[[[763196.19,9816702.6],[763167.05,9816755.54]]]}},{"type":"Feature","properties":{"Layer":"VIA LOCAL TIPO I"},"geometry":{"type":"MultiLineString","coordinates":[[[763355.35,9816778.39],[763449.52,9816830.2]]]}},{"type":"Feature","properties":{"Layer":"VIA LOCAL TIPO IV"},"geometry":{"type":"MultiLineString","coordinates":[[[763580.73,9816914.21],[763572.17,9816865.93],[763570.3,9816852.92],[763569.3,9816839.81],[763567.79,9816805.54]]]}},{"type":"Feature","properties":{"Layer":"VIA LOCAL TIPO IV"},"geometry":{"type":"MultiLineString","coordinates":[[[763578.08,9816719.79],[763575.85,9816727.54],[763575.52,9816729.06],[763575.44,9816729.83],[763575.43,9816731.39],[763575.64,9816732.93],[763576.05,9816734.43],[763576.33,9816735.15],[763577.04,9816736.53],[763581.84,9816744.44],[763583.03,9816746.53],[763584.11,9816748.69],[763585.08,9816750.9],[763585.92,9816753.16],[763638.81,9816907.36]]]}},{"type":"Feature","properties":{"Layer":"VIA LOCAL TIPO III"},"geometry":{"type":"MultiLineString","coordinates":[[[763665.47,9816769.7],[763649.33,9816803.14],[763649.13,9816803.93],[763649.13,9816804.54],[763649.32,9816805.34],[763649.6,9816805.89],[763650.13,9816806.51],[763738,9816883.85]]]}},{"type":"Feature","properties":{"Layer":"VIA LOCAL TIPO III"},"geometry":{"type":"MultiLineString","coordinates":[[[763747.52,9816893.18],[763805.05,9816963.38]]]}},{"type":"Feature","properties":{"Layer":"VIA LOCAL TIPO III"},"geometry":{"type":"MultiLineString","coordinates":[[[763154.35,9816887.09],[763109.74,9816973.83],[763104.45,9816983.45],[763086.31,9817014.42]]]}},{"type":"Feature","properties":{"Layer":"VIA LOCAL TIPO IV"},"geometry":{"type":"MultiLineString","coordinates":[[[763190.78,9816882.95],[763209.81,9816831.09],[763214.12,9816820.32],[763219.05,9816809.82],[763231.54,9816785.09],[763238.15,9816773.06],[763245.56,9816761.51],[763263.27,9816735.9],[763267.32,9816729.81],[763271.15,9816723.56],[763320.21,9816640.18],[763321.13,9816638.33],[763321.79,9816636.36],[763322.18,9816634.32],[763322.27,9816632.25],[763322.09,9816630.19],[763321.61,9816628.17],[763320.87,9816626.23],[763319.86,9816624.42],[763318.62,9816622.76],[763317.16,9816621.29],[763315.51,9816620.03],[763273.56,9816592.51]]]}},{"type":"Feature","properties":{"Layer":"VIA LOCAL TIPO III"},"geometry":{"type":"MultiLineString","coordinates":[[[763230.28,9816903.93],[763186.96,9817009.58]]]}},{"type":"Feature","properties":{"Layer":"VIA LOCAL TIPO II"},"geometry":{"type":"MultiLineString","coordinates":[[[763186.96,9817009.58],[763279.99,9817073.79],[763287.99,9817079.61],[763295.69,9817085.81],[763365.37,9817144.85]]]}},{"type":"Feature","properties":{"Layer":"VIA LOCAL TIPO II"},"geometry":{"type":"MultiLineString","coordinates":[[[763317.35,9817033.85],[763331.84,9817043.99],[763340.22,9817050.26],[763348.17,9817057.07],[763355.67,9817064.37],[763392.94,9817103.1]]]}},{"type":"Feature","properties":{"Layer":"VIA LOCAL TIPO IV"},"geometry":{"type":"MultiLineString","coordinates":[[[763392.94,9817103.1],[763438,9817139.61],[763447.69,9817146.99],[763462.61,9817157.64],[763464.22,9817158.71],[763465.89,9817159.66],[763467.62,9817160.5],[763469.41,9817161.22],[763471.23,9817161.82],[763473.1,9817162.3],[763474.99,9817162.65],[763476.9,9817162.87],[763478.83,9817162.96],[763480.75,9817162.92],[763482.67,9817162.76],[763484.57,9817162.46],[763510.79,9817157.47],[763512.61,9817157.19],[763514.45,9817157.02],[763516.3,9817156.97],[763518.14,9817157.04],[763519.98,9817157.23],[763521.8,9817157.54],[763523.6,9817157.97],[763555.3,9817166.55]]]}},{"type":"Feature","properties":{"Layer":"PASAJE O UNIDIRECCIONAL"},"geometry":{"type":"MultiLineString","coordinates":[[[763555.3,9817166.55],[763558.96,9817167.43],[763600.26,9817187.13],[763601.62,9817187.89],[763602.27,9817188.34],[763603.46,9817189.35],[763604.51,9817190.5],[763605.4,9817191.79],[763606.12,9817193.17],[763606.65,9817194.64],[763614.7,9817231.09],[763615.07,9817232.55],[763615.54,9817233.97],[763616.11,9817235.36],[763616.77,9817236.71],[763617.52,9817238],[763618.35,9817239.25],[763619.27,9817240.43],[763620.27,9817241.55],[763621.34,9817242.6],[763639.27,9817256.94],[763640.63,9817257.95],[763642.04,9817258.86],[763643.52,9817259.67],[763645.05,9817260.38],[763646.62,9817260.99],[763648.22,9817261.49],[763649.86,9817261.88],[763651.52,9817262.16],[763653.2,9817262.33],[763654.88,9817262.38],[763656.57,9817262.33],[763658.24,9817262.15],[763659.9,9817261.87],[763661.54,9817261.47],[763663.15,9817260.97],[763664.72,9817260.35],[763666.24,9817259.64],[763667.71,9817258.82],[763669.13,9817257.9],[763685.93,9817246.25],[763687.96,9817245.21],[763689.02,9817244.79],[763691.21,9817244.16],[763692.33,9817243.96],[763694.61,9817243.77],[763696.89,9817243.89],[763713.71,9817246.96],[763716.47,9817247.28],[763719.24,9817247.24],[763721.99,9817246.83],[763724.66,9817246.06],[763727.2,9817244.95],[763728.41,9817244.27],[763730.68,9817242.68],[763732.73,9817240.8],[763755.24,9817213.88],[763756.86,9817212.18],[763758.7,9817210.72],[763760.72,9817209.52],[763774.13,9817202.74]]]}},{"type":"Feature","properties":{"Layer":"VIA LOCAL TIPO III"},"geometry":{"type":"MultiLineString","coordinates":[[[763836.79,9817312.26],[763838.62,9817312.38],[763840.15,9817312.39],[763843.19,9817312.09],[763873.21,9817307.26],[763898.11,9817303.12],[763899.67,9817302.8],[763901.2,9817302.39],[763902.71,9817301.87],[763904.18,9817301.25],[763905.6,9817300.54],[763906.97,9817299.73],[763908.29,9817298.84],[763909.54,9817297.86],[763910.72,9817296.79],[763936.49,9817272.04],[763937.48,9817270.89],[763939.24,9817268.4],[763956.4,9817240.64],[763958.31,9817238.27],[763974.22,9817220.94],[763976.13,9817218.59],[763977.71,9817216.02],[763978.97,9817213.26],[763979.86,9817210.37],[763986.32,9817183.57],[763987.17,9817180.81],[763987.71,9817179.47],[763989.04,9817176.91],[764005.05,9817150.01],[764023.42,9817108.36],[764025.01,9817105.04],[764026.79,9817101.82],[764028.77,9817098.72],[764030.94,9817095.75],[764033.28,9817092.91],[764035.79,9817090.22],[764038.47,9817087.69],[764073.24,9817056.76]]]}},{"type":"Feature","properties":{"Layer":"VIA LOCAL TIPO III"},"geometry":{"type":"MultiLineString","coordinates":[[[763692.73,9816997.43],[763768.59,9816953.08]]]}},{"type":"Feature","properties":{"Layer":"VIA LOCAL TIPO IV"},"geometry":{"type":"MultiLineString","coordinates":[[[763956.38,9817096.96],[763999.67,9817012.65],[764000.58,9817010.99],[764001.6,9817009.4],[764002.71,9817007.87],[764003.91,9817006.41],[764005.21,9817005.03],[764013.98,9816997.17]]]}},{"type":"Feature","properties":{"Layer":"PASAJE O UNIDIRECCIONAL"},"geometry":{"type":"MultiLineString","coordinates":[[[763957.02,9817095.71],[763942.77,9817086.16],[763935.3,9817080.91],[763928.07,9817075.32],[763915.79,9817065.36]]]}},{"type":"Feature","properties":{"Layer":"VIA LOCAL TIPO III"},"geometry":{"type":"MultiLineString","coordinates":[[[763956.38,9817096.96],[764011.47,9817135.53]]]}},{"type":"Feature","properties":{"Layer":"VIA LOCAL TIPO III"},"geometry":{"type":"MultiLineString","coordinates":[[[763363.61,9816967.34],[763408.56,9817001.41],[763410.55,9817003.02],[763412.44,9817004.73],[763414.23,9817006.56],[763415.9,9817008.5],[763417.45,9817010.52],[763418.88,9817012.64],[763450.42,9817062.48]]]}},{"type":"Feature","properties":{"Layer":"VIA LOCAL TIPO III"},"geometry":{"type":"MultiLineString","coordinates":[[[763414.15,9817006.48],[763480.16,9816962.88]]]}},{"type":"Feature","properties":{"Layer":"VIA LOCAL TIPO III"},"geometry":{"type":"MultiLineString","coordinates":[[[763465.35,9816972.66],[763459.73,9816928.26]]]}},{"type":"Feature","properties":{"Layer":"VIA LOCAL TIPO III"},"geometry":{"type":"MultiLineString","coordinates":[[[763450.35,9817062.38],[763398.83,9817098.93],[763394.98,9817101.8],[763391.29,9817104.87],[763387.75,9817108.13],[763383.09,9817112.65],[763380.76,9817115.18],[763378.74,9817117.96],[763368.07,9817136.72],[763366.9,9817139.1],[763366.03,9817141.61],[763365.71,9817142.89],[763364.91,9817147.78],[763364.56,9817149.33],[763364.01,9817150.81],[763363.66,9817151.53],[763327.5,9817210.2],[763291.36,9817279.91],[763266.64,9817334.06],[763250.26,9817375.84],[763249.23,9817378.25],[763248.04,9817380.58],[763246.7,9817382.84],[763245.21,9817384.99],[763243.59,9817387.05],[763241.84,9817389],[763239.96,9817390.83],[763237.97,9817392.53],[763235.87,9817394.09],[763233.67,9817395.52],[763231.38,9817396.8],[763168.4,9817429.35],[763163.87,9817431.89],[763159.51,9817434.71],[763155.34,9817437.81],[763151.38,9817441.17],[763147.65,9817444.79],[763144.16,9817448.63],[763140.93,9817452.7],[763137.97,9817456.97],[763135.29,9817461.42],[763115.63,9817496.58],[763078.37,9817554.03]]]}},{"type":"Feature","properties":{"Layer":"VIA LOCAL TIPO I"},"geometry":{"type":"MultiLineString","coordinates":[[[763245.78,9817389.88],[763283.52,9817430.51],[763289.56,9817436.74],[763295.87,9817442.7],[763386.37,9817524.56],[763436.44,9817446.91],[763437.48,9817445.39],[763490.57,9817372.49],[763493.64,9817368.51],[763496.95,9817364.73],[763553.06,9817304.2],[763615.68,9817234.34]]]}},{"type":"Feature","properties":{"Layer":"VIA LOCAL TIPO I"},"geometry":{"type":"MultiLineString","coordinates":[[[763138.52,9817359.65],[763113.51,9817404.84],[763107.37,9817416.86],[763102.06,9817429.27],[763091.77,9817455.77],[763087.38,9817466.18],[763082.42,9817476.33],[763051.37,9817535.46]]]}},{"type":"Feature","properties":{"Layer":"VIA LOCAL TIPO IV"},"geometry":{"type":"MultiLineString","coordinates":[[[763080.53,9817331.5],[763067.2,9817354.45],[763060.76,9817366.46],[763055.15,9817378.88],[763022.96,9817457.09],[762999.68,9817510.57]]]}},{"type":"Feature","properties":{"Layer":"VIA LOCAL TIPO II"},"geometry":{"type":"MultiLineString","coordinates":[[[763107.08,9817417.48],[763051.77,9817387.04]]]}},{"type":"Feature","properties":{"Layer":"VIA LOCAL TIPO III"},"geometry":{"type":"MultiLineString","coordinates":[[[763555.3,9817166.55],[763557.91,9817159.23],[763558.35,9817157.27],[763558.53,9817155.27],[763558.53,9817154.27],[763558.33,9817152.28],[763557.89,9817150.32],[763554.34,9817140.57],[763553.16,9817136.99],[763552.23,9817133.34],[763551.55,9817129.63],[763551.12,9817125.89],[763550.96,9817122.13],[763550.8,9817106.85],[763550.91,9817097.93],[763551.42,9817089.03],[763551.8,9817084.23],[763552.51,9817076.94],[763553.49,9817069.69],[763556.48,9817050.21],[763557.76,9817040.2],[763558.53,9817030.14],[763560.74,9816987.1],[763560.97,9816984.5],[763561.37,9816981.92],[763561.95,9816979.38],[763562.7,9816976.88],[763563.63,9816974.44],[763564.72,9816972.07],[763568.37,9816964.75],[763569.05,9816962.81],[763569.48,9816960.8],[763569.59,9816959.77],[763569.64,9816958.75],[763569.54,9816956.69],[763566.3,9816927.91]]]}},{"type":"Feature","properties":{"Layer":"VIA LOCAL TIPO III"},"geometry":{"type":"MultiLineString","coordinates":[[[763919.23,9817685.58],[763938.81,9817683.3],[763943.37,9817682.64],[763947.89,9817681.71],[763952.35,9817680.52],[763956.74,9817679.08],[763961.03,9817677.39],[763973.57,9817672.03],[763975.37,9817671.11],[763976.21,9817670.57],[763977.79,9817669.31],[763978.51,9817668.61],[763979.8,9817667.07],[763980.87,9817665.36],[763981.32,9817664.46],[763982.03,9817662.58],[763985.46,9817651.36],[763985.84,9817650.46],[763986.76,9817648.73],[763987.9,9817647.13],[763988.55,9817646.39],[763989.98,9817645.05],[764027.56,9817614.1],[764028.74,9817612.88],[764041.24,9817598.48],[764042.73,9817597.16],[764043.54,9817596.58],[764044.38,9817596.05],[764046.17,9817595.16],[764048.06,9817594.53],[764049.03,9817594.3],[764051.01,9817594.05],[764052,9817594.02],[764086.46,9817594.23],[764090.21,9817594.13],[764093.94,9817593.8],[764097.64,9817593.23],[764101.29,9817592.42],[764104.89,9817591.39],[764108.42,9817590.12],[764111.85,9817588.64],[764153.1,9817569.25],[764163.81,9817564.59],[764174.77,9817560.55],[764185.94,9817557.15],[764216.26,9817548.87],[764227.44,9817545.48],[764238.41,9817541.48],[764249.14,9817536.88],[764270.83,9817526.88],[764272.48,9817526.05],[764274.07,9817525.11],[764275.6,9817524.07],[764277.06,9817522.94],[764278.44,9817521.71],[764279.74,9817520.39],[764280.95,9817518.99],[764282.07,9817517.51],[764283.08,9817515.97],[764283.99,9817514.36],[764284.8,9817512.69],[764285.49,9817510.98],[764286.07,9817509.22],[764286.53,9817507.43],[764292.02,9817482.96],[764292.57,9817481.06],[764301.35,9817461.21],[764305,9817453.71],[764309.16,9817446.47],[764313.81,9817439.54],[764329.55,9817417.77],[764346.85,9817395.09],[764365.29,9817373.33],[764375.95,9817361.39]]]}},{"type":"Feature","properties":{"Layer":"VIA LOCAL TIPO IV"},"geometry":{"type":"MultiLineString","coordinates":[[[764124.66,9817707.92],[764121.52,9817694.87],[764111.78,9817650.93],[764103.65,9817606.67],[764101.31,9817592.42]]]}},{"type":"Feature","properties":{"Layer":"VIA LOCAL TIPO III"},"geometry":{"type":"MultiLineString","coordinates":[[[764113.17,9817588.02],[764106.82,9817541.81],[764106.06,9817535.62],[764103.51,9817511.51],[764103.28,9817509.82],[764102.94,9817508.15],[764102.5,9817506.51],[764101.95,9817504.9],[764101.31,9817503.32],[764100.56,9817501.79],[764099.72,9817500.31],[764098.79,9817498.88],[764052.51,9817432.68]]]}},{"type":"Feature","properties":{"Layer":"VIA LOCAL TIPO IV"},"geometry":{"type":"MultiLineString","coordinates":[[[764102.79,9817513.05],[764124.31,9817506.04],[764135.97,9817501.84],[764152.8,9817495.14],[764155.24,9817493.77],[764157.48,9817492.09],[764158.51,9817491.15],[764160.37,9817489.06],[764161.94,9817486.74],[764163.18,9817484.23],[764164.08,9817481.58],[764168.02,9817466.96],[764176.2,9817446]]]}},{"type":"Feature","properties":{"Layer":"VIA LOCAL TIPO II"},"geometry":{"type":"MultiLineString","coordinates":[[[764417.06,9817456.47],[764401.46,9817445.33],[764390.84,9817437.2],[764380.79,9817428.38],[764348.78,9817398.33],[764343.75,9817393.44],[764271.77,9817320.96],[764262.48,9817310.95],[764253.89,9817300.32],[764246.05,9817289.13],[764223.34,9817254.23],[764216.5,9817244.39],[764209.09,9817234.97],[764187.41,9817209.07],[764182.63,9817203.57],[764177.65,9817198.24],[764169.02,9817189.33],[764162.21,9817181.94],[764155.77,9817174.21],[764149.73,9817166.17],[764099.5,9817095.64],[764099.39,9817095.15],[764099.58,9817094.73],[764103.58,9817090.73]]]}},{"type":"Feature","properties":{"Layer":"VIA LOCAL TIPO I"},"geometry":{"type":"MultiLineString","coordinates":[[[764176.2,9817446],[764185.2,9817427.21],[764189.65,9817418.48],[764194.51,9817409.98],[764257.92,9817305.31]]]}},{"type":"Feature","properties":{"Layer":"VIA LOCAL TIPO IV"},"geometry":{"type":"MultiLineString","coordinates":[[[764173.03,9817453.15],[764091.7,9817387.3],[764090.96,9817386.57],[764090.25,9817385.39],[764089.94,9817384.4],[764089.84,9817383.37],[764090.04,9817382.01],[764090.43,9817381.05],[764120.63,9817332.91]]]}},{"type":"Feature","properties":{"Layer":"VIA LOCAL TIPO IV"},"geometry":{"type":"MultiLineString","coordinates":[[[763442.73,9817143.45],[763475.03,9817110.9],[763482.9,9817105.19]]]}},{"type":"Feature","properties":{"Layer":"VIA LOCAL TIPO IV"},"geometry":{"type":"MultiLineString","coordinates":[[[764282.1,9817264.87],[764256.29,9817303.28]]]}},{"type":"Feature","properties":{"Layer":"VIA LOCAL TIPO IV"},"geometry":{"type":"MultiLineString","coordinates":[[[763011.18,9817249.64],[762931.76,9817220.36],[762873.83,9817196.25],[762872.48,9817196.08],[762871.14,9817196.28],[762869.9,9817196.83],[762869.35,9817197.23],[762868.63,9817197.96],[762857.93,9817215.85],[762857.61,9817216.31],[762857.02,9817216.91],[762856.07,9817217.48],[762855.27,9817217.73],[762854.44,9817217.81],[762853.34,9817217.64],[762852.57,9817217.32],[762840.35,9817209.47]]]}},{"type":"Feature","properties":{"Layer":"VIA LOCAL TIPO IV"},"geometry":{"type":"MultiLineString","coordinates":[[[762913.99,9817267.64],[762928.78,9817225.89],[762929.68,9817223.59],[762930.71,9817221.35],[762931.88,9817219.18],[762933.19,9817217.08],[762934.62,9817215.07],[762948.1,9817197.29],[762949.97,9817194.52],[762976.57,9817143.73]]]}},{"type":"Feature","properties":{"Layer":"VIA LOCAL TIPO IV"},"geometry":{"type":"MultiLineString","coordinates":[[[762843.73,9817030.15],[762866.75,9817064.25],[762870.82,9817069.85],[762875.26,9817075.16],[762880.07,9817080.14],[762885.2,9817084.78],[762890.64,9817089.05],[762896.37,9817092.94],[762902.35,9817096.42],[762940.8,9817117.06],[762943.05,9817118.47],[762945.08,9817120.16],[762946.87,9817122.11],[762948.39,9817124.29],[762951.29,9817129.07],[762952.16,9817130.17],[762953.17,9817131.15],[762954.91,9817132.34],[762999.18,9817153.28],[763008.87,9817157.54],[763018.77,9817161.29],[763028.85,9817164.5],[763035.12,9817166.36],[763036.79,9817167.09],[763038.35,9817168.05],[763039.08,9817168.6],[763040.43,9817169.84],[763125.65,9817259.87],[763126.41,9817260.53],[763128.06,9817261.69],[763128.94,9817262.18],[763130.78,9817262.98],[763131.74,9817263.29],[763133.71,9817263.71],[763134.71,9817263.82],[763136.72,9817263.84],[763137.72,9817263.75],[763139.7,9817263.37],[763141.61,9817262.72],[763143.41,9817261.83],[763145.08,9817260.7],[763155.66,9817251.33],[763157.44,9817249.64],[763159.11,9817247.83],[763160.65,9817245.92],[763162.06,9817243.91],[763163.34,9817241.81],[763164.47,9817239.63],[763165.46,9817237.39],[763176.66,9817209.5],[763177.96,9817205.96],[763179.03,9817202.34],[763179.88,9817198.66],[763180.49,9817194.94],[763180.88,9817191.18],[763181.03,9817187.41],[763180.95,9817183.64],[763180.63,9817179.88],[763180.08,9817176.15],[763177.31,9817160.7],[763176.88,9817157.79],[763176.65,9817154.86],[763176.61,9817151.93],[763176.77,9817149],[763177.12,9817146.08],[763177.66,9817143.2],[763178.39,9817140.35],[763202.33,9817058.23],[763203.03,9817055.57],[763203.56,9817052.87],[763203.94,9817050.15],[763204.16,9817047.4],[763204.22,9817044.65],[763204.17,9817038.41],[763203.96,9817035.69],[763203.72,9817034.34],[763203.39,9817033.02],[763202.46,9817030.45],[763196.04,9817015.85]]]}},{"type":"Feature","properties":{"Layer":"VIA LOCAL TIPO IV"},"geometry":{"type":"MultiLineString","coordinates":[[[762871.32,9817231.69],[762912.22,9817266.16],[762956.64,9817301.94]]]}},{"type":"Feature","properties":{"Layer":"VIA LOCAL TIPO IV"},"geometry":{"type":"MultiLineString","coordinates":[[[763127.34,9817640.06],[763140.24,9817614.93]]]}},{"type":"Feature","properties":{"Layer":"VIA LOCAL TIPO IV"},"geometry":{"type":"MultiLineString","coordinates":[[[763145.63,9817604.18],[763173.9,9817546.42],[763177.29,9817540],[763181.05,9817533.8],[763185.19,9817527.84],[763189.67,9817522.14],[763194.5,9817516.72],[763199.64,9817511.6],[763205.08,9817506.8],[763289.56,9817436.74]]]}},{"type":"Feature","properties":{"Layer":"VIA LOCAL TIPO II"},"geometry":{"type":"MultiLineString","coordinates":[[[763107.74,9817882.85],[763113.73,9817875.98],[763120.59,9817867.66],[763127,9817858.97],[763132.93,9817849.95],[763150.61,9817821.41],[763154.16,9817815.88],[763194.15,9817755.84]]]}},{"type":"Feature","properties":{"Layer":"VIA LOCAL TIPO III"},"geometry":{"type":"MultiLineString","coordinates":[[[763333.34,9817909.96],[763301.33,9817892.34],[763291.22,9817887.14],[763280.83,9817882.53],[763270.2,9817878.51],[763258.39,9817874.43],[763252.88,9817872.36],[763247.49,9817869.99],[763242.25,9817867.33],[763152.34,9817818.62]]]}},{"type":"Feature","properties":{"Layer":"VIA LOCAL TIPO IV"},"geometry":{"type":"MultiLineString","coordinates":[[[763041.3,9818283.39],[763016.95,9818321.38]]]}},{"type":"Feature","properties":{"Layer":"VIA LOCAL TIPO III"},"geometry":{"type":"MultiLineString","coordinates":[[[762849.83,9818057.48],[762872.77,9818074.66],[762884.01,9818082.49],[762914.97,9818102.52],[762921.74,9818106.71],[762931.87,9818112.35],[762941.99,9818117.44],[762952.37,9818121.95],[762962.99,9818125.87],[762973.82,9818129.17],[762988.1,9818133.1],[762991.91,9818134],[762995.76,9818134.65],[762999.65,9818135.04],[763003.56,9818135.15],[763007.47,9818135.01],[763046.31,9818132.22],[763049.13,9818132.1],[763051.95,9818132.14],[763091.02,9818133.75],[763093.06,9818133.9],[763095.07,9818134.19],[763097.07,9818134.62],[763099.03,9818135.18],[763100.94,9818135.88],[763102.81,9818136.7],[763104.62,9818137.65],[763106.35,9818138.71],[763108.01,9818139.9],[763109.59,9818141.19],[763115.37,9818146.27],[763116.61,9818147.51],[763117.66,9818148.91],[763118.52,9818150.43],[763119.16,9818152.05],[763119.59,9818153.75],[763119.78,9818155.49],[763119.74,9818157.24],[763119.63,9818158.1],[763119.23,9818159.81],[763118.95,9818160.63],[763118.23,9818162.22],[763117.29,9818163.7],[763116.75,9818164.39],[763115.54,9818165.65],[763109.3,9818171.28],[763107.58,9818172.46],[763105.71,9818173.39],[763104.74,9818173.75],[763102.72,9818174.27],[763081.7,9818176.68],[763080.2,9818176.9],[763077.27,9818177.63],[763074.46,9818178.74],[763071.82,9818180.21],[763069.39,9818182.01],[763068.27,9818183.02],[763066.25,9818185.26],[763057,9818198.58],[763051.62,9818206.81],[763046.64,9818215.3],[763042.09,9818224.02],[763025.46,9818257.9]]]}},{"type":"Feature","properties":{"Layer":"VIA LOCAL TIPO III"},"geometry":{"type":"MultiLineString","coordinates":[[[763046.79,9818215.04],[762998.94,9818192.56],[762993.73,9818190.31],[762988.39,9818188.39],[762982.94,9818186.81],[762977.4,9818185.58],[762971.8,9818184.7],[762946.18,9818181.51],[762941.66,9818181.1],[762937.11,9818180.97],[762932.57,9818181.15],[762928.05,9818181.62],[762923.58,9818182.38],[762919.15,9818183.43],[762914.81,9818184.76],[762910.56,9818186.37],[762906.43,9818188.26],[762902.43,9818190.41],[762899.19,9818192.27]]]}},{"type":"Feature","properties":{"Layer":"VIA LOCAL TIPO III"},"geometry":{"type":"MultiLineString","coordinates":[[[762999.77,9818135.04],[762987.98,9818188.26]]]}},{"type":"Feature","properties":{"Layer":"VIA LOCAL TIPO IV"},"geometry":{"type":"MultiLineString","coordinates":[[[763138.96,9817928.35],[763127.16,9817955.76],[763123.72,9817964.49],[763120.83,9817973.43],[763118.5,9817982.53],[763116.75,9817991.75],[763115.15,9818001.96],[763113.24,9818012.29],[763110.76,9818022.65],[763107.39,9818033.91],[763103.37,9818044.96],[763083.44,9818095.05],[763082.98,9818095.93],[763082.11,9818096.94],[763081.01,9818097.68],[763080.07,9818098.03],[763079.09,9818098.19],[763078.09,9818098.15],[762995.43,9818086.48],[762991.39,9818085.78],[762987.4,9818084.83],[762983.48,9818083.62],[762979.64,9818082.17],[762975.91,9818080.49],[762972.28,9818078.56],[762939.11,9818059.62],[762937.38,9818058.55],[762935.72,9818057.37],[762934.15,9818056.08],[762932.67,9818054.68],[762931.29,9818053.19],[762930.02,9818051.61],[762928.85,9818049.95],[762927.8,9818048.21],[762921.92,9818037.7],[762919.92,9818034.37],[762917.69,9818031.19],[762915.25,9818028.16],[762912.62,9818025.31],[762909.8,9818022.64],[762875.09,9817991.92]]]}},{"type":"Feature","properties":{"Layer":"VIA LOCAL TIPO IV"},"geometry":{"type":"MultiLineString","coordinates":[[[762439.63,9817904.11],[762467.08,9817891.28],[762472.95,9817888.29],[762478.61,9817884.93],[762484.04,9817881.2],[762489.53,9817877.15],[762494.37,9817873.82],[762499.42,9817870.82],[762504.64,9817868.15],[762510.04,9817865.83],[762515.57,9817863.86],[762524.82,9817860.91],[762531.28,9817859.08],[762537.86,9817857.7],[762544.52,9817856.75],[762551.22,9817856.26],[762557.94,9817856.22],[762564.65,9817856.63],[762571.32,9817857.49],[762576.47,9817858.33],[762580.05,9817858.79],[762583.64,9817859.02],[762587.25,9817859.01],[762590.85,9817858.77],[762594.42,9817858.29],[762597.95,9817857.58],[762601.43,9817856.64],[762604.84,9817855.47],[762612.1,9817852.71],[762623.03,9817848.92],[762634.15,9817845.78],[762645.44,9817843.27],[762667.31,9817839.08],[762672.08,9817838.01],[762676.78,9817836.65],[762681.38,9817834.99],[762685.87,9817833.05],[762690.23,9817830.84],[762694.44,9817828.35],[762702.98,9817822.95],[762708.28,9817819.79],[762713.76,9817816.94],[762719.39,9817814.4],[762725.15,9817812.18],[762731.02,9817810.29],[762784.92,9817794.58],[762789.8,9817793.31],[762794.74,9817792.34],[762799.74,9817791.66],[762804.76,9817791.27],[762809.8,9817791.19],[762814.84,9817791.4],[762820.57,9817791.82],[762826.4,9817792.41],[762832.18,9817793.34],[762837.89,9817794.61],[762843.53,9817796.22],[762854.23,9817799.6],[762861.01,9817801.51],[762867.9,9817802.98],[762874.87,9817804.01],[762881.9,9817804.59],[762905.39,9817805.76]]]}},{"type":"Feature","properties":{"Layer":"VIA LOCAL TIPO IV"},"geometry":{"type":"MultiLineString","coordinates":[[[763282.25,9816906.11],[763257.57,9816987.87]]]}},{"type":"Feature","properties":{"Layer":"VIA LOCAL TIPO IV"},"geometry":{"type":"MultiLineString","coordinates":[[[762650.39,9818332.87],[762683.33,9818308.43],[762693.79,9818300.12],[762703.67,9818291.12],[762712.93,9818281.48],[762731.08,9818261.27],[762733.82,9818258.43],[762736.74,9818255.79],[762739.84,9818253.35],[762743.1,9818251.13],[762746.51,9818249.14],[762750.04,9818247.4],[762753.69,9818245.9],[762757.43,9818244.65],[762761.25,9818243.67],[762789.67,9818237.38],[762792.07,9818236.93],[762794.49,9818236.64],[762796.93,9818236.51],[762799.37,9818236.54],[762801.81,9818236.74],[762804.23,9818237.09],[762806.61,9818237.6],[762808.96,9818238.27],[762811.26,9818239.09],[762813.51,9818240.07],[762815.68,9818241.19],[762817.77,9818242.44],[762819.78,9818243.84],[762821.69,9818245.36],[762830.61,9818252.98],[762833.14,9818255.02],[762835.8,9818256.89],[762838.56,9818258.59],[762841.42,9818260.13],[762844.37,9818261.48],[762852.37,9818264.87],[762864,9818270.23],[762875.26,9818276.32],[762886.11,9818283.13],[762896.5,9818290.61],[762903.93,9818296.33],[762911.69,9818302.63],[762919.13,9818309.3],[762960.55,9818348.36],[762981.1,9818368.11],[762987.95,9818374.39],[763015.74,9818398.73]]]}},{"type":"Feature","properties":{"Layer":"VIA LOCAL TIPO IV"},"geometry":{"type":"MultiLineString","coordinates":[[[762841.87,9818186.62],[762822.73,9818246.25]]]}},{"type":"Feature","properties":{"Layer":"VIA LOCAL TIPO IV"},"geometry":{"type":"MultiLineString","coordinates":[[[762687.47,9818407.96],[762822.69,9818363.6],[762824.08,9818363.3],[762825.5,9818363.28],[762826.43,9818363.43],[762827.34,9818363.7],[762828.21,9818364.1],[762829.38,9818364.9],[762895.64,9818420.73]]]}},{"type":"Feature","properties":{"Layer":"VIA LOCAL TIPO IV"},"geometry":{"type":"MultiLineString","coordinates":[[[762865.4,9817984.58],[762859.68,9817980.87],[762853.39,9817977.32],[762846.89,9817974.16],[762810.72,9817957.85],[762798.79,9817952.92],[762786.56,9817948.78],[762774.09,9817945.43],[762727.98,9817934.64],[762721.45,9817933.22],[762654.62,9817919.92],[762649.67,9817919],[762626.68,9817915.02],[762620.27,9817914.13],[762613.82,9817913.69],[762607.34,9817913.68],[762600.89,9817914.11],[762594.48,9817914.98],[762588.14,9817916.29],[762579.75,9817918.32],[762575.21,9817919.27],[762570.61,9817919.94],[762565.99,9817920.32],[762561.34,9817920.42],[762556.7,9817920.23],[762552.09,9817919.75],[762533.66,9817917.27],[762530.67,9817916.76],[762527.72,9817916.05],[762524.83,9817915.15],[762522,9817914.05],[762519.25,9817912.77],[762516.6,9817911.3],[762476.06,9817887.08]]]}},{"type":"Feature","properties":{"Layer":"VIA LOCAL TIPO I"},"geometry":{"type":"MultiLineString","coordinates":[[[763288.01,9817079.62],[763334.24,9817007.5],[763339.51,9816999.62],[763345.06,9816991.95],[763375.97,9816950.94],[763382.6,9816941.59],[763397.72,9816918.95]]]}},{"type":"Feature","properties":{"Layer":"VIA LOCAL TIPO II"},"geometry":{"type":"MultiLineString","coordinates":[[[763307.45,9816893.43],[763314.27,9816865.75],[763318.05,9816852.43],[763322.74,9816839.4],[763328.32,9816826.73],[763334.76,9816814.47],[763440.79,9816628.69]]]}},{"type":"Feature","properties":{"Layer":"VIA LOCAL TIPO I"},"geometry":{"type":"MultiLineString","coordinates":[[[763340.19,9816998.67],[763352.28,9816982.38]]]}},{"type":"Feature","properties":{"NOMBRE_EJE":" ","Layer":"C-ROAD-CNTR-N"},"geometry":{"type":"MultiLineString","coordinates":[[[765207.26,9812448.54],[765206.69,9812451.79],[765206.47,9812455.09]]]}},{"type":"Feature","properties":{"NOMBRE_EJE":" ","Layer":"C-ROAD-CNTR-N"},"geometry":{"type":"MultiLineString","coordinates":[[[765066.49,9813313.79],[765059.56,9813321.22]]]}},{"type":"Feature","properties":{"NOMBRE_EJE":" ","Layer":"C-ROAD-CNTR-N"},"geometry":{"type":"MultiLineString","coordinates":[[[765032.9,9813412.57],[765033.53,9813413.74]]]}},{"type":"Feature","properties":{"NOMBRE_EJE":" ","Layer":"C-ROAD-CNTR-N"},"geometry":{"type":"MultiLineString","coordinates":[[[763951.69,9813266.03],[764080.43,9813483.91]]]}},{"type":"Feature","properties":{"NOMBRE_EJE":" ","Layer":"C-ROAD-CNTR-N"},"geometry":{"type":"MultiLineString","coordinates":[[[764080.43,9813483.91],[764087.24,9813494.64],[764094.71,9813504.91],[764102.82,9813514.68],[764111.53,9813523.93]]]}},{"type":"Feature","properties":{"NOMBRE_EJE":" ","Layer":"C-ROAD-CNTR-N"},"geometry":{"type":"MultiLineString","coordinates":[[[764111.53,9813523.93],[764147.95,9813560.19]]]}},{"type":"Feature","properties":{"NOMBRE_EJE":" ","Layer":"C-ROAD-CNTR-N"},"geometry":{"type":"MultiLineString","coordinates":[[[764173.1,9813608.41],[764171.84,9813602.41],[764170.16,9813596.5],[764168.09,9813590.72],[764165.63,9813585.1],[764162.79,9813579.66],[764159.59,9813574.42],[764156.04,9813569.42],[764152.15,9813564.66],[764147.95,9813560.19]]]}},{"type":"Feature","properties":{"NOMBRE_EJE":" ","Layer":"C-ROAD-CNTR-N"},"geometry":{"type":"MultiLineString","coordinates":[[[764173.1,9813608.41],[764199.93,9813761.24]]]}},{"type":"Feature","properties":{"NOMBRE_EJE":" ","Layer":"C-ROAD-CNTR-N"},"geometry":{"type":"MultiLineString","coordinates":[[[764202.92,9813792.87],[764202.49,9813782.28],[764201.49,9813771.73],[764199.93,9813761.24]]]}},{"type":"Feature","properties":{"NOMBRE_EJE":" ","Layer":"C-ROAD-CNTR-N"},"geometry":{"type":"MultiLineString","coordinates":[[[764202.92,9813792.87],[764204.48,9813898.43]]]}},{"type":"Feature","properties":{"NOMBRE_EJE":" ","Layer":"C-ROAD-CNTR-N"},"geometry":{"type":"MultiLineString","coordinates":[[[764180.24,9813979.26],[764185.33,9813971.21],[764189.86,9813962.83],[764193.8,9813954.16],[764197.15,9813945.25],[764199.89,9813936.13],[764201.99,9813926.85],[764203.47,9813917.44],[764204.3,9813907.95],[764204.48,9813898.43]]]}},{"type":"Feature","properties":{"NOMBRE_EJE":" ","Layer":"C-ROAD-CNTR-N"},"geometry":{"type":"MultiLineString","coordinates":[[[764180.24,9813979.26],[764134.94,9814045.83]]]}},{"type":"Feature","properties":{"NOMBRE_EJE":" ","Layer":"C-ROAD-CNTR-N"},"geometry":{"type":"MultiLineString","coordinates":[[[764134.94,9814045.83],[764132.38,9814049.82],[764130.03,9814053.93],[764127.91,9814058.17],[764126,9814062.5]]]}},{"type":"Feature","properties":{"NOMBRE_EJE":" ","Layer":"C-ROAD-CNTR-N"},"geometry":{"type":"MultiLineString","coordinates":[[[764126,9814062.5],[764089.36,9814152.43]]]}},{"type":"Feature","properties":{"NOMBRE_EJE":" ","Layer":"C-ROAD-CNTR-N"},"geometry":{"type":"MultiLineString","coordinates":[[[764089.36,9814152.43],[764087.99,9814156.02],[764086.77,9814159.66]]]}},{"type":"Feature","properties":{"NOMBRE_EJE":" ","Layer":"C-ROAD-CNTR-N"},"geometry":{"type":"MultiLineString","coordinates":[[[764086.77,9814159.66],[764063.9,9814233.18]]]}},{"type":"Feature","properties":{"NOMBRE_EJE":" ","Layer":"C-ROAD-CNTR-N"},"geometry":{"type":"MultiLineString","coordinates":[[[764061.32,9814232.83],[764050.12,9814246.55]]]}},{"type":"Feature","properties":{"NOMBRE_EJE":" ","Layer":"C-ROAD-CNTR-N"},"geometry":{"type":"MultiLineString","coordinates":[[[764050.12,9814246.55],[764047.51,9814249.98],[764045.14,9814253.59],[764043.03,9814257.36],[764041.18,9814261.26],[764039.61,9814265.28],[764038.32,9814269.39]]]}},{"type":"Feature","properties":{"NOMBRE_EJE":" ","Layer":"C-ROAD-CNTR-N"},"geometry":{"type":"MultiLineString","coordinates":[[[764038.32,9814269.39],[764020.22,9814334.92]]]}},{"type":"Feature","properties":{"NOMBRE_EJE":" ","Layer":"C-ROAD-CNTR-N"},"geometry":{"type":"MultiLineString","coordinates":[[[764013.64,9814350.93],[764015.64,9814347.09],[764017.41,9814343.13],[764018.94,9814339.07],[764020.22,9814334.92]]]}},{"type":"Feature","properties":{"NOMBRE_EJE":" ","Layer":"C-ROAD-CNTR-N"},"geometry":{"type":"MultiLineString","coordinates":[[[764013.64,9814350.93],[763971.86,9814425.55]]]}},{"type":"Feature","properties":{"NOMBRE_EJE":" ","Layer":"C-ROAD-CNTR-N"},"geometry":{"type":"MultiLineString","coordinates":[[[763971.86,9814425.55],[763963.29,9814442.03],[763955.74,9814458.99]]]}},{"type":"Feature","properties":{"NOMBRE_EJE":" ","Layer":"C-ROAD-CNTR-N"},"geometry":{"type":"MultiLineString","coordinates":[[[763955.74,9814458.99],[763922.4,9814540.54]]]}},{"type":"Feature","properties":{"NOMBRE_EJE":" ","Layer":"C-ROAD-CNTR-N"},"geometry":{"type":"MultiLineString","coordinates":[[[763922.4,9814540.54],[763916.09,9814556.8],[763910.35,9814573.27]]]}},{"type":"Feature","properties":{"NOMBRE_EJE":" ","Layer":"C-ROAD-CNTR-N"},"geometry":{"type":"MultiLineString","coordinates":[[[763910.35,9814573.27],[763880.94,9814662.7]]]}},{"type":"Feature","properties":{"NOMBRE_EJE":" ","Layer":"C-ROAD-CNTR-N"},"geometry":{"type":"MultiLineString","coordinates":[[[763870.51,9814686.63],[763874.49,9814678.87],[763877.97,9814670.89],[763880.94,9814662.7]]]}},{"type":"Feature","properties":{"NOMBRE_EJE":" ","Layer":"C-ROAD-CNTR-N"},"geometry":{"type":"MultiLineString","coordinates":[[[763870.51,9814686.63],[763818.94,9814780.05]]]}},{"type":"Feature","properties":{"NOMBRE_EJE":" ","Layer":"C-ROAD-CNTR-N"},"geometry":{"type":"MultiLineString","coordinates":[[[763782.53,9814830.61],[763792.75,9814818.81],[763802.25,9814806.42],[763810.99,9814793.48],[763818.94,9814780.05]]]}},{"type":"Feature","properties":{"NOMBRE_EJE":" ","Layer":"C-ROAD-CNTR-N"},"geometry":{"type":"MultiLineString","coordinates":[[[763782.53,9814830.61],[763637.31,9814988.46]]]}},{"type":"Feature","properties":{"NOMBRE_EJE":" ","Layer":"C-ROAD-CNTR-N"},"geometry":{"type":"MultiLineString","coordinates":[[[763637.31,9814988.46],[763630.32,9814996.57],[763623.87,9815005.14],[763618.01,9815014.1]]]}},{"type":"Feature","properties":{"NOMBRE_EJE":" ","Layer":"C-ROAD-CNTR-N"},"geometry":{"type":"MultiLineString","coordinates":[[[763618.01,9815014.1],[763571.06,9815091.3]]]}},{"type":"Feature","properties":{"NOMBRE_EJE":" ","Layer":"C-ROAD-CNTR-N"},"geometry":{"type":"MultiLineString","coordinates":[[[763571.06,9815091.3],[763569.51,9815094.01],[763568.09,9815096.8]]]}},{"type":"Feature","properties":{"NOMBRE_EJE":" ","Layer":"C-ROAD-CNTR-N"},"geometry":{"type":"MultiLineString","coordinates":[[[763568.09,9815096.8],[763516.75,9815204.13]]]}},{"type":"Feature","properties":{"NOMBRE_EJE":" ","Layer":"C-ROAD-CNTR-N"},"geometry":{"type":"MultiLineString","coordinates":[[[763516.75,9815204.13],[763515.66,9815206.52]]]}},{"type":"Feature","properties":{"NOMBRE_EJE":" ","Layer":"C-ROAD-CNTR-N"},"geometry":{"type":"MultiLineString","coordinates":[[[763515.66,9815206.52],[763460.8,9815334.83]]]}},{"type":"Feature","properties":{"NOMBRE_EJE":" ","Layer":"C-ROAD-CNTR-N"},"geometry":{"type":"MultiLineString","coordinates":[[[763460.75,9815334.94],[763460.8,9815334.83]]]}},{"type":"Feature","properties":{"NOMBRE_EJE":" ","Layer":"C-ROAD-CNTR-N"},"geometry":{"type":"MultiLineString","coordinates":[[[763460.75,9815334.94],[763386.47,9815507.65]]]}},{"type":"Feature","properties":{"NOMBRE_EJE":" ","Layer":"C-ROAD-CNTR-N"},"geometry":{"type":"MultiLineString","coordinates":[[[763381.4,9815517.11],[763383.27,9815514.06],[763384.96,9815510.9],[763386.47,9815507.65]]]}},{"type":"Feature","properties":{"NOMBRE_EJE":" ","Layer":"C-ROAD-CNTR-N"},"geometry":{"type":"MultiLineString","coordinates":[[[763381.4,9815517.11],[763354.41,9815558.45]]]}},{"type":"Feature","properties":{"NOMBRE_EJE":" ","Layer":"C-ROAD-CNTR-N"},"geometry":{"type":"MultiLineString","coordinates":[[[763354.41,9815558.45],[763349.64,9815566.25],[763345.33,9815574.32],[763341.51,9815582.63],[763338.18,9815591.14]]]}},{"type":"Feature","properties":{"NOMBRE_EJE":" ","Layer":"C-ROAD-CNTR-N"},"geometry":{"type":"MultiLineString","coordinates":[[[763338.18,9815591.14],[763307.36,9815677.29]]]}},{"type":"Feature","properties":{"NOMBRE_EJE":" ","Layer":"C-ROAD-CNTR-N"},"geometry":{"type":"MultiLineString","coordinates":[[[763299.43,9815692.48],[763301.8,9815688.9],[763303.92,9815685.16],[763305.78,9815681.29],[763307.36,9815677.29]]]}},{"type":"Feature","properties":{"NOMBRE_EJE":" ","Layer":"C-ROAD-CNTR-N"},"geometry":{"type":"MultiLineString","coordinates":[[[763299.43,9815692.48],[763079.28,9816001.5]]]}},{"type":"Feature","properties":{"NOMBRE_EJE":" ","Layer":"C-ROAD-CNTR-N"},"geometry":{"type":"MultiLineString","coordinates":[[[764224.35,9813125.37],[764524.78,9813016.95]]]}},{"type":"Feature","properties":{"NOMBRE_EJE":" ","Layer":"C-ROAD-CNTR-N"},"geometry":{"type":"MultiLineString","coordinates":[[[764551.69,9813009.32],[764542.61,9813011.45],[764533.63,9813013.99],[764524.78,9813016.95]]]}},{"type":"Feature","properties":{"NOMBRE_EJE":" ","Layer":"C-ROAD-CNTR-N"},"geometry":{"type":"MultiLineString","coordinates":[[[764551.69,9813009.32],[764727.06,9812972.61]]]}},{"type":"Feature","properties":{"NOMBRE_EJE":" ","Layer":"C-ROAD-CNTR-N"},"geometry":{"type":"MultiLineString","coordinates":[[[764727.06,9812972.61],[764753.7,9812966.18],[764779.9,9812958.14],[764805.56,9812948.52]]]}},{"type":"Feature","properties":{"NOMBRE_EJE":" ","Layer":"C-ROAD-CNTR-N"},"geometry":{"type":"MultiLineString","coordinates":[[[764805.56,9812948.52],[764917.12,9812902.78]]]}},{"type":"Feature","properties":{"NOMBRE_EJE":" ","Layer":"C-ROAD-CNTR-N"},"geometry":{"type":"MultiLineString","coordinates":[[[764966.87,9812888.2],[764949.96,9812891.9],[764933.35,9812896.77],[764917.12,9812902.78]]]}},{"type":"Feature","properties":{"NOMBRE_EJE":" ","Layer":"C-ROAD-CNTR-N"},"geometry":{"type":"MultiLineString","coordinates":[[[764966.87,9812888.2],[765004.47,9812881.3]]]}},{"type":"Feature","properties":{"NOMBRE_EJE":" ","Layer":"C-ROAD-CNTR-N"},"geometry":{"type":"MultiLineString","coordinates":[[[765004.47,9812881.3],[765007.68,9812880.6],[765010.84,9812879.69],[765013.93,9812878.58],[765016.94,9812877.27],[765019.86,9812875.76],[765022.67,9812874.06],[765025.37,9812872.18],[765027.93,9812870.13],[765030.36,9812867.92],[765032.64,9812865.55],[765034.75,9812863.03],[765036.7,9812860.39],[765038.46,9812857.62],[765040.05,9812854.74],[765041.43,9812851.76],[765042.63,9812848.7],[765043.61,9812845.57]]]}},{"type":"Feature","properties":{"NOMBRE_EJE":" ","Layer":"C-ROAD-CNTR-N"},"geometry":{"type":"MultiLineString","coordinates":[[[765043.61,9812845.57],[765058.72,9812791.46]]]}},{"type":"Feature","properties":{"NOMBRE_EJE":" ","Layer":"C-ROAD-CNTR-N"},"geometry":{"type":"MultiLineString","coordinates":[[[765086.85,9812749.67],[765082.9,9812752.93],[765079.16,9812756.44],[765075.66,9812760.18],[765072.4,9812764.14],[765069.41,9812768.29],[765066.69,9812772.63],[765064.25,9812777.14],[765062.1,9812781.79],[765060.25,9812786.57],[765058.72,9812791.46]]]}},{"type":"Feature","properties":{"NOMBRE_EJE":" ","Layer":"C-ROAD-CNTR-N"},"geometry":{"type":"MultiLineString","coordinates":[[[765086.85,9812749.67],[765248.93,9812624.39]]]}},{"type":"Feature","properties":{"NOMBRE_EJE":" ","Layer":"C-ROAD-CNTR-N"},"geometry":{"type":"MultiLineString","coordinates":[[[763874.93,9816863.16],[763938.58,9816785.33]]]}},{"type":"Feature","properties":{"NOMBRE_EJE":" ","Layer":"C-ROAD-CNTR-N"},"geometry":{"type":"MultiLineString","coordinates":[[[763950.55,9816771.96],[763944.41,9816778.51],[763938.58,9816785.33]]]}},{"type":"Feature","properties":{"NOMBRE_EJE":" ","Layer":"C-ROAD-CNTR-N"},"geometry":{"type":"MultiLineString","coordinates":[[[763950.55,9816771.96],[763988.51,9816733.23]]]}},{"type":"Feature","properties":{"NOMBRE_EJE":" ","Layer":"C-ROAD-CNTR-N"},"geometry":{"type":"MultiLineString","coordinates":[[[763988.51,9816733.23],[763997,9816724]]]}},{"type":"Feature","properties":{"NOMBRE_EJE":" ","Layer":"C-ROAD-CNTR-N"},"geometry":{"type":"MultiLineString","coordinates":[[[763997,9816724],[764049.83,9816662.84]]]}},{"type":"Feature","properties":{"NOMBRE_EJE":" ","Layer":"C-ROAD-CNTR-N"},"geometry":{"type":"MultiLineString","coordinates":[[[764091.39,9816626.42],[764080.08,9816634.42],[764069.35,9816643.19],[764059.25,9816652.68],[764049.83,9816662.84]]]}},{"type":"Feature","properties":{"NOMBRE_EJE":" ","Layer":"C-ROAD-CNTR-N"},"geometry":{"type":"MultiLineString","coordinates":[[[764091.39,9816626.42],[764260.71,9816515.22]]]}},{"type":"Feature","properties":{"NOMBRE_EJE":" ","Layer":"C-ROAD-CNTR-N"},"geometry":{"type":"MultiLineString","coordinates":[[[764260.71,9816515.22],[764270.22,9816508.57],[764279.32,9816501.39],[764287.99,9816493.69],[764296.21,9816485.5],[764303.93,9816476.85]]]}},{"type":"Feature","properties":{"NOMBRE_EJE":" ","Layer":"C-ROAD-CNTR-N"},"geometry":{"type":"MultiLineString","coordinates":[[[764303.93,9816476.85],[764320.94,9816456.65]]]}},{"type":"Feature","properties":{"NOMBRE_EJE":" ","Layer":"C-ROAD-CNTR-N"},"geometry":{"type":"MultiLineString","coordinates":[[[764346.71,9816434.87],[764340.99,9816438.5],[764335.52,9816442.52],[764330.35,9816446.89],[764325.48,9816451.61],[764320.94,9816456.65]]]}},{"type":"Feature","properties":{"NOMBRE_EJE":" ","Layer":"C-ROAD-CNTR-N"},"geometry":{"type":"MultiLineString","coordinates":[[[764346.71,9816434.87],[764358.77,9816427.77]]]}},{"type":"Feature","properties":{"NOMBRE_EJE":" ","Layer":"C-ROAD-CNTR-N"},"geometry":{"type":"MultiLineString","coordinates":[[[764389.43,9816423.61],[764386.85,9816423],[764384.24,9816422.58],[764381.61,9816422.32],[764378.96,9816422.24],[764376.32,9816422.33],[764373.68,9816422.6],[764371.07,9816423.05],[764368.5,9816423.66],[764365.97,9816424.44],[764363.5,9816425.39],[764361.1,9816426.5],[764358.77,9816427.77]]]}},{"type":"Feature","properties":{"NOMBRE_EJE":" ","Layer":"C-ROAD-CNTR-N"},"geometry":{"type":"MultiLineString","coordinates":[[[764389.43,9816423.61],[764411.43,9816429.51]]]}},{"type":"Feature","properties":{"NOMBRE_EJE":" ","Layer":"C-ROAD-CNTR-N"},"geometry":{"type":"MultiLineString","coordinates":[[[764411.43,9816429.51],[764414.14,9816430.13],[764416.88,9816430.57],[764419.65,9816430.82],[764422.43,9816430.87],[764425.2,9816430.73],[764427.96,9816430.4],[764430.69,9816429.87],[764433.37,9816429.16],[764436,9816428.27],[764438.57,9816427.19]]]}},{"type":"Feature","properties":{"NOMBRE_EJE":" ","Layer":"C-ROAD-CNTR-N"},"geometry":{"type":"MultiLineString","coordinates":[[[764438.57,9816427.19],[764494.71,9816401.27]]]}},{"type":"Feature","properties":{"NOMBRE_EJE":" ","Layer":"C-ROAD-CNTR-N"},"geometry":{"type":"MultiLineString","coordinates":[[[762853.6,9818123.21],[762853.41,9818119.42],[762852.99,9818115.65],[762852.32,9818111.91]]]}},{"type":"Feature","properties":{"NOMBRE_EJE":" ","Layer":"C-ROAD-CNTR-N"},"geometry":{"type":"MultiLineString","coordinates":[[[762851.66,9818154.42],[762852.49,9818151.05],[762853.13,9818147.64],[762853.57,9818144.2],[762853.81,9818140.73],[762853.85,9818137.27]]]}},{"type":"Feature","properties":{"NOMBRE_EJE":" ","Layer":"C-ROAD-CNTR-N"},"geometry":{"type":"MultiLineString","coordinates":[[[764718.29,9810859.35],[764717.27,9810858.55]]]}},{"type":"Feature","properties":{"NOMBRE_EJE":" ","Layer":"C-ROAD-CNTR-N"},"geometry":{"type":"MultiLineString","coordinates":[[[761158.03,9812895.74],[761157.71,9812895.42]]]}},{"type":"Feature","properties":{"NOMBRE_EJE":" ","Layer":"C-ROAD"},"geometry":{"type":"MultiLineString","coordinates":[[[763787,9810372],[763777.02,9810286.13],[763775.82,9810277.87],[763774.17,9810269.68],[763772.06,9810261.6],[763752.72,9810195.15],[763751.25,9810190.54],[763749.62,9810185.99],[763747.78,9810181.52],[763746.11,9810178.02],[763744.23,9810174.64],[763741.85,9810170.98],[763739.79,9810168.27],[763737.58,9810165.69],[763735.2,9810163.25],[763732.69,9810160.97],[763730.03,9810158.84],[763727.25,9810156.89],[763724.35,9810155.1],[763720.93,9810153.29],[763718.3,9810152.08],[763714.71,9810150.62],[763711.06,9810149.33],[763706.44,9810147.9],[763698.96,9810145.88],[763665.15,9810137.31],[763660.5,9810136],[763656.81,9810134.81],[763652.3,9810133.06],[763649.67,9810131.84],[763647.96,9810130.94],[763645.47,9810129.45],[763643.87,9810128.36],[763642.32,9810127.19],[763640.5,9810125.61],[763638.78,9810123.92],[763637.18,9810122.11],[763635.72,9810120.19],[763634.39,9810118.18],[763633.2,9810116.07],[763632.16,9810113.9],[763631.27,9810111.65],[763630.54,9810109.35],[763629.96,9810107.01],[763629.55,9810104.63],[763629.31,9810102.23],[763629.23,9810099.82],[763629.32,9810097.4],[763629.58,9810095],[763630,9810092.63],[763630.58,9810090.29],[763631.32,9810087.99],[763632.22,9810085.75],[763633.27,9810083.58],[763634.47,9810081.48],[763635.81,9810079.47],[763636.98,9810077.93],[763638.23,9810076.45],[763640.23,9810074.35],[763641.64,9810073.03],[763643.85,9810071.14],[763646.15,9810069.37],[763648.52,9810067.7],[763650.95,9810066.11],[763654.25,9810064.09],[763678.66,9810050.11],[763685.03,9810046.62],[763688.64,9810044.84],[763692.34,9810043.24],[763696.14,9810041.88],[763699.24,9810041],[763702,9810040.41],[763704.78,9810040],[763707.59,9810039.76],[763710.41,9810039.69],[763713.23,9810039.81],[763716.03,9810040.1],[763718.81,9810040.56],[763721.55,9810041.2],[763724.25,9810042.01],[763726.53,9810042.84],[763729.49,9810044.1],[763731.67,9810045.16],[763734.51,9810046.7],[763740.01,9810050.07],[763749.47,9810056.46],[763752.85,9810058.65],[763757.04,9810061.08],[763760.67,9810062.83],[763762.91,9810063.73],[763765.21,9810064.49],[763767.56,9810065.08],[763770.31,9810065.53],[763772.28,9810065.7],[763774.26,9810065.74],[763776.24,9810065.64],[763778.21,9810065.42],[763780.16,9810065.06],[763782.08,9810064.58],[763783.97,9810063.97],[763785.81,9810063.24],[763787.6,9810062.39],[763789.33,9810061.42],[763791.35,9810060.09],[763793.27,9810058.62],[763795.08,9810057.02],[763796.81,9810055.32],[763798.45,9810053.54],[763800.01,9810051.7],[763802.96,9810047.86],[763809.53,9810038.59],[763812.42,9810034.71],[763816.02,9810030.36],[763819.37,9810026.87],[763822.39,9810024.2],[763824.68,9810022.46],[763827.08,9810020.86],[763829.58,9810019.42],[763832.17,9810018.15],[763834.83,9810017.04],[763837.56,9810016.11],[763841.13,9810015.17],[763844.3,9810014.59],[763847.5,9810014.19],[763851.53,9810013.93],[763857.98,9810013.89],[763879.79,9810014.73],[763885.6,9810014.84],[763891.4,9810014.82],[763897.2,9810014.63],[763905.89,9810013.96],[763914.52,9810012.82],[763923.08,9810011.22],[763924.97,9810010.8],[763930.61,9810009.42],[763936.21,9810007.88],[763946.4,9810004.81],[763994.78,9809989.51],[764004.03,9809986.66],[764010.23,9809984.87],[764015.69,9809983.44],[764025.88,9809981.18],[764036.17,9809979.46],[764046.54,9809978.28],[764056.2,9809977.64],[764066.67,9809977.26],[764089.68,9809976.73],[764092.9,9809976.77],[764096.12,9809976.93],[764098.53,9809977.14],[764100.93,9809977.46],[764104.88,9809978.26],[764107.97,9809979.17],[764109.87,9809979.89],[764111.72,9809980.71],[764113.52,9809981.64],[764115.26,9809982.67],[764118.23,9809984.77],[764120.68,9809986.87],[764122.97,9809989.14],[764124.59,9809990.94],[764126.64,9809993.43],[764130.45,9809998.64],[764148.29,9810025.15],[764154.03,9810033.92],[764156.59,9810038.03],[764159.05,9810042.2],[764163.16,9810049.79],[764166.88,9810057.58],[764170.22,9810065.54],[764172.2,9810070.82],[764174.3,9810076.93],[764180.16,9810095.47],[764181.93,9810100.83],[764183.58,9810105.38],[764185.43,9810109.85],[764187.52,9810114.21],[764189.84,9810118.32],[764192.43,9810122.27],[764195.28,9810126.03],[764198.38,9810129.6],[764201.71,9810132.94],[764205.26,9810136.05],[764208.45,9810138.52],[764212.42,9810141.28],[764216.51,9810143.86],[764221.39,9810146.71],[764236.53,9810155.26],[764241.36,9810158.18],[764245.42,9810160.82],[764248.07,9810162.66],[764253.32,9810166.67],[764258.33,9810170.98],[764263.07,9810175.59],[764267.52,9810180.48],[764269.59,9810182.96],[764273.05,9810187.42],[764276.83,9810192.64],[764281.85,9810199.96],[764321.44,9810258.47],[764326.18,9810265.77],[764329.73,9810271.54],[764331.69,9810274.88],[764336.28,9810283.37],[764340.46,9810292.07],[764344.21,9810300.95],[764347.25,9810309.12],[764350.62,9810319.21],[764369.51,9810379.89],[764371.74,9810386.29],[764373.92,9810391.67],[764375.57,9810395.17],[764376.92,9810397.74],[764378.38,9810400.25],[764380.52,9810403.49],[764382.86,9810406.59],[764385.4,9810409.54],[764388.13,9810412.31],[764391.03,9810414.89],[764394.09,9810417.29],[764397.3,9810419.48],[764400.64,9810421.46],[764403.22,9810422.8],[764406.74,9810424.4],[764409.43,9810425.49],[764413.07,9810426.8],[764417.69,9810428.27],[764423.28,9810429.84],[764476.42,9810443.55],[764483.9,9810445.55],[764490.42,9810447.39],[764497.82,9810449.66],[764509.32,9810453.68],[764520.6,9810458.26],[764529.41,9810462.26],[764538.98,9810466.93],[764568.39,9810481.83],[764583.87,9810489.81],[764603.45,9810500.35],[764614.43,9810506.48],[764634.27,9810517.72],[764641.36,9810521.55],[764645.71,9810523.67],[764649.41,9810525.28],[764652.41,9810526.45],[764656.89,9810527.93],[764661.44,9810529.12],[764666.06,9810530.03],[764670.73,9810530.64],[764675.43,9810530.95],[764680.14,9810530.98],[764684.84,9810530.7],[764688.05,9810530.35],[764691.24,9810529.88],[764697.57,9810528.64],[764703.85,9810527.14],[764721.67,9810522.55]]]}},{"type":"Feature","properties":{"NOMBRE_EJE":"PASO LATERAL CIUDAD DE RIOBAMBA","Layer":"C-ROAD-CNTR-N"},"geometry":{"type":"MultiLineString","coordinates":[[[753309.31,9817288.84],[753329.96,9817261.92],[753331.73,9817259.77],[753333.63,9817257.74],[753335.66,9817255.84],[753337.82,9817254.08],[753340.08,9817252.47],[753342.45,9817251.01],[753344.91,9817249.71],[753347.45,9817248.58],[753350.06,9817247.62],[753352.73,9817246.83],[753355.44,9817246.22],[753358.19,9817245.79],[753360.96,9817245.55],[753363.74,9817245.48],[753366.52,9817245.61],[753369.28,9817245.91],[753372.02,9817246.4],[753374.72,9817247.07],[753377.37,9817247.91],[753447.08,9817272.73],[753453.62,9817274.81],[753460.3,9817276.44],[753467.07,9817277.6],[753473.9,9817278.3],[753523.22,9817281.62],[753526.09,9817281.71],[753528.95,9817281.6],[753531.8,9817281.31],[753534.62,9817280.82],[753537.4,9817280.13],[753540.13,9817279.26],[753542.79,9817278.21],[753545.38,9817276.98],[753547.88,9817275.57],[753550.27,9817274],[753552.55,9817272.26],[753554.71,9817270.38],[753556.73,9817268.36],[753558.62,9817266.2],[753560.35,9817263.91],[753561.92,9817261.52],[753563.32,9817259.02],[753564.55,9817256.44],[753565.61,9817253.77],[753566.48,9817251.04],[753567.16,9817248.26],[753567.65,9817245.44],[753567.94,9817242.59],[753568.04,9817239.73],[753567.95,9817236.83],[753567.66,9817233.95],[753567.17,9817231.1],[753566.49,9817228.29],[753565.61,9817225.53],[753564.55,9817222.83],[753563.3,9817220.22],[753561.87,9817217.7],[753560.28,9817215.28],[753558.52,9817212.98],[753556.61,9817210.81],[753554.55,9817208.77],[753552.36,9817206.88],[753550.04,9817205.15],[753547.61,9817203.58],[753545.07,9817202.18],[753542.45,9817200.95],[753539.75,9817199.92],[753536.98,9817199.07],[753534.16,9817198.41],[753531.3,9817197.95],[753528.42,9817197.68],[753525.52,9817197.62],[753522.63,9817197.76],[753463.95,9817202.52],[753457.19,9817202.88],[753451.38,9817202.89],[753447.52,9817202.68],[753443.67,9817202.25],[753439.86,9817201.57],[753436.5,9817200.73],[753433.2,9817199.65],[753429.98,9817198.36],[753426.86,9817196.85],[753423.85,9817195.13],[753420.96,9817193.21],[753418.21,9817191.09],[753415.61,9817188.8],[753413.17,9817186.33],[753410.9,9817183.71],[753408.82,9817180.94],[753406.93,9817178.03],[753405.25,9817175],[753403.77,9817171.86],[753402.51,9817168.63],[753401.47,9817165.32],[753400.66,9817161.95],[753400.08,9817158.53],[753399.74,9817155.08],[753399.63,9817151.61],[753399.75,9817148.14],[753400.11,9817144.69],[753400.71,9817141.28],[753401.53,9817137.91],[753402.59,9817134.6],[753403.86,9817131.38],[753405.35,9817128.25],[753407.05,9817125.23],[753408.09,9817123.59],[753409.75,9817121.21],[753412.13,9817118.16],[753414.68,9817115.24],[753417.35,9817112.44],[753420.11,9817109.74],[753423.66,9817106.44],[753461.03,9817072.97],[753465.9,9817068.74],[753469.89,9817065.47],[753472.44,9817063.49],[753479.16,9817058.77],[753486.19,9817054.51],[753493.49,9817050.75],[753501.03,9817047.5],[753508.78,9817044.76],[753516.7,9817042.57],[753524.74,9817040.92],[753532.89,9817039.83],[753541.08,9817039.3],[753544.95,9817039.24],[753548.82,9817039.28],[753556.56,9817039.56],[753582.65,9817040.92],[753591.68,9817041.32],[753600.7,9817041.53],[753609.74,9817041.42],[753617.46,9817040.98],[753626.7,9817039.94],[753635.86,9817038.34],[753644.89,9817036.17],[753653.78,9817033.44],[753658.64,9817031.69],[753665.82,9817028.81],[753674.07,9817025.14],[753685.69,9817019.53],[753754.72,9816985.18],[753761.69,9816981.82],[753768.75,9816978.63],[753773.5,9816976.63],[753777.11,9816975.21],[753780.74,9816973.89],[753784.42,9816972.66],[753792.85,9816970.29],[753801.42,9816968.49],[753810.09,9816967.27],[753818.83,9816966.64],[753827.58,9816966.59],[753836.33,9816967.14],[753845.01,9816968.27],[753853.6,9816969.99],[753862.05,9816972.28],[753870.33,9816975.13],[753878.4,9816978.54],[753883.04,9816980.79],[753888.73,9816983.83],[753895.42,9816987.74],[753901.98,9816991.85],[753930.33,9817010.53],[753935.3,9817013.52],[753939.85,9817015.95],[753944.24,9817017.97],[753948.74,9817019.73],[753953.34,9817021.2],[753958.02,9817022.4],[753962.76,9817023.32],[753967.55,9817023.94],[753972.37,9817024.28],[753975.59,9817024.34],[753979.46,9817024.28],[753983.33,9817024.09],[753988.48,9817023.72],[754215.57,9817004.2],[754235.13,9817003.12],[754254.72,9817003.24],[754274.26,9817004.56],[754627.97,9817039.31],[754648.87,9817040.81],[754669.81,9817041.22],[754690.75,9817040.53],[754711.62,9817038.74],[754798.68,9817028.99],[754751.92,9816957.04],[754729.27,9816921.12],[754719.47,9816906.54],[754708.83,9816892.56],[754653.36,9816823.88],[754650.66,9816820.26],[754648.5,9816817.05],[754646.88,9816814.26],[754645.46,9816811.37],[754644.52,9816809.05],[754643.74,9816806.67],[754643.11,9816804.25],[754642.65,9816801.79],[754642.35,9816799.3],[754642.22,9816796.8],[754642.28,9816793.65],[754642.52,9816791.09],[754643.02,9816787.9],[754644.02,9816783.5],[754645.44,9816778.53],[754660.87,9816729.93],[754662.18,9816725.61],[754663.01,9816722.5],[754663.67,9816719.34],[754664.11,9816716.14],[754664.26,9816713.57],[754664.23,9816711.63],[754664.07,9816709.71],[754663.79,9816707.8],[754663.37,9816705.91],[754662.82,9816704.06],[754662.15,9816702.25],[754661.36,9816700.48],[754660.45,9816698.78],[754659.42,9816697.14],[754658.29,9816695.58],[754657.04,9816694.1],[754655.71,9816692.71],[754654.28,9816691.41],[754652.76,9816690.21],[754651.16,9816689.12],[754649.5,9816688.14],[754647.77,9816687.28],[754645.99,9816686.54],[754644.16,9816685.92],[754642.29,9816685.43],[754640.39,9816685.06],[754638.47,9816684.83],[754636.54,9816684.73],[754633.97,9816684.8],[754631.41,9816685.1],[754628.24,9816685.74],[754625.14,9816686.63],[754621.5,9816687.92],[754617.32,9816689.63],[754547.41,9816719.53],[754543.21,9816721.19],[754538.96,9816722.73],[754536.51,9816723.53],[754530.96,9816725.11],[754525.32,9816726.36],[754519.63,9816727.28],[754516.42,9816727.65],[754512.57,9816727.99],[754508.06,9816728.26],[754485.8,9816729.05],[754476.79,9816729.62],[754474.22,9816729.86],[754465.79,9816730.99],[754457.44,9816732.64],[754451.19,9816734.2],[754443.74,9816736.33],[754354.6,9816763.52],[754347.53,9816765.53],[754340.4,9816767.28],[754262.78,9816784.86],[754257.73,9816785.93],[754253.91,9816786.55],[754251.35,9816786.84],[754249.42,9816786.96],[754247.48,9816786.98],[754245.55,9816786.91],[754242.25,9816786.5],[754240.27,9816786.07],[754238.32,9816785.51],[754236.41,9816784.82],[754234.55,9816784],[754232.76,9816783.06],[754231.03,9816782],[754229.37,9816780.82],[754227.8,9816779.54],[754226.32,9816778.15],[754224.94,9816776.66],[754223.66,9816775.09],[754222.49,9816773.43],[754221.43,9816771.69],[754220.5,9816769.89],[754219.69,9816768.03],[754219,9816766.12],[754218.45,9816764.17],[754218.03,9816762.18],[754217.75,9816760.17],[754217.6,9816758.15],[754217.59,9816756.12],[754217.71,9816754.1],[754218.21,9816750.81],[754218.66,9816748.93],[754219.21,9816747.08],[754220.08,9816744.65],[754221.08,9816742.27],[754222.46,9816739.35],[754224.24,9816735.92],[754277.71,9816637.36],[754281.04,9816631.68],[754284.73,9816626.23],[754288.78,9816621.04],[754293.16,9816616.12],[754297.85,9816611.5],[754302.83,9816607.21],[754308.09,9816603.24],[754313.6,9816599.64],[754453.69,9816514.33],[754460.11,9816510.69],[754466.73,9816507.45],[754473.55,9816504.62],[754480.52,9816502.22],[754487.63,9816500.25],[754582.12,9816477.17],[754594.28,9816473.79],[754606.2,9816469.65],[754617.84,9816464.76],[754706.79,9816424.06],[754712.62,9816421.28],[754717.8,9816418.68],[754728.86,9816412.48],[754739.5,9816405.6],[754744.23,9816402.23],[754749.4,9816398.38],[754761.84,9816388.83],[754768.94,9816383.25],[754772.93,9816379.98],[754780.97,9816373],[754788.72,9816365.7],[754792.83,9816361.59],[754798.64,9816355.55],[754815.78,9816337.43],[754823.02,9816330.08],[754824.41,9816328.73],[754832.33,9816321.54],[754840.61,9816314.78],[754845.77,9816310.91],[754852.6,9816306.04],[754941.93,9816243.89],[754946.64,9816240.49],[754950.77,9816237.39],[754958.87,9816230.84],[754966.64,9816223.89],[754972.19,9816218.5],[754978.08,9816212.52],[755002.84,9816186.94],[755011.49,9816178.26],[755026.75,9816164.26],[755034.65,9816157.62],[755051.2,9816144.1],[755055.13,9816140.76],[755058.5,9816137.75],[755060.38,9816135.98],[755065.53,9816130.71],[755070.35,9816125.13],[755073.14,9816121.58],[755075.82,9816117.94],[755078.8,9816113.72],[755094.58,9816090.61],[755098.14,9816085.23],[755100.8,9816080.81],[755102.33,9816077.97],[755103.46,9816075.65],[755104.79,9816072.53],[755105.94,9816069.34],[755106.92,9816066.1],[755107.7,9816062.8],[755108.3,9816059.46],[755108.7,9816056.26],[755108.96,9816053.05],[755109.11,9816049.18],[755109.14,9816044.66],[755107.67,9815956.23],[755107.62,9815947.84],[755107.74,9815941.39],[755108.68,9815927.55],[755109.19,9815923.06],[755110.42,9815914.11],[755114.13,9815889.69],[755115.33,9815880.08],[755115.51,9815878.16],[755116.1,9815868.22],[755116.06,9815858.27],[755115.63,9815850.54],[755114.79,9815840.9],[755100.27,9815691.65],[755099.36,9815684.75],[755097.97,9815677.94],[755096.1,9815671.24],[755093.78,9815664.68],[755091.01,9815658.3],[755069.15,9815612.42],[755067.58,9815608.88],[755066.42,9815605.87],[755065.64,9815603.41],[755065.02,9815600.91],[755064.6,9815598.36],[755064.44,9815596.43],[755064.42,9815594.73],[755064.52,9815593.03],[755064.73,9815591.34],[755065.06,9815589.66],[755065.5,9815588.02],[755066.05,9815586.4],[755066.71,9815584.83],[755067.48,9815583.31],[755068.35,9815581.85],[755069.32,9815580.44],[755070.38,9815579.11],[755071.52,9815577.85],[755072.76,9815576.67],[755074.06,9815575.58],[755075.44,9815574.58],[755076.89,9815573.67],[755078.39,9815572.87],[755079.95,9815572.17],[755081.55,9815571.58],[755083.18,9815571.1],[755097.93,9815567.9],[755102.33,9815566.87],[755107.28,9815565.44],[755109.71,9815564.57],[755111.5,9815563.83],[755113.83,9815562.72],[755116.41,9815561.24],[755118.33,9815559.94],[755120.16,9815558.5],[755121.89,9815556.95],[755123.51,9815555.29],[755125.02,9815553.53],[755126.41,9815551.67],[755127.68,9815549.72],[755128.81,9815547.69],[755129.8,9815545.59],[755131.07,9815542.21],[755131.61,9815540.35],[755132.19,9815537.83],[755132.74,9815534.65],[755133.19,9815530.81],[755134.36,9815512.89],[755134.78,9815508.39],[755135.36,9815503.92],[755135.79,9815501.37],[755136.87,9815496.41],[755138.26,9815491.52],[755139.96,9815486.73],[755141.96,9815482.06],[755142.8,9815480.32],[755144.58,9815476.88],[755146.48,9815473.51],[755150.17,9815467.44],[755164.91,9815444],[755168.13,9815439.17],[755170.83,9815435.55],[755173.78,9815432.14],[755176.73,9815429.28],[755178.9,9815427.47],[755181.18,9815425.81],[755183.56,9815424.29],[755186.03,9815422.93],[755188.58,9815421.72],[755191.2,9815420.67],[755193.03,9815420.05],[755197.39,9815418.86],[755201.81,9815417.97],[755206.28,9815417.29],[755222.26,9815415.14],[755226.71,9815414.37],[755231.12,9815413.43],[755237.03,9815411.77],[755241.59,9815410.15],[755246.04,9815408.25],[755250.37,9815406.09],[755253.18,9815404.5],[755255.94,9815402.83],[755261.85,9815398.9],[755275.19,9815389.42],[755279.33,9815386.34],[755282.9,9815383.58],[755284.91,9815381.95],[755290.6,9815376.99],[755296.02,9815371.73],[755301.14,9815366.19],[755302.41,9815364.72],[755306.1,9815360.24],[755310.07,9815355.16],[755336.11,9815320.69],[755339.11,9815316.5],[755342,9815312.22],[755346.37,9815304.93],[755349.66,9815298.51],[755352.56,9815291.91],[755355.06,9815285.15],[755355.86,9815282.7],[755357.32,9815277.75],[755358.81,9815272.14],[755366.52,9815240.86],[755367.58,9815237.14],[755368.85,9815233.48],[755369.87,9815231.11],[755371.07,9815228.83],[755372.45,9815226.65],[755373.87,9815224.83],[755375,9815223.59],[755376.21,9815222.44],[755377.49,9815221.37],[755378.84,9815220.39],[755380.25,9815219.5],[755381.72,9815218.7],[755383.23,9815218.01],[755384.79,9815217.42],[755386.39,9815216.93],[755388.02,9815216.55],[755389.66,9815216.28],[755391.33,9815216.12],[755392.99,9815216.07],[755394.66,9815216.14],[755396.32,9815216.31],[755397.97,9815216.6],[755399.59,9815216.99],[755401.18,9815217.49],[755402.74,9815218.1],[755405.05,9815219.23],[755407.26,9815220.57],[755409.36,9815222.07],[755411.36,9815223.7],[755413.27,9815225.43],[755415.58,9815227.69],[755427.21,9815239.76],[755430.88,9815243.39],[755433.28,9815245.55],[755435.27,9815247.19],[755437.35,9815248.71],[755439.52,9815250.11],[755442.17,9815251.54],[755444.32,9815252.5],[755446.54,9815253.31],[755448.8,9815253.97],[755451.1,9815254.48],[755453.44,9815254.83],[755455.79,9815255.02],[755458.15,9815255.05],[755460.5,9815254.93],[755462.84,9815254.64],[755465.16,9815254.2],[755467.44,9815253.6],[755469.68,9815252.86],[755471.86,9815251.96],[755473.98,9815250.92],[755476.02,9815249.73],[755477.98,9815248.42],[755479.84,9815246.97],[755482.07,9815244.95],[755483.84,9815243.08],[755485.09,9815241.6],[755486.66,9815239.55],[755488.14,9815237.44],[755489.88,9815234.73],[755492.2,9815230.85],[755504.76,9815209.12],[755507.12,9815205.26],[755508.94,9815202.6],[755510.53,9815200.56],[755512.24,9815198.64],[755513.62,9815197.28],[755515.6,9815195.63],[755517.01,9815194.63],[755518.49,9815193.74],[755520.03,9815192.95],[755521.62,9815192.27],[755523.25,9815191.7],[755524.92,9815191.24],[755526.62,9815190.91],[755528.33,9815190.69],[755530.06,9815190.58],[755531.79,9815190.6],[755533.51,9815190.74],[755536.48,9815191.26],[755539.57,9815192.18],[755542.55,9815193.41],[755545.43,9815194.87],[755547.67,9815196.15],[755550.4,9815197.87],[755565.23,9815207.63],[755570.12,9815210.77],[755575.11,9815213.74],[755579.67,9815216.16],[755584.73,9815218.44],[755589.94,9815220.37],[755595.28,9815221.93],[755600.7,9815223.12],[755606.2,9815223.92],[755611.74,9815224.34],[755613.68,9815224.4],[755617.55,9815224.39],[755622.06,9815224.22],[755628.5,9815223.77],[755660.34,9815221.13],[755666.78,9815220.7],[755671.93,9815220.47],[755683.22,9815220.41],[755689.66,9815220.65],[755696.75,9815221.07],[755755.62,9815225.4],[755760.75,9815225.9],[755765.24,9815226.43],[755773.37,9815227.72],[755780.81,9815229.28],[755788.93,9815231.37],[755796.36,9815233.53],[755822.33,9815241.35],[755829.16,9815243.28],[755832.92,9815244.22],[755836.7,9815245.05],[755843.61,9815246.2],[755849.95,9815246.82],[755856.31,9815247.03],[755861.47,9815246.92],[755865.33,9815246.7],[755870.48,9815246.29],[755893.39,9815244.06],[755896.61,9815243.82],[755899.83,9815243.69],[755903.06,9815243.69],[755905.63,9815243.82],[755908.2,9815244.1],[755911.28,9815244.64],[755913.68,9815245.24],[755916.05,9815245.99],[755918.36,9815246.88],[755920.62,9815247.92],[755922.8,9815249.09],[755924.45,9815250.1],[755926.59,9815251.55],[755929.65,9815253.92],[755932.57,9815256.46],[755935.4,9815259.1],[755948.13,9815271.42],[755951.95,9815274.88],[755955.4,9815277.79],[755960.33,9815281.53],[755964.93,9815284.62],[755969.7,9815287.45],[755973.69,9815289.56],[755977.75,9815291.53],[755983.04,9815293.92],[756012.48,9815306.64],[756019.04,9815309.34],[756023.9,9815311.08],[756028.86,9815312.51],[756032.78,9815313.34],[756036.75,9815313.9],[756040.75,9815314.19],[756044.76,9815314.22],[756048.76,9815313.98],[756052.74,9815313.48],[756056.67,9815312.71],[756060.54,9815311.68],[756064.34,9815310.39],[756068.04,9815308.85],[756070.94,9815307.44],[756073.77,9815305.9],[756077.65,9815303.58],[756082.51,9815300.41],[756141.52,9815260.57],[756147.45,9815256.67],[756152.4,9815253.64],[756156.93,9815251.17],[756161.12,9815249.2],[756165.41,9815247.48],[756169.8,9815246],[756174.26,9815244.78],[756178.79,9815243.83],[756181.33,9815243.4],[756185.81,9815242.83],[756190.31,9815242.42],[756211.14,9815241.17],[756220.78,9815240.32],[756231.1,9815238.88],[756241.32,9815236.83],[756249.46,9815234.79],[756258.77,9815232.17],[756407.77,9815189.05],[756436.05,9815179.95],[756493.22,9815159.66],[756505.96,9815155.61],[756518.94,9815152.42],[756532.11,9815150.11],[756545.4,9815148.68],[756631.54,9815142.32],[756641.47,9815141.34],[756651.33,9815139.86],[756661.12,9815137.89],[756730.59,9815122.11],[756742.43,9815119.03],[756754.06,9815115.24],[756765.43,9815110.75],[756776.51,9815105.57],[756833.16,9815077],[756836.99,9815075.31],[756840.54,9815074],[756844.15,9815072.92],[756847.83,9815072.07],[756851.56,9815071.45],[756855.31,9815071.07],[756858.54,9815070.92],[756862.73,9815070.89],[756882.44,9815071.11],[756892.12,9815070.98],[756906.12,9815070.08],[756920.03,9815068.29],[756933.8,9815065.62],[756947.37,9815062.08],[756957.21,9815058.97],[756982.36,9815050.32],[756989.73,9815047.97],[756993.47,9815046.94],[756997.23,9815046.06],[757001.64,9815045.26],[757006.08,9815044.7],[757010.55,9815044.4],[757012.49,9815044.35],[757015.71,9815044.35],[757019.58,9815044.48],[757027.31,9815045],[757068.67,9815048.49],[757071.89,9815048.65],[757075.11,9815048.68],[757078.34,9815048.55],[757080.9,9815048.29],[757082.82,9815048],[757085.36,9815047.45],[757087.86,9815046.73],[757090.31,9815045.84],[757092.69,9815044.78],[757094.99,9815043.56],[757097.2,9815042.19],[757099.32,9815040.67],[757101.32,9815039.01],[757103.21,9815037.22],[757104.97,9815035.3],[757106.59,9815033.26],[757108.07,9815031.12],[757109.4,9815028.89],[757110.58,9815026.56],[757111.59,9815024.16],[757112.44,9815021.7],[757113.11,9815019.19],[757113.61,9815016.63],[757113.94,9815014.05],[757114.09,9815011.45],[757114.06,9815008.85],[757113.85,9815006.25],[757113.46,9815003.68],[757112.9,9815001.14],[757112.17,9814998.64],[757111.26,9814996.2],[757110.19,9814993.82],[757108.97,9814991.53],[757107.24,9814988.8],[757104.92,9814985.71],[757102.83,9814983.25],[757100.19,9814980.41],[757087.14,9814967.33],[757084.02,9814964.07],[757081.41,9814961.21],[757078.9,9814958.27],[757074.86,9814953.01],[757071.17,9814947.5],[757067.86,9814941.75],[757064.93,9814935.8],[757062.41,9814929.66],[757060.3,9814923.38],[757058.61,9814916.97],[757057.35,9814910.45],[757056.52,9814903.87],[757056.13,9814897.25],[757056.18,9814890.62],[757056.57,9814884.83],[757057.04,9814880.34],[757057.7,9814875.22],[757061.9,9814845.62],[757063.24,9814837.34],[757064.52,9814831.02],[757066.39,9814823.84],[757068.71,9814816.78],[757071.71,9814809.3],[757073.6,9814805.2],[757075.6,9814801.15],[757079.81,9814793.16],[757162.63,9814639.01],[757169.56,9814625.29],[757175.77,9814611.23],[757181.26,9814596.87],[757231.05,9814455.81],[757237.9,9814434.54],[757243.55,9814412.92],[757269.43,9814301.17],[757273.08,9814286.13],[757279.6,9814263.64],[757280.39,9814261.19],[757283.91,9814250.8],[757295.48,9814217.63],[757298.95,9814207.23],[757303.68,9814191.41],[757307.75,9814175.42],[757311.04,9814160.29],[757330.06,9814068.2],[757331.44,9814061.24],[757332.33,9814056.16],[757333.18,9814049.77],[757333.65,9814043.26],[757333.68,9814036.74],[757333.3,9814030.23],[757332.48,9814023.76],[757331.56,9814018.68],[757330.28,9814013.02],[757322.92,9813984.65],[757321.57,9813979],[757320.5,9813973.96],[757318.99,9813964.98],[757318,9813955.92],[757317.52,9813946.83],[757317.47,9813941.02],[757317.62,9813933.93],[757319.13,9813894.44],[757320,9813875.41],[757321.86,9813840.98],[757322.18,9813833.89],[757322.28,9813829.37],[757322.26,9813825.5],[757321.86,9813817.51],[757321.1,9813810.83],[757319.98,9813804.21],[757318.72,9813798.54],[757316.41,9813789.81],[757308.04,9813760.48],[757306.57,9813754.86],[757305.38,9813749.84],[757303.46,9813739.52],[757302.22,9813729.1],[757301.66,9813718.61],[757301.63,9813713.45],[757301.75,9813707.65],[757302.04,9813699.91],[757302.64,9813685.95],[757303.09,9813678.87],[757303.83,9813671.81],[757304.66,9813666.59],[757305.74,9813661.41],[757307.06,9813656.29],[757307.99,9813653.2],[757309.41,9813648.92],[757311.16,9813644.06],[757333.81,9813585.32],[757336.5,9813578.76],[757338.17,9813575.27],[757339.71,9813572.44],[757341.44,9813569.71],[757343.39,9813567.11],[757345.11,9813565.14],[757346.94,9813563.29],[757348.9,9813561.56],[757350.96,9813559.96],[757353.12,9813558.5],[757355.38,9813557.19],[757357.71,9813556.02],[757360.12,9813555.01],[757362.58,9813554.16],[757365.1,9813553.47],[757367.66,9813552.95],[757370.85,9813552.52],[757374.07,9813552.32],[757377.3,9813552.29],[757381.17,9813552.43],[757385.67,9813552.74],[757441.94,9813557.31],[757447.08,9813557.83],[757452.2,9813558.48],[757461.92,9813560.14],[757470.89,9813562.24],[757479.73,9813564.85],[757488.4,9813567.96],[757493.18,9813569.91],[757497.91,9813571.98],[757518.9,9813581.62],[757523.65,9813583.63],[757527.86,9813585.27],[757534.73,9813587.56],[757541.73,9813589.44],[757548.83,9813590.89],[757556.01,9813591.91],[757563.23,9813592.49],[757565.81,9813592.6],[757570.97,9813592.67],[757576.78,9813592.59],[757706.9,9813588.32],[757713.98,9813587.9],[757720.4,9813587.23],[757727.24,9813586.07],[757734.61,9813584.27],[757739.54,9813582.74],[757745.62,9813580.58],[757783.85,9813565.79],[757804.5,9813558.3],[757814.88,9813554.77],[757839.92,9813546.46],[757847.2,9813543.84],[757850.19,9813542.63],[757853.14,9813541.32],[757858.79,9813538.39],[757863.11,9813535.71],[757867.23,9813532.75],[757871.15,9813529.52],[757874.84,9813526.03],[757878.28,9813522.29],[757881.46,9813518.34],[757884.37,9813514.17],[757886.99,9813509.82],[757889.36,9813505.24],[757891.99,9813499.35],[757903.41,9813470.55],[757905.15,9813466.39],[757907.01,9813462.27],[757909.35,9813457.67],[757911.97,9813453.22],[757914.87,9813448.95],[757918.04,9813444.87],[757921.47,9813441],[757925.14,9813437.37],[757927.55,9813435.22],[757930.53,9813432.75],[757936.69,9813428.06],[757956.93,9813413.47],[757960.01,9813411.13],[757963.01,9813408.68],[757965.89,9813406.09],[757968.15,9813403.79],[757970.35,9813401.25],[757972.38,9813398.57],[757974.22,9813395.75],[757975.87,9813392.82],[757977.32,9813389.79],[757978.56,9813386.66],[757979.58,9813383.46],[757980.39,9813380.2],[757980.98,9813376.88],[757981.34,9813373.54],[757981.48,9813370.18],[757981.4,9813366.82],[757981.08,9813363.47],[757980.55,9813360.15],[757979.79,9813356.88],[757978.81,9813353.66],[757977.62,9813350.52],[757976.22,9813347.46],[757974.61,9813344.5],[757972.81,9813341.66],[757970.92,9813339.05],[757968.04,9813335.57],[757964.52,9813331.8],[757945.94,9813313.57],[757943.22,9813310.81],[757941.03,9813308.45],[757938.52,9813305.5],[757936.21,9813302.4],[757934.05,9813298.96],[757932.77,9813296.51],[757931.64,9813293.98],[757930.66,9813291.4],[757929.85,9813288.75],[757929.2,9813286.06],[757928.64,9813282.89],[757928.23,9813279.04],[757928.01,9813274.53],[757927.98,9813270.01],[757928.16,9813256.19],[757928.09,9813253.29],[757927.89,9813250.39],[757927.41,9813247.04],[757926.58,9813243.7],[757925.93,9813241.82],[757925.15,9813239.99],[757924.26,9813238.21],[757923.25,9813236.5],[757922.13,9813234.86],[757920.9,9813233.29],[757919.57,9813231.81],[757918.14,9813230.42],[757916.63,9813229.13],[757915.03,9813227.94],[757913.41,9813226.89],[757910.44,9813225.26],[757907.36,9813223.85],[757904.22,9813222.59],[757891.91,9813217.96],[757888.34,9813216.48],[757885.41,9813215.12],[757882.55,9813213.62],[757879.79,9813211.95],[757876.96,9813209.93],[757874.78,9813208.11],[757872.73,9813206.14],[757870.82,9813204.05],[757869.05,9813201.82],[757867.44,9813199.49],[757865.99,9813197.05],[757864.71,9813194.52],[757863.6,9813191.9],[757862.67,9813189.22],[757861.92,9813186.48],[757861.36,9813183.7],[757860.99,9813180.88],[757860.81,9813178.05],[757860.82,9813175.21],[757861.03,9813172.38],[757861.42,9813169.57],[757862,9813166.79],[757862.77,9813164.06],[757863.73,9813161.38],[757864.86,9813158.78],[757866.16,9813156.26],[757867.63,9813153.83],[757869.27,9813151.51],[757871.05,9813149.3],[757872.98,9813147.22],[757875.05,9813145.28],[757877.24,9813143.47],[757879.55,9813141.82],[757883.1,9813139.71],[757886.59,9813138.03],[757890.79,9813136.38],[757893.84,9813135.34],[757897.54,9813134.21],[757935.84,9813123.11],[757939.52,9813121.89],[757942.55,9813120.78],[757945.53,9813119.54],[757947.86,9813118.44],[757951.15,9813116.66],[757954.31,9813114.66],[757957.33,9813112.44],[757960.19,9813110.03],[757962.88,9813107.43],[757965.39,9813104.65],[757967.7,9813101.7],[757969.81,9813098.61],[757971.7,9813095.38],[757973.37,9813092.03],[757974.81,9813088.57],[757976,9813085.02],[757976.96,9813081.4],[757977.66,9813077.73],[757978.11,9813074.01],[757978.31,9813070.27],[757978.26,9813066.53],[757977.95,9813062.8],[757977.38,9813059.1],[757976.85,9813056.57],[757976.05,9813053.45],[757975.11,9813050.37],[757973.86,9813046.7],[757952.98,9812992.17],[757951.27,9812987.3],[757950.21,9812983.58],[757949.55,9812980.42],[757949.16,9812977.22],[757949.09,9812973.89],[757949.23,9812971.85],[757949.51,9812969.82],[757949.92,9812967.82],[757950.48,9812965.86],[757951.16,9812963.93],[757951.97,9812962.06],[757952.91,9812960.24],[757953.97,9812958.49],[757955.15,9812956.82],[757956.44,9812955.24],[757957.83,9812953.74],[757959.32,9812952.34],[757960.91,9812951.05],[757962.57,9812949.87],[757964.32,9812948.81],[757966.13,9812947.86],[757968,9812947.04],[757969.93,9812946.36],[757971.89,9812945.8],[757973.89,9812945.38],[757975.92,9812945.09],[757977.96,9812944.95],[757980,9812944.94],[757982.68,9812945.15],[757985.86,9812945.69],[757988.98,9812946.51],[757992.64,9812947.76],[757997.99,9812950.02],[758020.93,9812960.55],[758024.53,9812961.99],[758027.6,9812962.96],[758030.12,9812963.53],[758032.03,9812963.81],[758033.96,9812963.94],[758035.9,9812963.9],[758038.55,9812963.54],[758039.85,9812963.23],[758042.38,9812962.35],[758043.6,9812961.78],[758045.9,9812960.41],[758046.97,9812959.62],[758048.96,9812957.81],[758050.68,9812955.77],[758052.11,9812953.51],[758053.23,9812951.07],[758054.02,9812948.51],[758054.45,9812945.97],[758054.58,9812944.04],[758054.54,9812941.46],[758054.28,9812938.89],[758053.73,9812935.72],[758052.66,9812931.33],[758045.83,9812906.37],[758045.28,9812903.85],[758044.85,9812901.31],[758044.64,9812899.38],[758044.54,9812897.45],[758044.62,9812894.87],[758044.98,9812892.32],[758045.46,9812890.41],[758046.4,9812887.94],[758047.66,9812885.61],[758049.21,9812883.47],[758051.03,9812881.55],[758053.09,9812879.89],[758054.2,9812879.17],[758055.9,9812878.24],[758057.07,9812877.71],[758058.88,9812877.03],[758061.99,9812876.18],[758065.81,9812875.55],[758068.38,9812875.29],[758071.6,9812875.09],[758121.02,9812872.79],[758130.03,9812872.14],[758135.8,9812871.45],[758142,9812870.33],[758148.12,9812868.83],[758154.13,9812866.94],[758159.56,9812864.89],[758165.49,9812862.35],[758193.96,9812849.15],[758202.68,9812844.95],[758206.1,9812843.13],[758209.45,9812841.2],[758214.9,9812837.58],[758219.06,9812834.36],[758223,9812830.88],[758226.7,9812827.14],[758230.14,9812823.17],[758233.32,9812818.98],[758236.21,9812814.6],[758238.81,9812810.03],[758240.81,9812805.98],[758242.88,9812801.25],[758245.94,9812793.44],[758266.76,9812737.95],[758269.02,9812731.22],[758270.55,9812725.62],[758271.64,9812720.27],[758272.36,9812714.86],[758272.71,9812709.41],[758272.68,9812703.96],[758272.29,9812698.51],[758271.52,9812693.11],[758270.39,9812687.77],[758268.81,9812682.18],[758267.38,9812677.9],[758265.37,9812672.45],[758240.89,9812608.89],[758239.02,9812603.4],[758238.34,9812600.91],[758237.79,9812598.39],[758237.48,9812596.48],[758237.28,9812594.55],[758237.2,9812591.22],[758237.34,9812589.18],[758237.62,9812587.15],[758238.03,9812585.15],[758238.58,9812583.19],[758239.26,9812581.26],[758240.07,9812579.38],[758241.01,9812577.57],[758242.07,9812575.82],[758243.24,9812574.15],[758244.53,9812572.56],[758245.92,9812571.06],[758247.41,9812569.66],[758248.99,9812568.37],[758250.66,9812567.18],[758252.4,9812566.12],[758254.21,9812565.17],[758256.08,9812564.35],[758258.01,9812563.66],[758259.97,9812563.1],[758261.97,9812562.68],[758263.89,9812562.4],[758266.46,9812562.2],[758268.39,9812562.17],[758270.97,9812562.26],[758276.11,9812562.76],[758317.58,9812569.31],[758324.63,9812570.17],[758330.42,9812570.55],[758335.88,9812570.55],[758341.33,9812570.18],[758346.74,9812569.43],[758352.09,9812568.32],[758357.35,9812566.84],[758360.4,9812565.8],[758363.42,9812564.66],[758368.19,9812562.68],[758373.48,9812560.3],[758476.94,9812512.5],[758481.01,9812510.54],[758484.45,9812508.76],[758487.25,9812507.17],[758489.99,9812505.46],[758491.58,9812504.36],[758494.3,9812502.27],[758496.88,9812500.01],[758499.31,9812497.59],[758501.58,9812495.02],[758503.68,9812492.31],[758505.59,9812489.47],[758506.92,9812487.25],[758508.14,9812484.98],[758510.62,9812479.73],[758513.07,9812473.76],[758517.39,9812462.56],[758518.82,9812458.27],[758519.96,9812453.91],[758520.62,9812450.09],[758520.89,9812446.92],[758520.91,9812444.38],[758520.77,9812441.85],[758520.45,9812439.33],[758519.97,9812436.84],[758519.32,9812434.39],[758518.51,9812431.98],[758517.54,9812429.64],[758516.42,9812427.36],[758514.43,9812424.04],[758512.18,9812420.89],[758510.15,9812418.39],[758507.59,9812415.48],[758497.98,9812405.21],[758494.08,9812400.91],[758490.74,9812396.97],[758487.99,9812393.39],[758484.95,9812388.91],[758482.22,9812384.23],[758479.81,9812379.38],[758477.73,9812374.38],[758476.66,9812371.34],[758475.68,9812368.27],[758474.63,9812364.54],[758473.5,9812360.17],[758450.61,9812264.37],[758448.44,9812255.6],[758446.17,9812247.53],[758443.47,9812239.49],[758440.36,9812231.6],[758436.83,9812223.89],[758432.89,9812216.38],[758429.32,9812210.25],[758424.18,9812202.05],[758386.59,9812143.56],[758383.21,9812138.07],[758380.37,9812133],[758378.93,9812130.12],[758376.8,9812125.27],[758375,9812120.3],[758373.53,9812115.21],[758372.4,9812110.04],[758371.62,9812104.8],[758371.19,9812099.53],[758371.1,9812094.24],[758371.36,9812088.95],[758371.98,9812083.69],[758372.94,9812078.49],[758374.24,9812073.36],[758375.88,9812068.33],[758377.84,9812063.41],[758380.13,9812058.64],[758383.07,9812053.48],[758384.81,9812050.77],[758387.03,9812047.59],[758390.11,9812043.45],[758394.1,9812038.38],[758468.97,9811944.11],[758471.81,9811940.6],[758474.33,9811937.66],[758477.41,9811934.36],[758480.71,9811931.27],[758483.92,9811928.72],[758486.79,9811926.77],[758489.79,9811925.03],[758492.9,9811923.5],[758496.11,9811922.19],[758499.4,9811921.11],[758502.76,9811920.26],[758506.17,9811919.64],[758510.9,9811919.17],[758513.48,9811919.1],[758516.7,9811919.16],[758521.85,9811919.52],[758528.9,9811920.33],[758543.35,9811922.16],[758547.18,9811922.74],[758550.99,9811923.44],[758556.01,9811924.63],[758560.76,9811926.16],[758564.19,9811927.54],[758567.53,9811929.13],[758570.76,9811930.93],[758573.88,9811932.92],[758576.86,9811935.1],[758579.71,9811937.46],[758582.54,9811940.11],[758585.66,9811943.37],[758588.63,9811946.77],[758592.73,9811951.75],[758707.86,9812093.67],[758729.69,9812122.29],[758749.76,9812152.17],[758888.69,9812373.02],[758893.44,9812380.7],[758897.37,9812387.37],[758902.59,9812397.15],[758907.32,9812407.18],[758910.58,9812414.91],[758914.13,9812423.91],[758962.15,9812547.77],[758965.26,9812555.56],[758968.05,9812562.08],[758973.84,9812573.99],[758980.41,9812585.48],[758983.17,9812589.84],[758986.73,9812595.22],[759009.36,9812628.2],[759015.07,9812636.8],[759018.48,9812642.28],[759021.69,9812647.87],[759024.09,9812652.44],[759026.31,9812657.1],[759029.16,9812664.11],[759031.52,9812671.3],[759033.38,9812678.64],[759034.73,9812686.08],[759035.56,9812693.61],[759035.88,9812701.17],[759035.68,9812708.73],[759034.96,9812716.27],[759033.72,9812723.73],[759031.97,9812731.09],[759029.72,9812738.32],[759026.97,9812745.37],[759023.75,9812752.22],[759020.07,9812758.83],[759015.94,9812765.17],[759011.38,9812771.21],[759006.42,9812776.93],[759000.13,9812783.16],[758997.23,9812785.73],[758993.25,9812789.01],[758989.15,9812792.15],[758984.97,9812795.18],[758976.42,9812800.96],[758960.77,9812811.08],[758956.01,9812814.39],[758953.45,9812816.35],[758950.98,9812818.43],[758949.55,9812819.74],[758947.02,9812822.31],[758944.67,9812825.04],[758942.51,9812827.94],[758940.56,9812830.97],[758938.81,9812834.12],[758937.29,9812837.39],[758935.99,9812840.76],[758934.92,9812844.2],[758934.09,9812847.71],[758933.5,9812851.27],[758933.15,9812854.86],[758933.04,9812858.47],[758933.19,9812862.07],[758933.67,9812866.29],[758934.12,9812868.84],[758934.68,9812871.36],[758935.67,9812875.1],[758936.8,9812878.8],[758940.8,9812890.46],[758941.95,9812893.47],[758943.21,9812896.44],[758944.32,9812898.77],[758945.55,9812901.04],[758946.89,9812903.24],[758947.88,9812904.68],[758949.33,9812906.57],[758951.9,9812909.46],[758954.69,9812912.15],[758957.12,9812914.27],[758960.13,9812916.71],[758975.46,9812928.5],[758977.68,9812930.37],[758979.37,9812931.97],[758981.29,9812934.14],[758982.63,9812936.04],[758983.73,9812938.08],[758984.17,9812939.15],[758984.59,9812940.43],[758984.88,9812941.74],[758985.04,9812942.89],[758985.13,9812944.05],[758985.11,9812945.79],[758984.76,9812948.67],[758984.09,9812951.5],[758983.39,9812953.71],[758982.37,9812956.43],[758972.96,9812979.73],[758971.13,9812984.55],[758970.16,9812987.63],[758969.52,9812990.13],[758969.05,9812992.67],[758968.79,9812995.23],[758968.75,9812997.17],[758968.83,9812998.85],[758969.03,9813000.52],[758969.33,9813002.17],[758969.75,9813003.81],[758970.28,9813005.4],[758970.91,9813006.96],[758971.65,9813008.48],[758972.49,9813009.94],[758973.42,9813011.34],[758974.45,9813012.67],[758975.56,9813013.93],[758976.76,9813015.12],[758978.03,9813016.22],[758979.37,9813017.23],[758980.78,9813018.15],[758982.25,9813018.98],[758983.77,9813019.7],[758985.34,9813020.32],[758988.19,9813021.15],[758990.73,9813021.61],[758993.3,9813021.86],[758996.52,9813021.92],[758999.74,9813021.77],[759004.88,9813021.24],[759039,9813017.06],[759059.56,9813015],[759072.42,9813013.96],[759120.16,9813010.4],[759133.02,9813009.29],[759153.96,9813006.69],[759164.15,9813005.06],[759190.62,9813000.52],[759196.37,9812999.65],[759201.49,9812999.01],[759208.91,9812998.37],[759216.35,9812998.07],[759224.45,9812998.14],[759230.89,9812998.47],[759238.61,9812999.08],[759286.36,9813003.51],[759299.85,9813004.84],[759319.22,9813007.12],[759324.33,9813007.8],[759377.91,9813015.42],[759390.69,9813017.15],[759410.53,9813019.41],[759422.1,9813020.48],[759584.49,9813034.29],[759616.69,9813036.45],[759818.28,9813046.32],[759826.65,9813046.78],[759833.73,9813047.26],[759855.91,9813049.78],[759864.83,9813051.23],[759883.92,9813054.68],[759890.91,9813055.86],[759897.3,9813056.77],[759905.65,9813057.63],[759915.32,9813058.13],[759919.84,9813058.2],[759925.64,9813058.17],[760006.89,9813056.3],[760013.33,9813055.92],[760018.45,9813055.32],[760021,9813054.89],[760024.67,9813054.06],[760028.28,9813053.01],[760031.82,9813051.73],[760035.27,9813050.24],[760038.62,9813048.53],[760041.85,9813046.61],[760044.96,9813044.49],[760047.52,9813042.53],[760050.48,9813040.03],[760053.79,9813036.96],[760057.46,9813033.33],[760114.07,9812975.6],[760122.32,9812967.42],[760125.62,9812964.34],[760132.89,9812958.05],[760140.49,9812952.16],[760148.39,9812946.68],[760154.95,9812942.56],[760163.28,9812937.65],[760292.89,9812862.77],[760306.93,9812854.84],[760324.82,9812845.67],[760330.07,9812843.19],[760389.29,9812816.41],[760398.65,9812812.05],[760403.27,9812809.75],[760412.27,9812804.83],[760421.01,9812799.47],[760429.47,9812793.66],[760437.18,9812787.82],[760484.68,9812749.67],[760494.31,9812742.09],[760514.77,9812727.35],[760527.73,9812718.89],[760675.42,9812624.7],[760688.42,9812616.28],[760710.8,9812600.56],[760719.54,9812593.93],[760739.88,9812578.19],[760747.6,9812572.36],[760770.56,9812556.43],[760780.91,9812549.87],[760805.8,9812534.51],[760811.88,9812530.85],[760816.92,9812527.97],[760827.08,9812522.71],[760836.92,9812518.29],[760839.91,9812517.07],[760845.32,9812514.97],[760852.59,9812512.3],[760992.39,9812461.95],[760998.38,9812459.56],[761003.67,9812457.16],[761008.91,9812454.37],[761013.95,9812451.23],[761018.78,9812447.78],[761023.37,9812444.01],[761026.22,9812441.4],[761028.99,9812438.69],[761034.32,9812433.08],[761060.67,9812404.2],[761068.15,9812396.18],[761069.94,9812394.31],[761086.45,9812378.3],[761093.69,9812371.88],[761108.88,9812358.81],[761114.21,9812354.13],[761118.96,9812349.76],[761125.85,9812342.96],[761132.41,9812335.85],[761138.26,9812328.97],[761171,9812288.13],[761175.12,9812283.17],[761178.61,9812279.37],[761181.89,9812276.26],[761185.56,9812273.32],[761188.4,9812271.4],[761191.36,9812269.69],[761194.44,9812268.18],[761197.61,9812266.88],[761200.86,9812265.81],[761204.17,9812264.96],[761207.54,9812264.34],[761210.94,9812263.95],[761214.36,9812263.79],[761216.29,9812263.81],[761218.87,9812263.93],[761222.08,9812264.23],[761228.46,9812265.16],[761275.17,9812274.04],[761279.62,9812274.81],[761283.45,9812275.33],[761286.66,9812275.63],[761289.24,9812275.74],[761291.82,9812275.72],[761294.63,9812275.54],[761297.42,9812275.18],[761300.18,9812274.65],[761302.9,9812273.95],[761305.58,9812273.08],[761308.19,9812272.04],[761310.74,9812270.84],[761313.2,9812269.49],[761316.98,9812267.01],[761321.05,9812263.84],[761323.49,9812261.73],[761326.82,9812258.68],[761353.24,9812233.76],[761358.78,9812228.34],[761362.76,9812224.12],[761364.04,9812222.67],[761368.25,9812217.49],[761372.1,9812212.04],[761375.57,9812206.34],[761378.66,9812200.42],[761380.27,9812196.9],[761381.77,9812193.34],[761385.44,9812183.69],[761428.48,9812064.97],[761430.67,9812058.56],[761432.25,9812052.97],[761433.12,9812048.79],[761433.73,9812044.57],[761434.07,9812040.32],[761434.15,9812036.05],[761433.96,9812031.79],[761433.68,9812028.9],[761433.08,9812024.59],[761432.26,9812019.82],[761421.77,9811964.24],[761420.26,9811956.64],[761419,9811950.97],[761418.23,9811947.84],[761416.19,9811940.71],[761413.81,9811933.68],[761410.82,9811926.19],[761408.44,9811920.89],[761405.35,9811914.51],[761385.86,9811875.94],[761381.35,9811867.38],[761377.76,9811861.26],[761374.34,9811856.12],[761370.64,9811851.19],[761366.67,9811846.47],[761361.53,9811841.08],[761357.78,9811837.53],[761353.42,9811833.69],[761332.51,9811816.15],[761327.74,9811812.04],[761324.17,9811808.78],[761318.39,9811802.9],[761312.13,9811795.51],[761308.93,9811791.26],[761304.72,9811785.35],[761292.7,9811768.21],[761288.33,9811761.82],[761284.17,9811755.3],[761280.62,9811749.11],[761277.36,9811742.76],[761274.41,9811736.26],[761271.31,9811728.47],[761268.47,9811720.58],[761254.18,9811679.64],[761252.56,9811674.74],[761251.48,9811671.03],[761250.58,9811667.26],[761250.03,9811664.09],[761249.63,9811659.91],[761249.58,9811657.01],[761249.72,9811654.11],[761250.04,9811651.23],[761250.55,9811648.37],[761251.24,9811645.55],[761252.12,9811642.78],[761253.17,9811640.08],[761254.39,9811637.45],[761255.78,9811634.9],[761257.33,9811632.44],[761259.04,9811630.1],[761260.89,9811627.86],[761263.11,9811625.52],[761265.47,9811623.32],[761268.43,9811620.83],[761271.49,9811618.46],[761275.14,9811615.8],[761392.64,9811531.28],[761401.86,9811524.23],[761410.66,9811516.66],[761419,9811508.59],[761426.86,9811500.05],[761497.07,9811419.21],[761506.89,9811408.08],[761514.24,9811400.11],[761519.14,9811394.97],[761545.11,9811368.42],[761551.83,9811361.45],[761554.48,9811358.63],[761565.82,9811345.94],[761573.27,9811337.03],[761594.24,9811311.29],[761600.4,9811303.82],[761603.32,9811300.38],[761614.66,9811287.69],[761625.38,9811276.52],[761687.72,9811212.94],[761690.49,9811210.23],[761693.34,9811207.61],[761695.81,9811205.54],[761698.39,9811203.6],[761699.99,9811202.52],[761702.49,9811201.02],[761705.07,9811199.69],[761707.74,9811198.52],[761710.48,9811197.53],[761713.27,9811196.72],[761716.12,9811196.1],[761718.99,9811195.65],[761721.89,9811195.4],[761723.83,9811195.33],[761726.41,9811195.36],[761729.63,9811195.55],[761732.84,9811195.88],[761736.03,9811196.32],[761788.68,9811205.13],[761793.78,9811205.85],[761797.64,9811206.2],[761800.22,9811206.29],[761802.8,9811206.24],[761805.37,9811206.02],[761807.73,9811205.66],[761810.06,9811205.14],[761812.35,9811204.45],[761814.58,9811203.62],[761816.76,9811202.63],[761818.86,9811201.5],[761821.41,9811199.86],[761823.96,9811197.89],[761826.36,9811195.73],[761829.07,9811192.97],[761832.89,9811188.59],[761855.34,9811161.33],[761861.6,9811153.95],[761865.05,9811150.11],[761868.94,9811146.03],[761873.08,9811141.95],[761877.78,9811137.54],[761893.21,9811123.6],[761898.12,9811119.42],[761902.26,9811116.13],[761906.4,9811113.05],[761911.68,9811109.35],[761936.52,9811092.61],[761938.17,9811091.41],[761939.74,9811090.11],[761941.21,9811088.71],[761942.59,9811087.2],[761943.86,9811085.61],[761945.01,9811083.94],[761946.06,9811082.19],[761946.98,9811080.37],[761947.77,9811078.49],[761948.44,9811076.57],[761948.97,9811074.61],[761950.05,9811068.53],[761950.44,9811066.58],[761950.96,9811064.66],[761951.6,9811062.78],[761952.37,9811060.94],[761953.25,9811059.16],[761954.26,9811057.44],[761955.37,9811055.8],[761956.59,9811054.23],[761960.43,9811049.63],[761964.49,9811045.03],[761968.22,9811041.41],[761970.93,9811039.12],[761974.24,9811036.54],[761984.73,9811028.66],[761989.84,9811025],[761993.48,9811022.6],[761998.18,9811019.84],[762003.04,9811017.37],[762008.04,9811015.2],[762013.16,9811013.33],[762016.4,9811012.33],[762022.94,9811010.57],[762041.99,9811005.96],[762045.1,9811005.11],[762047.56,9811004.33],[762051.18,9811002.97],[762054.09,9811001.58],[762056.32,9811000.28],[762058.86,9810998.47],[762060.81,9810996.78],[762063.06,9810994.47],[762065.13,9810992],[762067.06,9810989.41],[762069.92,9810985.11],[762084.22,9810962.56],[762088.07,9810956.61],[762092.49,9810950.25],[762096.62,9810944.93],[762099.74,9810941.29],[762101.48,9810939.38],[762106.88,9810933.83],[762121.36,9810919.99],[762123.11,9810918.42],[762124.95,9810916.96],[762126.87,9810915.61],[762231.99,9810845.84],[762246.4,9810836.85],[762261.3,9810828.7],[762276.63,9810821.4],[762321.63,9810801.51],[762330.41,9810797.88],[762339.35,9810794.67],[762349.17,9810791.4],[762351.28,9810790.78],[762353.43,9810790.3],[762355.61,9810789.96],[762357.8,9810789.77],[762360.01,9810789.72],[762362.21,9810789.82],[762364.39,9810790.07],[762366.56,9810790.46],[762368.7,9810791],[762370.79,9810791.68],[762372.84,9810792.5],[762374.82,9810793.45],[762376.74,9810794.53],[762378.59,9810795.74],[762380.34,9810797.06],[762382.01,9810798.51],[762383.57,9810800.06],[762389.52,9810806.35],[762394.02,9810811.45],[762398.16,9810816.84],[762401.92,9810822.49],[762450.4,9810901.02],[762458.23,9810914.6],[762465.22,9810928.63],[762471.36,9810943.06],[762488.1,9810985.95],[762495.19,9811006.07],[762500.93,9811026.61],[762505.28,9811047.49],[762508.23,9811068.62],[762512.14,9811105.53],[762614.63,9811078.65],[762617.18,9811077.79],[762619.6,9811076.6],[762621.83,9811075.09],[762622.87,9811074.23],[762624.75,9811072.31],[762625.59,9811071.25],[762627.05,9811068.99],[762628.2,9811066.55],[762629,9811063.98],[762629.45,9811061.32],[762629.54,9811059.98],[762630.47,9811032.29],[762630.54,9811025.2],[762630.26,9811019.4],[762629.92,9811016.19],[762629.36,9811012.79],[762628.61,9811009.43],[762627.67,9811006.12],[762626.55,9811002.86],[762624.97,9810999.09],[762622.94,9810995.05],[762620.37,9810990.58],[762617.6,9810986.22],[762611.14,9810976.43],[762608.79,9810972.57],[762606.71,9810968.56],[762605.7,9810966.19],[762605.05,9810964.37],[762604.51,9810962.51],[762604.08,9810960.61],[762603.78,9810958.69],[762603.6,9810956.76],[762603.55,9810954.81],[762603.62,9810952.87],[762603.83,9810950.94],[762604.15,9810949.02],[762604.6,9810947.13],[762605.17,9810945.27],[762605.86,9810943.45],[762606.66,9810941.68],[762607.58,9810939.97],[762608.6,9810938.33],[762610.11,9810936.23],[762611.33,9810934.73],[762613.05,9810932.81],[762614.86,9810930.97],[762617.22,9810928.77],[762702.94,9810854.59],[762705.55,9810852.43],[762707.85,9810850.66],[762709.84,9810849.28],[762711.89,9810848],[762714.55,9810846.6],[762716.42,9810845.79],[762718.34,9810845.08],[762721.23,9810844.25],[762724.07,9810843.66],[762726.95,9810843.25],[762729.84,9810842.98],[762741.85,9810842.29],[762747.64,9810841.8],[762751,9810841.37],[762754.41,9810840.8],[762758.73,9810839.86],[762762.93,9810838.71],[762767.55,9810837.27],[762817.4,9810820.49],[762824.16,9810818.31],[762830.34,9810816.47],[762843.88,9810813.15],[762857.62,9810810.79],[762865.95,9810809.8],[762882.71,9810808.31],[762891.72,9810807.7],[762898.17,9810807.53],[762902.63,9810807.6],[762907.08,9810807.84],[762913.5,9810808.46],[762920.54,9810809.4],[762966.2,9810816.53],[762974.5,9810817.74],[762982.19,9810818.62],[762992.96,9810819.26],[763003.73,9810819.17],[763014.48,9810818.35],[763025.15,9810816.82],[763035.69,9810814.57],[763046.06,9810811.61],[763056.2,9810807.96],[763066.08,9810803.64],[763071.27,9810801.05],[763076.97,9810798.02],[763109.55,9810779.88],[763116.37,9810776.21],[763119.39,9810774.69],[763127.04,9810771.23],[763134.89,9810768.23],[763142.89,9810765.71],[763151.04,9810763.67],[763153.88,9810763.07],[763160.54,9810761.86],[763175.05,9810759.49],[763180.79,9810758.64],[763185.6,9810758.08],[763193.39,9810757.56],[763201.2,9810757.55],[763209,9810758.04],[763211.89,9810758.35],[763217.64,9810759.13],[763228.1,9810760.76],[763231.46,9810761.14],[763233.88,9810761.24],[763235.81,9810761.17],[763237.73,9810760.93],[763239.62,9810760.5],[763241.91,9810759.65],[763243.62,9810758.74],[763245.6,9810757.36],[763247.43,9810755.77],[763248.79,9810754.39],[763250.39,9810752.58],[763256.74,9810744.66],[763259.89,9810740.98],[763263.38,9810737.39],[763266.87,9810734.27],[763270.56,9810731.39],[763274.43,9810728.76],[763278.47,9810726.4],[763282.66,9810724.31],[763286.98,9810722.5],[763292.03,9810720.81],[763297.97,9810719.27],[763387.74,9810698.83],[763399.65,9810695.94],[763403.39,9810694.93],[763411.62,9810692.43],[763419.74,9810689.57],[763425.74,9810687.21],[763433.47,9810683.96],[763459.48,9810672.66],[763467.67,9810668.86],[763472.81,9810666.16],[763478.25,9810662.89],[763483.47,9810659.27],[763488.54,9810655.29],[763494.89,9810649.8],[763560.09,9810590.71],[763564.85,9810586.6],[763572.41,9810580.55],[763580.25,9810574.87],[763588.36,9810569.58],[763595.84,9810565.13],[763613.01,9810555.35],[763617.14,9810552.84],[763619.15,9810551.49],[763621.1,9810550.05],[763622.6,9810548.84],[763624.44,9810547.17],[763626.17,9810545.4],[763627.79,9810543.53],[763629.54,9810541.21],[763631.15,9810538.8],[763633.61,9810534.63],[763639.58,9810523.61],[763642.2,9810518.98],[763644.47,9810515.27],[763648.19,9810509.85],[763652.25,9810504.69],[763654.47,9810502.14],[763657.09,9810499.29],[763690.99,9810464.57],[763695.85,9810459.4],[763699.7,9810455.05],[763704.62,9810449.01],[763709.21,9810442.71],[763711.37,9810439.5],[763716.18,9810431.85],[763727.98,9810412.12],[763729.7,9810409.39],[763731.5,9810406.72],[763733.82,9810403.62],[763735.92,9810401.17],[763737.26,9810399.77],[763739.19,9810397.97],[763740.68,9810396.73],[763743.27,9810394.81],[763745.97,9810393.05],[763749.32,9810391.11],[763753.31,9810389],[763793.13,9810368.94],[763798.99,9810366.24],[763801.98,9810365.02],[763804.4,9810364.14],[763806.24,9810363.53],[763810.25,9810362.44],[763814.32,9810361.63],[763818.43,9810361.11],[763822.58,9810360.86],[763826.73,9810360.91],[763830.86,9810361.24],[763834.97,9810361.86],[763839.02,9810362.76],[763843,9810363.93],[763846.89,9810365.38],[763849.25,9810366.42],[763852.15,9810367.83],[763855,9810369.35],[763861.66,9810373.3],[763877.6,9810383.28],[763881.38,9810385.75],[763884.57,9810387.95],[763889.19,9810391.46],[763893.05,9810394.82],[763896.68,9810398.41],[763900.09,9810402.22],[763902.11,9810404.74],[763904.79,9810408.37],[763907.71,9810412.62],[763952.16,9810481.76],[763953.48,9810484.14],[763954.01,9810485.39],[763954.81,9810487.99],[763955.07,9810489.33],[763955.33,9810492.04],[763955.22,9810494.75],[763954.74,9810497.43],[763954.36,9810498.74],[763923.18,9810594.85],[763921.28,9810601.49],[763919.84,9810608.24],[763918.87,9810615.07],[763918.37,9810621.96],[763918.35,9810628.86],[763918.81,9810635.75],[763938.08,9810826.79],[763939.54,9810842.85],[763940.48,9810860.42],[763940.57,9810863.65],[763940.73,9810874.62],[763941.15,9810931.12],[763941.45,9810940.79],[763942.06,9810949.87],[763943.02,9810958.93],[763944.48,9810969.14],[763958.72,9811054.5],[763960.02,9811062.79],[763960.87,9811069.18],[763961.88,9811079.62],[763962.4,9811090.08],[763962.45,9811093.31],[763962.4,9811104.28],[763961.5,9811151.77],[763961.57,9811160.16],[763962.12,9811171.17],[763963.23,9811182.15],[763964.88,9811193.05],[763966.88,9811203.18],[763971.55,9811224.21],[763973.26,9811232.42],[763974.09,9811236.86],[763976.01,9811249.98],[763977.14,9811263.19],[763977.32,9811267.06],[763977.53,9811274.8],[763977.76,9811293.05],[763978.01,9811300.79],[763978.2,9811304.01],[763979.24,9811314.93],[763980.95,9811325.78],[763983.32,9811336.49],[763986.34,9811347.05],[763987.76,9811351.33],[763989.71,9811356.8],[763997.04,9811376.17],[763999.67,9811383.45],[764001.49,9811388.97],[764003.49,9811395.95],[764004.13,9811398.45],[764005.44,9811404.11],[764006.88,9811411.06],[764022.99,9811492.95],[764024.33,9811499.26],[764025.54,9811504.28],[764026.38,9811507.39],[764028.74,9811514.76],[764031.57,9811521.96],[764034.85,9811528.96],[764038.58,9811535.74],[764039.58,9811537.4],[764042.72,9811542.29],[764046.73,9811548.14],[764082.94,9811599.02],[764088.11,9811606.43],[764092.37,9811612.89],[764096.53,9811619.84],[764099.64,9811625.5],[764104.92,9811635.84],[764206.69,9811839.95],[764226.52,9811881.73],[764244.73,9811924.25],[764252.57,9811943.4],[764260.04,9811959.61],[764268.46,9811975.35],[764277.8,9811990.56],[764288.03,9812005.18],[764297.16,9812017.15],[764299.96,9812021.1],[764301.74,9812023.98],[764303.08,9812026.55],[764304.09,9812028.89],[764305.03,9812031.63],[764306.01,9812035.38],[764306.92,9812040.13],[764313.1,9812079.48],[764314.48,9812087.75],[764315.96,9812095.35],[764317.9,9812103.48],[764319.83,9812110.31],[764322.32,9812118.32],[764354.48,9812217.64],[764356.98,9812226.23],[764358.96,9812234.96],[764360.42,9812243.79],[764369.27,9812309.41],[764373.36,9812333.89],[764378.95,9812358.07],[764386.03,9812381.86],[764394.57,9812405.17],[764404.54,9812427.9],[764419.6,9812459.54],[764432.82,9812489.82],[764444,9812520.92],[764453.1,9812552.68],[764465.67,9812602.91],[764467.13,9812609.2],[764471.52,9812631.7],[764474.61,9812654.42],[764475.76,9812666.62],[764479.7,9812714],[764483.11,9812745.6],[764485.02,9812760.32],[764498.37,9812859.95],[764500.31,9812871.73],[764502.95,9812883.38],[764506.28,9812894.84],[764521.81,9812942.95],[764526.78,9812959.94],[764530.81,9812977.18],[764547.72,9813059.85],[764549.74,9813069.32],[764552.03,9813078.5],[764552.81,9813081.3],[764558.64,9813100.51],[764560.25,9813106.09],[764561.21,9813109.84],[764562.85,9813117.79],[764563.95,9813125.83],[764564.5,9813133.92],[764564.58,9813137.79],[764564.48,9813145.53],[764563.37,9813185.8],[764563.3,9813191.61],[764563.37,9813196.77],[764563.51,9813199.99],[764564.04,9813206.43],[764564.92,9813212.83],[764566.13,9813219.17],[764567.67,9813225.44],[764569.62,9813232.26],[764590.47,9813299.71],[764592.69,9813307.12],[764594.45,9813313.33],[764598.44,9813329.7],[764598.97,9813332.23],[764600.69,9813341.1],[764606.26,9813371.6],[764611.51,9813396.29],[764614.98,9813410.72],[764638.06,9813504.32],[764642.82,9813522.19],[764648.24,9813539.88],[764710.1,9813729.17]],[[763985.34,9820054.46],[764003.18,9820002.2],[764006.19,9819993.01],[764008,9819986.81],[764010.07,9819978.38],[764011.67,9819969.85],[764012.8,9819961.24],[764013.47,9819952.59],[764013.66,9819946.79],[764013.68,9819937.11],[764013.15,9819894.06],[764013.24,9819886.32],[764013.45,9819882.45],[764013.84,9819878.6],[764014.44,9819874.78],[764015.06,9819871.94],[764016.12,9819868.22],[764017.16,9819865.41],[764018.38,9819862.68],[764019.78,9819860.04],[764021.36,9819857.49],[764023.09,9819855.05],[764024.99,9819852.74],[764027.04,9819850.56],[764029.23,9819848.51],[764031.54,9819846.62],[764033.98,9819844.89],[764036.53,9819843.32],[764038.23,9819842.39],[764040.85,9819841.14],[764045.35,9819839.35],[764048.11,9819838.45],[764050.9,9819837.65],[764056.54,9819836.29],[764063.18,9819834.96],[764117.77,9819824.75],[764125.39,9819823.42],[764131.78,9819822.49],[764141.42,9819821.58],[764149.8,9819821.29],[764151.74,9819821.29],[764160.77,9819821.54],[764181.58,9819822.69],[764186.74,9819822.85],[764191.25,9819822.86],[764198.91,9819822.57],[764206.54,9819821.85],[764211.65,9819821.15],[764218.02,9819820.07],[764259.54,9819812.02],[764265.22,9819810.8],[764269.91,9819809.63],[764274.18,9819808.36],[764278.39,9819806.9],[764281.55,9819805.66],[764287.32,9819803.18],[764300.38,9819797.23],[764303.5,9819795.91],[764306.66,9819794.7],[764308.96,9819793.93],[764312.92,9819792.83],[764316.94,9819792],[764321.02,9819791.44],[764326.33,9819791.12],[764333.1,9819791.12],[764453.19,9819794.01],[764459,9819794],[764463.51,9819793.85],[764466.09,9819793.69],[764472.09,9819793.05],[764478.05,9819792.05],[764483.94,9819790.7],[764489.73,9819788.99],[764492.78,9819787.93],[764497,9819786.32],[764501.76,9819784.35],[764527.05,9819773.18],[764534.78,9819769.93],[764540.83,9819767.67],[764546.37,9819765.9],[764551.98,9819764.4],[764559.57,9819762.82],[764564.03,9819762.11],[764568.51,9819761.52],[764617.83,9819756.25],[764624.87,9819755.36],[764629.32,9819754.59],[764633.71,9819753.57],[764638.07,9819752.23],[764641.71,9819750.82],[764645.26,9819749.17],[764648.69,9819747.3],[764651.99,9819745.2],[764655.15,9819742.9],[764658.15,9819740.39],[764660.98,9819737.7],[764663.61,9819734.86],[764666.09,9819731.89],[764668.84,9819728.3],[764672.22,9819723.58],[764745.29,9819619.25],[764749.02,9819614.26],[764753.06,9819609.52],[764757.38,9819605.03],[764761.97,9819600.82],[764766.82,9819596.91],[764771.9,9819593.3],[764868.31,9819529.3],[764874.69,9819524.91],[764879.32,9819521.41],[764881.81,9819519.35],[764885.8,9819515.67],[764888.05,9819513.36],[764890.65,9819510.49],[764895.2,9819505.05],[764907.67,9819489.33],[764910.97,9819485.36],[764913.93,9819481.95],[764921.01,9819474.53],[764928.54,9819467.58],[764936.51,9819461.12],[764944.87,9819455.19],[764950.31,9819451.72],[764956.96,9819447.75],[764983.82,9819432.18],[765001.21,9819421.42],[765014.15,9819412.91],[765098.72,9819356.43],[765105.25,9819352.26],[765110.85,9819349.06],[765116.06,9819346.53],[765119.62,9819345.06],[765123.86,9819343.56],[765128.82,9819342.12],[765132.58,9819341.19],[765137.62,9819340.1],[765169.64,9819333.78],[765175.96,9819332.45],[765179.72,9819331.56],[765183.46,9819330.56],[765185.93,9819329.82],[765190.1,9819328.39],[765194.19,9819326.76],[765197.14,9819325.45],[765201.19,9819323.46],[765205.75,9819321.04],[765220.53,9819312.67],[765224.19,9819310.3],[765226.88,9819308.25],[765228.34,9819306.97],[765229.84,9819305.48],[765231.24,9819303.9],[765232.53,9819302.22],[765233.7,9819300.47],[765234.76,9819298.64],[765235.7,9819296.74],[765236.99,9819293.42],[765237.9,9819290.16],[765238.57,9819286.84],[765239.34,9819281.57],[765245.69,9819231.02],[765246.69,9819222.69],[765247.37,9819216.27],[765247.55,9819214.35],[765248.51,9819198.69],[765248.59,9819183.01],[765248.23,9819173.34],[765246.57,9819144.2],[765246.24,9819135.5],[765246.22,9819129.5],[765246.33,9819125.15],[765247.28,9819105.98],[765247.47,9819098.73],[765247.29,9819090.76],[765246.58,9819081.11],[765243.12,9819043.4],[765241.83,9819030.56],[765236.51,9818993.92],[765234.23,9818981.88],[765227.98,9818950.57],[765226.44,9818941.7],[765225.35,9818932.77],[765224.7,9818923.8],[765223.85,9818905.57],[765373.22,9818896.73],[765371.95,9818816.83],[765371.8,9818810.54],[765371.58,9818805.22],[765370.63,9818793.69],[765370.22,9818790.33],[765365.74,9818759.2],[765363.31,9818734.76],[765362.71,9818724.61],[765360.48,9818679.92],[765360.35,9818678.43],[765360.13,9818676.96],[765359.8,9818675.51],[765359.38,9818674.08],[765358.86,9818672.68],[765358.25,9818671.32],[765357.55,9818670.01],[765356.76,9818668.74],[765355.89,9818667.54],[765354.94,9818666.39],[765353.91,9818665.31],[765352.81,9818664.31],[765351.65,9818663.37],[765350.43,9818662.53],[765349.15,9818661.76],[765347.82,9818661.08],[765346.45,9818660.5],[765345.05,9818660.01],[765343.61,9818659.61],[765342.15,9818659.32],[765340.67,9818659.12],[765339.19,9818659.02],[765337.7,9818659.03],[765281.04,9818661.1],[765276.78,9818589.21],[765273.01,9818454.28],[765272,9818436.7],[765269.96,9818419.2],[765266.89,9818401.85],[765251.06,9818325.35],[765248.43,9818310.85],[765246.51,9818296.24],[765245.31,9818281.55],[765242.83,9818239.36],[765241.14,9818215.79],[765238.36,9818181.98],[765237.5,9818174.5],[765236.17,9818167.1],[765234.38,9818159.79],[765232.14,9818152.61],[765188.25,9818026.18],[765179.92,9818000.31],[765172.77,9817974.09],[765147.2,9817871.21],[765142.22,9817848.29],[765138.58,9817825.13],[765128.76,9817748.04],[765127.71,9817741.35],[765126.48,9817735.34],[765124.94,9817729.4],[765122.94,9817722.92],[765102.45,9817662.88],[765100.07,9817655.52],[765098.28,9817649.32],[765095.92,9817639.15],[765095.11,9817634.71],[765093.96,9817627.06],[765092.01,9817612],[765091.1,9817605.61],[765090.03,9817599.25],[765088.76,9817593.18],[765087.37,9817587.54],[765085.65,9817581.33],[765075.69,9817547.64],[765072.46,9817536.48],[765067.3,9817517.14],[765060.69,9817489.55],[765057.54,9817475.71],[765056.88,9817472.55],[765053.29,9817451.91],[765050.99,9817431.08],[765050.71,9817427.22],[765050.13,9817417.56],[765047.68,9817369.84],[765046.54,9817352.89],[765043.65,9817315.62],[765042.64,9817297.04],[765042.2,9817282.21],[765040.44,9817202.59],[765040.66,9817172.84],[765042.66,9817143.17],[765058.06,9816984.66],[765058.99,9816975.67],[765059.82,9816968.62],[765063.24,9816947.42],[765068.03,9816926.48],[765070.79,9816916.53],[765077.78,9816892.68],[765079.11,9816887.7],[765080.14,9816883.3],[765080.65,9816880.77],[765081.61,9816874.73],[765082.19,9816868.65],[765082.4,9816862.53],[765082.24,9816856.42],[765081.71,9816850.33],[765080.8,9816844.28],[765080.31,9816841.75],[765079.32,9816837.35],[765078.03,9816832.35],[765071.95,9816810.91],[765069.26,9816800.95],[765064.84,9816781.5],[765061.49,9816761.84],[765059.25,9816742.02],[765058.1,9816722.11],[765057.9,9816710.5],[765057.79,9816666.79],[765057.63,9816653.88],[765055.87,9816622.26],[765052.01,9816590.82],[765051.4,9816587],[765049.33,9816574.92],[765034.1,9816489.16],[765031.16,9816475.11],[765027.35,9816461.27],[765022.69,9816447.69],[765017.2,9816434.43],[765010.91,9816421.53],[765003.82,9816409.05],[764995.98,9816397.02],[764965.65,9816353.53],[764957.26,9816340.77],[764949.58,9816327.56],[764942.63,9816313.96],[764936.43,9816300],[764875.68,9816152.5],[764867.94,9816132.15],[764861.32,9816111.4],[764849.2,9816069.53],[764839.1,9816029.54],[764831.77,9815988.96],[764827.25,9815947.97],[764820.58,9815859.75],[764815.91,9815814.92],[764808.73,9815770.42],[764799.05,9815726.4],[764786.91,9815682.99],[764725.17,9815484.02],[764723.55,9815478.44],[764722.28,9815473.44],[764721.38,9815469.01],[764720.68,9815464.27],[764720.27,9815459.49],[764720.14,9815454.7],[764720.3,9815449.91],[764720.75,9815445.14],[764721.32,9815441.31],[764722.3,9815436.24],[764723.61,9815430.58],[764753.64,9815312.33],[764756.59,9815301.1],[764758.38,9815294.9],[764760.89,9815287.11],[764763.47,9815279.81],[764768.52,9815266.03],[764770.21,9815261.16],[764771.74,9815256.23],[764772.88,9815251.86],[764773.77,9815247.47],[764774.08,9815245.56],[764774.58,9815241.72],[764774.94,9815237.87],[764775.39,9815230.79],[764777.2,9815193.93],[764777.84,9815186.22],[764778.7,9815179.75],[764779.7,9815174.03],[764781.13,9815167.08],[764798.27,9815088.5],[764800.22,9815078.07],[764801.56,9815067.55],[764802.28,9815056.97],[764802.37,9815046.37],[764801.83,9815035.77],[764797.72,9814983.75],[764797.53,9814979.89],[764797.48,9814976.5],[764797.75,9814970.06],[764798.39,9814964.62],[764799.34,9814959.38],[764800.41,9814954.66],[764804.85,9814936.46],[764806.08,9814930.79],[764807.04,9814925.76],[764808.54,9814916.19],[764811.03,9814896.94],[764812.12,9814889.27],[764812.83,9814884.81],[764814.9,9814874.11],[764817.26,9814864.07],[764823.83,9814838.42],[764825.06,9814832.75],[764826.09,9814826.58],[764826.8,9814820.37],[764827.25,9814812.2],[764827.25,9814805.43],[764826.9,9814789.3],[764826.93,9814785.43],[764827.05,9814781.8],[764827.6,9814774.56],[764829.11,9814761.01],[764829.67,9814755.23],[764830.13,9814747.87],[764830.23,9814744.48],[764830.28,9814737.22],[764830.15,9814718.98],[764829.99,9814713.66],[764829.67,9814708.83],[764828.94,9814702.9],[764827.77,9814696.72],[764821.42,9814669.76],[764819.1,9814659.04],[764816.11,9814640.57],[764815.37,9814634.16],[764814.56,9814625.82],[764804.19,9814512.02],[764802.49,9814496.01],[764793.82,9814424.18],[764792.24,9814407.94],[764791.43,9814391.63],[764789.25,9814311.97],[764789,9814306.81],[764788.63,9814301.66],[764787.6,9814292.66],[764786.19,9814284.36],[764785.26,9814279.94],[764784.08,9814274.91],[764782.01,9814266.79],[764759.36,9814180.6],[764758.35,9814176.37],[764757.65,9814173.06],[764757.22,9814170.68],[764756.68,9814166.81],[764756.33,9814162.93],[764756.17,9814159.03],[764756.19,9814155.16],[764756.46,9814149.36],[764757.64,9814132.46],[764757.8,9814127.63],[764757.78,9814123.03],[764757.63,9814119.16],[764757.33,9814114.33],[764754.91,9814082.58],[764754.66,9814077.75],[764754.49,9814069.55],[764754.67,9814059.88],[764755.86,9814027.3],[764755.97,9814018.6],[764755.74,9814011.38],[764755.49,9814007.51],[764754.98,9814001.73],[764752.81,9813979.5],[764751.51,9813960.15]],[[764718,9813755.52],[764710.1,9813729.17]],[[764718,9813755.52],[764735.72,9813820.38]],[[764749.98,9813914.7],[764748.49,9813890.85],[764745.6,9813867.12],[764741.34,9813843.61],[764735.72,9813820.38]],[[764749.98,9813914.7],[764751.51,9813960.15]]]}},{"type":"Feature","properties":{"NOMBRE_EJE":" ","Layer":"C-ROAD"},"geometry":{"type":"MultiLineString","coordinates":[[[753304.46,9817288.51],[753276.71,9817346.26],[753274.47,9817351.34],[753272.59,9817356.56],[753271.07,9817361.9],[753269.93,9817367.34],[753269.16,9817372.83],[753268.78,9817378.37],[753268.79,9817383.93],[753269.18,9817389.46],[753269.95,9817394.96],[753271.11,9817400.39],[753272.63,9817405.73],[753274.53,9817410.95],[753276.78,9817416.03],[753292.8,9817449.02],[753297.3,9817459.04],[753301.17,9817469.32],[753304.41,9817479.81],[753307.01,9817490.49],[753308.95,9817501.3],[753310.23,9817512.21],[753316.91,9817589.74],[753319.2,9817609.03],[753322.74,9817628.13],[753327.5,9817646.97],[753333.48,9817665.45],[753340.64,9817683.51],[753348.95,9817701.06],[753394.16,9817789.07],[753399.37,9817800.03],[753403.91,9817811.28],[753407.76,9817822.78],[753410.9,9817834.49],[753413.33,9817846.38],[753415.03,9817858.39],[753429.88,9817992.11],[753431.89,9818005.87],[753434.86,9818019.46],[753438.77,9818032.82],[753443.59,9818045.86],[753449.31,9818058.55],[753455.89,9818070.8],[753463.32,9818082.56],[753471.54,9818093.79],[753577.78,9818228.68],[753592.65,9818248.26],[753606.82,9818268.34],[753654.02,9818337.78],[753658.7,9818344.2],[753663.79,9818350.29],[753669.27,9818356.04],[753675.13,9818361.41],[753754.88,9818429.83],[753763.76,9818437.3],[753769.83,9818442.12],[753776.07,9818446.69],[753784.16,9818451.96],[753792.57,9818456.69],[753801.27,9818460.88],[753810.23,9818464.49],[753819.39,9818467.52],[753821.25,9818468.06],[753828.75,9818470],[753837.25,9818471.87],[753885.38,9818481.07],[753892.96,9818482.65],[753899.56,9818484.2],[753906.09,9818485.99],[753914.62,9818488.79],[753922.96,9818492.09],[753931.09,9818495.89],[753939.82,9818500.65],[753944.77,9818503.69],[753949.62,9818506.88],[753957.57,9818512.4],[753981.46,9818529.61],[753987.82,9818534.02],[753993.46,9818537.77],[754004.77,9818544.66],[754014.7,9818550.07],[754022.5,9818553.94],[754032.16,9818558.42],[754095.11,9818586.27],[754109.22,9818592.66],[754117.37,9818596.56],[754124.28,9818600.04],[754137.95,9818607.59],[754150.12,9818615.13],[754161.92,9818623.24],[754169.17,9818628.64],[754176.28,9818634.2],[754183.31,9818639.87],[754219.48,9818669.78],[754226.55,9818675.39],[754232.73,9818680.05],[754240.12,9818685.25],[754250.58,9818691.84],[754261.42,9818697.76],[754272.61,9818703],[754284.1,9818707.55],[754291.43,9818710.04],[754300.08,9818712.66],[754308.79,9818715.05],[754360.92,9818728.21],[754370.89,9818730.88],[754379.57,9818733.38],[754385.73,9818735.3],[754403.15,9818741.52],[754421.31,9818749.35],[754431.74,9818754.47],[754444.29,9818761.09],[754520.7,9818803.01],[754574.66,9818834.11],[754652.68,9818881.24],[754658.87,9818884.71],[754661.74,9818886.18],[754664.66,9818887.55],[754669.77,9818889.61],[754675,9818891.32],[754680.34,9818892.66],[754685.76,9818893.64],[754691.23,9818894.24],[754696.74,9818894.46],[754702.24,9818894.3],[754708.02,9818893.74],[754715.04,9818892.67],[754759.65,9818884.22],[754765.37,9818883.21],[754769.83,9818882.53],[754774.31,9818881.98],[754780.65,9818881.48],[754787,9818881.32],[754793.35,9818881.5],[754799.68,9818882.01],[754803.52,9818882.48],[754809.26,9818883.37],[754816.88,9818884.76],[754896.44,9818900.12],[754904.01,9818901.71],[754921.73,9818906.01],[754939.24,9818911.11],[754950.88,9818914.95],[755150.39,9818983.6],[755153.23,9818984.68],[755155.99,9818985.96],[755158.66,9818987.41],[755161.22,9818989.05],[755163.66,9818990.85],[755165.98,9818992.82],[755168.16,9818994.93],[755170.19,9818997.19],[755172.07,9818999.58],[755173.78,9819002.09],[755175.32,9819004.71],[755176.67,9819007.43],[755177.84,9819010.24],[755178.82,9819013.11],[755179.6,9819016.05],[755180.18,9819019.03],[755180.56,9819022.05],[755180.74,9819025.08],[755180.71,9819028.12],[755180.47,9819031.15],[755180.03,9819034.16],[755179.39,9819037.13],[755178.55,9819040.05],[755177.51,9819042.9],[755141.09,9819133.68],[755138.33,9819141.29],[755136.09,9819149.08],[755134.38,9819157],[755133.21,9819165.01],[755132.58,9819173.09],[755132.5,9819181.19],[755132.96,9819189.28],[755144.51,9819315.74],[755146.42,9819348.32],[755149.51,9819467.86],[755149.58,9819506.14],[755147.68,9819592.29],[755146.22,9819622.94],[755143.19,9819653.48],[755132.42,9819739.65],[755128.53,9819778.44],[755121.67,9819868.94],[755119.59,9819890.95],[755116.71,9819912.88],[755107.15,9819976.44],[755103.77,9820004.07],[755101.94,9820031.85],[755097.25,9820155.5],[755097.03,9820162.75],[755096.99,9820169.2],[755097.07,9820173.23],[755097.26,9820177.26],[755097.94,9820184.53],[755099.05,9820191.76],[755100.58,9820198.9],[755102.53,9820205.94],[755104.9,9820212.85],[755108,9820220.34],[755109.72,9820223.99],[755111.9,9820228.31],[755115.76,9820235.39],[755125.87,9820253.18],[755130.03,9820261.02],[755131.77,9820264.65],[755133.08,9820267.6],[755135.74,9820274.53],[755137.66,9820280.86],[755139.17,9820287.3],[755140.24,9820293.82],[755140.89,9820300.4],[755140.98,9820302.01],[755141.11,9820306.85],[755141.07,9820311.69],[755140.86,9820317.33],[755140.41,9820325.38],[755125.06,9820577.24],[755124.42,9820586.9],[755123.87,9820593.98],[755122.05,9820610.88],[755119.3,9820628.96],[755116.92,9820641.64],[755104.99,9820701.81],[755102.63,9820714.5],[755099.39,9820737.16],[755097.45,9820759.97],[755097.07,9820767.7],[755096.71,9820778.02],[755093.04,9820895.02],[755092.95,9820902.76],[755093.17,9820907.27],[755093.63,9820911.11],[755094.11,9820913.65],[755094.75,9820916.15],[755095.56,9820918.62],[755096.52,9820921.02],[755097.64,9820923.36],[755098.9,9820925.62],[755100.31,9820927.8],[755101.86,9820929.88],[755103.54,9820931.85],[755106.28,9820934.59],[755108.74,9820936.68],[755111.86,9820938.97],[755114.55,9820940.75],[755117.86,9820942.76],[755136.16,9820953.24],[755140.58,9820955.9],[755143.27,9820957.68],[755145.37,9820959.18],[755147.39,9820960.78],[755149.33,9820962.49],[755151.65,9820964.86],[755153.38,9820966.9],[755154.96,9820969.06],[755156.4,9820971.31],[755157.69,9820973.66],[755158.81,9820976.08],[755159.77,9820978.58],[755160.56,9820981.14],[755161.16,9820983.64],[755161.72,9820986.82],[755162.25,9820991.95],[755162.5,9820998.4],[755164.79,9821135.15],[755166.04,9821160.81],[755172.38,9821239.03],[755173.01,9821252.33],[755172.76,9821265.63],[755171.63,9821278.89],[755162.06,9821359.07],[755159.96,9821380.54],[755158.8,9821402.07],[755156,9821487.98],[755155.98,9821493.64],[755156.28,9821499.3],[755156.89,9821504.92],[755157.83,9821510.51],[755159.07,9821516.03],[755169.37,9821556.25],[755171.35,9821565.03],[755172.84,9821573.92],[755173.83,9821582.87],[755176.99,9821621.51],[755178,9821630.53],[755179.56,9821639.48],[755181.66,9821648.32],[755184.29,9821657.02],[755187.44,9821665.54],[755191.1,9821673.85],[755211.88,9821717.41],[755215.96,9821726.78],[755219.4,9821736.41],[755222.17,9821746.25],[755224.26,9821756.25],[755225.67,9821766.38],[755226.39,9821776.58],[755226.41,9821786.8],[755225.73,9821797],[755224.36,9821807.13],[755222.31,9821817.15],[755219.57,9821827],[755216.17,9821836.64],[755212.13,9821846.03],[755207.45,9821855.12],[755202.16,9821863.87],[755196.29,9821872.24],[755189.87,9821880.19],[755182.91,9821887.68],[755175.47,9821894.69],[755167.56,9821901.17],[755159.23,9821907.09],[755150.52,9821912.44],[755141.46,9821917.18],[755095.78,9821939.16],[755091.21,9821941.55],[755087.33,9821943.86],[755085.19,9821945.3],[755083.13,9821946.85],[755080.89,9821948.75],[755078.78,9821950.79],[755076.8,9821952.96],[755074.97,9821955.25],[755073.3,9821957.66],[755071.79,9821960.18],[755070.44,9821962.78],[755069.27,9821965.47],[755068.27,9821968.23],[755067.46,9821971.05],[755066.89,9821973.57],[755066.45,9821976.11],[755066.05,9821979.31],[755065.75,9821983.17],[755065.53,9821988.33],[755063.96,9822047.26],[755063.59,9822053.05],[755063.26,9822055.94],[755062.91,9822058.23],[755062.58,9822059.94],[755061.75,9822063.3],[755060.7,9822066.59],[755059.42,9822069.8],[755057.93,9822072.91],[755056.22,9822075.91],[755054.31,9822078.79],[755052.21,9822081.53],[755049.92,9822084.11],[755047.46,9822086.54],[755044.83,9822088.78],[755042.06,9822090.84],[755039.15,9822092.71],[755036.62,9822094.12],[755033.49,9822095.65],[755029.76,9822097.26],[755025.43,9822098.95],[754958.67,9822123.75],[754949.56,9822127.26],[754942.09,9822130.46],[754936.24,9822133.32],[754933.38,9822134.87],[754930.58,9822136.51],[754926.49,9822139.18],[754922.58,9822142.09],[754920.09,9822144.18],[754917.71,9822146.4],[754914.83,9822149.42],[754912.18,9822152.63],[754909.75,9822156.02],[754907.56,9822159.57],[754905.63,9822163.27],[754903.96,9822167.09],[754902.55,9822171.01],[754901.43,9822175.03],[754900.58,9822179.11],[754900.02,9822183.24],[754899.75,9822187.4],[754899.77,9822191.57],[754900.07,9822195.73],[754900.67,9822199.86],[754901.55,9822203.93],[754902.71,9822207.94],[754904.15,9822211.85],[754905.85,9822215.66],[754907.82,9822219.33],[754910.03,9822222.87],[754911.93,9822225.51],[754913.95,9822228.05],[754916.1,9822230.5],[754918.35,9822232.85],[754921.89,9822236.2],[754924.35,9822238.33],[754926.87,9822240.38],[754932.08,9822244.28],[754937.45,9822247.95],[754945.68,9822253.2],[755017.34,9822297.69],[755021.77,9822300.65],[755025.99,9822303.89],[755029.98,9822307.41],[755033.73,9822311.18],[755037.22,9822315.19],[755040.44,9822319.43],[755043.37,9822323.88],[755046,9822328.5],[755048.31,9822333.3],[755050.3,9822338.23],[755051.96,9822343.29],[755053.27,9822348.44],[755054.25,9822353.68],[755054.87,9822358.96],[755055.14,9822364.28],[755055.84,9822405.23],[755055.75,9822413.61],[755055.2,9822421.98],[755054.17,9822430.3],[755052.68,9822438.56],[755050.74,9822446.71],[755028.68,9822528.88],[755027.18,9822535.28],[755026.11,9822541.76],[755025.47,9822548.3],[755025.26,9822554.86],[755025.48,9822561.43],[755026.13,9822567.97],[755027.21,9822574.45],[755028.71,9822580.84],[755030.63,9822587.13],[755055.62,9822660.31],[755057.49,9822665.24],[755059.68,9822670.04],[755062.18,9822674.68],[755064.98,9822679.15],[755068.07,9822683.42],[755071.43,9822687.49],[755075.05,9822691.32],[755078.92,9822694.9],[755083.02,9822698.22],[755087.32,9822701.26],[755091.82,9822704.02],[755096.49,9822706.47],[755101.31,9822708.61],[755106.26,9822710.43],[755111.32,9822711.91],[755116.46,9822713.06],[755121.67,9822713.87],[755383.24,9822745.68],[755392.86,9822746.53],[755402.51,9822746.77],[755412.16,9822746.38],[755421.77,9822745.37],[755431.29,9822743.75],[755440.69,9822741.52],[755627.75,9822690.67],[755645.54,9822686.45],[755663.56,9822683.4],[755681.74,9822681.54],[755832.12,9822671.06],[755838.75,9822670.81],[755845.39,9822671.01],[755851.99,9822671.65],[755858.54,9822672.73],[755865,9822674.23],[755871.35,9822676.16],[755877.55,9822678.51],[755883.59,9822681.27],[755889.43,9822684.41],[755895.05,9822687.94],[755900.42,9822691.84],[755943.22,9822725.08],[755947.59,9822728.24],[755952.16,9822731.11],[755956.92,9822733.65],[755961.84,9822735.88],[755966.9,9822737.76],[755972.07,9822739.3],[755977.34,9822740.49],[755982.67,9822741.32],[755988.04,9822741.78],[755993.44,9822741.89],[755998.83,9822741.63],[756004.19,9822741.01],[756009.5,9822740.02],[756130.45,9822713.38],[756137.04,9822712.16],[756143.69,9822711.38],[756150.39,9822711.05],[756157.09,9822711.17],[756163.76,9822711.74],[756170.39,9822712.75],[756176.93,9822714.21],[756183.36,9822716.1],[756189.65,9822718.41],[756195.77,9822721.15],[756201.69,9822724.28],[756207.39,9822727.81],[756212.84,9822731.71],[756218.01,9822735.96],[756222.89,9822740.56],[756227.46,9822745.46],[756231.68,9822750.67],[756304.36,9822846.64],[756322.76,9822878.97],[756336.3,9822903.29],[756340.7,9822908.92],[756346.68,9822913.32],[756352.76,9822916.67],[756360.24,9822919.31],[756369.31,9822920.19],[756378.83,9822920.18]]]}},{"type":"Feature","properties":{"NOMBRE_EJE":" ","Layer":"C-ROAD-CNTR-N"},"geometry":{"type":"MultiLineString","coordinates":[[[757018.03,9811538.31],[757015.39,9811538.97]]]}},{"type":"Feature","properties":{"NOMBRE_EJE":" ","Layer":"C-ROAD-CNTR-N"},"geometry":{"type":"MultiLineString","coordinates":[[[757721.99,9812326.12],[757715.83,9812323.58]]]}},{"type":"Feature","properties":{"NOMBRE_EJE":" ","Layer":"C-ROAD-CNTR-N"},"geometry":{"type":"MultiLineString","coordinates":[[[762166.96,9812607.92],[762347.78,9811811.98]],[[762352.77,9811790.23],[762347.78,9811811.98]],[[762352.77,9811790.23],[762360.71,9811755.99]],[[762369.08,9811722.15],[762360.71,9811755.99]],[[762369.08,9811722.15],[762380.1,9811680.2]],[[762381.94,9811673.66],[762380.1,9811680.2]],[[762381.94,9811673.66],[762433.96,9811499.89]],[[762434.4,9811498.43],[762433.96,9811499.89]],[[762434.4,9811498.43],[762488.81,9811321.59],[762495.08,9811298.84],[762500,9811275.76],[762511.9,9811210.52]],[[762511.9,9811210.52],[762513.52,9811200.12],[762514.58,9811189.65],[762515.1,9811179.14]],[[762514.94,9811141.49],[762512.14,9811105.51]],[[762515.1,9811179.14],[762515.5,9811161.55],[762515.47,9811151.51],[762514.94,9811141.49]]]}},{"type":"Feature","properties":{"NOMBRE_EJE":" ","Layer":"C-ROAD-CNTR-N"},"geometry":{"type":"MultiLineString","coordinates":[[[762515.45,9811150.89],[762520.79,9811156.34]],[[762530.45,9811172.59],[762529.56,9811170.02],[762528.5,9811167.51],[762527.27,9811165.07],[762525.88,9811162.73],[762524.33,9811160.49],[762522.63,9811158.35],[762520.79,9811156.34]],[[762530.45,9811172.59],[762557.73,9811261.46],[762559.94,9811267.88],[762562.58,9811274.14],[762565.65,9811280.21],[762569.12,9811286.06],[762572.98,9811291.65],[762577.2,9811296.97],[762581.79,9811301.99],[762586.7,9811306.69]],[[762586.7,9811306.69],[762624.17,9811340.17]],[[762634.66,9811357.23],[762634.01,9811355.07],[762633.22,9811352.96],[762632.29,9811350.9],[762631.24,9811348.9],[762630.06,9811346.98],[762628.75,9811345.14],[762627.33,9811343.39],[762625.8,9811341.73],[762624.17,9811340.17]],[[762634.66,9811357.23],[762635.58,9811360.66]],[[762635.58,9811360.66],[762638.02,9811368.66],[762641.01,9811376.47],[762644.55,9811384.05],[762648.6,9811391.38],[762653.15,9811398.4],[762658.18,9811405.08],[762663.66,9811411.4]],[[762663.66,9811411.4],[762720.04,9811471.99]],[[762720.04,9811471.99],[762729.81,9811482.07],[762739.97,9811491.75]],[[762739.97,9811491.75],[762772.71,9811521.72]],[[762768.26,9811679.08],[762767.45,9811682.32],[762766.86,9811685.62],[762766.5,9811688.94],[762766.35,9811692.28],[762766.43,9811695.63],[762766.73,9811698.96],[762767.26,9811702.26],[762768,9811705.52],[762768.96,9811708.72],[762770.13,9811711.86],[762771.51,9811714.9]],[[762776.8,9811649.07],[762768.26,9811679.08]],[[762771.51,9811714.9],[762780.03,9811732.15],[762782.82,9811737.41],[762785.93,9811742.5],[762789.33,9811747.39],[762793.01,9811752.07],[762796.97,9811756.52],[762801.18,9811760.73]],[[762786.51,9811583.03],[762787.8,9811579.55],[762788.84,9811575.98],[762789.65,9811572.35],[762790.2,9811568.68],[762790.51,9811564.98],[762790.57,9811561.26],[762790.37,9811557.55],[762789.93,9811553.86],[762789.23,9811550.21],[762788.29,9811546.61],[762787.11,9811543.09],[762785.7,9811539.65],[762784.06,9811536.32],[762782.19,9811533.11],[762780.12,9811530.03],[762777.84,9811527.09],[762775.36,9811524.32],[762772.71,9811521.72]],[[762777.79,9811604.45],[762777.15,9811606.19],[762776.61,9811607.96],[762776.18,9811609.77],[762775.87,9811611.6],[762775.67,9811613.44],[762775.58,9811615.3],[762775.61,9811617.15],[762775.75,9811619]],[[762775.75,9811619],[762777.77,9811637.62]],[[762776.8,9811649.07],[762777.27,9811647.2],[762777.62,9811645.31],[762777.84,9811643.39],[762777.94,9811641.47],[762777.92,9811639.54],[762777.77,9811637.62]],[[762786.51,9811583.03],[762777.79,9811604.45]],[[762801.18,9811760.73],[762811.59,9811770.52]],[[762824.63,9811789.31],[762823.26,9811786.31],[762821.73,9811783.41],[762820.01,9811780.59],[762818.14,9811777.89],[762816.1,9811775.3],[762813.92,9811772.84],[762811.59,9811770.52]],[[762824.63,9811789.31],[762836.77,9811818.28]],[[762839.62,9811827.44],[762838.87,9811824.33],[762837.92,9811821.27],[762836.77,9811818.28]],[[762839.62,9811827.44],[762863.48,9811942.27]],[[762853.06,9812111.25],[762854.18,9812130.61]],[[762854.66,9812052.06],[762853.02,9812071.75],[762852.48,9812091.5],[762853.06,9812111.25]],[[762854.18,9812130.61],[762854.66,9812136.15],[762855.44,9812141.65],[762856.52,9812147.1]],[[762864.51,9811964.31],[762854.66,9812052.06]],[[762856.52,9812147.1],[762897.37,9812326.05]],[[762864.51,9811964.31],[762864.86,9811959.9],[762864.94,9811955.47],[762864.73,9811951.04],[762864.24,9811946.63],[762863.48,9811942.27]],[[762868.68,9812661.04],[762868.45,9812667],[762868.53,9812672.97]],[[762868.53,9812672.97],[762871.68,9812754.29]],[[762871.64,9812615.57],[762868.68,9812661.04]],[[762875.36,9812597.17],[762873.97,9812601.67],[762872.88,9812606.24],[762872.11,9812610.88],[762871.64,9812615.57]],[[762893.68,9812544.38],[762875.36,9812597.17]],[[762893.68,9812544.38],[762896.6,9812534.95],[762898.87,9812525.33],[762900.48,9812515.59],[762901.42,9812505.76],[762901.69,9812495.89]],[[762900.75,9812355.2],[762900.51,9812347.85],[762899.86,9812340.53],[762898.81,9812333.26],[762897.37,9812326.05]],[[762900.75,9812355.2],[762901.69,9812495.89]]]}},{"type":"Feature","properties":{"NOMBRE_EJE":" ","Layer":"C-ROAD-CNTR-N"},"geometry":{"type":"MultiLineString","coordinates":[[[762461.74,9812656.58],[762521.35,9812607.7],[762532.52,9812597.98],[762543.09,9812587.61],[762553.04,9812576.63],[762562.31,9812565.08],[762653.85,9812443.92]],[[762682.97,9812410.92],[762672.71,9812421.42],[762663,9812432.43],[762653.85,9812443.92]],[[762682.97,9812410.92],[762709.62,9812384.98]],[[762709.62,9812384.98],[762749.41,9812343.98],[762786.79,9812300.77]],[[762786.79,9812300.77],[762822.27,9812257.31]],[[762871.24,9812205.98],[762854.04,9812222.24],[762837.7,9812239.37],[762822.27,9812257.31]],[[762871.24,9812205.98],[762919.26,9812162.85]],[[762948.99,9812145.97],[762944.34,9812147.57],[762939.79,9812149.46],[762935.37,9812151.62],[762931.09,9812154.05],[762926.97,9812156.74],[762923.02,9812159.68],[762919.26,9812162.85]],[[762948.99,9812145.97],[762951.77,9812145.11]],[[762951.77,9812145.11],[762958.51,9812142.8],[762965.1,9812140.12],[762971.53,9812137.07],[762977.78,9812133.65],[762983.82,9812129.88]],[[762983.82,9812129.88],[763021.56,9812104.85]],[[763021.56,9812104.85],[763024.8,9812102.54],[763027.88,9812100.02],[763030.79,9812097.3],[763033.51,9812094.39],[763036.04,9812091.31],[763038.35,9812088.07],[763040.44,9812084.68]],[[763040.44,9812084.68],[763064.56,9812042.6]],[[763074.78,9812027.63],[763071.11,9812032.44],[763067.7,9812037.43],[763064.56,9812042.6]],[[763074.78,9812027.63],[763091.87,9812006.42]],[[763091.87,9812006.42],[763096.33,9812000.5],[763100.41,9811994.3],[763104.07,9811987.85],[763107.31,9811981.18],[763125.9,9811939.58]],[[763144.8,9811917.73],[763142.11,9811919.56],[763139.54,9811921.56],[763137.11,9811923.73],[763134.83,9811926.05],[763132.69,9811928.51],[763130.73,9811931.1],[763128.94,9811933.82],[763127.33,9811936.65],[763125.9,9811939.58]],[[763144.8,9811917.73],[763202.07,9811881.47]],[[763202.07,9811881.47],[763206.3,9811878.6],[763210.34,9811875.46],[763214.17,9811872.07],[763217.78,9811868.44],[763221.15,9811864.59],[763224.26,9811860.53]],[[763224.26,9811860.53],[763349,9811686.75]],[[763349,9811686.75],[763351.79,9811682.59],[763354.32,9811678.27],[763356.57,9811673.79],[763358.54,9811669.19],[763360.21,9811664.47],[763361.59,9811659.65],[763362.66,9811654.76],[763363.42,9811649.81],[763372.33,9811576.92]],[[763389.61,9811553.29],[763387.78,9811554.2],[763386.03,9811555.23],[763384.34,9811556.38],[763382.74,9811557.64],[763381.23,9811559.01],[763379.82,9811560.48],[763378.5,9811562.04],[763377.3,9811563.69],[763376.21,9811565.41],[763375.24,9811567.2],[763374.4,9811569.06],[763373.68,9811570.97],[763373.1,9811572.92],[763372.64,9811574.9],[763372.33,9811576.92]],[[763389.61,9811553.29],[763512.02,9811497.18]],[[763512.02,9811497.18],[763519.84,9811493.29],[763527.41,9811488.92],[763534.69,9811484.09],[763586.89,9811447.06]],[[763594.72,9811442.35],[763592.03,9811443.79],[763589.42,9811445.36],[763586.89,9811447.06]],[[763594.72,9811442.35],[763658.54,9811410.37]],[[763658.54,9811410.37],[763664.64,9811407.07],[763670.54,9811403.4],[763676.19,9811399.38],[763681.6,9811395.03],[763686.72,9811390.35],[763691.55,9811385.36],[763696.07,9811380.09]],[[763696.07,9811380.09],[763765.72,9811293.61]],[[763799.03,9811266.81],[763793.61,9811269.72],[763788.38,9811272.96],[763783.35,9811276.52],[763778.56,9811280.38],[763774.01,9811284.52],[763769.72,9811288.94],[763765.72,9811293.61]],[[763799.03,9811266.81],[763879.66,9811226.67],[763896.14,9811217.76],[763911.99,9811207.77]],[[763911.99,9811207.77],[763962.37,9811173.62]]]}},{"type":"Feature","properties":{"NOMBRE_EJE":" ","Layer":"C-ROAD-CNTR-N"},"geometry":{"type":"MultiLineString","coordinates":[[[762782.82,9811534.13],[762791.11,9811541.26]],[[762791.11,9811541.26],[762800.54,9811548.86],[762810.45,9811555.82],[762820.79,9811562.12],[762831.53,9811567.73]],[[762831.53,9811567.73],[762844.89,9811574.16]],[[762904.16,9811614.03],[762893.26,9811604.72],[762881.85,9811596.05],[762869.95,9811588.05],[762857.62,9811580.75],[762844.89,9811574.16]],[[762904.16,9811614.03],[762975.89,9811678.94]],[[763016.52,9811720.23],[762996.8,9811698.99],[762975.89,9811678.94]],[[763016.52,9811720.23],[763071.16,9811782.61]],[[763071.16,9811782.61],[763090.7,9811803.66]],[[763090.7,9811803.66],[763161.07,9811875.25]],[[763178.47,9811908.15],[763177.52,9811904.06],[763176.31,9811900.05],[763174.84,9811896.12],[763173.13,9811892.3],[763171.17,9811888.59],[763168.97,9811885.02],[763166.55,9811881.59],[763163.91,9811878.33],[763161.07,9811875.25]],[[763178.47,9811908.15],[763205.7,9812045.19]],[[763205.7,9812045.19],[763207.03,9812050.99],[763208.71,9812056.71],[763210.73,9812062.32],[763213.07,9812067.8],[763215.74,9812073.13],[763218.73,9812078.29]],[[763218.73,9812078.29],[763261.42,9812147.34]],[[763261.42,9812147.34],[763272.87,9812164.83],[763285.23,9812181.7]],[[763285.23,9812181.7],[763315.55,9812220.9]],[[763335.63,9812263.1],[763333.9,9812256.6],[763331.77,9812250.22],[763329.26,9812243.98],[763326.37,9812237.91],[763323.11,9812232.02],[763319.5,9812226.35],[763315.55,9812220.9]],[[763335.63,9812263.1],[763363.92,9812383.81]],[[763363.92,9812383.81],[763366.95,9812395.64],[763370.46,9812407.35]],[[763370.46,9812407.35],[763376.48,9812426.02]],[[763383.12,9812474.45],[763383.2,9812466.26],[763382.8,9812458.08],[763381.93,9812449.94],[763380.58,9812441.86],[763378.76,9812433.88],[763376.48,9812426.02]],[[763383.12,9812474.45],[763382.02,9812502.43]],[[763382.02,9812502.43],[763381.96,9812511.67],[763382.51,9812520.89],[763383.67,9812530.06],[763385.43,9812539.13]],[[763385.43,9812539.13],[763396.49,9812587.47]],[[763399.97,9812611.6],[763399.25,9812603.49],[763398.08,9812595.44],[763396.49,9812587.47]],[[763399.97,9812611.6],[763400.63,9812622.21]],[[763400.63,9812622.21],[763401.87,9812635.21],[763403.95,9812648.1],[763406.87,9812660.83]],[[763406.87,9812660.83],[763419.38,9812708.23]],[[763419.38,9812708.23],[763420.13,9812710.73],[763421.04,9812713.19],[763422.11,9812715.57],[763423.33,9812717.88],[763424.7,9812720.11],[763426.22,9812722.24],[763427.87,9812724.27],[763429.65,9812726.19],[763431.55,9812727.98],[763433.57,9812729.65]],[[763433.57,9812729.65],[763440.01,9812734.64]]]}},{"type":"Feature","properties":{"NOMBRE_EJE":" ","Layer":"C-ROAD-CNTR-N"},"geometry":{"type":"MultiLineString","coordinates":[[[763227.3,9811856.24],[763272.07,9811888.42]],[[763290.11,9811905.64],[763286.06,9811900.87],[763281.69,9811896.4],[763277.02,9811892.24],[763272.07,9811888.42]],[[763290.11,9811905.64],[763323.06,9811947.26]],[[763323.06,9811947.26],[763331.74,9811957.7],[763340.92,9811967.71],[763350.58,9811977.25]],[[763350.58,9811977.25],[763545.04,9812160.49]],[[763554.36,9812170.74],[763551.43,9812167.16],[763548.32,9812163.74],[763545.04,9812160.49]],[[763554.36,9812170.74],[763597.23,9812225.87]],[[763597.23,9812225.87],[763601.01,9812230.41],[763605.08,9812234.69],[763609.41,9812238.69],[763800.24,9812403.7]],[[763811.79,9812420.6],[763810.85,9812418.19],[763809.75,9812415.85],[763808.5,9812413.58],[763807.12,9812411.4],[763805.59,9812409.31],[763803.93,9812407.33],[763802.15,9812405.45],[763800.24,9812403.7]],[[763811.79,9812420.6],[763860.12,9812557.08]]]}},{"type":"Feature","properties":{"NOMBRE_EJE":" ","Layer":"C-ROAD-CNTR-N"},"geometry":{"type":"MultiLineString","coordinates":[[[763720.96,9812750.12],[764215.8,9812063.71]],[[764250.21,9812023.87],[764237.97,9812036.47],[764226.48,9812049.76],[764215.8,9812063.71]],[[764250.21,9812023.87],[764590.56,9811693.53]],[[764590.56,9811693.53],[764614.87,9811668.52],[764637.69,9811642.14]],[[764637.69,9811642.14],[764690.37,9811577.53]],[[764690.37,9811577.53],[764698.51,9811566.84],[764705.91,9811555.63],[764712.54,9811543.95],[764718.37,9811531.84],[764723.37,9811519.38]],[[764723.37,9811519.38],[764808.18,9811285.69]],[[764854.61,9811212.65],[764846.09,9811221.74],[764838.15,9811231.34],[764830.82,9811241.42],[764824.14,9811251.94],[764818.12,9811262.85],[764812.8,9811274.11],[764808.18,9811285.69]],[[764854.61,9811212.65],[765017.95,9811048.97]],[[765017.95,9811048.97],[765025.28,9811041.12],[765032.06,9811032.79],[765038.28,9811024.02],[765043.88,9811014.86],[765048.87,9811005.34],[765053.2,9810995.51],[765056.86,9810985.41],[765059.84,9810975.09],[765062.11,9810964.59],[765063.68,9810953.97]],[[765063.68,9810953.97],[765074.72,9810856.51]]]}},{"type":"Feature","properties":{"NOMBRE_EJE":" ","Layer":"C-ROAD-CNTR-N"},"geometry":{"type":"MultiLineString","coordinates":[[[764689.85,9810496.75],[764589.84,9810424.64]],[[764700.55,9810505.04],[764689.85,9810496.75]],[[764770.06,9810562.68],[764700.55,9810505.04]],[[764715.55,9811537.69],[764705.17,9811342.49]],[[764710.21,9811286.02],[764707.92,9811297.16],[764706.26,9811308.42],[764705.25,9811319.75],[764704.89,9811331.12],[764705.17,9811342.49]],[[764710.21,9811286.02],[764750.19,9811116.23]],[[764711.33,9810834.89],[764716.03,9810824.06]],[[764711.33,9810834.89],[764710.41,9810837.49],[764709.85,9810840.19],[764709.67,9810842.94],[764709.88,9810845.7],[764710.12,9810847.06],[764710.45,9810848.39],[764711.4,9810850.99],[764712.69,9810853.42],[764714.31,9810855.66],[764715.23,9810856.69],[764717.27,9810858.55]],[[764734.75,9810792.33],[764729.34,9810799.82],[764724.41,9810807.62],[764719.97,9810815.71],[764716.03,9810824.06]],[[764718.29,9810859.35],[764719.91,9810860.55],[764721.62,9810861.64],[764723.39,9810862.61],[764725.23,9810863.46],[764727.11,9810864.18],[764729.05,9810864.77],[764731.01,9810865.24],[764733.01,9810865.56],[764735.02,9810865.76],[764737.04,9810865.82],[764739.06,9810865.74],[764741.07,9810865.52],[764743.06,9810865.18],[764745.02,9810864.69],[764746.95,9810864.08],[764748.83,9810863.34],[764750.66,9810862.47]],[[764734.75,9810792.33],[764748.7,9810774.2]],[[764748.7,9810774.2],[764756.6,9810763.19],[764763.73,9810751.67],[764770.06,9810739.7]],[[764799.44,9810837.29],[764750.66,9810862.47]],[[764768.83,9811047.99],[764758.91,9811081.94],[764750.19,9811116.23]],[[764768.83,9811047.99],[764792.88,9810970.8]],[[764770.06,9810562.68],[764783.22,9810572.98],[764796.93,9810582.54],[764811.16,9810591.32],[764825.85,9810599.3]],[[764770.06,9810739.7],[764783.03,9810713.04]],[[764808.25,9810683.09],[764804.33,9810686.1],[764800.6,9810689.35],[764797.08,9810692.82],[764793.78,9810696.5],[764790.71,9810700.38],[764787.89,9810704.43],[764785.33,9810708.66],[764783.03,9810713.04]],[[764798.96,9810953.98],[764795.73,9810962.32],[764792.88,9810970.8]],[[764798.96,9810953.98],[764834.02,9810869.04]],[[764834.02,9810869.04],[764834.63,9810867.41],[764835.12,9810865.74],[764835.5,9810864.04],[764835.75,9810862.31],[764835.89,9810860.58],[764835.9,9810858.84],[764835.8,9810857.1],[764835.57,9810855.37],[764835.22,9810853.66],[764834.76,9810851.99],[764834.17,9810850.34],[764833.48,9810848.75],[764832.68,9810847.2],[764831.77,9810845.72],[764830.76,9810844.3],[764829.65,9810842.95],[764828.45,9810841.69],[764827.17,9810840.51],[764825.81,9810839.42],[764824.37,9810838.43],[764822.87,9810837.55],[764821.32,9810836.77],[764819.71,9810836.1],[764818.06,9810835.54],[764816.37,9810835.1],[764814.66,9810834.78],[764812.93,9810834.58],[764811.19,9810834.5],[764809.45,9810834.54],[764807.72,9810834.71],[764806,9810834.99],[764804.3,9810835.39],[764802.64,9810835.91],[764801.02,9810836.54],[764799.44,9810837.29]],[[764808.25,9810683.09],[764850.47,9810652.71]],[[764847.18,9810610.12],[764825.85,9810599.3]],[[764850.47,9810652.71],[764851.82,9810651.66],[764853.1,9810650.53],[764854.3,9810649.31],[764855.41,9810648.02],[764856.42,9810646.65],[764857.35,9810645.21],[764858.17,9810643.72],[764858.89,9810642.17],[764859.5,9810640.58],[764860,9810638.94],[764860.39,9810637.28],[764860.67,9810635.6],[764860.83,9810633.9],[764860.87,9810632.19],[764860.8,9810630.49],[764860.61,9810628.79],[764860.3,9810627.11],[764859.88,9810625.46],[764859.35,9810623.84],[764858.71,9810622.25],[764857.97,9810620.72],[764857.12,9810619.24],[764856.17,9810617.82],[764855.13,9810616.47],[764853.99,9810615.19],[764852.78,9810614],[764851.48,9810612.89],[764850.11,9810611.87],[764848.68,9810610.94],[764847.18,9810610.12]]]}},{"type":"Feature","properties":{"NOMBRE_EJE":" ","Layer":"C-ROAD-CNTR-N"},"geometry":{"type":"MultiLineString","coordinates":[[[759143.4,9813215.12],[759282.97,9813215.4]],[[759309.25,9813217.19],[759296.14,9813215.86],[759282.97,9813215.4]],[[759309.25,9813217.19],[759374.75,9813226.01]],[[759374.75,9813226.01],[759381.84,9813226.84]],[[759381.84,9813226.84],[759509.17,9813239.38]],[[759509.17,9813239.38],[759520.84,9813240.18],[759532.54,9813240.31]],[[759532.54,9813240.31],[759631.16,9813238.45]],[[759660.86,9813240.1],[759650.99,9813239.06],[759641.08,9813238.51],[759631.16,9813238.45]],[[759660.86,9813240.1],[759823.3,9813261.34],[759857.14,9813264.7]],[[759857.14,9813264.7],[760039.33,9813277.14]],[[760060.12,9813279.66],[760049.76,9813278.13],[760039.33,9813277.14]],[[760060.12,9813279.66],[760131.86,9813292.19]],[[760131.86,9813292.19],[760143.79,9813293.9],[760155.8,9813294.9]],[[760155.8,9813294.9],[760268.71,9813300.81]],[[760325.13,9813315.07],[760316.18,9813311.17],[760307,9813307.87],[760297.62,9813305.18],[760288.09,9813303.09],[760278.44,9813301.64],[760268.71,9813300.81]],[[760325.13,9813315.07],[760358.86,9813331.06]],[[760358.86,9813331.06],[760365.74,9813334.11],[760372.76,9813336.81]],[[760372.76,9813336.81],[760473.08,9813372.57]],[[760473.08,9813372.57],[760481.87,9813375.4],[760490.83,9813377.68],[760499.91,9813379.41],[760516.55,9813382.06]],[[760535.06,9813392.69],[760533.75,9813391.19],[760532.35,9813389.79],[760530.86,9813388.48],[760529.28,9813387.28],[760527.63,9813386.18],[760525.91,9813385.19],[760524.13,9813384.32],[760522.3,9813383.57],[760520.41,9813382.94],[760518.5,9813382.43],[760516.55,9813382.06]],[[760535.06,9813392.69],[760582.52,9813450.68]]]}},{"type":"Feature","properties":{"NOMBRE_EJE":" ","Layer":"C-ROAD-CNTR-N"},"geometry":{"type":"MultiLineString","coordinates":[[[759122.6,9813010.22],[759128.25,9813042.75]],[[759132.67,9813092.69],[759132.12,9813075.97],[759130.65,9813059.31],[759128.25,9813042.75]],[[759132.67,9813092.69],[759133.06,9813178.85]],[[759133.06,9813178.85],[759133.25,9813183.66],[759133.77,9813188.44],[759134.61,9813193.18],[759135.78,9813197.85],[759137.27,9813202.43],[759139.07,9813206.89],[759141.17,9813211.23],[759143.4,9813215.12],[759146.24,9813219.4],[759149.18,9813223.21]],[[759149.18,9813223.21],[759224.51,9813314.03],[759230.43,9813320.72],[759236.76,9813327.02],[759243.48,9813332.9],[759250.56,9813338.34],[759257.97,9813343.31]],[[759257.97,9813343.31],[759334.48,9813391.22]],[[759350.54,9813402.01],[759334.48,9813391.22]],[[759350.54,9813402.01],[759380.08,9813423.27]],[[759380.08,9813423.27],[759383.25,9813425.4],[759386.54,9813427.32],[759389.94,9813429.03],[759393.45,9813430.52],[759397.05,9813431.79],[759400.72,9813432.82],[759404.45,9813433.62],[759408.22,9813434.18]],[[759408.22,9813434.18],[759566.59,9813452.57]],[[759587.74,9813455.79],[759577.19,9813453.99],[759566.59,9813452.57]],[[759587.74,9813455.79],[759624.21,9813462.69]],[[759624.21,9813462.69],[759631.74,9813463.88],[759639.32,9813464.64],[759646.93,9813464.94],[759654.55,9813464.81]],[[759654.55,9813464.81],[759758.25,9813459.87]],[[759769.36,9813459.86],[759763.81,9813459.74],[759758.25,9813459.87]],[[759769.36,9813459.86],[759897.3,9813465.63]],[[759922.45,9813468.91],[759914.14,9813467.35],[759905.74,9813466.25],[759897.3,9813465.63]],[[759922.45,9813468.91],[760007.57,9813487.45]],[[760023.04,9813491.59],[760015.35,9813489.34],[760007.57,9813487.45]],[[760023.04,9813491.59],[760083.37,9813510.83],[760105.69,9813517.24],[760128.35,9813522.34]],[[760128.35,9813522.34],[760155.22,9813527.58]],[[760175.18,9813532.18],[760155.22,9813527.58]],[[760175.18,9813532.18],[760421.58,9813597.95]]]}},{"type":"Feature","properties":{"NOMBRE_EJE":" ","Layer":"C-ROAD-CNTR-N"},"geometry":{"type":"MultiLineString","coordinates":[[[759682.04,9813463.5],[759669.02,9813526.19]],[[759669.02,9813526.19],[759668.74,9813527.84],[759668.56,9813529.51],[759668.5,9813531.19],[759668.55,9813532.87],[759668.71,9813534.54],[759668.99,9813536.19],[759669.37,9813537.83],[759669.87,9813539.43],[759670.47,9813541],[759671.17,9813542.52],[759671.98,9813543.99],[759672.88,9813545.41],[759673.87,9813546.76],[759674.96,9813548.04],[759676.12,9813549.25],[759677.37,9813550.37],[759678.69,9813551.41],[759680.07,9813552.36],[759681.52,9813553.22],[759683.01,9813553.97],[759684.56,9813554.62],[759686.15,9813555.17],[759687.77,9813555.61],[759689.41,9813555.94],[759691.08,9813556.16]],[[759691.08,9813556.16],[759774.57,9813564.28]],[[759789.79,9813566.36],[759782.2,9813565.17],[759774.57,9813564.28]],[[759789.79,9813566.36],[759844.52,9813575.97]],[[759844.52,9813575.97],[759871.42,9813579.76],[759898.51,9813581.71]],[[759898.51,9813581.71],[759913.24,9813582.27]],[[759941.12,9813590.36],[759937.9,9813588.61],[759934.57,9813587.07],[759931.16,9813585.73],[759927.67,9813584.6],[759924.12,9813583.69],[759920.53,9813582.99],[759916.89,9813582.52],[759913.24,9813582.27]],[[759941.12,9813590.36],[760009.04,9813629.85]],[[760039.84,9813651],[760029.93,9813643.44],[760019.65,9813636.39],[760009.04,9813629.85]],[[760039.84,9813651],[760115.44,9813711.67]]]}},{"type":"Feature","properties":{"NOMBRE_EJE":" ","Layer":"C-ROAD-CNTR-N"},"geometry":{"type":"MultiLineString","coordinates":[[[760040,9813047.71],[760186.78,9813060.81]],[[760186.78,9813060.81],[760191.91,9813061.13]],[[760191.91,9813061.13],[760380.86,9813068.24]],[[760380.86,9813068.24],[760390.86,9813068.29],[760400.84,9813067.66],[760410.76,9813066.37],[760420.56,9813064.43],[760430.22,9813061.84]],[[760430.22,9813061.84],[760445.76,9813057.1]],[[760472.41,9813051.74],[760463.41,9813052.95],[760454.52,9813054.74],[760445.76,9813057.1]],[[760472.41,9813051.74],[760562.95,9813042.54]],[[760562.95,9813042.54],[760570.42,9813041.58],[760577.84,9813040.21],[760585.17,9813038.45]],[[760585.17,9813038.45],[760648.74,9813021.35]],[[760702.59,9813028.71],[760698.51,9813026.48],[760694.29,9813024.52],[760689.95,9813022.84],[760685.51,9813021.46],[760680.99,9813020.37],[760676.41,9813019.59],[760671.78,9813019.12],[760667.14,9813018.95],[760662.49,9813019.09],[760657.86,9813019.54],[760653.27,9813020.29],[760648.74,9813021.35]],[[760702.59,9813028.71],[760770.43,9813068.87]],[[760790,9813083.06],[760783.77,9813077.93],[760777.25,9813073.2],[760770.43,9813068.87]],[[760790,9813083.06],[760867.13,9813150.8]]]}},{"type":"Feature","properties":{"NOMBRE_EJE":" ","Layer":"C-ROAD-CNTR-N"},"geometry":{"type":"MultiLineString","coordinates":[[[758866.87,9812991.07],[758899.51,9812983.89]],[[758930.2,9812995.54],[758928.95,9812993.93],[758927.58,9812992.41],[758926.12,9812990.99],[758924.56,9812989.66],[758922.91,9812988.45],[758921.19,9812987.35],[758919.4,9812986.38],[758917.54,9812985.52],[758915.63,9812984.8],[758913.67,9812984.2],[758911.68,9812983.75],[758909.66,9812983.42],[758907.63,9812983.24],[758905.59,9812983.19],[758903.55,9812983.29],[758901.52,9812983.52],[758899.51,9812983.89]],[[758930.2,9812995.54],[758941.33,9813010.83]],[[758941.33,9813010.83],[758943.08,9813012.92],[758945.1,9813014.76],[758946.2,9813015.57],[758948.55,9813016.95],[758949.79,9813017.52],[758952.37,9813018.4],[758955.05,9813018.92],[758957.77,9813019.07]],[[758957.77,9813019.07],[758981.82,9813018.75]]]}},{"type":"Feature","properties":{"NOMBRE_EJE":" ","Layer":"C-ROAD-CNTR-N"},"geometry":{"type":"MultiLineString","coordinates":[[[765447.66,9819176.52],[765233.62,9819300.6]],[[765447.66,9819176.52],[765459.43,9819169.14],[765470.66,9819160.96],[765481.3,9819152.02],[765491.29,9819142.36]],[[765563.44,9819067.57],[765491.29,9819142.36]],[[765845.14,9818841.11],[765653.92,9818987.01],[765622.41,9819012.33],[765592.23,9819039.21],[765563.44,9819067.57]],[[765845.14,9818841.11],[765854.19,9818833.78],[765862.8,9818825.93],[765870.94,9818817.6],[765878.58,9818808.8],[765905.25,9818776.22]],[[765945.84,9818757.93],[765942.54,9818757.91],[765939.25,9818758.11],[765935.99,9818758.53],[765932.75,9818759.16],[765929.57,9818760],[765926.44,9818761.05],[765923.4,9818762.31],[765920.44,9818763.76],[765917.58,9818765.4],[765914.84,9818767.23],[765912.23,9818769.24],[765909.75,9818771.41],[765907.42,9818773.74],[765905.25,9818776.22]],[[765945.84,9818757.93],[766001.96,9818760.06],[766004.63,9818760.07],[766007.29,9818759.91],[766009.93,9818759.57],[766012.55,9818759.05],[766015.13,9818758.36],[766017.65,9818757.49],[766020.11,9818756.47],[766022.5,9818755.28],[766024.81,9818753.93],[766027.01,9818752.43],[766029.12,9818750.79],[766031.11,9818749.01],[766032.97,9818747.11],[766034.71,9818745.08],[766036.31,9818742.94],[766037.76,9818740.71],[766039.05,9818738.37],[766040.19,9818735.96],[766061.74,9818686.11]],[[766061.74,9818686.11],[766064.26,9818679.69],[766066.32,9818673.12],[766067.93,9818666.42],[766069.08,9818659.63],[766069.75,9818652.78],[766069.95,9818645.89],[766069.82,9818621.03],[766069.94,9818616.21],[766070.35,9818611.4],[766071.05,9818606.63],[766072.03,9818601.91],[766073.3,9818597.26],[766074.84,9818592.69],[766076.66,9818588.22]],[[766089.11,9818560.09],[766076.66,9818588.22]],[[766089.11,9818560.09],[766092.19,9818552.49],[766094.79,9818544.71],[766096.89,9818536.78],[766098.49,9818528.73],[766105.3,9818487.61],[766106.05,9818483.86],[766107.03,9818480.15],[766108.25,9818476.52],[766109.7,9818472.98],[766111.37,9818469.53],[766113.26,9818466.2],[766115.36,9818462.99],[766117.66,9818459.92],[766120.14,9818457.01],[766122.81,9818454.26],[766125.65,9818451.69]],[[766173.37,9818411.16],[766125.65,9818451.69]],[[766161.37,9818261.36],[766191.1,9818345.43],[766192.31,9818349.27],[766193.26,9818353.17],[766193.95,9818357.13],[766194.37,9818361.13],[766194.53,9818365.15],[766194.41,9818369.17],[766194.03,9818373.17],[766193.38,9818377.14],[766192.46,9818381.06],[766191.28,9818384.9],[766189.85,9818388.66],[766188.17,9818392.31],[766186.25,9818395.84],[766184.1,9818399.24],[766181.72,9818402.49],[766179.13,9818405.56],[766176.35,9818408.46],[766173.37,9818411.16]],[[766178.94,9818195.76],[766175.99,9818198.47],[766173.21,9818201.37],[766170.64,9818204.44],[766168.28,9818207.69],[766166.14,9818211.08],[766164.24,9818214.61],[766162.57,9818218.25],[766161.15,9818222],[766159.98,9818225.84],[766159.08,9818229.74],[766158.43,9818233.7],[766158.05,9818237.69],[766157.94,9818241.7],[766158.1,9818245.71],[766158.52,9818249.7],[766159.21,9818253.65],[766160.16,9818257.54],[766161.37,9818261.36]],[[766218.24,9818162.16],[766178.94,9818195.76]],[[766218.24,9818162.16],[766223,9818157.82],[766227.46,9818153.18],[766231.62,9818148.27],[766235.45,9818143.1],[766238.95,9818137.69],[766242.08,9818132.07],[766244.85,9818126.26],[766247.24,9818120.29]],[[766292.42,9818020.01],[766286.05,9818028.89],[766280.24,9818038.15],[766275,9818047.74],[766270.35,9818057.64],[766266.3,9818067.8],[766247.24,9818120.29]],[[766337.96,9817960.35],[766292.42,9818020.01]]]}},{"type":"Feature","properties":{"NOMBRE_EJE":" ","Layer":"C-ROAD-CNTR-N"},"geometry":{"type":"MultiLineString","coordinates":[[[765042.05,9817275.46],[765133.94,9817286.71]],[[765133.94,9817286.71],[765163.04,9817289.74],[765192.23,9817291.7]],[[765192.23,9817291.7],[765281.73,9817296.07],[765291.7,9817296.89],[765301.58,9817298.37],[765311.35,9817300.51],[765320.96,9817303.29],[765330.35,9817306.71],[765339.5,9817310.74],[765348.36,9817315.38],[765356.89,9817320.59],[765419.76,9817361.97]],[[765419.76,9817361.97],[765423.88,9817364.49],[765428.18,9817366.71],[765432.61,9817368.64],[765437.17,9817370.25],[765441.83,9817371.55],[765446.56,9817372.52],[765451.35,9817373.16],[765456.18,9817373.47]],[[765456.18,9817373.47],[765480.72,9817374.19]],[[765512.08,9817384.14],[765508.53,9817381.96],[765504.84,9817380.04],[765501.02,9817378.37],[765497.1,9817376.98],[765493.08,9817375.86],[765489,9817375.02],[765484.88,9817374.46],[765480.72,9817374.19]],[[765512.08,9817384.14],[765596.46,9817440.02]],[[765596.46,9817440.02],[765598.68,9817441.39],[765600.98,9817442.61],[765603.35,9817443.68],[765605.79,9817444.59],[765608.28,9817445.34],[765610.82,9817445.92],[765613.39,9817446.34],[765615.98,9817446.59],[765618.58,9817446.68],[765621.18,9817446.59],[765623.77,9817446.33],[765626.34,9817445.91]],[[765626.34,9817445.91],[765657.56,9817439.71]],[[765657.56,9817439.71],[765666.41,9817437.67],[765675.13,9817435.1],[765683.67,9817432],[765692,9817428.4],[765731.87,9817409.71],[765744.3,9817404.39],[765757.06,9817399.91],[765770.09,9817396.32],[765783.34,9817393.61],[765796.74,9817391.8],[765810.24,9817390.9],[765830.68,9817390.23]],[[765875.66,9817395.17],[765866.81,9817393.16],[765857.85,9817391.66],[765848.83,9817390.67],[765839.76,9817390.2],[765830.68,9817390.23]],[[765875.66,9817395.17],[765983.65,9817422.86]],[[765983.65,9817422.86],[766006.96,9817428.11],[766030.55,9817431.95]],[[766030.55,9817431.95],[766123.93,9817444.31]],[[766173.12,9817451.86],[766123.93,9817444.31]],[[766173.12,9817451.86],[766209.95,9817458.3]],[[766209.95,9817458.3],[766222.03,9817459.99],[766234.18,9817460.86],[766246.37,9817460.91],[766258.54,9817460.13]],[[766258.54,9817460.13],[766336.44,9817452.48],[766341.83,9817518.57]],[[766341.83,9817518.57],[766342.93,9817528.19],[766344.65,9817537.72],[766346.97,9817547.12],[766349.9,9817556.34]],[[766391.73,9817884.23],[766346.38,9817951.91]],[[766349.9,9817556.34],[766361.17,9817588.23]],[[766365.12,9817614.06],[766365.14,9817609.68],[766364.89,9817605.3],[766364.36,9817600.96],[766363.56,9817596.65],[766362.5,9817592.4],[766361.17,9817588.23]],[[766364.09,9817642.91],[766364.07,9817652.38],[766364.69,9817661.82],[766365.95,9817671.2],[766367.84,9817680.47],[766370.35,9817689.6]],[[766365.12,9817614.06],[766364.09,9817642.91]],[[766370.35,9817689.6],[766393.41,9817763.55]],[[766391.73,9817884.23],[766393.75,9817881],[766395.56,9817877.65],[766397.16,9817874.18],[766398.53,9817870.63],[766399.67,9817866.99],[766400.58,9817863.29],[766401.25,9817859.54],[766401.69,9817855.75],[766401.88,9817851.95],[766401.83,9817848.14]],[[766393.41,9817763.55],[766395.81,9817772.23],[766397.65,9817781.04],[766398.92,9817789.96],[766399.62,9817798.94],[766401.83,9817848.14]]]}},{"type":"Feature","properties":{"NOMBRE_EJE":" ","Layer":"C-ROAD-CNTR-N"},"geometry":{"type":"MultiLineString","coordinates":[[[762997.45,9820174.25],[762961.4,9820151.91]],[[762997.45,9820174.25],[763006.94,9820179.73],[763016.75,9820184.6],[763026.85,9820188.86],[763037.19,9820192.48]],[[763052.84,9820197.41],[763037.19,9820192.48]],[[763052.84,9820197.41],[763056.78,9820198.52],[763060.79,9820199.36],[763064.84,9820199.94],[763068.92,9820200.26],[763073.01,9820200.32],[763077.09,9820200.11],[763081.16,9820199.63],[763085.18,9820198.89],[763089.15,9820197.89],[763093.04,9820196.64],[763096.85,9820195.14],[763100.55,9820193.39],[763104.13,9820191.41],[763107.57,9820189.2]],[[763383.56,9820033.2],[763372.35,9820033.91],[763361.21,9820035.32],[763350.18,9820037.44],[763339.3,9820040.26],[763328.63,9820043.76],[763318.2,9820047.94],[763308.06,9820052.77],[763298.24,9820058.23],[763288.79,9820064.31],[763107.57,9820189.2]],[[763383.56,9820033.2],[763504.42,9820029.48],[763562.84,9820025.87],[763620.93,9820018.68]],[[763728.36,9820002.01],[763620.93,9820018.68]],[[763815,9820000.07],[763793.34,9819998.41],[763771.62,9819998.18],[763749.93,9819999.38],[763728.36,9820002.01]],[[763906.7,9820021.73],[763891.5,9820015.91],[763875.98,9820010.96],[763860.22,9820006.9],[763844.24,9820003.75],[763828.12,9820001.51],[763815,9820000.07]],[[763985.34,9820054.46],[763906.7,9820021.73]]]}},{"type":"Feature","properties":{"NOMBRE_EJE":" ","Layer":"C-ROAD-CNTR-N"},"geometry":{"type":"MultiLineString","coordinates":[[[758308.92,9820736.53],[758298.16,9820728.74],[758286.9,9820721.67],[758275.19,9820715.37],[758263.09,9820709.86],[758250.66,9820705.17],[758220.18,9820694.81]],[[758353.54,9820771.16],[758308.92,9820736.53]],[[758353.54,9820771.16],[758361.62,9820777.04],[758370.06,9820782.4],[758378.81,9820787.23],[758387.85,9820791.5]],[[758620.82,9820892.76],[758387.85,9820791.5]],[[758620.82,9820892.76],[758651.47,9820905.09],[758682.76,9820915.72],[758714.58,9820924.6]],[[758778.71,9820940.63],[758714.58,9820924.6]],[[758867.12,9820979.94],[758850.62,9820969.66],[758833.44,9820960.54],[758815.67,9820952.64],[758797.4,9820945.99],[758778.71,9820940.63]],[[758993.81,9821065.16],[758867.12,9820979.94]],[[759082.81,9821152.61],[759070.31,9821135.84],[759056.81,9821119.87],[759042.36,9821104.77],[759027,9821090.58],[759010.8,9821077.36],[758993.81,9821065.16]],[[759132.21,9821223.34],[759082.81,9821152.61]],[[759132.21,9821223.34],[759148.47,9821245.16],[759166.05,9821265.94],[759184.89,9821285.58]],[[759184.89,9821285.58],[759314.07,9821412.25],[759316.88,9821414.83],[759319.84,9821417.23],[759322.96,9821419.44],[759326.21,9821421.44],[759329.58,9821423.24],[759333.05,9821424.81],[759336.62,9821426.17],[759340.27,9821427.29],[759343.98,9821428.18],[759347.74,9821428.83],[759351.54,9821429.24],[759361.86,9821430.02],[759365.88,9821430.19],[759369.91,9821430.09],[759373.92,9821429.71],[759377.9,9821429.07],[759381.82,9821428.17],[759385.68,9821427],[759389.45,9821425.58],[759393.12,9821423.91],[759396.66,9821421.99],[759400.07,9821419.84]],[[759458.38,9821380.3],[759400.07,9821419.84]],[[759564.22,9821353.52],[759553.1,9821352.79],[759541.96,9821352.84],[759530.85,9821353.66],[759519.83,9821355.25],[759508.94,9821357.6],[759498.24,9821360.71],[759487.79,9821364.55],[759477.63,9821369.11],[759467.81,9821374.37],[759458.38,9821380.3]],[[759564.22,9821353.52],[759643.97,9821361.55],[759653.24,9821362.17],[759662.52,9821362.18],[759671.79,9821361.57],[759680.99,9821360.35],[759690.09,9821358.53],[759699.06,9821356.1],[759707.84,9821353.08],[759716.4,9821349.49],[759724.71,9821345.34],[759732.72,9821340.65],[759740.4,9821335.43],[759747.72,9821329.72],[759754.65,9821323.54],[759761.15,9821316.91],[759767.2,9821309.86],[759772.76,9821302.43],[759777.83,9821294.65],[759782.36,9821286.55]],[[759845.55,9821164.32],[759782.36,9821286.55]],[[759868.69,9821133.97],[759863.24,9821139.37],[759858.17,9821145.13],[759853.52,9821151.22],[759849.31,9821157.63],[759845.55,9821164.32]],[[759883.96,9821119.89],[759868.69,9821133.97]],[[759883.96,9821119.89],[759892.83,9821111.19],[759901.14,9821101.95],[759908.86,9821092.21]],[[760017.31,9820946.35],[759908.86,9821092.21]],[[760057.32,9820922.71],[760053.4,9820923.38],[760049.53,9820924.31],[760045.74,9820925.49],[760042.03,9820926.92],[760038.42,9820928.59],[760034.93,9820930.5],[760031.58,9820932.63],[760028.38,9820934.99],[760025.33,9820937.55],[760022.47,9820940.3],[760019.79,9820943.24],[760017.31,9820946.35]],[[760114.68,9820914.84],[760057.32,9820922.71]],[[760114.68,9820914.84],[760121.52,9820913.7],[760128.28,9820912.17],[760134.94,9820910.25],[760141.48,9820907.95],[760147.87,9820905.28]],[[760179.57,9820890.93],[760147.87,9820905.28]],[[760257.68,9820889.07],[760251.38,9820886.81],[760244.95,9820884.98],[760238.41,9820883.59],[760231.79,9820882.63],[760225.12,9820882.12],[760218.43,9820882.05],[760211.76,9820882.44],[760205.12,9820883.26],[760198.55,9820884.53],[760192.09,9820886.24],[760185.75,9820888.37],[760179.57,9820890.93]],[[760478.83,9820976.79],[760257.68,9820889.07]],[[760478.83,9820976.79],[760499.18,9820984.16],[760519.93,9820990.29],[760541.02,9820995.17],[760562.36,9820998.77],[760583.88,9821001.08],[760605.5,9821002.1]],[[760704.22,9821003.76],[760605.5,9821002.1]],[[760823.36,9821020.23],[760794,9821013.43],[760764.29,9821008.4],[760734.32,9821005.18],[760704.22,9821003.76]],[[760926.31,9821047.4],[760823.36,9821020.23]],[[760926.31,9821047.4],[760936.7,9821049.77],[760947.22,9821051.45],[760957.83,9821052.42],[760968.48,9821052.69],[760979.12,9821052.24],[760989.72,9821051.09],[761000.21,9821049.23],[761010.55,9821046.69],[761020.71,9821043.45],[761030.62,9821039.55],[761040.26,9821035],[761049.56,9821029.82],[761058.51,9821024.03]],[[761452.96,9820864.46],[761356.39,9820881.76],[761331,9820887.08],[761305.98,9820893.89],[761281.4,9820902.16],[761257.35,9820911.86],[761191.5,9820940.72],[761168.06,9820951.91],[761145.4,9820964.6],[761123.61,9820978.74],[761058.51,9821024.03]],[[761452.96,9820864.46],[761468.68,9820861.16],[761484.17,9820856.93],[761499.38,9820851.79],[761514.26,9820845.76],[761528.75,9820838.85]],[[761904.91,9820654.56],[761876.66,9820664.09],[761849.02,9820675.3],[761822.1,9820688.13],[761528.75,9820838.85]],[[761904.91,9820654.56],[762126.5,9820587.06],[762139.42,9820582.64],[762152,9820577.35],[762164.2,9820571.21],[762175.94,9820564.25]],[[762275.61,9820500.54],[762175.94,9820564.25]],[[762342.45,9820471.51],[762328.39,9820475.59],[762314.63,9820480.55],[762301.21,9820486.38],[762288.18,9820493.05],[762275.61,9820500.54]],[[762393.55,9820458.43],[762342.45,9820471.51]],[[762393.55,9820458.43],[762424.05,9820449.62],[762453.95,9820438.96],[762483.16,9820426.5]],[[762487.74,9820424.38],[762483.16,9820426.5]],[[762555.11,9820399.11],[762532.24,9820406.41],[762509.76,9820414.84],[762487.74,9820424.38]],[[762623.98,9820379.02],[762555.11,9820399.11]],[[762623.98,9820379.02],[762639.68,9820373.94],[762655.05,9820367.94],[762670.04,9820361.04],[762684.6,9820353.27],[762698.67,9820344.66],[762748.19,9820312.33]],[[762823.69,9820278.71],[762807.79,9820283.48],[762792.23,9820289.25],[762777.07,9820296],[762762.37,9820303.7],[762748.19,9820312.33]],[[762928.27,9820250.98],[762823.69,9820278.71]]]}},{"type":"Feature","properties":{"NOMBRE_EJE":" ","Layer":"C-ROAD-CNTR-N"},"geometry":{"type":"MultiLineString","coordinates":[[[756484.2,9822839.53],[756390.14,9822914.3]],[[756484.2,9822839.53],[756514.64,9822814.09],[756543.77,9822787.17]],[[756635.82,9822697.77],[756543.77,9822787.17]],[[756728,9822620.28],[756696.05,9822644.63],[756665.3,9822670.48],[756635.82,9822697.77]],[[756831.78,9822545.04],[756728,9822620.28]],[[756831.78,9822545.04],[756878.34,9822509.15],[756963.09,9822439.75]],[[757036.51,9822388.57],[757011.17,9822404.36],[756986.68,9822421.44],[756963.09,9822439.75]],[[757090.7,9822356.7],[757036.51,9822388.57]],[[757090.7,9822356.7],[757122.38,9822337.26],[757153.32,9822316.66]],[[757153.32,9822316.66],[757228.27,9822264.73],[757238.04,9822257.51],[757247.35,9822249.71],[757256.17,9822241.37],[757264.47,9822232.5],[757272.22,9822223.14]],[[757315.36,9822167.68],[757272.22,9822223.14]],[[757402.53,9822078.62],[757378.88,9822099],[757356.42,9822120.68],[757335.22,9822143.6],[757315.36,9822167.68]],[[757402.53,9822078.62],[757441.01,9822047.34],[757469.24,9822022.78],[757495.77,9821996.4],[757520.47,9821968.3],[757543.24,9821938.61],[757629.22,9821818.41],[757656.37,9821782.85],[757685.68,9821749.03],[757717.03,9821717.11]],[[757809.32,9821628.79],[757717.03,9821717.11]],[[757809.32,9821628.79],[757818.7,9821619.19],[757827.42,9821608.97],[757835.44,9821598.2],[757842.71,9821586.91],[757849.21,9821575.16],[757854.9,9821563],[757859.77,9821550.49],[757936.66,9821331.27],[757943.54,9821313.49],[757951.53,9821296.19],[757960.6,9821279.44]],[[757966.56,9821269.21],[757960.6,9821279.44]],[[757966.56,9821269.21],[757983.96,9821237.89],[758000.02,9821205.86],[758015.08,9821174.15]],[[758015.08,9821174.15],[758025.34,9821150.66],[758034.06,9821126.57]],[[758061.61,9821042.18],[758034.06,9821126.57]],[[758092.94,9820970.71],[758080.95,9820993.83],[758070.49,9821017.69],[758061.61,9821042.18]],[[758092.94,9820970.71],[758106.37,9820946.75],[758128.24,9820905.23],[758147.91,9820862.64]],[[758220.18,9820694.81],[758147.91,9820862.64]]]}},{"type":"Feature","properties":{"NOMBRE_EJE":" ","Layer":"C-ROAD-CNTR-N"},"geometry":{"type":"MultiLineString","coordinates":[[[757723.17,9820469.87],[757717.81,9820464.45]],[[757723.17,9820469.87],[757724.62,9820471.25],[757726.15,9820472.52],[757727.77,9820473.69],[757729.46,9820474.74],[757731.22,9820475.69],[757733.03,9820476.51],[757734.9,9820477.21],[757736.81,9820477.79],[757781.88,9820489.82]],[[757842.13,9820508.1],[757834.7,9820505.4],[757827.16,9820503.02],[757781.88,9820489.82]],[[757895.77,9820529.4],[757885.06,9820524.83],[757842.13,9820508.1]],[[758007.67,9820581.56],[757895.77,9820529.4]],[[758026.72,9820591.88],[758017.35,9820586.43],[758007.67,9820581.56]],[[758026.72,9820591.88],[758095.03,9820634.39],[758101.86,9820638.42],[758108.85,9820642.16],[758182.28,9820679.32],[758190.78,9820683.35],[758199.49,9820686.93],[758220.18,9820694.81]]]}},{"type":"Feature","properties":{"NOMBRE_EJE":" ","Layer":"C-ROAD-CNTR-N"},"geometry":{"type":"MultiLineString","coordinates":[[[758264.43,9820612.52],[758220.18,9820694.81]],[[758264.43,9820612.52],[758282.33,9820576.36],[758297.77,9820539.07]],[[758304.19,9820521.95],[758297.77,9820539.07]],[[758327.08,9820478.25],[758320.35,9820488.63],[758314.28,9820499.39],[758308.89,9820510.52],[758304.19,9820521.95]],[[758359.99,9820430.77],[758327.08,9820478.25]],[[758359.99,9820430.77],[758372.69,9820411.68],[758384.65,9820392.12],[758408.53,9820351.33]],[[758442.69,9820314.06],[758436.89,9820318.44],[758431.36,9820323.17],[758426.13,9820328.23],[758421.21,9820333.59],[758416.63,9820339.24],[758412.39,9820345.16],[758408.53,9820351.33]],[[758520.77,9820258.71],[758442.69,9820314.06]],[[758520.77,9820258.71],[758531.09,9820250.96],[758540.96,9820242.63],[758550.34,9820233.77],[758559.21,9820224.4],[758567.54,9820214.54]],[[758567.54,9820214.54],[758635.86,9820128.94],[758656.36,9820101.93],[758675.53,9820073.96],[759034.11,9819522.66],[759035.67,9819520.42],[759037.39,9819518.3],[759039.25,9819516.29],[759041.24,9819514.42],[759043.36,9819512.68],[759045.59,9819511.1],[759047.92,9819509.67],[759050.35,9819508.4],[759052.85,9819507.31],[759055.43,9819506.38],[759058.06,9819505.64],[759060.74,9819505.07],[759063.44,9819504.69],[759066.17,9819504.5],[759068.91,9819504.49],[759071.64,9819504.67],[759074.35,9819505.04],[759077.03,9819505.59],[759079.66,9819506.32],[759082.24,9819507.23],[759084.75,9819508.32],[759087.18,9819509.57],[759089.52,9819510.99]],[[759211.15,9819590.49],[759089.52,9819510.99]],[[759211.15,9819590.49],[759213.49,9819591.91],[759215.91,9819593.16],[759218.42,9819594.24],[759220.99,9819595.15],[759223.62,9819595.88],[759226.29,9819596.44],[759229,9819596.8],[759231.72,9819596.99],[759234.45,9819596.98],[759237.17,9819596.8],[759239.87,9819596.42],[759242.54,9819595.86],[759245.17,9819595.12],[759247.74,9819594.21],[759250.24,9819593.12],[759252.67,9819591.86],[759255,9819590.44],[759257.23,9819588.87],[759259.34,9819587.14],[759261.34,9819585.28],[759263.2,9819583.29],[759264.92,9819581.17],[759266.49,9819578.94]],[[759495.49,9819229.6],[759266.49,9819578.94]],[[759507.76,9819212.24],[759501.47,9819220.81],[759495.49,9819229.6]],[[759544.93,9819163.47],[759507.76,9819212.24]],[[759544.93,9819163.47],[759561.55,9819140.31],[759576.84,9819116.23]],[[759711,9818890.91],[759576.84,9819116.23]],[[759711,9818890.91],[759727.7,9818861.45],[759743.15,9818831.31],[759755.98,9818804.9],[759757.91,9818801.27],[759760.07,9818797.77],[759762.47,9818794.43],[759765.1,9818791.27],[759767.93,9818788.29],[759770.97,9818785.51],[759774.18,9818782.95],[759777.57,9818780.61],[759781.1,9818778.51],[759784.77,9818776.66],[759788.56,9818775.07],[759792.45,9818773.73],[759796.43,9818772.67],[759800.46,9818771.88],[759804.54,9818771.37],[759939.45,9818759.17],[759943.45,9818758.67],[759947.4,9818757.9],[759951.29,9818756.88],[759955.11,9818755.59],[759958.83,9818754.05],[759962.44,9818752.27],[759965.92,9818750.24],[759969.25,9818747.99],[759972.43,9818745.52],[759975.44,9818742.84],[759978.26,9818739.97],[759980.88,9818736.91],[759983.29,9818733.69],[759985.48,9818730.31],[759987.43,9818726.79],[759989.15,9818723.15],[759990.62,9818719.4],[759991.83,9818715.56],[759992.78,9818711.65],[759993.47,9818707.68],[759993.89,9818703.68]],[[760024.83,9818269.76],[759993.89,9818703.68]],[[760019.39,9818231.35],[760022.74,9818245.05]],[[760024.83,9818269.76],[760025.03,9818264.78],[760024.92,9818259.81],[760024.5,9818254.84],[760023.77,9818249.92],[760022.74,9818245.05]]]}},{"type":"Feature","properties":{"NOMBRE_EJE":" ","Layer":"C-ROAD-CNTR-N"},"geometry":{"type":"MultiLineString","coordinates":[[[754217.06,9818965.16],[754173.14,9819018.7]],[[754217.06,9818965.16],[754245.78,9818928.45],[754272.76,9818890.43],[754297.93,9818851.2],[754305.9,9818838.13]],[[754354.44,9818777.7],[754340.86,9818791.59],[754328.21,9818806.34],[754316.54,9818821.87],[754305.9,9818838.13]],[[754391.39,9818742.27],[754354.44,9818777.7]],[[754475.8,9818669.88],[754432.59,9818704.9],[754391.39,9818742.27]],[[754489.34,9818659.53],[754475.8,9818669.88]],[[754489.34,9818659.53],[754500.28,9818650.63],[754510.69,9818641.1],[754520.51,9818630.98],[754529.73,9818620.3],[754538.3,9818609.1],[754742.37,9818325.48]],[[754748.42,9818317.09],[754742.37,9818325.48]],[[755060.15,9817885.4],[754748.42,9818317.09]],[[755082.29,9817854.98],[755060.15,9817885.4]],[[755268.93,9817600.58],[755082.29,9817854.98]],[[755182.68,9817429.83],[755212.31,9817481.65]],[[755212.31,9817481.65],[755216.63,9817488.84],[755221.24,9817495.84],[755269.45,9817565.81],[755270.56,9817567.55],[755271.54,9817569.36],[755272.41,9817571.23],[755273.14,9817573.15],[755273.73,9817575.12],[755274.2,9817577.13],[755274.52,9817579.17],[755274.7,9817581.22],[755274.74,9817583.28],[755274.64,9817585.34],[755274.4,9817587.38],[755274.01,9817589.41],[755273.49,9817591.4],[755272.84,9817593.35],[755272.05,9817595.25],[755271.13,9817597.1],[755270.09,9817598.88],[755268.93,9817600.58]]]}},{"type":"Feature","properties":{"NOMBRE_EJE":" ","Layer":"C-ROAD-CNTR-N"},"geometry":{"type":"MultiLineString","coordinates":[[[755680.19,9817358.73],[755274.04,9817589.27]],[[755861.35,9817390.51],[755734.86,9817352.56],[755730.3,9817351.35],[755725.68,9817350.46],[755721,9817349.88],[755716.3,9817349.62],[755711.59,9817349.67],[755706.89,9817350.04],[755702.23,9817350.73],[755697.63,9817351.73],[755693.1,9817353.03],[755688.67,9817354.64],[755684.36,9817356.54],[755680.19,9817358.73]],[[755908.45,9817438.01],[755907,9817433.59],[755905.27,9817429.28],[755903.25,9817425.09],[755900.96,9817421.04],[755898.4,9817417.16],[755895.59,9817413.46],[755892.55,9817409.94],[755889.28,9817406.64],[755885.79,9817403.57],[755882.11,9817400.73],[755878.25,9817398.14],[755874.22,9817395.82],[755870.05,9817393.76],[755865.76,9817391.99],[755861.35,9817390.51]],[[755925.06,9817495.11],[755908.45,9817438.01]],[[755925.06,9817495.11],[755926.1,9817498.3],[755927.36,9817501.41],[755928.82,9817504.42],[755930.47,9817507.34],[755932.33,9817510.13],[755934.36,9817512.8],[755936.57,9817515.32],[755938.94,9817517.69],[755941.46,9817519.89],[755944.13,9817521.92],[755946.93,9817523.77],[755949.84,9817525.43],[755952.86,9817526.88],[755955.97,9817528.13],[755959.16,9817529.17],[756209.25,9817601.61]],[[756209.25,9817601.61],[756244.19,9817610.6],[756279.59,9817617.47]],[[756624.78,9817673.77],[756279.59,9817617.47]],[[756727.4,9817697.53],[756676.48,9817683.96],[756624.78,9817673.77]],[[756759.28,9817707.17],[756727.4,9817697.53]],[[756759.28,9817707.17],[756778.95,9817712.49],[756798.9,9817716.66],[756819.05,9817719.66],[756839.35,9817721.49],[756859.71,9817722.13],[757159.25,9817722.81]],[[757159.25,9817722.81],[757167.79,9817722.57],[757176.3,9817721.81],[757184.75,9817720.53],[757193.11,9817718.73],[757201.34,9817716.43],[757209.42,9817713.63],[757216.28,9817711.02]]]}},{"type":"Feature","properties":{"NOMBRE_EJE":" ","Layer":"C-ROAD-CNTR-N"},"geometry":{"type":"MultiLineString","coordinates":[[[754553.53,9822747.77],[754552.06,9822757.54]],[[755792.2,9822084.81],[754597.71,9822686.77],[754592.81,9822689.45],[754588.1,9822692.46],[754583.61,9822695.79],[754579.35,9822699.41],[754575.35,9822703.32],[754571.63,9822707.48],[754568.2,9822711.9],[754565.08,9822716.53],[754562.28,9822721.37],[754559.82,9822726.39],[754557.7,9822731.56],[754555.94,9822736.86],[754554.55,9822742.28],[754553.53,9822747.77]],[[755792.2,9822084.81],[755801.54,9822079.73],[755810.54,9822074.08],[755819.17,9822067.88],[755827.4,9822061.14],[755835.19,9822053.91],[755842.52,9822046.21]],[[755842.52,9822046.21],[755906.92,9821974.06],[755913.13,9821966.62],[755918.86,9821958.8],[755924.06,9821950.63],[755928.73,9821942.13],[755932.84,9821933.35],[755936.38,9821924.33],[755939.32,9821915.09]],[[755948.89,9821881.33],[755939.32,9821915.09]],[[755998.76,9821813.58],[755992.36,9821818.06],[755986.26,9821822.95],[755980.5,9821828.22],[755975.09,9821833.86],[755970.06,9821839.83],[755965.43,9821846.13],[755961.22,9821852.71],[755957.44,9821859.55],[755954.12,9821866.62],[755951.27,9821873.89],[755948.89,9821881.33]],[[756048.35,9821781.22],[755998.76,9821813.58]],[[756048.35,9821781.22],[756067.35,9821768.29],[756085.84,9821754.64],[756467.2,9821461.81],[756471.34,9821458.85],[756475.67,9821456.17],[756480.18,9821453.8],[756484.83,9821451.74],[756489.61,9821449.99],[756494.51,9821448.58]],[[756507.19,9821445.38],[756494.51,9821448.58]]]}},{"type":"Feature","properties":{"NOMBRE_EJE":" ","Layer":"C-ROAD-CNTR-N"},"geometry":{"type":"MultiLineString","coordinates":[[[762370.29,9817772.14],[762397.6,9817839.89]],[[762397.6,9817839.89],[762421.51,9817896.12],[762447.52,9817951.41]],[[762447.52,9817951.41],[762743.55,9818550.9]],[[762822.03,9818721.26],[762743.55,9818550.9]],[[762822.03,9818721.26],[762893.09,9818887.14],[762937.46,9818982.62],[763048.05,9819202.94]],[[763121.7,9819441.03],[763113.34,9819391.67],[763101.73,9819342.97],[763086.94,9819295.15],[763069.02,9819248.4],[763048.05,9819202.94]],[[763110.76,9819705.25],[762897.23,9820343.82]],[[763110.76,9819705.25],[763119.18,9819677.03],[763125.75,9819648.31],[763130.42,9819619.24],[763133.18,9819589.91],[763134.02,9819560.48],[763132.94,9819531.04],[763129.94,9819501.75]],[[763121.7,9819441.03],[763129.94,9819501.75]]]}},{"type":"Feature","properties":{"NOMBRE_EJE":" ","Layer":"C-ROAD-CNTR-N"},"geometry":{"type":"MultiLineString","coordinates":[[[764064.91,9814233.32],[764151.22,9814384.86]],[[764171.54,9814435.65],[764167.78,9814422.46],[764163.13,9814409.56],[764157.6,9814397],[764151.22,9814384.86]],[[764171.54,9814435.65],[764190.59,9814512.35],[764193.85,9814523.97],[764197.8,9814535.38],[764202.44,9814546.52],[764207.74,9814557.37],[764213.69,9814567.87],[764220.25,9814578],[764227.42,9814587.71]],[[764227.42,9814587.71],[764290.98,9814668.61]],[[764290.98,9814668.61],[764298.26,9814677.31],[764306.08,9814685.53],[764314.4,9814693.24],[764323.19,9814700.41],[764332.41,9814707.01],[764365.48,9814729.14]],[[764393.19,9814752],[764384.47,9814743.77],[764375.22,9814736.14],[764365.48,9814729.14]],[[764393.19,9814752],[764447.54,9814806.81]],[[764474.1,9814840.98],[764468.25,9814831.85],[764461.85,9814823.1],[764454.94,9814814.74],[764447.54,9814806.81]],[[764474.1,9814840.98],[764501.62,9814886.88]],[[764515.82,9814916.35],[764511.69,9814906.24],[764506.95,9814896.41],[764501.62,9814886.88]],[[764515.82,9814916.35],[764550.65,9815009.39],[764554.04,9815017.81],[764557.86,9815026.04],[764562.08,9815034.07]],[[764562.08,9815034.07],[764593.91,9815091.06]],[[764607.97,9815123.25],[764603.98,9815112.22],[764599.29,9815101.48],[764593.91,9815091.06]],[[764607.97,9815123.25],[764726.5,9815488.33]]]}},{"type":"Feature","properties":{"NOMBRE_EJE":" ","Layer":"C-ROAD-CNTR-N"},"geometry":{"type":"MultiLineString","coordinates":[[[763828.82,9812600.5],[763872.09,9812657.84],[763898.66,9812691.43],[764021.04,9812851.44],[764106.49,9812964.14],[764224.35,9813125.37]]]}},{"type":"Feature","properties":{"NOMBRE_EJE":" ","Layer":"C-ROAD-CNTR-N"},"geometry":{"type":"MultiLineString","coordinates":[[[763828.82,9812600.5],[763872.09,9812657.84]]]}},{"type":"Feature","properties":{"NOMBRE_EJE":" ","Layer":"C-ROAD-CNTR-N"},"geometry":{"type":"MultiLineString","coordinates":[[[763872.09,9812657.84],[763898.66,9812691.43]]]}},{"type":"Feature","properties":{"NOMBRE_EJE":" ","Layer":"C-ROAD-CNTR-N"},"geometry":{"type":"MultiLineString","coordinates":[[[763898.66,9812691.43],[763925.14,9812726.13]]]}},{"type":"Feature","properties":{"NOMBRE_EJE":" ","Layer":"C-ROAD-CNTR-N"},"geometry":{"type":"MultiLineString","coordinates":[[[763925.14,9812726.13],[764021.04,9812851.44]]]}},{"type":"Feature","properties":{"NOMBRE_EJE":" ","Layer":"C-ROAD-CNTR-N"},"geometry":{"type":"MultiLineString","coordinates":[[[764021.04,9812851.44],[764106.49,9812964.14]]]}},{"type":"Feature","properties":{"NOMBRE_EJE":" ","Layer":"C-ROAD-CNTR-N"},"geometry":{"type":"MultiLineString","coordinates":[[[764106.49,9812964.14],[764224.35,9813125.37]]]}},{"type":"Feature","properties":{"NOMBRE_EJE":" ","Layer":"C-ROAD-CNTR-N"},"geometry":{"type":"MultiLineString","coordinates":[[[764088.53,9813183.62],[763951.69,9813266.03]],[[764224.35,9813125.37],[764132.62,9813161.78],[764117.53,9813168.25],[764102.82,9813175.54],[764088.53,9813183.62]]]}},{"type":"Feature","properties":{"NOMBRE_EJE":" ","Layer":"C-ROAD-CNTR-N"},"geometry":{"type":"MultiLineString","coordinates":[[[757318.66,9814123.41],[757472.03,9814156.73]],[[757472.03,9814156.73],[757482.17,9814158.66]],[[757482.17,9814158.66],[757653.59,9814186.73]],[[757703.11,9814196.45],[757653.59,9814186.73]],[[757703.11,9814196.45],[757843.88,9814228.73]],[[757851.39,9814230.61],[757843.88,9814228.73]],[[757851.39,9814230.61],[757911.93,9814246.98]],[[757952.62,9814269.08],[757947.5,9814264.79],[757942.12,9814260.86],[757936.48,9814257.28],[757930.61,9814254.1],[757924.55,9814251.31],[757918.31,9814248.93],[757911.93,9814246.98]],[[757952.62,9814269.08],[757978.69,9814292.48]],[[758005.27,9814318.17],[757992.22,9814305.08],[757978.69,9814292.48]],[[758005.27,9814318.17],[758101.15,9814417.95]],[[758101.15,9814417.95],[758104.63,9814421.33],[758108.34,9814424.46],[758112.26,9814427.33],[758116.36,9814429.92],[758120.64,9814432.22],[758125.06,9814434.22],[758129.61,9814435.9],[758134.27,9814437.27],[758139.01,9814438.31],[758143.81,9814439.01],[758148.65,9814439.39],[758153.51,9814439.43]],[[758153.51,9814439.43],[758276.05,9814436.13]],[[758335.95,9814454.08],[758330.62,9814450.61],[758325.08,9814447.48],[758319.36,9814444.71],[758313.47,9814442.32],[758307.44,9814440.3],[758301.29,9814438.67],[758295.05,9814437.43],[758288.75,9814436.6],[758282.41,9814436.16],[758276.05,9814436.13]],[[758335.95,9814454.08],[758367.47,9814476.06]],[[758367.47,9814476.06],[758374.2,9814480.43],[758381.21,9814484.34],[758388.47,9814487.77],[758395.94,9814490.71],[758403.59,9814493.14],[758411.38,9814495.06],[758419.29,9814496.45],[758427.27,9814497.31]],[[758427.27,9814497.31],[758471.55,9814500.59]],[[758471.55,9814500.59],[758490.48,9814501.63],[758509.45,9814501.95]],[[758509.45,9814501.95],[758589.31,9814501.79]],[[758636.45,9814513.49],[758630.95,9814510.78],[758625.3,9814508.41],[758619.51,9814506.39],[758613.6,9814504.73],[758607.61,9814503.44],[758601.55,9814502.52],[758595.44,9814501.96],[758589.31,9814501.79]],[[758636.45,9814513.49],[758811.93,9814606.78]],[[758832.71,9814619.15],[758822.47,9814612.72],[758811.93,9814606.78]],[[758832.71,9814619.15],[758919.55,9814676.72]],[[758936.26,9814700.4],[758935.52,9814697.8],[758934.61,9814695.27],[758933.53,9814692.8],[758932.28,9814690.41],[758930.88,9814688.11],[758929.33,9814685.9],[758927.63,9814683.81],[758925.79,9814681.84],[758923.83,9814679.99],[758921.74,9814678.29],[758919.55,9814676.72]],[[758936.26,9814700.4],[758938.69,9814710.14]],[[758938.69,9814710.14],[758939.23,9814712.06],[758939.9,9814713.93],[758940.7,9814715.76],[758941.61,9814717.53],[758942.64,9814719.24],[758943.78,9814720.87],[758945.03,9814722.43],[758946.38,9814723.9]],[[758946.38,9814723.9],[758984.48,9814762.76]],[[758984.48,9814762.76],[758987.25,9814765.41],[758990.18,9814767.87],[758993.27,9814770.15],[758996.49,9814772.22],[759099.48,9814833.9]],[[759104.23,9814836.94],[759099.48,9814833.9]],[[759104.23,9814836.94],[759270.57,9814949.76]],[[759301.65,9814971.72],[759270.57,9814949.76]],[[759301.65,9814971.72],[759490.02,9815110.24]],[[759490.02,9815110.24],[759492.22,9815111.74],[759494.51,9815113.1],[759496.89,9815114.3],[759499.35,9815115.34],[759501.87,9815116.22],[759504.44,9815116.92]],[[759504.44,9815116.92],[759522.8,9815121.3]],[[759522.8,9815121.3],[759524.87,9815121.73]],[[759524.87,9815121.73],[759615,9815138.22]],[[759638.01,9815151.35],[759636.17,9815149.37],[759634.2,9815147.52],[759632.12,9815145.81],[759629.92,9815144.24],[759627.62,9815142.83],[759625.23,9815141.57],[759622.77,9815140.47],[759620.23,9815139.55],[759617.64,9815138.8],[759615,9815138.22]],[[759638.01,9815151.35],[759738.02,9815266.57]]]}},{"type":"Feature","properties":{"NOMBRE_EJE":" ","Layer":"C-ROAD-CNTR-N"},"geometry":{"type":"MultiLineString","coordinates":[[[759264.97,9814945.96],[759300.62,9814952.67]],[[759300.62,9814952.67],[759302.27,9814952.92],[759303.93,9814953.07],[759305.6,9814953.1],[759307.27,9814953.02],[759308.93,9814952.83],[759310.57,9814952.53],[759312.19,9814952.12],[759313.78,9814951.6],[759315.33,9814950.98],[759316.83,9814950.25],[759318.28,9814949.43],[759319.68,9814948.51],[759321.01,9814947.5],[759322.27,9814946.41],[759323.45,9814945.23]],[[759323.45,9814945.23],[759361.84,9814904.4]],[[759394.23,9814876.6],[759385.59,9814882.89],[759377.29,9814889.63],[759369.37,9814896.81],[759361.84,9814904.4]],[[759394.23,9814876.6],[759438.19,9814846.37]],[[759438.19,9814846.37],[759442.67,9814843.06],[759446.91,9814839.44],[759450.88,9814835.53],[759454.58,9814831.36],[759457.97,9814826.93]],[[759457.97,9814826.93],[759546.6,9814702.78]],[[759546.6,9814702.78],[759547.52,9814701.39],[759548.35,9814699.94],[759549.08,9814698.44],[759549.71,9814696.89],[759550.23,9814695.31],[759550.65,9814693.69],[759550.96,9814692.05],[759551.16,9814690.39],[759551.25,9814688.73]],[[759551.25,9814688.73],[759551.58,9814671.05]],[[759554.01,9814658.88],[759553.31,9814660.83],[759552.72,9814662.83],[759552.25,9814664.85],[759551.91,9814666.9],[759551.68,9814668.97],[759551.58,9814671.05]],[[759554.01,9814658.88],[759560.98,9814641.21]],[[759560.98,9814641.21],[759562.61,9814636.66],[759563.97,9814632.02],[759565.05,9814627.3],[759565.84,9814622.53],[759566.34,9814617.72],[759566.54,9814612.89],[759566.46,9814608.05],[759566.03,9814599.16]],[[759574.19,9814579.46],[759572.98,9814580.64],[759571.85,9814581.9],[759570.8,9814583.24],[759569.85,9814584.64],[759569,9814586.1],[759568.24,9814587.62],[759567.6,9814589.18],[759567.06,9814590.79],[759566.62,9814592.43],[759566.31,9814594.09],[759566.1,9814595.77],[759566.01,9814597.46],[759566.03,9814599.16]],[[759574.19,9814579.46],[759586.54,9814568.24]],[[759586.54,9814568.24],[759588.9,9814565.96],[759591.1,9814563.52],[759593.13,9814560.95],[759594.99,9814558.25],[759596.67,9814555.44]],[[759596.67,9814555.44],[759602.97,9814544.07],[759604.4,9814541.28],[759605.65,9814538.4],[759606.72,9814535.45],[759607.61,9814532.44],[759608.3,9814529.38],[759608.8,9814526.28],[759609.11,9814523.16],[759609.22,9814520.02]],[[759609.22,9814520.02],[759609.6,9814401.6]],[[759623.36,9814367.32],[759621.07,9814369.9],[759618.98,9814372.62],[759617.07,9814375.48],[759615.36,9814378.47],[759613.87,9814381.56],[759612.59,9814384.75],[759611.53,9814388.02],[759610.7,9814391.36],[759610.1,9814394.75],[759609.73,9814398.16],[759609.6,9814401.6]],[[759623.36,9814367.32],[759656.86,9814332.06]],[[759656.86,9814332.06],[759659.05,9814329.59],[759661.08,9814326.99],[759662.93,9814324.26],[759664.59,9814321.41],[759666.06,9814318.46],[759667.34,9814315.42]],[[759667.34,9814315.42],[759681.09,9814279.32]],[[759681.09,9814279.32],[759682.14,9814276.26],[759683,9814273.13],[759683.65,9814269.96],[759684.09,9814266.75],[759684.33,9814263.52],[759684.35,9814260.29],[759684.17,9814257.05]],[[759684.17,9814257.05],[759683.28,9814247.14]],[[759689.33,9814222.15],[759688,9814224.41],[759686.82,9814226.74],[759685.8,9814229.15],[759684.94,9814231.62],[759684.24,9814234.14],[759683.71,9814236.71],[759683.34,9814239.3],[759683.15,9814241.91],[759683.13,9814244.52],[759683.28,9814247.14]],[[759689.33,9814222.15],[759720.4,9814173.12]],[[759720.4,9814173.12],[759723.77,9814167.55]],[[759723.77,9814167.55],[759751.39,9814119.46]],[[759767.21,9814097.92],[759762.81,9814102.96],[759758.7,9814108.25],[759754.89,9814113.75],[759751.39,9814119.46]],[[759767.21,9814097.92],[759819.76,9814040.89]],[[759819.76,9814040.89],[759821.93,9814038.37],[759823.93,9814035.71],[759825.75,9814032.93],[759827.38,9814030.03],[759828.81,9814027.02],[759830.04,9814023.93]],[[759830.04,9814023.93],[759855.21,9813953.96]],[[759871.21,9813936.71],[759869.4,9813937.6],[759867.66,9813938.6],[759865.98,9813939.71],[759864.38,9813940.94],[759862.87,9813942.27],[759861.45,9813943.7],[759860.13,9813945.22],[759858.92,9813946.83],[759857.81,9813948.51],[759856.82,9813950.27],[759855.95,9813952.08],[759855.21,9813953.96]],[[759871.21,9813936.71],[759982.57,9813887.03]]]}},{"type":"Feature","properties":{"NOMBRE_EJE":" ","Layer":"C-ROAD-CNTR-N"},"geometry":{"type":"MultiLineString","coordinates":[[[757601.7,9813790.44],[757603.22,9813792.39],[757604.53,9813793.85],[757605.25,9813794.52],[757606.81,9813795.7],[757608.52,9813796.66],[757610.33,9813797.4],[757612.23,9813797.89],[757613.2,9813798.04]],[[757613.2,9813798.04],[757632.24,9813800.37],[757634.8,9813800.36],[757637.33,9813800.02],[757639.8,9813799.36],[757641,9813798.91]],[[757641,9813798.91],[757662.76,9813790.01]],[[757677.59,9813787.98],[757675.71,9813787.82],[757673.82,9813787.78],[757671.93,9813787.86],[757670.05,9813788.06],[757668.18,9813788.37],[757666.34,9813788.8],[757664.53,9813789.35],[757662.76,9813790.01]],[[757677.59,9813787.98],[757694.1,9813789.9]],[[757753.6,9813807.6],[757742.25,9813802.42],[757730.57,9813798.05],[757718.61,9813794.49],[757706.44,9813791.77],[757694.1,9813789.9]],[[757753.6,9813807.6],[757763.3,9813812.44],[757776.41,9813818.5],[757789.84,9813823.8],[757803.56,9813828.32],[757817.52,9813832.03],[757831.67,9813834.94]],[[757831.67,9813834.94],[757898.69,9813846.68]],[[757926.68,9813852.28],[757898.69,9813846.68]],[[757926.68,9813852.28],[758083.83,9813887.61],[758061.72,9813916.02]],[[757998.38,9814161.45],[757932.68,9814255.16]],[[758028.22,9814122.38],[758012.9,9814141.61],[757998.38,9814161.45]],[[758072.4,9814069.23],[758028.22,9814122.38]],[[758034.02,9814004.55],[758033.84,9814006.24],[758033.77,9814007.95],[758033.83,9814009.65],[758033.99,9814011.35],[758034.28,9814013.03],[758034.67,9814014.68],[758035.18,9814016.31],[758035.8,9814017.9],[758036.53,9814019.44],[758037.35,9814020.93],[758038.28,9814022.36],[758039.31,9814023.72],[758040.42,9814025.01],[758041.62,9814026.22],[758042.9,9814027.35],[758044.25,9814028.38],[758045.67,9814029.33],[758047.15,9814030.17],[758048.68,9814030.91]],[[758036.83,9813984.59],[758034.02,9814004.55]],[[758040.86,9813966.37],[758039.2,9813972.37],[758037.86,9813978.45],[758036.83,9813984.59]],[[758048.33,9813941.85],[758040.86,9813966.37]],[[758061.72,9813916.02],[758058.84,9813919.96],[758056.21,9813924.06],[758053.84,9813928.32],[758051.73,9813932.71],[758049.89,9813937.23],[758048.33,9813941.85]],[[758048.68,9814030.91],[758065.09,9814038.15]],[[758072.4,9814069.23],[758074,9814067.01],[758075.28,9814064.59],[758075.8,9814063.32],[758076.56,9814060.69],[758076.96,9814057.99],[758076.98,9814055.25],[758076.85,9814053.89],[758076.32,9814051.2],[758075.42,9814048.62],[758074.84,9814047.38],[758074.18,9814046.18],[758072.62,9814043.93],[758070.76,9814041.92],[758069.74,9814041.01],[758067.51,9814039.42],[758065.09,9814038.15]]]}},{"type":"Feature","properties":{"NOMBRE_EJE":" ","Layer":"C-ROAD-CNTR-N"},"geometry":{"type":"MultiLineString","coordinates":[[[759548.65,9814699.35],[759582.76,9814676.66]],[[759635.89,9814663.75],[759630.33,9814663.33],[759624.75,9814663.3],[759619.19,9814663.65],[759613.66,9814664.4],[759608.19,9814665.52],[759602.82,9814667.03],[759597.57,9814668.9],[759592.46,9814671.14],[759587.51,9814673.73],[759582.76,9814676.66]],[[759635.89,9814663.75],[759709.76,9814671.95]],[[759773.48,9814694.31],[759765.09,9814689.38],[759756.41,9814684.99],[759747.45,9814681.18],[759738.27,9814677.96],[759728.91,9814675.34],[759719.39,9814673.33],[759709.76,9814671.95]],[[759773.48,9814694.31],[759811.7,9814718.53]]]}},{"type":"Feature","properties":{"NOMBRE_EJE":" ","Layer":"C-ROAD-CNTR-N"},"geometry":{"type":"MultiLineString","coordinates":[[[760028.94,9813889.34],[760054.12,9813831.62]],[[760048.66,9813734.97],[760047.17,9813735.74],[760045.75,9813736.62],[760044.38,9813737.59],[760043.09,9813738.64],[760041.87,9813739.78],[760040.72,9813741],[760039.66,9813742.3],[760038.69,9813743.66],[760037.81,9813745.08],[760037.03,9813746.56],[760036.35,9813748.09],[760035.78,9813749.66],[760035.31,9813751.26],[760034.95,9813752.9],[760034.69,9813754.55],[760034.55,9813756.22],[760034.52,9813757.89],[760034.61,9813759.56],[760034.8,9813761.22],[760035.11,9813762.86]],[[760035.51,9813764.71],[760035.11,9813762.86]],[[760035.51,9813764.71],[760036.19,9813767.36],[760037.06,9813769.96],[760038.09,9813772.5],[760039.3,9813774.95],[760040.67,9813777.32]],[[760051.36,9813794.39],[760040.67,9813777.32]],[[760048.66,9813734.97],[760055.09,9813731.86]],[[760054.12,9813831.62],[760055.14,9813829.04],[760055.98,9813826.39],[760056.63,9813823.7],[760057.1,9813820.97],[760057.37,9813818.21],[760057.46,9813815.44],[760057.35,9813812.66],[760057.05,9813809.91],[760056.56,9813807.18],[760055.88,9813804.49],[760055.01,9813801.85],[760053.97,9813799.29],[760052.75,9813796.79],[760051.36,9813794.39]]]}},{"type":"Feature","properties":{"NOMBRE_EJE":" ","Layer":"C-ROAD-CNTR-N"},"geometry":{"type":"MultiLineString","coordinates":[[[760035.51,9813764.71],[760035.11,9813762.86]]]}},{"type":"Feature","properties":{"NOMBRE_EJE":" ","Layer":"C-ROAD-CNTR-N"},"geometry":{"type":"MultiLineString","coordinates":[[[760035.51,9813764.71],[760036.19,9813767.36],[760037.06,9813769.96],[760038.09,9813772.5],[760039.3,9813774.95],[760040.67,9813777.32]]]}},{"type":"Feature","properties":{"NOMBRE_EJE":" ","Layer":"C-ROAD-CNTR-N"},"geometry":{"type":"MultiLineString","coordinates":[[[760048.66,9813734.97],[760055.09,9813731.86]]]}},{"type":"Feature","properties":{"NOMBRE_EJE":" ","Layer":"C-ROAD-CNTR-N"},"geometry":{"type":"MultiLineString","coordinates":[[[760048.66,9813734.97],[760047.17,9813735.74],[760045.75,9813736.62],[760044.38,9813737.59],[760043.09,9813738.64],[760041.87,9813739.78],[760040.72,9813741],[760039.66,9813742.3],[760038.69,9813743.66],[760037.81,9813745.08],[760037.03,9813746.56],[760036.35,9813748.09],[760035.78,9813749.66],[760035.31,9813751.26],[760034.95,9813752.9],[760034.69,9813754.55],[760034.55,9813756.22],[760034.52,9813757.89],[760034.61,9813759.56],[760034.8,9813761.22],[760035.11,9813762.86]]]}},{"type":"Feature","properties":{"NOMBRE_EJE":" ","Layer":"C-ROAD-CNTR-N"},"geometry":{"type":"MultiLineString","coordinates":[[[760028.94,9813889.34],[760054.12,9813831.62]]]}},{"type":"Feature","properties":{"NOMBRE_EJE":" ","Layer":"C-ROAD-CNTR-N"},"geometry":{"type":"MultiLineString","coordinates":[[[760051.36,9813794.39],[760040.67,9813777.32]]]}},{"type":"Feature","properties":{"NOMBRE_EJE":" ","Layer":"C-ROAD-CNTR-N"},"geometry":{"type":"MultiLineString","coordinates":[[[760054.12,9813831.62],[760055.14,9813829.04],[760055.98,9813826.39],[760056.63,9813823.7],[760057.1,9813820.97],[760057.37,9813818.21],[760057.46,9813815.44],[760057.35,9813812.66],[760057.05,9813809.91],[760056.56,9813807.18],[760055.88,9813804.49],[760055.01,9813801.85],[760053.97,9813799.29],[760052.75,9813796.79],[760051.36,9813794.39]]]}},{"type":"Feature","properties":{"NOMBRE_EJE":" ","Layer":"C-ROAD-CNTR-N"},"geometry":{"type":"MultiLineString","coordinates":[[[760028.94,9813889.34],[760054.12,9813831.62]],[[760048.66,9813734.97],[760047.17,9813735.74],[760045.75,9813736.62],[760044.38,9813737.59],[760043.09,9813738.64],[760041.87,9813739.78],[760040.72,9813741],[760039.66,9813742.3],[760038.69,9813743.66],[760037.81,9813745.08],[760037.03,9813746.56],[760036.35,9813748.09],[760035.78,9813749.66],[760035.31,9813751.26],[760034.95,9813752.9],[760034.69,9813754.55],[760034.55,9813756.22],[760034.52,9813757.89],[760034.61,9813759.56],[760034.8,9813761.22],[760035.11,9813762.86]],[[760035.51,9813764.71],[760035.11,9813762.86]],[[760035.51,9813764.71],[760036.19,9813767.36],[760037.06,9813769.96],[760038.09,9813772.5],[760039.3,9813774.95],[760040.67,9813777.32]],[[760051.36,9813794.39],[760040.67,9813777.32]],[[760048.66,9813734.97],[760055.09,9813731.86]],[[760054.12,9813831.62],[760055.14,9813829.04],[760055.98,9813826.39],[760056.63,9813823.7],[760057.1,9813820.97],[760057.37,9813818.21],[760057.46,9813815.44],[760057.35,9813812.66],[760057.05,9813809.91],[760056.56,9813807.18],[760055.88,9813804.49],[760055.01,9813801.85],[760053.97,9813799.29],[760052.75,9813796.79],[760051.36,9813794.39]]]}},{"type":"Feature","properties":{"NOMBRE_EJE":" ","Layer":"C-ROAD-CNTR-N"},"geometry":{"type":"MultiLineString","coordinates":[[[754798.68,9817028.99],[754858.99,9817016.48]],[[754936.89,9817015.81],[754923.98,9817013.8],[754910.97,9817012.63],[754897.91,9817012.31],[754884.85,9817012.85],[754871.86,9817014.24],[754858.99,9817016.48]],[[754936.89,9817015.81],[754968.01,9817021.72]],[[754968.01,9817021.72],[754973.16,9817022.52],[754978.35,9817022.99],[754983.57,9817023.12],[754988.78,9817022.91],[754993.96,9817022.36],[754999.1,9817021.47],[755004.17,9817020.25],[755009.15,9817018.7],[755014.02,9817016.83],[755018.75,9817014.65]],[[755018.75,9817014.65],[755132.07,9816957.89]],[[755132.07,9816957.89],[755136.62,9816955.42],[755141.01,9816952.66],[755145.21,9816949.62],[755149.2,9816946.32],[755152.98,9816942.77],[755156.51,9816938.97],[755159.79,9816934.96],[755162.8,9816930.74],[755165.54,9816926.34],[755167.98,9816921.77],[755178.8,9816899.85]],[[755191.86,9816881.54],[755188.78,9816884.85],[755185.93,9816888.35],[755183.31,9816892.03],[755180.93,9816895.87],[755178.8,9816899.85]],[[755191.86,9816881.54],[755319.34,9816752.96]],[[755350,9816733.68],[755345.13,9816735.55],[755340.39,9816737.73],[755335.8,9816740.21],[755331.38,9816742.99],[755327.15,9816746.05],[755323.13,9816749.38],[755319.34,9816752.96]],[[755350,9816733.68],[755429.87,9816706.07]],[[755429.87,9816706.07],[755445.38,9816700.09],[755460.44,9816693.06],[755474.97,9816685.01],[755488.92,9816675.96],[755502.21,9816665.98],[755514.77,9816655.09],[755526.55,9816643.37]],[[755526.55,9816643.37],[755582.31,9816583.87]],[[755664.98,9816513.01],[755642.89,9816529.01],[755621.71,9816546.19],[755601.49,9816564.49],[755582.31,9816583.87]],[[755664.98,9816513.01],[755698.77,9816489.92]],[[755698.77,9816489.92],[755721.36,9816473.69],[755743.18,9816456.44]],[[755743.18,9816456.44],[755777.43,9816428.04]],[[755793.59,9816416.74],[755788,9816420.21],[755782.61,9816423.98],[755777.43,9816428.04]],[[755793.59,9816416.74],[755840.24,9816389.54]],[[755840.24,9816389.54],[755856.74,9816379.19],[755872.54,9816367.78],[755887.57,9816355.37]],[[755887.57,9816355.37],[755895.49,9816348.38]],[[755943.06,9816317.21],[755932.87,9816322.34],[755922.98,9816328.04],[755913.43,9816334.29],[755904.26,9816341.08],[755895.49,9816348.38]],[[755943.06,9816317.21],[756058.92,9816263.03]],[[756121.43,9816243.29],[756105.35,9816246.67],[756089.52,9816251.1],[756074.03,9816256.56],[756058.92,9816263.03]],[[756121.43,9816243.29],[756208.41,9816227.96]],[[756208.41,9816227.96],[756228.83,9816223.81],[756249.01,9816218.6],[756268.88,9816212.35]],[[756268.88,9816212.35],[756408.87,9816164.28]],[[756451.21,9816150.79],[756408.87,9816164.28]],[[756451.21,9816150.79],[756818.09,9816042.78]],[[756865.03,9816033.92],[756849.2,9816035.83],[756833.53,9816038.79],[756818.09,9816042.78]],[[756865.03,9816033.92],[756919.12,9816029.2]],[[756919.12,9816029.2],[756936.76,9816027.1],[756954.24,9816023.88],[756971.48,9816019.56]],[[756971.48,9816019.56],[756980.54,9816016.98]],[[757028.68,9816012.62],[757020.6,9816012.09],[757012.49,9816012.06],[757004.41,9816012.54],[756996.36,9816013.52],[756988.4,9816015],[756980.54,9816016.98]],[[757028.68,9816012.62],[757038.65,9816013.58]],[[757038.65,9816013.58],[757048.19,9816014.22],[757057.74,9816014.29],[757067.29,9816013.79],[757076.79,9816012.71],[757086.21,9816011.07]],[[757086.21,9816011.07],[757141.81,9815999.68]],[[757183.77,9816031.74],[757183.53,9816029.36],[757183.14,9816027],[757182.58,9816024.67],[757181.87,9816022.39],[757181,9816020.16],[757179.98,9816017.99],[757178.81,9816015.9],[757177.51,9816013.9],[757176.07,9816011.99],[757174.51,9816010.18],[757172.82,9816008.48],[757171.02,9816006.9],[757169.12,9816005.45],[757167.13,9816004.13],[757165.05,9816002.95],[757162.89,9816001.91],[757160.67,9816001.03],[757158.39,9816000.3],[757156.07,9815999.72],[757153.71,9815999.31],[757151.33,9815999.06],[757148.94,9815998.97],[757146.55,9815999.04],[757144.17,9815999.28],[757141.81,9815999.68]],[[757183.77,9816031.74],[757186.58,9816075.83],[757187.24,9816124.04],[757187.36,9816126.43],[757187.63,9816128.8],[757188.07,9816131.15],[757188.67,9816133.47],[757189.43,9816135.74],[757190.33,9816137.95],[757191.39,9816140.1],[757192.59,9816142.16],[757193.93,9816144.15],[757195.41,9816146.03],[757197,9816147.81],[757198.72,9816149.48],[757200.54,9816151.02],[757202.47,9816152.44],[757204.49,9816153.72],[757206.59,9816154.87],[757208.76,9816155.86],[757211,9816156.71],[757213.29,9816157.4]],[[757213.29,9816157.4],[757219.52,9816159.04]],[[757243.67,9816181.51],[757242.86,9816179.37],[757241.91,9816177.29],[757240.82,9816175.27],[757239.6,9816173.33],[757238.26,9816171.48],[757236.81,9816169.71],[757235.23,9816168.05],[757233.56,9816166.49],[757231.78,9816165.04],[757229.92,9816163.71],[757227.97,9816162.51],[757225.95,9816161.44],[757223.86,9816160.5],[757221.71,9816159.7],[757219.52,9816159.04]],[[757243.67,9816181.51],[757247.77,9816193.45]],[[757250.44,9816207.77],[757250.25,9816204.85],[757249.88,9816201.95],[757249.34,9816199.08],[757248.64,9816196.24],[757247.77,9816193.45]],[[757250.44,9816207.77],[757253.51,9816287.64]],[[757253.51,9816287.64],[757253.72,9816290.77],[757254.14,9816293.88],[757254.75,9816296.95],[757255.55,9816299.98],[757256.53,9816302.96],[757257.71,9816305.87]],[[757257.71,9816305.87],[757291.65,9816382.98]],[[757291.65,9816382.98],[757293.56,9816386.98],[757295.73,9816390.86],[757298.14,9816394.59],[757300.78,9816398.16],[757303.65,9816401.56],[757306.72,9816404.77]],[[757306.72,9816404.77],[757360.67,9816457.65]],[[757372.58,9816472.49],[757369.94,9816468.52],[757367.07,9816464.72],[757363.98,9816461.09],[757360.67,9816457.65]],[[757372.58,9816472.49],[757391.63,9816503.08]]]}},{"type":"Feature","properties":{"NOMBRE_EJE":" ","Layer":"C-ROAD-CNTR-N"},"geometry":{"type":"MultiLineString","coordinates":[[[755951.37,9816313.33],[755998.45,9816378.88]],[[755998.45,9816378.88],[756003.02,9816384.84],[756007.96,9816390.51],[756013.24,9816395.86],[756018.85,9816400.86],[756024.76,9816405.51],[756030.95,9816409.77],[756037.4,9816413.64],[756044.07,9816417.1]],[[756044.07,9816417.1],[756151.1,9816468.38]],[[756153.61,9816616.9],[756152.91,9816618.78],[756152.33,9816620.7],[756151.88,9816622.65],[756151.56,9816624.63],[756151.37,9816626.63],[756151.32,9816628.63],[756151.4,9816630.64],[756151.61,9816632.63],[756151.96,9816634.6],[756152.44,9816636.55],[756153.04,9816638.46],[756153.78,9816640.33],[756154.64,9816642.14],[756155.61,9816643.89],[756156.7,9816645.57],[756157.9,9816647.18]],[[756163.54,9816593.04],[756153.61,9816616.9]],[[756157.9,9816647.18],[756290.16,9816812.25]],[[756163.54,9816593.04],[756166.86,9816584.3],[756169.62,9816575.37],[756171.83,9816566.29],[756173.47,9816557.08],[756174.52,9816547.79],[756175,9816538.46],[756174.9,9816529.11]],[[756173.79,9816502.76],[756173.58,9816500.07],[756173.19,9816497.39],[756172.63,9816494.75],[756171.88,9816492.15],[756170.96,9816489.61],[756169.88,9816487.13],[756168.62,9816484.73],[756167.21,9816482.43],[756165.65,9816480.22],[756163.94,9816478.13],[756162.09,9816476.15],[756160.11,9816474.31],[756158.02,9816472.6],[756155.81,9816471.04],[756153.5,9816469.63],[756151.1,9816468.38]],[[756173.79,9816502.76],[756174.9,9816529.11]]]}},{"type":"Feature","properties":{"NOMBRE_EJE":" ","Layer":"C-ROAD-CNTR-N"},"geometry":{"type":"MultiLineString","coordinates":[[[755115.03,9815984.32],[755119.11,9815965.41]],[[755129.74,9815954.13],[755127.82,9815954.81],[755126.01,9815955.74],[755124.35,9815956.91],[755122.86,9815958.29],[755121.57,9815959.86],[755120.5,9815961.6],[755119.68,9815963.46],[755119.11,9815965.41]],[[755129.74,9815954.13],[755130.88,9815953.81]],[[755143.52,9815964.46],[755143.56,9815963.07],[755143.41,9815961.69],[755142.84,9815959.69],[755142.23,9815958.45],[755141.45,9815957.3],[755140.01,9815955.8],[755138.29,9815954.63],[755137.02,9815954.06],[755135.69,9815953.67],[755133.62,9815953.45],[755132.24,9815953.53],[755130.88,9815953.81]],[[755143.25,9815967.06],[755143.18,9815969.15],[755143.26,9815970.19],[755143.41,9815971.23],[755143.92,9815973.26],[755144.71,9815975.19],[755145.2,9815976.11],[755146.37,9815977.84],[755147.05,9815978.64],[755148.56,9815980.09],[755149.38,9815980.73],[755151.15,9815981.84],[755152.1,9815982.3],[755153.07,9815982.69],[755155.08,9815983.26],[755156.11,9815983.44],[755158.19,9815983.58]],[[755143.52,9815964.46],[755143.25,9815967.06]],[[755158.19,9815983.58],[755289.44,9815983.43]],[[755265.6,9816309.94],[755265.1,9816311.89],[755264.73,9816313.87],[755264.5,9816315.88],[755264.4,9816317.89],[755264.43,9816319.91],[755264.61,9816321.92],[755264.91,9816323.91],[755265.36,9816325.88],[755265.93,9816327.81],[755266.63,9816329.7],[755267.45,9816331.54],[755268.4,9816333.32],[755269.47,9816335.04],[755270.65,9816336.67]],[[755280.18,9816259.95],[755265.6,9816309.94]],[[755270.65,9816336.67],[755373.2,9816469.54]],[[755298.61,9816227.66],[755295.08,9816231.69],[755291.82,9816235.95],[755288.86,9816240.41],[755286.21,9816245.07],[755283.87,9816249.89],[755281.86,9816254.86],[755280.18,9816259.95]],[[755319.32,9815991.36],[755315.87,9815989.53],[755312.3,9815987.93],[755308.64,9815986.56],[755304.9,9815985.44],[755301.09,9815984.56],[755297.24,9815983.93],[755293.35,9815983.56],[755289.44,9815983.43]],[[755304.72,9816221.14],[755298.61,9816227.66]],[[755304.72,9816221.14],[755306.42,9816219.2],[755307.99,9816217.16],[755309.43,9816215.02],[755310.73,9816212.79],[755311.88,9816210.48],[755312.88,9816208.1],[755313.73,9816205.66],[755314.41,9816203.17],[755314.94,9816200.65]],[[755316.8,9816189.97],[755314.94,9816200.65]],[[755321.73,9816173.7],[755320.12,9816177.65],[755318.77,9816181.69],[755317.65,9816185.8],[755316.8,9816189.97]],[[755319.32,9815991.36],[755329.86,9815997.4]],[[755327.76,9816160.03],[755321.73,9816173.7]],[[755327.76,9816160.03],[755329.58,9816155.6],[755331.16,9816151.08],[755332.49,9816146.48],[755333.58,9816141.82]],[[755342.07,9816023.37],[755342.31,9816021.69],[755342.42,9816019.99],[755342.43,9816018.3],[755342.32,9816016.6],[755342.09,9816014.92],[755341.75,9816013.26],[755341.3,9816011.62],[755340.73,9816010.02],[755340.06,9816008.46],[755339.29,9816006.94],[755338.42,9816005.49],[755337.44,9816004.1],[755336.38,9816002.77],[755335.23,9816001.53],[755333.99,9816000.36],[755332.69,9815999.28],[755331.3,9815998.29],[755329.86,9815997.4]],[[755337.1,9816124.73],[755333.58,9816141.82]],[[755342.52,9816108.62],[755340.8,9816112.52],[755339.32,9816116.51],[755338.09,9816120.59],[755337.1,9816124.73]],[[755342.07,9816023.37],[755337.65,9816048.87]],[[755337.65,9816048.87],[755337.38,9816050.75],[755337.23,9816052.65],[755337.21,9816054.55],[755337.3,9816056.45],[755337.52,9816058.34],[755337.85,9816060.21],[755338.3,9816062.06],[755338.87,9816063.87]],[[755338.87,9816063.87],[755346.05,9816084.46]],[[755344.99,9816103.48],[755342.52,9816108.62]],[[755344.99,9816103.48],[755345.64,9816101.99],[755346.2,9816100.46],[755346.65,9816098.89],[755347.01,9816097.3],[755347.25,9816095.69],[755347.4,9816094.07],[755347.44,9816092.44],[755347.37,9816090.82],[755347.19,9816089.2],[755346.91,9816087.6],[755346.53,9816086.01],[755346.05,9816084.46]],[[755373.2,9816469.54],[755374.49,9816471.1],[755375.87,9816472.56],[755377.36,9816473.93],[755378.93,9816475.2],[755380.58,9816476.35],[755382.31,9816477.4],[755384.1,9816478.32],[755385.95,9816479.12],[755387.85,9816479.8],[755389.79,9816480.35],[755391.77,9816480.76],[755393.76,9816481.04],[755395.78,9816481.19],[755397.79,9816481.2],[755399.81,9816481.08],[755401.81,9816480.82],[755403.79,9816480.42],[755405.73,9816479.9]],[[755405.73,9816479.9],[755478.19,9816457.71]],[[755499.73,9816464.42],[755498.87,9816463.4],[755496.95,9816461.55],[755494.81,9816459.98],[755492.48,9816458.7],[755489.99,9816457.74],[755487.41,9816457.12],[755486.09,9816456.94],[755483.43,9816456.84],[755480.78,9816457.1],[755478.19,9816457.71]],[[755499.73,9816464.42],[755588.88,9816577]],[[755951.37,9816313.33],[755998.45,9816378.88]],[[755998.45,9816378.88],[756003.02,9816384.84],[756007.96,9816390.51],[756013.24,9816395.86],[756018.85,9816400.86],[756024.76,9816405.51],[756030.95,9816409.77],[756037.4,9816413.64],[756044.07,9816417.1]],[[756044.07,9816417.1],[756151.1,9816468.38]],[[756153.61,9816616.9],[756152.91,9816618.78],[756152.33,9816620.7],[756151.88,9816622.65],[756151.56,9816624.63],[756151.37,9816626.63],[756151.32,9816628.63],[756151.4,9816630.64],[756151.61,9816632.63],[756151.96,9816634.6],[756152.44,9816636.55],[756153.04,9816638.46],[756153.78,9816640.33],[756154.64,9816642.14],[756155.61,9816643.89],[756156.7,9816645.57],[756157.9,9816647.18]],[[756163.54,9816593.04],[756153.61,9816616.9]],[[756157.9,9816647.18],[756290.16,9816812.25]],[[756163.54,9816593.04],[756166.86,9816584.3],[756169.62,9816575.37],[756171.83,9816566.29],[756173.47,9816557.08],[756174.52,9816547.79],[756175,9816538.46],[756174.9,9816529.11]],[[756173.79,9816502.76],[756173.58,9816500.07],[756173.19,9816497.39],[756172.63,9816494.75],[756171.88,9816492.15],[756170.96,9816489.61],[756169.88,9816487.13],[756168.62,9816484.73],[756167.21,9816482.43],[756165.65,9816480.22],[756163.94,9816478.13],[756162.09,9816476.15],[756160.11,9816474.31],[756158.02,9816472.6],[756155.81,9816471.04],[756153.5,9816469.63],[756151.1,9816468.38]],[[756173.79,9816502.76],[756174.9,9816529.11]]]}},{"type":"Feature","properties":{"NOMBRE_EJE":" ","Layer":"C-ROAD-CNTR-N"},"geometry":{"type":"MultiLineString","coordinates":[[[755598.92,9816809.63],[755587.72,9816826.59]],[[755587.72,9816826.59],[755587.23,9816827.39],[755586.41,9816829.07],[755585.83,9816830.85],[755585.5,9816832.68],[755585.42,9816833.62],[755585.41,9816834.55],[755585.57,9816836.41],[755585.98,9816838.24],[755586.27,9816839.13],[755587.04,9816840.83],[755588.03,9816842.42],[755589.22,9816843.86],[755589.88,9816844.52]],[[755588.88,9816577],[755623.28,9816614.41]],[[755589.88,9816844.52],[755619.39,9816871.82]],[[755624.61,9816783.11],[755619.67,9816786.84],[755614.97,9816790.86],[755610.53,9816795.17],[755606.36,9816799.75],[755602.49,9816804.58],[755598.92,9816809.63]],[[755619.39,9816871.82],[755620.41,9816872.65],[755622.14,9816873.62],[755623.38,9816874.07],[755624.66,9816874.36],[755625.98,9816874.47],[755627.95,9816874.32],[755629.23,9816874],[755630.46,9816873.51]],[[755649.1,9816765.79],[755624.61,9816783.11]],[[755630.46,9816873.51],[755677.62,9816851.16]],[[755647.63,9816647],[755640.25,9816635.59],[755632.13,9816624.71],[755623.28,9816614.41]],[[755647.63,9816647],[755667.31,9816679.86]],[[755649.1,9816765.79],[755651.15,9816764.24],[755653.09,9816762.56],[755654.92,9816760.77],[755656.64,9816758.85],[755658.22,9816756.84],[755659.68,9816754.72],[755660.99,9816752.51],[755662.16,9816750.23],[755663.19,9816747.87],[755664.06,9816745.46]],[[755671.99,9816720.96],[755664.06,9816745.46]],[[755671.99,9816720.96],[755672.9,9816717.81],[755673.6,9816714.6],[755674.08,9816711.36],[755674.36,9816708.09],[755674.42,9816704.81],[755674.26,9816701.53],[755673.89,9816698.27],[755673.31,9816695.05],[755672.51,9816691.86],[755671.51,9816688.74],[755670.31,9816685.69],[755668.91,9816682.72],[755667.31,9816679.86]],[[755689.65,9816853.88],[755688.24,9816852.47],[755687.16,9816851.7],[755685.38,9816850.82],[755684.1,9816850.45],[755682.79,9816850.24],[755680.8,9816850.26],[755679.49,9816850.49],[755677.62,9816851.16]],[[755689.65,9816853.88],[755754.68,9816933.67]]]}},{"type":"Feature","properties":{"NOMBRE_EJE":" ","Layer":"C-ROAD-CNTR-N"},"geometry":{"type":"MultiLineString","coordinates":[[[760055.09,9813731.86],[760082.02,9813718]],[[760117.06,9813711.82],[760113.07,9813711.45],[760109.05,9813711.34],[760105.05,9813711.51],[760101.06,9813711.94],[760097.1,9813712.63],[760093.21,9813713.59],[760089.38,9813714.81],[760085.65,9813716.28],[760082.02,9813718]],[[760117.06,9813711.82],[760156.87,9813716.89]],[[760156.87,9813716.89],[760164.62,9813717.64],[760172.39,9813717.93],[760180.17,9813717.75],[760187.92,9813717.1],[760195.62,9813716]],[[760195.62,9813716],[760303.89,9813697.12]],[[760303.89,9813697.12],[760306.36,9813696.6],[760308.8,9813695.94],[760311.18,9813695.12],[760313.52,9813694.15],[760315.78,9813693.03],[760317.98,9813691.78],[760320.08,9813690.39],[760322.1,9813688.87],[760324.02,9813687.22]],[[760324.02,9813687.22],[760605.97,9813429.22]],[[760640.89,9813401.16],[760622.98,9813414.63],[760605.97,9813429.22]],[[760640.89,9813401.16],[760808.97,9813282.93]],[[760808.97,9813282.93],[760815.35,9813278.12],[760821.4,9813272.89],[760827.09,9813267.27],[760832.39,9813261.28],[760837.27,9813254.96],[760841.73,9813248.32],[760845.74,9813241.4],[760849.27,9813234.23],[760852.32,9813226.84],[760854.87,9813219.26],[760856.91,9813211.53],[760858.43,9813203.68]],[[760858.43,9813203.68],[760865.66,9813158.36]],[[760964.98,9813029.58],[760954.8,9813034.48],[760944.96,9813040.04],[760935.51,9813046.25],[760926.5,9813053.07],[760917.96,9813060.47],[760909.93,9813068.43],[760902.45,9813076.9],[760895.54,9813085.85],[760889.25,9813095.24],[760883.6,9813105.03],[760878.61,9813115.17],[760874.3,9813125.62],[760870.7,9813136.34],[760867.81,9813147.27],[760865.66,9813158.36]],[[760964.98,9813029.58],[761104.9,9812967.91],[761129.06,9812956.28]],[[761115.6,9812374.52],[761060.67,9812404.2]],[[761110.91,9812855.83],[761167.37,9812840.58]],[[761110.91,9812855.83],[761109.53,9812856.3],[761108.87,9812856.61],[761107.61,9812857.36],[761107.03,9812857.8],[761105.95,9812858.79],[761105.02,9812859.92],[761104.26,9812861.16],[761103.94,9812861.82],[761103.44,9812863.19],[761103.14,9812864.62],[761103.03,9812866.08],[761103.05,9812866.81],[761103.13,9812867.54],[761103.42,9812868.97],[761103.9,9812870.35],[761104.57,9812871.65],[761104.98,9812872.26],[761105.9,9812873.39],[761106.41,9812873.91],[761107.55,9812874.83],[761108.8,9812875.59],[761110.14,9812876.17],[761110.83,9812876.39],[761112.27,9812876.68]],[[761123.07,9812878.14],[761112.27,9812876.68]],[[761115.6,9812374.52],[761120.98,9812371.42],[761126.18,9812368.04],[761131.19,9812364.38]],[[761157.71,9812895.42],[761154.85,9812892.71],[761151.82,9812890.19],[761148.63,9812887.88],[761145.29,9812885.79],[761141.82,9812883.91],[761138.24,9812882.27],[761134.56,9812880.87],[761130.79,9812879.71],[761126.96,9812878.8],[761123.07,9812878.14]],[[761129.06,9812956.28],[761163.98,9812938.01]],[[761139.97,9812357.6],[761131.19,9812364.38]],[[761212.89,9812357.25],[761209.52,9812354.87],[761205.99,9812352.74],[761202.32,9812350.84],[761198.54,9812349.21],[761194.65,9812347.84],[761190.67,9812346.74],[761186.63,9812345.91],[761182.55,9812345.36],[761178.43,9812345.1],[761174.31,9812345.12],[761170.19,9812345.42],[761166.11,9812346.01],[761162.08,9812346.87],[761158.11,9812348.01],[761154.24,9812349.42],[761150.47,9812351.09],[761146.82,9812353.02],[761143.31,9812355.19],[761139.97,9812357.6]],[[761158.03,9812895.74],[761160.07,9812897.54],[761162.33,9812899.05],[761164.78,9812900.23],[761167.36,9812901.07],[761170.04,9812901.56],[761172.76,9812901.67],[761175.46,9812901.42],[761178.11,9812900.8]],[[761163.98,9812938.01],[761171.04,9812934.01],[761177.8,9812929.54]],[[761167.37,9812840.58],[761171.21,9812839.41],[761174.97,9812837.97],[761178.63,9812836.29],[761182.16,9812834.36],[761185.56,9812832.21],[761188.8,9812829.83],[761191.88,9812827.24],[761194.78,9812824.45],[761197.48,9812821.47],[761199.98,9812818.31],[761202.26,9812815],[761204.32,9812811.54]],[[761177.8,9812929.54],[761191.6,9812919.75]],[[761189.09,9812897.44],[761178.11,9812900.8]],[[761198.07,9812914.96],[761199.59,9812913.53],[761200.43,9812912.41],[761201.1,9812911.19],[761201.77,9812909.21],[761201.99,9812907.84],[761201.94,9812905.75],[761201.47,9812903.72],[761200.92,9812902.44],[761200.2,9812901.24],[761198.83,9812899.67],[761197.74,9812898.8],[761195.91,9812897.79],[761194.6,9812897.33],[761192.53,9812897.01],[761190.45,9812897.12],[761189.09,9812897.44]],[[761191.6,9812919.75],[761196.87,9812915.87]],[[761196.87,9812915.87],[761198.07,9812914.96]],[[761204.32,9812811.54],[761261.45,9812707.5]],[[761216.45,9812359.95],[761212.89,9812357.25]],[[761238.85,9812420.52],[761239.57,9812416.57],[761240.02,9812412.59],[761240.21,9812408.58],[761240.13,9812404.57],[761239.78,9812400.58],[761239.17,9812396.62],[761238.29,9812392.7],[761237.16,9812388.86],[761235.77,9812385.1],[761234.13,9812381.44],[761232.25,9812377.89],[761230.14,9812374.49],[761227.8,9812371.23],[761225.25,9812368.13],[761222.5,9812365.21],[761219.57,9812362.48],[761216.45,9812359.95]],[[761230.82,9812457.48],[761230.12,9812461.25],[761229.67,9812465.06],[761229.46,9812468.89],[761229.5,9812472.73],[761229.78,9812476.55],[761230.31,9812480.35],[761231.07,9812484.11],[761232.08,9812487.81]],[[761230.82,9812457.48],[761238.85,9812420.52]],[[761247.75,9812538.93],[761232.08,9812487.81]],[[761256.53,9812596.68],[761256.14,9812584.96],[761255.06,9812573.29],[761253.29,9812561.7],[761250.86,9812550.23],[761247.75,9812538.93]],[[761256.69,9812634.14],[761256.53,9812596.68]],[[761256.69,9812634.14],[761256.85,9812638.79],[761257.27,9812643.41],[761257.96,9812648.01],[761258.92,9812652.55]],[[761265.27,9812678.87],[761258.92,9812652.55]],[[761261.45,9812707.5],[761262.66,9812705.1],[761263.71,9812702.63],[761264.59,9812700.09],[761265.3,9812697.5],[761265.83,9812694.87],[761266.19,9812692.2],[761266.36,9812689.52],[761266.36,9812686.84],[761266.17,9812684.16],[761265.81,9812681.5],[761265.27,9812678.87]]]}},{"type":"Feature","properties":{"NOMBRE_EJE":" ","Layer":"C-ROAD-CNTR-N"},"geometry":{"type":"MultiLineString","coordinates":[[[764444.01,9812520.96],[764555.92,9812444.04]],[[764598.71,9812431.79],[764594.18,9812431.74],[764589.66,9812431.97],[764585.16,9812432.5],[764580.71,9812433.32],[764576.31,9812434.42],[764572,9812435.81],[764567.79,9812437.47],[764563.7,9812439.4],[764559.73,9812441.59],[764555.92,9812444.04]],[[764598.71,9812431.79],[764607.45,9812432.19]],[[764607.45,9812432.19],[764620.22,9812432.33],[764632.97,9812431.61],[764645.65,9812430.04],[764658.19,9812427.62]],[[764658.19,9812427.62],[764724.39,9812412.53]],[[764724.39,9812412.53],[764728.84,9812411.36],[764733.2,9812409.9],[764737.45,9812408.16],[764741.59,9812406.14],[764745.58,9812403.86],[764749.41,9812401.32],[764753.07,9812398.53],[764756.53,9812395.51],[764759.79,9812392.26],[764762.84,9812388.81]],[[764762.84,9812388.81],[764782.48,9812364.99]],[[764814.38,9812341.65],[764809.81,9812343.65],[764805.37,9812345.94],[764801.09,9812348.5],[764796.97,9812351.32],[764793.03,9812354.39],[764789.3,9812357.7],[764785.78,9812361.24],[764782.48,9812364.99]],[[764814.38,9812341.65],[764825.92,9812337.01]],[[764853.56,9812336.21],[764851.1,9812335.47],[764848.6,9812334.89],[764846.07,9812334.48],[764843.51,9812334.22],[764840.95,9812334.13],[764838.39,9812334.21],[764835.83,9812334.44],[764833.3,9812334.85],[764830.79,9812335.41],[764828.33,9812336.13],[764825.92,9812337.01]],[[764853.56,9812336.21],[764895.09,9812350.15]],[[764895.09,9812350.15],[764897.58,9812350.9],[764900.1,9812351.48],[764902.66,9812351.9],[764905.25,9812352.15],[764907.84,9812352.23],[764910.43,9812352.15],[764913.01,9812351.89],[764915.57,9812351.47],[764918.1,9812350.89]],[[764918.1,9812350.89],[764980.21,9812334.38]],[[765018.42,9812327.35],[765005.57,9812329.04],[764992.82,9812331.38],[764980.21,9812334.38]],[[765018.42,9812327.35],[765074.17,9812321.53]],[[765074.17,9812321.53],[765079.64,9812320.82],[765085.06,9812319.83],[765090.43,9812318.58]],[[765090.43,9812318.58],[765120.56,9812310.74]],[[765159.72,9812305.04],[765149.83,9812305.65],[765139.98,9812306.81],[765130.22,9812308.51],[765120.56,9812310.74]],[[765159.72,9812305.04],[765219.74,9812302.98]]]}},{"type":"Feature","properties":{"NOMBRE_EJE":" ","Layer":"C-ROAD-CNTR-N"},"geometry":{"type":"MultiLineString","coordinates":[[[764350.43,9811926.6],[764367.68,9811944.37]],[[764367.68,9811944.37],[764370.2,9811946.78],[764372.87,9811949.02],[764375.7,9811951.06],[764378.66,9811952.9],[764381.75,9811954.53],[764384.94,9811955.94],[764388.22,9811957.12],[764391.57,9811958.08]],[[764391.57,9811958.08],[764503.72,9811985.74]],[[764528.08,9811997.06],[764524.35,9811994.53],[764520.46,9811992.25],[764516.44,9811990.22],[764512.3,9811988.45],[764508.05,9811986.96],[764503.72,9811985.74]],[[764528.08,9811997.06],[764559.26,9812019.7],[764566.55,9812024.64],[764574.13,9812029.12],[764581.98,9812033.12],[764590.06,9812036.61]],[[764590.06,9812036.61],[764612.24,9812045.37]],[[764662.84,9812119.14],[764662.6,9812113.57],[764661.97,9812108.02],[764660.96,9812102.53],[764659.57,9812097.12],[764657.8,9812091.82],[764655.67,9812086.66],[764653.18,9812081.67],[764650.35,9812076.85],[764647.2,9812072.25],[764643.73,9812067.88],[764639.96,9812063.76],[764635.91,9812059.91],[764631.61,9812056.35],[764627.06,9812053.11],[764622.31,9812050.18],[764617.36,9812047.6],[764612.24,9812045.37]],[[764662.84,9812119.14],[764663.13,9812155.43]],[[764663.13,9812155.43],[764663.26,9812158.72],[764663.61,9812161.99],[764664.17,9812165.23],[764664.95,9812168.43],[764665.94,9812171.57],[764667.13,9812174.64],[764668.52,9812177.62],[764670.1,9812180.51],[764671.87,9812183.28]],[[764671.87,9812183.28],[764688.63,9812207.77]],[[764688.63,9812207.77],[764691.52,9812211.69],[764694.66,9812215.39],[764698.06,9812218.86],[764701.69,9812222.09],[764705.53,9812225.07],[764709.57,9812227.76],[764713.79,9812230.17],[764718.16,9812232.29],[764722.68,9812234.09],[764727.3,9812235.58]],[[764727.3,9812235.58],[764740.06,9812239.19]],[[764759.62,9812256.64],[764758.76,9812254.74],[764757.77,9812252.9],[764756.65,9812251.14],[764755.42,9812249.46],[764754.07,9812247.87],[764752.61,9812246.37],[764751.05,9812244.99],[764749.4,9812243.71],[764747.67,9812242.55],[764745.86,9812241.51],[764743.98,9812240.61],[764742.05,9812239.83],[764740.06,9812239.19]],[[764759.62,9812256.64],[764780.26,9812306.79]],[[764780.26,9812306.79],[764782.23,9812311.18],[764784.45,9812315.44],[764786.92,9812319.56],[764789.64,9812323.53],[764792.59,9812327.33],[764795.77,9812330.94],[764799.15,9812334.35]],[[764799.15,9812334.35],[764809.24,9812343.93]]]}},{"type":"Feature","properties":{"NOMBRE_EJE":" ","Layer":"C-ROAD-CNTR-N"},"geometry":{"type":"MultiLineString","coordinates":[[[764710.28,9811548.13],[764746.42,9811562.64],[764753.45,9811565.23],[764760.62,9811567.41],[764767.9,9811569.18]],[[764767.9,9811569.18],[764819.12,9811580.04]],[[764852.11,9811591.86],[764844.18,9811588.08],[764836.01,9811584.84],[764827.65,9811582.15],[764819.12,9811580.04]],[[764852.11,9811591.86],[764876.35,9811604.46]],[[764876.35,9811604.46],[764883.79,9811608.03],[764891.43,9811611.12],[764899.26,9811613.72]],[[764899.26,9811613.72],[764951.68,9811629.31]],[[764962.84,9811633.18],[764957.3,9811631.12],[764951.68,9811629.31]],[[764962.84,9811633.18],[765169.1,9811715.54]],[[765169.1,9811715.54],[765229.25,9811738.31]],[[765229.25,9811738.31],[765354.27,9811783.1]]]}},{"type":"Feature","properties":{"NOMBRE_EJE":" ","Layer":"C-ROAD-CNTR-N"},"geometry":{"type":"MultiLineString","coordinates":[[[765040.37,9811020.76],[765065.99,9811032.51]],[[765097.35,9811055.11],[765092.77,9811050.52],[765087.9,9811046.24],[765082.77,9811042.28],[765077.39,9811038.66],[765071.79,9811035.4],[765065.99,9811032.51]],[[765097.35,9811055.11],[765276.38,9811246.6]],[[765276.38,9811246.6],[765278.71,9811248.94],[765281.2,9811251.12],[765283.82,9811253.13],[765286.58,9811254.96],[765289.44,9811256.61],[765292.41,9811258.06],[765295.47,9811259.31],[765298.61,9811260.36],[765301.81,9811261.2],[765305.05,9811261.83],[765308.33,9811262.24],[765311.63,9811262.43],[765314.94,9811262.41],[765318.24,9811262.17]],[[765318.24,9811262.17],[765390.95,9811254.36]]]}},{"type":"Feature","properties":{"NOMBRE_EJE":" ","Layer":"C-ROAD-CNTR-N"},"geometry":{"type":"MultiLineString","coordinates":[[[765040.78,9813351.83],[765030.54,9813379.92]],[[765030.54,9813379.92],[765029.74,9813382.39],[765029.09,9813384.9],[765028.61,9813387.45],[765028.29,9813390.02],[765028.14,9813392.61],[765028.16,9813395.2],[765028.34,9813397.79],[765028.7,9813400.36],[765029.22,9813402.9],[765029.9,9813405.4],[765030.75,9813407.85],[765031.75,9813410.24],[765032.9,9813412.57]],[[765033.53,9813413.74],[765034.54,9813415.47],[765035.66,9813417.13],[765036.88,9813418.71],[765038.21,9813420.2],[765039.64,9813421.61],[765041.16,9813422.91],[765042.76,9813424.11],[765044.44,9813425.2],[765046.18,9813426.18],[765047.99,9813427.04],[765049.85,9813427.78],[765051.76,9813428.39],[765053.7,9813428.87],[765055.67,9813429.22],[765057.66,9813429.44]],[[765059.56,9813321.22],[765055.6,9813325.76],[765051.95,9813330.55],[765048.63,9813335.58],[765045.65,9813340.81],[765043.03,9813346.24],[765040.78,9813351.83]],[[765046.45,9813246.39],[765069.47,9813283.56]],[[765056.27,9813210.99],[765054.77,9813211.83],[765053.33,9813212.77],[765051.96,9813213.81],[765050.66,9813214.94],[765049.44,9813216.15],[765048.31,9813217.44],[765047.28,9813218.81],[765046.33,9813220.25],[765045.49,9813221.75],[765044.76,9813223.3],[765044.13,9813224.9],[765043.61,9813226.54],[765043.21,9813228.21],[765042.92,9813229.91],[765042.76,9813231.62],[765042.7,9813233.34],[765042.77,9813235.05],[765042.96,9813236.76],[765043.26,9813238.45],[765043.67,9813240.12],[765044.2,9813241.76],[765044.85,9813243.35],[765045.6,9813244.9],[765046.45,9813246.39]],[[765170.03,9813152.48],[765056.27,9813210.99]],[[765057.66,9813429.44],[765081.72,9813431.28]],[[765066.49,9813313.79],[765067.62,9813312.49],[765068.66,9813311.12],[765069.6,9813309.69],[765070.44,9813308.19],[765071.17,9813306.63],[765071.8,9813305.04],[765072.31,9813303.4],[765072.72,9813301.73],[765073,9813300.03],[765073.17,9813298.32],[765073.22,9813296.61],[765073.15,9813294.89],[765072.97,9813293.18],[765072.67,9813291.49],[765072.25,9813289.83],[765071.72,9813288.19],[765071.08,9813286.6],[765070.33,9813285.05],[765069.47,9813283.56]],[[765106.67,9813448.63],[765105.78,9813446.85],[765104.77,9813445.14],[765103.65,9813443.49],[765102.42,9813441.92],[765101.09,9813440.44],[765099.67,9813439.05],[765098.15,9813437.76],[765096.56,9813436.57],[765094.89,9813435.48],[765093.15,9813434.52],[765091.35,9813433.66],[765089.49,9813432.93],[765087.6,9813432.33],[765085.66,9813431.85],[765083.7,9813431.5],[765081.72,9813431.28]],[[765103.78,9813508.78],[765103.19,9813511.08],[765102.76,9813513.41],[765102.48,9813515.76],[765102.37,9813518.13],[765102.42,9813520.5],[765102.63,9813522.86],[765103,9813525.2],[765103.52,9813527.51],[765104.2,9813529.79],[765105.04,9813532],[765106.02,9813534.16],[765107.14,9813536.25],[765108.41,9813538.25],[765109.8,9813540.17],[765111.33,9813541.99],[765112.97,9813543.7],[765114.73,9813545.29],[765116.58,9813546.76]],[[765111.46,9813482.5],[765103.78,9813508.78]],[[765106.67,9813448.63],[765109.39,9813454.52]],[[765111.46,9813482.5],[765112.11,9813479.98],[765112.59,9813477.42],[765112.91,9813474.83],[765113.06,9813472.23],[765113.03,9813469.62],[765112.84,9813467.02],[765112.48,9813464.44],[765111.95,9813461.89],[765111.26,9813459.38],[765110.4,9813456.92],[765109.39,9813454.52]],[[765116.58,9813546.76],[765125.11,9813553.05]],[[765139.87,9813574.42],[765139.07,9813571.9],[765138.1,9813569.44],[765136.98,9813567.04],[765135.7,9813564.73],[765134.27,9813562.51],[765132.7,9813560.38],[765130.99,9813558.37],[765129.15,9813556.47],[765127.18,9813554.69],[765125.11,9813553.05]],[[765139.87,9813574.42],[765172.38,9813690.16]],[[765203.45,9813138.94],[765192.04,9813142.78],[765180.89,9813147.3],[765170.03,9813152.48]],[[765172.38,9813690.16],[765176.5,9813703.62],[765181.25,9813716.86]],[[765187.08,9812127.45],[765185.66,9812129],[765184.36,9812130.64],[765183.18,9812132.37],[765182.11,9812134.18],[765181.18,9812136.06],[765180.38,9812137.99],[765179.71,9812139.98],[765179.19,9812142.01],[765178.81,9812144.07],[765178.57,9812146.15],[765178.47,9812148.25],[765178.52,9812150.34],[765178.72,9812152.43],[765179.06,9812154.5],[765179.55,9812156.54]],[[765179.55,9812156.54],[765225.67,9812324.6]],[[765181.25,9813716.86],[765189.29,9813737.74]],[[765234.02,9812079.47],[765187.08,9812127.45]],[[765206.2,9813793.45],[765201.47,9813774.61],[765195.83,9813756.03],[765189.29,9813737.74]],[[765308.51,9813044.49],[765304,9813108.44],[765203.45,9813138.94]],[[765205.49,9812556.32],[765205.53,9812558.32],[765205.71,9812560.3],[765206.02,9812562.28],[765206.46,9812564.22],[765207.03,9812566.14],[765207.72,9812568.01],[765208.54,9812569.83],[765209.47,9812571.6],[765210.52,9812573.3],[765211.68,9812574.92],[765212.94,9812576.47]],[[765206.47,9812455.09],[765205.49,9812556.32]],[[765206.2,9813793.45],[765215.25,9813833.53]],[[765226.48,9812365.95],[765207.26,9812448.54]],[[765212.94,9812576.47],[765241.93,9812609.64]],[[765226.48,9812365.95],[765227.51,9812360.83],[765228.21,9812355.65],[765228.59,9812350.44],[765228.65,9812345.22],[765228.39,9812340.01],[765227.8,9812334.82],[765226.9,9812329.68],[765225.67,9812324.6]],[[765234.02,9812079.47],[765236.12,9812077.08],[765237.96,9812074.48]],[[765263.27,9812034.39],[765237.96,9812074.48]],[[765249.16,9812625.82],[765248.85,9812623.85],[765248.41,9812621.9],[765247.84,9812619.98],[765247.15,9812618.11],[765246.33,9812616.28],[765245.4,9812614.51],[765244.35,9812612.81],[765243.19,9812611.18],[765241.93,9812609.64]],[[765249.16,9812625.82],[765277.14,9812854.21]],[[765273.27,9812024.62],[765271.58,9812025.71],[765269.96,9812026.92],[765268.43,9812028.23],[765266.99,9812029.63],[765265.64,9812031.14],[765264.4,9812032.72],[765263.27,9812034.39]],[[765277.2,9812854.72],[765277.14,9812854.21]],[[765277.2,9812854.72],[765287.8,9812955.41]],[[765287.8,9812955.41],[765288.06,9812957.33],[765288.45,9812959.23],[765288.96,9812961.1]],[[765288.96,9812961.1],[765304.94,9813013.21]],[[765308.51,9813044.49],[765308.72,9813039.22],[765308.6,9813033.94],[765308.17,9813028.69],[765307.41,9813023.46],[765306.33,9813018.3],[765304.94,9813013.21]],[[765330.51,9811990.3],[765273.27,9812024.62]],[[765330.51,9811990.3],[765332.18,9811989.22],[765333.78,9811988.04],[765335.29,9811986.75],[765336.72,9811985.36],[765338.05,9811983.89],[765339.28,9811982.33],[765340.41,9811980.69],[765341.42,9811978.98],[765342.33,9811977.2],[765343.11,9811975.38],[765343.77,9811973.5],[765344.3,9811971.59],[765344.71,9811969.64],[765344.99,9811967.67],[765345.14,9811965.69],[765345.16,9811963.7],[765345.05,9811961.72]],[[765342.13,9811895.36],[765341.48,9811906.99],[765341.51,9811918.64],[765342.21,9811930.27]],[[765342.21,9811930.27],[765345.05,9811961.72]],[[765347.91,9811827.57],[765342.13,9811895.36]],[[765349.5,9811814.22],[765347.91,9811827.57]],[[765387.99,9811563.37],[765349.5,9811814.22]],[[765387.99,9811563.37],[765392.34,9811527.41],[765394.38,9811491.24]],[[765390.95,9811254.36],[765397.05,9811348.28]],[[765397.41,9811366.1],[765394.38,9811491.24]],[[765397.41,9811366.1],[765397.43,9811357.19],[765397.05,9811348.28]]]}},{"type":"Feature","properties":{"NOMBRE_EJE":" ","Layer":"C-ROAD-CNTR-N"},"geometry":{"type":"MultiLineString","coordinates":[[[764198.1,9813942.07],[764353.85,9813915.51]],[[764406.38,9813924.57],[764401.55,9813922.08],[764396.56,9813919.92],[764391.44,9813918.1],[764386.21,9813916.64],[764380.89,9813915.54],[764375.5,9813914.8],[764370.08,9813914.42],[764364.65,9813914.42],[764359.23,9813914.78],[764353.85,9813915.51]],[[764406.38,9813924.57],[764424.68,9813934.82],[764429.24,9813937.18],[764433.95,9813939.25],[764438.77,9813941.01],[764443.7,9813942.46],[764448.72,9813943.58],[764453.79,9813944.39],[764458.91,9813944.86],[764464.05,9813945.01]],[[764464.05,9813945.01],[764489.36,9813944.92]],[[764489.36,9813944.92],[764496.95,9813944.67],[764504.51,9813943.98],[764512.02,9813942.85],[764519.45,9813941.28],[764526.77,9813939.28]],[[764526.77,9813939.28],[764610.4,9813913.81]],[[764634.95,9813908.4],[764626.67,9813909.77],[764618.48,9813911.58],[764610.4,9813913.81]],[[764634.95,9813908.4],[764805.54,9813884.65]],[[764830.5,9813882.23],[764818,9813883.18],[764805.54,9813884.65]],[[764830.5,9813882.23],[764902.14,9813878.3]],[[764902.14,9813878.3],[764912.91,9813877.42],[764923.62,9813875.96],[764934.23,9813873.92]],[[764934.23,9813873.92],[765028.73,9813853.1]],[[765049.89,9813849.75],[765039.26,9813851.11],[765028.73,9813853.1]],[[765049.89,9813849.75],[765215.25,9813833.53]]]}},{"type":"Feature","properties":{"NOMBRE_EJE":" ","Layer":"C-ROAD-CNTR-N"},"geometry":{"type":"MultiLineString","coordinates":[[[764061.32,9814232.83],[764472.96,9814287.93]],[[764472.96,9814287.93],[764484.24,9814289.04],[764495.56,9814289.39],[764506.89,9814288.95],[764518.15,9814287.74],[764529.31,9814285.75],[764540.3,9814283.01]],[[764540.3,9814283.01],[764644.96,9814253.05]],[[764703.34,9814245.35],[764691.52,9814245.5],[764679.73,9814246.35],[764668.02,9814247.9],[764656.41,9814250.13],[764644.96,9814253.05]],[[764703.34,9814245.35],[764755.99,9814246.23]],[[764817.78,9814257.1],[764805.75,9814253.38],[764793.5,9814250.42],[764781.1,9814248.23],[764768.58,9814246.84],[764755.99,9814246.23]],[[764817.78,9814257.1],[764926.55,9814294.56]],[[764982.03,9814345.22],[764979.19,9814339.44],[764975.97,9814333.87],[764972.38,9814328.53],[764968.43,9814323.45],[764964.14,9814318.65],[764959.54,9814314.15],[764954.64,9814309.97],[764949.47,9814306.13],[764944.05,9814302.66],[764938.41,9814299.56],[764932.56,9814296.86],[764926.55,9814294.56]],[[764982.03,9814345.22],[765012.39,9814412.78]],[[765012.39,9814412.78],[765013.68,9814415.45],[765015.15,9814418.03],[765016.77,9814420.52],[765018.54,9814422.9],[765020.46,9814425.16],[765022.51,9814427.3],[765024.69,9814429.31]],[[765024.69,9814429.31],[765033.06,9814436.55]],[[765048.49,9814461.23],[765047.54,9814458.09],[765046.39,9814455.02],[765045.03,9814452.03],[765043.48,9814449.13],[765041.74,9814446.35],[765039.82,9814443.69],[765037.73,9814441.16],[765035.47,9814438.78],[765033.06,9814436.55]],[[765048.49,9814461.23],[765079.41,9814577.64]],[[765096.06,9814651.55],[765088.44,9814614.44],[765079.41,9814577.64]],[[765096.06,9814651.55],[765113.88,9814747.44]],[[765113.88,9814747.44],[765116.36,9814758.77],[765119.55,9814769.92],[765123.46,9814780.84],[765128.04,9814791.5],[765133.3,9814801.84],[765139.21,9814811.82],[765145.74,9814821.41]],[[765145.74,9814821.41],[765167.84,9814851.75]]]}},{"type":"Feature","properties":{"NOMBRE_EJE":" ","Layer":"C-ROAD-CNTR-N"},"geometry":{"type":"MultiLineString","coordinates":[[[764937.44,9814299.09],[764994.77,9814285.56]],[[765052.4,9814280.56],[765040.8,9814280.22],[765029.19,9814280.55],[765017.63,9814281.55],[765006.14,9814283.23],[764994.77,9814285.56]],[[765052.4,9814280.56],[765075.46,9814281.91]],[[765122.86,9814292.57],[765113.7,9814289.22],[765104.34,9814286.46],[765094.82,9814284.32],[765085.18,9814282.8],[765075.46,9814281.91]],[[765122.86,9814292.57],[765178.58,9814315.08]],[[765198.7,9814325.02],[765192.16,9814321.38],[765185.45,9814318.06],[765178.58,9814315.08]],[[765198.7,9814325.02],[765291.77,9814380.01]],[[765332.67,9814420.02],[765328.08,9814413.16],[765323.03,9814406.64],[765317.54,9814400.48],[765311.64,9814394.71],[765305.36,9814389.36],[765298.72,9814384.45],[765291.77,9814380.01]],[[765332.67,9814420.02],[765362.02,9814467.29]],[[765362.02,9814467.29],[765363.55,9814469.56],[765365.22,9814471.73],[765367.04,9814473.77],[765368.99,9814475.69],[765371.07,9814477.46],[765373.26,9814479.09],[765375.57,9814480.57],[765377.97,9814481.89],[765380.45,9814483.04],[765383,9814484.01],[765385.62,9814484.81],[765388.28,9814485.43],[765390.98,9814485.87],[765393.71,9814486.12],[765396.44,9814486.18]],[[765396.44,9814486.18],[765411.78,9814486.02]],[[765427.74,9814489.15],[765425.19,9814488.18],[765422.58,9814487.38],[765419.92,9814486.76],[765417.23,9814486.33],[765414.51,9814486.08],[765411.78,9814486.02]],[[765427.74,9814489.15],[765453.29,9814499.9]]]}},{"type":"Feature","properties":{"NOMBRE_EJE":" ","Layer":"C-ROAD-CNTR-N"},"geometry":{"type":"MultiLineString","coordinates":[[[764210.31,9815434.67],[764209.11,9815445.64],[764208.51,9815456.66],[764208.52,9815467.7],[764209.14,9815478.72]],[[764209.14,9815478.72],[764213.55,9815531.27],[764214.83,9815542.38],[764216.8,9815553.39],[764219.45,9815564.26],[764222.77,9815574.95]],[[764224.88,9815329.1],[764210.31,9815434.67]],[[764221.41,9815190.42],[764226.5,9815291.74]],[[764228.77,9815161.69],[764227.11,9815164.6],[764225.65,9815167.61],[764224.4,9815170.71],[764223.35,9815173.89],[764222.52,9815177.13],[764221.91,9815180.41],[764221.52,9815183.74],[764221.35,9815187.08],[764221.41,9815190.42]],[[764222.77,9815574.95],[764236.2,9815613.86]],[[764224.88,9815329.1],[764226.19,9815316.69],[764226.74,9815304.22],[764226.5,9815291.74]],[[764236.15,9814890.07],[764234.19,9814893.75],[764232.49,9814897.55],[764231.06,9814901.47],[764229.9,9814905.48],[764229.02,9814909.55],[764228.43,9814913.68],[764228.13,9814917.84],[764228.12,9814922.01]],[[764228.12,9814922.01],[764231.38,9815025.46],[764231.64,9815029.45],[764232.17,9815033.42],[764232.95,9815037.34],[764234,9815041.2],[764235.3,9815044.98],[764236.85,9815048.67]],[[764249.13,9815128.63],[764228.77,9815161.69]],[[764247.76,9814870.01],[764236.15,9814890.07]],[[764236.2,9815613.86],[764237.99,9815619.61],[764239.43,9815625.45],[764240.52,9815631.37],[764241.25,9815637.35],[764241.62,9815643.36],[764241.63,9815649.37],[764239.65,9815717.98]],[[764236.85,9815048.67],[764251.97,9815081.49]],[[764239.65,9815717.98],[764239.7,9815731.18],[764240.63,9815744.35]],[[764240.63,9815744.35],[764251.37,9815848.05]],[[764247.76,9814870.01],[764250.2,9814865.46],[764252.35,9814860.75],[764254.18,9814855.92],[764255.7,9814850.98],[764256.9,9814845.96]],[[764249.13,9815128.63],[764250.76,9815125.78],[764252.2,9815122.83],[764253.44,9815119.8],[764254.47,9815116.69],[764255.31,9815113.52],[764255.93,9815110.3],[764256.34,9815107.05],[764256.54,9815103.78],[764256.52,9815100.5],[764256.29,9815097.23],[764255.84,9815093.99],[764255.18,9815090.77],[764254.32,9815087.61],[764253.25,9815084.52],[764251.97,9815081.49]],[[764252.42,9815870.22],[764252.2,9815859.12],[764251.37,9815848.05]],[[764252.42,9815870.22],[764251.42,9815997.76]],[[764251.42,9815997.76],[764251.51,9816001.07],[764251.81,9816004.37],[764252.33,9816007.64],[764253.07,9816010.87],[764254.01,9816014.05],[764255.17,9816017.15],[764256.53,9816020.17],[764258.08,9816023.09],[764259.83,9816025.91],[764261.76,9816028.6],[764263.86,9816031.16],[764266.13,9816033.57]],[[764261.81,9814821.91],[764256.9,9814845.96]],[[764266.13,9816033.57],[764366.89,9816133.98]],[[764275,9814791.55],[764271.94,9814796.19],[764269.21,9814801.02],[764266.82,9814806.04],[764264.79,9814811.21],[764263.11,9814816.5],[764261.81,9814821.91]],[[764289.83,9814770.71],[764275,9814791.55]],[[764289.83,9814770.71],[764295.21,9814762.74],[764300.21,9814754.52],[764304.81,9814746.06]],[[764326.87,9814703.05],[764304.81,9814746.06]],[[764373.93,9816155.6],[764374.14,9816153.93],[764374.23,9816152.24],[764374.21,9816150.56],[764374.08,9816148.88],[764373.84,9816147.21],[764373.48,9816145.56],[764373.01,9816143.94],[764372.43,9816142.36],[764371.75,9816140.81],[764370.97,9816139.32],[764370.08,9816137.88],[764369.11,9816136.51],[764368.04,9816135.21],[764366.89,9816133.98]],[[764373.93,9816155.6],[764373.18,9816160.34]],[[764373.18,9816160.34],[764372.97,9816161.98],[764372.88,9816163.63],[764372.89,9816165.28],[764373.01,9816166.92],[764373.24,9816168.56],[764373.58,9816170.17],[764374.02,9816171.76],[764374.57,9816173.32],[764375.22,9816174.84],[764375.96,9816176.31],[764376.81,9816177.73]],[[764376.81,9816177.73],[764457.46,9816303.89]],[[764457.46,9816303.89],[764458.51,9816305.42],[764459.65,9816306.89],[764460.88,9816308.28],[764462.2,9816309.6],[764463.59,9816310.83],[764465.06,9816311.97],[764466.6,9816313.02],[764468.19,9816313.97]],[[764468.19,9816313.97],[764472.99,9816316.63]],[[764481.18,9816343.07],[764482.25,9816340.51],[764482.95,9816337.82],[764483.16,9816336.45],[764483.29,9816333.67],[764483.21,9816332.29],[764482.77,9816329.55],[764482.4,9816328.2],[764481.95,9816326.89],[764480.76,9816324.38],[764479.25,9816322.05],[764478.37,9816320.97],[764477.42,9816319.96],[764475.32,9816318.14],[764472.99,9816316.63]],[[764481.18,9816343.07],[764477.81,9816349.81]],[[764477.81,9816349.81],[764477.08,9816351.39],[764476.47,9816353.02],[764475.97,9816354.69],[764475.59,9816356.39],[764475.33,9816358.12],[764475.19,9816359.85],[764475.17,9816361.6],[764475.27,9816363.34],[764475.5,9816365.07],[764475.84,9816366.77],[764476.3,9816368.45],[764476.88,9816370.1],[764477.57,9816371.7],[764478.37,9816373.25],[764479.27,9816374.74]],[[764479.27,9816374.74],[764485.59,9816384.35]],[[764501.34,9816422.2],[764499.72,9816415.52],[764497.68,9816408.96],[764495.24,9816402.53],[764492.41,9816396.27],[764489.19,9816390.2],[764485.59,9816384.35]],[[764496.05,9816623.31],[764495.37,9816625.81],[764494.84,9816628.34],[764494.49,9816630.91],[764494.3,9816633.49],[764494.27,9816636.08],[764494.41,9816638.66],[764494.72,9816641.23],[764495.2,9816643.78],[764495.84,9816646.29],[764496.64,9816648.75]],[[764514.39,9816564.19],[764496.05,9816623.31]],[[764496.64,9816648.75],[764509.73,9816684.97],[764510.7,9816687.4],[764511.82,9816689.76],[764513.1,9816692.04],[764514.52,9816694.23],[764516.08,9816696.33],[764517.78,9816698.32],[764519.6,9816700.19],[764521.54,9816701.94],[764523.59,9816703.56],[764525.75,9816705.04],[764527.99,9816706.38]],[[764501.34,9816422.2],[764517.45,9816499.01]],[[764514.39,9816564.19],[764516.58,9816556.25],[764518.26,9816548.18],[764519.43,9816540.01],[764520.07,9816531.8],[764520.2,9816523.55],[764519.8,9816515.32],[764518.88,9816507.13],[764517.45,9816499.01]],[[764527.99,9816706.38],[764593.27,9816742.49]],[[764585.78,9817107.9],[764559.31,9817188]],[[764585.78,9817107.9],[764593.23,9817082.99]],[[764606.37,9817033.95],[764593.23,9817082.99]],[[764593.27,9816742.49],[764598.77,9816745.31],[764604.43,9816747.78],[764610.23,9816749.91],[764616.15,9816751.67],[764622.17,9816753.06]],[[764617.11,9817008.56],[764613.77,9817014.61],[764610.86,9817020.88],[764608.39,9817027.33],[764606.37,9817033.95]],[[764687.23,9816891.13],[764617.11,9817008.56]],[[764622.17,9816753.06],[764666.3,9816761.83]],[[764694.1,9816782.81],[764692.75,9816780.39],[764691.24,9816778.07],[764689.57,9816775.86],[764687.75,9816773.77],[764685.79,9816771.81],[764683.7,9816769.99],[764681.49,9816768.32],[764679.17,9816766.81],[764676.74,9816765.46],[764674.23,9816764.28],[764671.65,9816763.28],[764669,9816762.46],[764666.3,9816761.83]],[[764687.23,9816891.13],[764688.37,9816889.09],[764689.39,9816886.98],[764690.28,9816884.82],[764691.05,9816882.6],[764691.69,9816880.35],[764692.19,9816878.06]],[[764694.24,9816867.21],[764692.19,9816878.06]],[[764694.1,9816782.81],[764711.61,9816816.97]],[[764703.66,9816846.13],[764701.73,9816848.84],[764699.98,9816851.67],[764698.42,9816854.61],[764697.07,9816857.65],[764695.91,9816860.77],[764694.97,9816863.96],[764694.24,9816867.21]],[[764709.7,9816838.24],[764703.66,9816846.13]],[[764709.7,9816838.24],[764711.16,9816836.04],[764712.33,9816833.66],[764713.16,9816831.14],[764713.66,9816828.54],[764713.81,9816825.9],[764713.61,9816823.25],[764713.38,9816821.95],[764712.66,9816819.4],[764711.61,9816816.97]]]}},{"type":"Feature","properties":{"NOMBRE_EJE":" ","Layer":"C-ROAD-CNTR-N"},"geometry":{"type":"MultiLineString","coordinates":[[[764088.67,9816628.34],[764112.99,9816659.58]],[[764112.99,9816659.58],[764114.54,9816661.43],[764116.2,9816663.17],[764117.98,9816664.79],[764119.87,9816666.29],[764121.85,9816667.65],[764123.93,9816668.88],[764126.08,9816669.96],[764128.3,9816670.89],[764130.58,9816671.67],[764132.9,9816672.29],[764135.27,9816672.76],[764137.65,9816673.06],[764140.06,9816673.19],[764142.47,9816673.17]],[[764142.47,9816673.17],[764212.44,9816669.97]],[[764250.26,9816687.19],[764248.27,9816684.84],[764246.12,9816682.63],[764243.82,9816680.58],[764241.39,9816678.68],[764238.84,9816676.95],[764236.18,9816675.4],[764233.42,9816674.03],[764230.58,9816672.85],[764227.66,9816671.86],[764224.68,9816671.07],[764221.65,9816670.49],[764218.6,9816670.11],[764215.52,9816669.94],[764212.44,9816669.97]],[[764250.26,9816687.19],[764298.05,9816747.35]],[[764298.05,9816747.35],[764299.94,9816749.58],[764301.97,9816751.69],[764304.13,9816753.66],[764306.41,9816755.48],[764308.8,9816757.16],[764311.3,9816758.68],[764313.89,9816760.04],[764316.56,9816761.23],[764319.3,9816762.25]],[[764319.3,9816762.25],[764417.26,9816795.05]],[[764436.37,9816807.43],[764434.35,9816805.38],[764432.22,9816803.46],[764429.96,9816801.67],[764427.6,9816800.03],[764425.14,9816798.54],[764422.59,9816797.21],[764419.96,9816796.04],[764417.26,9816795.05]],[[764436.37,9816807.43],[764457.69,9816830.63]],[[764457.69,9816830.63],[764463.93,9816836.96],[764470.58,9816842.86],[764477.62,9816848.29],[764485,9816853.23],[764492.71,9816857.66],[764500.7,9816861.56]],[[764500.7,9816861.56],[764581.97,9816897.8]],[[764617,9816918.75],[764608.73,9816912.74],[764600.11,9816907.23],[764591.18,9816902.25],[764581.97,9816897.8]],[[764617,9816918.75],[764653.74,9816947.16]]]}},{"type":"Feature","properties":{"NOMBRE_EJE":" ","Layer":"C-ROAD-CNTR-N"},"geometry":{"type":"MultiLineString","coordinates":[[[764117.29,9817089.7],[764194.21,9817096.2]],[[764211.63,9817098.44],[764202.95,9817097.13],[764194.21,9817096.2]],[[764211.63,9817098.44],[764328.24,9817118.71]],[[764384.1,9817132.62],[764365.71,9817127.09],[764347.08,9817122.45],[764328.24,9817118.71]],[[764384.1,9817132.62],[764519.87,9817177.03]],[[764519.87,9817177.03],[764544.89,9817184.5],[764559.31,9817188],[764570.27,9817190.65],[764595.93,9817195.47]],[[764595.93,9817195.47],[764801.47,9817228.52]],[[764801.47,9817228.52],[764835.34,9817233.13]],[[764835.34,9817233.13],[764920.29,9817242.56]],[[764955.53,9817249.73],[764943.93,9817246.63],[764932.17,9817244.24],[764920.29,9817242.56]],[[764955.53,9817249.73],[765040.47,9817275.14],[765042.05,9817275.46]]]}},{"type":"Feature","properties":{"NOMBRE_EJE":" ","Layer":"C-ROAD-CNTR-N"},"geometry":{"type":"MultiLineString","coordinates":[[[762809.71,9818694.52],[762828.57,9818680.97]],[[762828.57,9818680.97],[762836.05,9818675.3],[762843.22,9818669.25],[762850.06,9818662.83],[762869.76,9818643.37]],[[762912.46,9818629.52],[762909.16,9818629.12],[762905.84,9818628.95],[762902.52,9818629],[762899.2,9818629.27],[762895.91,9818629.75],[762892.66,9818630.46],[762889.47,9818631.38],[762886.34,9818632.51],[762883.3,9818633.85],[762880.35,9818635.38],[762877.51,9818637.11],[762874.79,9818639.02],[762872.2,9818641.11],[762869.76,9818643.37]],[[762912.46,9818629.52],[762952.11,9818635.58]],[[762952.11,9818635.58],[762960.35,9818636.55],[762968.63,9818636.95],[762976.92,9818636.78],[762985.18,9818636.03]],[[762985.18,9818636.03],[763007.73,9818633.2]],[[763032.11,9818636.23],[763029.19,9818635.19],[763026.21,9818634.34],[763023.18,9818633.67],[763020.11,9818633.2],[763017.02,9818632.91],[763013.92,9818632.82],[763010.82,9818632.91],[763007.73,9818633.2]],[[763032.11,9818636.23],[763066.85,9818649.77]],[[763066.85,9818649.77],[763071.43,9818651.42],[763076.09,9818652.81],[763080.82,9818653.95]],[[763080.82,9818653.95],[763101.82,9818658.42]],[[763111.95,9818662.05],[763109.52,9818660.89],[763107.01,9818659.89],[763104.44,9818659.07],[763101.82,9818658.42]],[[763111.95,9818662.05],[763130.29,9818671.59]],[[763130.29,9818671.59],[763132.63,9818672.71],[763135.04,9818673.68],[763137.51,9818674.49],[763140.02,9818675.13],[763142.57,9818675.62],[763145.15,9818675.93]],[[763145.15,9818675.93],[763234.98,9818684.03]],[[763234.98,9818684.03],[763248.72,9818684.79],[763262.48,9818684.61],[763276.19,9818683.48]],[[763276.19,9818683.48],[763448.5,9818663.3]],[[763498.9,9818664.5],[763488.88,9818663.13],[763478.8,9818662.32],[763468.68,9818662.08],[763458.57,9818662.4],[763448.5,9818663.3]],[[763498.9,9818664.5],[763531.09,9818669.85]],[[763531.09,9818669.85],[763535.59,9818670.44],[763540.12,9818670.75],[763544.66,9818670.76],[763549.19,9818670.47],[763553.69,9818669.9],[763558.14,9818669.03],[763562.53,9818667.87],[763566.84,9818666.44]],[[763566.84,9818666.44],[763666.9,9818629.41]],[[763683.42,9818625.03],[763677.83,9818626.14],[763672.31,9818627.6],[763666.9,9818629.41]],[[763683.42,9818625.03],[763798.32,9818606]],[[763829.13,9818604.6],[763821.41,9818604.26],[763813.68,9818604.38],[763805.98,9818604.96],[763798.32,9818606]],[[763829.13,9818604.6],[763888.72,9818609]],[[763888.72,9818609],[763895.83,9818609.32],[763902.94,9818609.21],[763910.03,9818608.68],[763917.08,9818607.73],[763924.06,9818606.37],[763930.95,9818604.59]],[[763930.95,9818604.59],[763986.69,9818588.44]],[[764002.58,9818586.08],[763998.56,9818586.27],[763994.56,9818586.73],[763990.6,9818587.45],[763986.69,9818588.44]],[[764002.58,9818586.08],[764062.74,9818585.27]]]}},{"type":"Feature","properties":{"NOMBRE_EJE":" ","Layer":"C-ROAD-CNTR-N"},"geometry":{"type":"MultiLineString","coordinates":[[[762851.66,9818154.42],[762844.22,9818181.1]],[[762844.76,9818075.99],[762852.32,9818111.91]],[[762846.31,9818045.41],[762845.25,9818049.14],[762844.44,9818052.92],[762843.87,9818056.75],[762843.55,9818060.6],[762843.48,9818064.47],[762843.66,9818068.34],[762844.09,9818072.18],[762844.76,9818075.99]],[[762851.87,9818027.96],[762846.31,9818045.41]],[[762862.39,9818002.99],[762858.39,9818011.1],[762854.87,9818019.43],[762851.87,9818027.96]],[[762853.6,9818123.21],[762853.85,9818137.27]],[[762871.71,9817985.51],[762862.39,9818002.99]],[[762871.71,9817985.51],[762877.21,9817974.36],[762882,9817962.89],[762886.08,9817951.15]],[[762900.27,9817905.74],[762886.08,9817951.15]],[[762900.27,9817905.74],[762903.71,9817893.32],[762906.35,9817880.71],[762908.17,9817867.96],[762909.17,9817855.11]],[[762912.11,9817790.08],[762909.17,9817855.11]]]}},{"type":"Feature","properties":{"NOMBRE_EJE":" ","Layer":"C-ROAD-CNTR-N"},"geometry":{"type":"MultiLineString","coordinates":[[[762844.22,9818181.1],[762878.5,9818191.26]],[[762914.89,9818206.06],[762903.1,9818200.34],[762890.95,9818195.39],[762878.5,9818191.26]],[[762914.89,9818206.06],[763012.73,9818257.59]],[[763039.7,9818274.67],[763031.01,9818268.5],[763022.02,9818262.8],[763012.73,9818257.59]],[[763039.7,9818274.67],[763105.01,9818323.76]],[[763133.67,9818350.04],[763124.69,9818340.67],[763115.13,9818331.9],[763105.01,9818323.76]],[[763133.67,9818350.04],[763176.17,9818397.38]],[[763209.87,9818449.23],[763204.45,9818438.07],[763198.34,9818427.26],[763191.57,9818416.85],[763184.18,9818406.88],[763176.17,9818397.38]],[[763209.87,9818449.23],[763266.4,9818575.44]],[[763278.4,9818618.64],[763277.05,9818609.74],[763275.16,9818600.94],[763272.75,9818592.27],[763269.83,9818583.76],[763266.4,9818575.44]],[[763278.4,9818618.64],[763280.53,9818636.14]],[[763280.53,9818636.14],[763281.53,9818642.88],[763282.88,9818649.56],[763284.59,9818656.16],[763286.63,9818662.67],[763293.1,9818681.5]]]}},{"type":"Feature","properties":{"NOMBRE_EJE":" ","Layer":"C-ROAD-CNTR-N"},"geometry":{"type":"MultiLineString","coordinates":[[[762436.44,9817735.05],[762370.29,9817772.14]],[[762464.1,9817722.2],[762454.67,9817726.01],[762445.44,9817730.3],[762436.44,9817735.05]],[[762488.59,9817713.02],[762464.1,9817722.2]],[[762488.59,9817713.02],[762497.86,9817709.19],[762506.85,9817704.75]],[[762537.39,9817688.38],[762506.85,9817704.75]],[[762556.51,9817683.64],[762554.02,9817683.7],[762551.54,9817683.92],[762549.08,9817684.29],[762546.65,9817684.81],[762544.26,9817685.49],[762541.91,9817686.31],[762539.61,9817687.28],[762537.39,9817688.38]],[[762565.71,9817683.69],[762556.51,9817683.64]],[[762587.44,9817693.18],[762586,9817691.75],[762584.47,9817690.41],[762582.85,9817689.19],[762581.15,9817688.07],[762579.38,9817687.07],[762577.55,9817686.2],[762575.66,9817685.45],[762573.73,9817684.83],[762571.76,9817684.34],[762569.76,9817683.98],[762567.74,9817683.77],[762565.71,9817683.69]],[[762612.65,9817720.11],[762587.44,9817693.18]],[[762612.65,9817720.11],[762615.04,9817722.5],[762617.58,9817724.71],[762620.27,9817726.75],[762623.08,9817728.61],[762626.02,9817730.27],[762629.06,9817731.73],[762632.19,9817732.98],[762635.4,9817734.01],[762638.67,9817734.83],[762641.99,9817735.43],[762645.34,9817735.8]],[[762667.58,9817737.49],[762645.34,9817735.8]],[[762667.58,9817737.49],[762671.45,9817737.66],[762675.32,9817737.58],[762679.18,9817737.25]],[[762734.73,9817730.7],[762679.18,9817737.25]],[[762734.73,9817730.7],[762739.09,9817730.06],[762743.41,9817729.19],[762747.67,9817728.08],[762751.86,9817726.73]],[[762763.66,9817722.59],[762751.86,9817726.73]],[[762763.66,9817722.59],[762766.79,9817721.37],[762769.84,9817719.94],[762772.78,9817718.31],[762775.61,9817716.49],[762778.31,9817714.48],[762780.86,9817712.29],[762783.27,9817709.93],[762785.51,9817707.42]],[[762804.02,9817685.21],[762785.51,9817707.42]]]}},{"type":"Feature","properties":{"NOMBRE_EJE":" ","Layer":"C-ROAD-CNTR-N"},"geometry":{"type":"MultiLineString","coordinates":[[[762693.91,9817587.31],[762703.33,9817600.87]],[[762703.33,9817600.87],[762708.69,9817608.07],[762714.49,9817614.92],[762720.72,9817621.37],[762727.36,9817627.42],[762734.36,9817633.03]],[[762734.36,9817633.03],[762819.91,9817697.11]],[[762866.24,9817740.42],[762855.56,9817728.66],[762844.26,9817717.5],[762832.36,9817706.97],[762819.91,9817697.11]],[[762866.24,9817740.42],[762894.89,9817773.72]],[[762894.89,9817773.72],[762900.55,9817779.85],[762906.61,9817785.57],[762913.07,9817790.86],[762919.87,9817795.69],[762926.99,9817800.03],[762934.39,9817803.87],[762942.05,9817807.18],[762949.91,9817809.95],[762957.95,9817812.17]],[[762957.95,9817812.17],[763030.42,9817829.5]],[[763068.03,9817848.68],[763063.28,9817844.88],[763058.28,9817841.41],[763053.05,9817838.28],[763047.63,9817835.52],[763042.03,9817833.13],[763036.29,9817831.12],[763030.42,9817829.5]],[[763068.03,9817848.68],[763078.77,9817857.88]],[[763086.64,9817866.03],[763084.19,9817863.15],[763081.57,9817860.43],[763078.77,9817857.88]],[[763086.64,9817866.03],[763106.43,9817890.82]],[[763106.43,9817890.82],[763112.05,9817897.43],[763118.07,9817903.68],[763124.47,9817909.53],[763131.22,9817914.98]],[[763131.22,9817914.98],[763160.28,9817936.94]],[[763189.46,9817967.67],[763184.46,9817960.79],[763179.01,9817954.24],[763173.15,9817948.07],[763166.9,9817942.3],[763160.28,9817936.94]],[[763189.46,9817967.67],[763201.91,9817986.02]],[[763201.91,9817986.02],[763204.29,9817989.29],[763206.88,9817992.39],[763209.68,9817995.3],[763212.66,9817998.03],[763215.83,9818000.54]],[[763215.83,9818000.54],[763485.56,9818200.56]],[[763486.85,9818201.54],[763485.56,9818200.56]],[[763486.85,9818201.54],[763551.61,9818252.32]],[[763551.61,9818252.32],[763561.62,9818259.67],[763572.09,9818266.35],[763582.97,9818272.33],[763594.21,9818277.61]],[[763594.21,9818277.61],[763737.08,9818339.07]],[[763760.75,9818353.79],[763756.38,9818350.29],[763751.82,9818347.05],[763747.07,9818344.09],[763742.15,9818341.43],[763737.08,9818339.07]],[[763760.75,9818353.79],[763836.8,9818418.72]],[[763859.58,9818441.73],[763852.42,9818433.64],[763844.82,9818425.96],[763836.8,9818418.72]],[[763859.58,9818441.73],[763907.63,9818499.22]],[[763907.63,9818499.22],[763909.41,9818501.25],[763911.28,9818503.21]],[[763911.28,9818503.21],[763994.93,9818586.68]]]}},{"type":"Feature","properties":{"NOMBRE_EJE":" ","Layer":"C-ROAD-CNTR-N"},"geometry":{"type":"MultiLineString","coordinates":[[[763642.47,9816912.77],[763692.62,9817010.56]],[[763708.77,9817053.68],[763705.68,9817042.57],[763701.94,9817031.65],[763697.58,9817020.97],[763692.62,9817010.56]],[[763708.77,9817053.68],[763720.72,9817101.85]],[[763720.72,9817101.85],[763722.71,9817108.93],[763725.13,9817115.89],[763727.98,9817122.68],[763731.23,9817129.28],[763734.89,9817135.67],[763738.92,9817141.83]],[[763738.92,9817141.83],[763776.41,9817195.31]],[[763797.17,9817233],[763792.75,9817223.17],[763787.8,9817213.59],[763782.35,9817204.29],[763776.41,9817195.31]],[[763797.17,9817233],[763879.53,9817430.13]],[[763891.74,9817484.67],[763891.05,9817475.33],[763889.81,9817466.05],[763888.03,9817456.86],[763885.72,9817447.79],[763882.89,9817438.87],[763879.53,9817430.13]],[[763891.74,9817484.67],[763896.64,9817594.34]],[[763896.64,9817594.34],[763897.22,9817602.56],[763898.22,9817610.74],[763899.64,9817618.85]],[[763899.64,9817618.85],[763941.95,9817828.53]],[[763944.08,9817840.24],[763941.95,9817828.53]],[[763944.08,9817840.24],[763973.77,9818024.91]],[[763975.12,9818035.65],[763973.77,9818024.91]],[[763975.12,9818035.65],[763987.28,9818167.83]],[[763979.45,9818313.96],[763985.58,9818419.57]],[[763979.83,9818285.56],[763979.25,9818295.02],[763979.13,9818304.49],[763979.45,9818313.96]],[[763987.39,9818195.94],[763979.83,9818285.56]],[[763985.61,9818437.58],[763982.03,9818502.85],[763981.96,9818505.83],[763982.06,9818508.81],[763982.34,9818511.78],[763982.8,9818514.72],[763983.43,9818517.63],[763984.23,9818520.5],[763988.69,9818534.76]],[[763989.62,9818555.07],[763984.98,9818576.75]],[[763985.61,9818437.58],[763985.85,9818428.57],[763985.58,9818419.57]],[[763987.39,9818195.94],[763987.9,9818186.58],[763987.87,9818177.2],[763987.28,9818167.83]],[[763989.62,9818555.07],[763990.08,9818552.54],[763990.38,9818549.99],[763990.5,9818547.42],[763990.47,9818544.85],[763990.27,9818542.29],[763989.9,9818539.75],[763989.38,9818537.23],[763988.69,9818534.76]]]}},{"type":"Feature","properties":{"NOMBRE_EJE":" ","Layer":"C-ROAD-CNTR-N"},"geometry":{"type":"MultiLineString","coordinates":[[[762975.11,9816825.26],[762912.47,9816812.29]],[[762997.55,9816831.76],[762990.18,9816829.21],[762982.7,9816827.04],[762975.11,9816825.26]],[[763079.84,9816862.75],[762997.55,9816831.76]],[[763079.84,9816862.75],[763086.43,9816865.06],[763093.13,9816867.06],[763099.91,9816868.74]],[[763226.37,9816897.07],[763099.91,9816868.74]],[[763226.37,9816897.07],[763235.5,9816898.82],[763244.72,9816900],[763253.99,9816900.61],[763263.28,9816900.64]],[[763324.78,9816898.95],[763263.28,9816900.64]],[[763370.84,9816904.88],[763361.81,9816902.55],[763352.66,9816900.79],[763343.41,9816899.6],[763334.11,9816898.99],[763324.78,9816898.95]],[[763402.97,9816914.24],[763370.84,9816904.88]],[[763402.97,9816914.24],[763415.88,9816917.53],[763428.98,9816919.96],[763442.21,9816921.52],[763455.52,9816922.18]],[[763536.53,9816923.55],[763455.52,9816922.18]],[[763536.53,9816923.55],[763549.42,9816923.35],[763562.27,9816922.33]],[[763628.89,9816914.83],[763562.27,9816922.33]],[[763628.89,9816914.83],[763639.88,9816913.28],[763650.76,9816911.13]],[[763718.43,9816895.79],[763650.76,9816911.13]],[[763718.43,9816895.79],[763731.22,9816892.44],[763743.75,9816888.26],[763755.99,9816883.25],[763767.87,9816877.45]],[[763826.1,9816846.58],[763767.87,9816877.45]]]}},{"type":"Feature","properties":{"NOMBRE_EJE":" ","Layer":"C-ROAD-CNTR-N"},"geometry":{"type":"MultiLineString","coordinates":[[[763311.88,9816518.94],[763200.97,9816698.78],[763050.1,9816570.25]]]}},{"type":"Feature","properties":{"NOMBRE_EJE":" ","Layer":"C-ROAD-CNTR-N"},"geometry":{"type":"MultiLineString","coordinates":[[[762827.4,9817229.1],[762820.21,9817246.51]],[[762820.21,9817246.51],[762818.29,9817251.64],[762816.73,9817256.89],[762815.54,9817262.24],[762814.71,9817267.66],[762814.25,9817273.12],[762814.17,9817278.6],[762814.47,9817284.07],[762815.13,9817289.51],[762816.17,9817294.89],[762817.58,9817300.18],[762819.34,9817305.37],[762821.46,9817310.42],[762823.91,9817315.32],[762826.7,9817320.04],[762829.8,9817324.56],[762833.2,9817328.85],[762836.89,9817332.9]],[[762827.4,9817229.1],[762831.77,9817217.37],[762835.31,9817205.37],[762838.01,9817193.15],[762839.86,9817180.78],[762840.84,9817168.3],[762840.96,9817155.79]],[[762836.89,9817332.9],[762883.35,9817380.52]],[[762837.25,9817011.57],[762840.96,9817155.79]],[[762847.6,9816964.63],[762844.74,9816970.95],[762842.33,9816977.45],[762840.37,9816984.1],[762838.88,9816990.87],[762837.86,9816997.73],[762837.32,9817004.64],[762837.25,9817011.57]],[[762922.04,9816814.27],[762847.6,9816964.63]],[[762918.67,9816741.81],[762916.3,9816746.86],[762914.29,9816752.06],[762912.65,9816757.39],[762911.39,9816762.82],[762910.5,9816768.32],[762910,9816773.88],[762909.89,9816779.45],[762910.16,9816785.02]],[[762910.16,9816785.02],[762912.47,9816812.29]],[[762914.83,9817420.52],[762907.77,9817409.9],[762900.15,9817399.68],[762892.01,9817389.88],[762883.35,9817380.52]],[[762914.83,9817420.52],[762950.14,9817476.77],[762953.62,9817481.91],[762957.45,9817486.8],[762961.61,9817491.42],[762966.08,9817495.74],[762970.83,9817499.74],[762975.85,9817503.4],[762981.11,9817506.71]],[[762952.13,9816676.45],[762918.67,9816741.81]],[[762971.91,9816649.14],[762967.3,9816654.1],[762963,9816659.32],[762959.03,9816664.8],[762955.4,9816670.52],[762952.13,9816676.45]],[[763050.1,9816570.25],[762971.91,9816649.14]],[[762981.11,9817506.71],[763030.97,9817535.72]]]}},{"type":"Feature","properties":{"NOMBRE_EJE":" ","Layer":"C-ROAD-CNTR-N"},"geometry":{"type":"MultiLineString","coordinates":[[[762693.91,9817587.31],[762759.19,9817551.38]],[[762779.61,9817542.15],[762772.64,9817544.87],[762765.83,9817547.95],[762759.19,9817551.38]],[[762779.61,9817542.15],[762859.96,9817513.2]],[[762902.38,9817511.09],[762897.7,9817510.08],[762892.97,9817509.38],[762888.19,9817508.98],[762883.41,9817508.91],[762878.62,9817509.14],[762873.87,9817509.7],[762869.16,9817510.56],[762864.51,9817511.73],[762859.96,9817513.2]],[[762902.38,9817511.09],[762960.31,9817525.66]],[[762960.31,9817525.66],[762973.42,9817528.61],[762986.66,9817530.92],[762999.99,9817532.57]],[[762999.99,9817532.57],[763028.65,9817535.42]],[[763061.33,9817548.42],[763058.13,9817546.1],[763054.78,9817543.98],[763051.32,9817542.07],[763047.74,9817540.38],[763044.06,9817538.91],[763040.3,9817537.68],[763036.46,9817536.68],[763032.58,9817535.93],[763028.65,9817535.42]],[[763061.33,9817548.42],[763128.82,9817600.66]],[[763128.82,9817600.66],[763133.55,9817604.09],[763138.48,9817607.21],[763143.59,9817610.03],[763148.87,9817612.52],[763154.3,9817614.67],[763159.85,9817616.49]],[[763159.85,9817616.49],[763265.94,9817647.52]],[[763287.81,9817657.09],[763282.58,9817654.18],[763277.18,9817651.61],[763271.63,9817649.39],[763265.94,9817647.52]],[[763287.81,9817657.09],[763502.25,9817785.65]],[[763502.25,9817785.65],[763506.98,9817788.27],[763511.87,9817790.58],[763516.9,9817792.57],[763522.05,9817794.22],[763527.29,9817795.53],[763532.61,9817796.49],[763537.98,9817797.09],[763543.39,9817797.35],[763548.79,9817797.25]],[[763548.79,9817797.25],[763562.55,9817796.54]],[[763590.02,9817802.73],[763586.82,9817801.15],[763583.53,9817799.79],[763580.15,9817798.65],[763576.71,9817797.75],[763573.21,9817797.08],[763569.67,9817796.66],[763566.11,9817796.48],[763562.55,9817796.54]],[[763590.02,9817802.73],[763671.48,9817846.73]],[[763684.11,9817856.29],[763681.83,9817854.07],[763679.41,9817852],[763676.88,9817850.08],[763674.23,9817848.32],[763671.48,9817846.73]],[[763684.11,9817856.29],[763730.82,9817904.4]],[[763730.82,9817904.4],[763735.24,9817908.66],[763739.94,9817912.63],[763744.89,9817916.27],[763750.08,9817919.58],[763755.47,9817922.53],[763761.04,9817925.12],[763766.78,9817927.34],[763772.64,9817929.17],[763778.62,9817930.61],[763784.68,9817931.65],[763790.8,9817932.28],[763796.94,9817932.51],[763803.08,9817932.33]],[[763803.08,9817932.33],[763957.33,9817922.65]]]}},{"type":"Feature","properties":{"NOMBRE_EJE":" ","Layer":"C-ROAD-CNTR-N"},"geometry":{"type":"MultiLineString","coordinates":[[[763941.7,9817827.26],[764138.78,9817758.53]],[[764189.03,9817747.98],[764176.24,9817749.4],[764163.57,9817751.63],[764151.06,9817754.68],[764138.78,9817758.53]],[[764189.03,9817747.98],[764278.56,9817740.97]],[[764278.56,9817740.97],[764289.87,9817739.76],[764301.09,9817737.91],[764312.19,9817735.42],[764323.13,9817732.31]],[[764323.13,9817732.31],[764495.83,9817677.82]]]}},{"type":"Feature","properties":{"NOMBRE_EJE":" ","Layer":"C-ROAD-CNTR-N"},"geometry":{"type":"MultiLineString","coordinates":[[[764441.37,9817427.85],[764471.16,9817582.64],[764474.19,9817595.96]],[[764474.19,9817595.96],[764535.34,9817827.27]],[[764535.34,9817827.27],[764538.39,9817837.65],[764541.99,9817847.85],[764546.14,9817857.84],[764550.82,9817867.59],[764629.13,9818019.93]],[[764636.1,9818034.98],[764632.77,9818027.39],[764629.13,9818019.93]],[[764636.1,9818034.98],[764687.35,9818159],[764692.94,9818171.34],[764699.36,9818183.28],[764706.58,9818194.75],[764714.55,9818205.71]],[[764714.55,9818205.71],[764871.26,9818406.39]],[[764883.32,9818423.63],[764877.52,9818414.85],[764871.26,9818406.39]],[[764883.32,9818423.63],[764916.1,9818476.18]],[[764916.1,9818476.18],[764922.06,9818485.18],[764928.5,9818493.85],[764935.39,9818502.15]],[[764935.39,9818502.15],[764972.75,9818544.77]],[[764972.75,9818544.77],[764997.87,9818571.73],[765024.58,9818597.12],[765052.78,9818620.83],[765071.08,9818635.3]],[[765071.08,9818635.3],[765076.99,9818639.69],[765083.14,9818643.73],[765089.52,9818647.4],[765096.11,9818650.69],[765102.87,9818653.59],[765109.79,9818656.09]],[[765109.79,9818656.09],[765116.62,9818658.33]],[[765116.62,9818658.33],[765124.91,9818660.74],[765133.36,9818662.6],[765141.91,9818663.88],[765150.52,9818664.58],[765159.16,9818664.7],[765167.79,9818664.25]],[[765167.79,9818664.25],[765206.74,9818660.86]]]}},{"type":"Feature","properties":{"NOMBRE_EJE":" ","Layer":"C-ROAD-CNTR-N"},"geometry":{"type":"MultiLineString","coordinates":[[[763079.28,9816001.5],[763133.35,9816026.72]],[[763133.35,9816026.72],[763140.44,9816029.78],[763147.7,9816032.43],[763155.1,9816034.66],[763162.62,9816036.46],[763170.22,9816037.82]],[[763170.22,9816037.82],[763265.31,9816052.02]],[[763316.69,9816072.34],[763310,9816068.03],[763303.04,9816064.16],[763295.84,9816060.76],[763288.44,9816057.83],[763280.86,9816055.39],[763273.14,9816053.45],[763265.31,9816052.02]],[[763316.69,9816072.34],[763430.12,9816150.75]],[[763548.29,9816240.12],[763490.16,9816194.17],[763430.12,9816150.75]],[[763548.29,9816240.12],[763567.73,9816256.18],[763603.71,9816280.18],[763729.72,9816354.27]],[[763766.9,9816392.74],[763763.47,9816386.9],[763759.66,9816381.31],[763755.47,9816375.99],[763750.93,9816370.97],[763746.07,9816366.27],[763740.89,9816361.9],[763735.44,9816357.9],[763729.72,9816354.27]],[[763766.9,9816392.74],[763840.96,9816529.05]],[[763840.96,9816529.05],[763842.03,9816530.85],[763843.21,9816532.57],[763844.51,9816534.21],[763845.92,9816535.75],[763847.44,9816537.19],[763849.05,9816538.52],[763850.75,9816539.74],[763852.54,9816540.83],[763854.39,9816541.8],[763856.31,9816542.63],[763858.28,9816543.33],[763860.29,9816543.89],[763862.34,9816544.31],[763864.41,9816544.59],[763866.5,9816544.72],[763868.59,9816544.7],[763870.67,9816544.54],[763872.74,9816544.24],[763874.78,9816543.79],[763876.79,9816543.2]],[[763876.79,9816543.2],[763900.46,9816535.33]],[[763930.08,9816541.58],[763928.57,9816540.3],[763926.98,9816539.12],[763925.31,9816538.05],[763923.57,9816537.09],[763921.78,9816536.24],[763919.93,9816535.52],[763918.04,9816534.92],[763916.12,9816534.45],[763914.16,9816534.1],[763912.19,9816533.88],[763910.21,9816533.8],[763908.23,9816533.85],[763906.25,9816534.02],[763904.29,9816534.33],[763902.36,9816534.77],[763900.46,9816535.33]],[[763930.08,9816541.58],[764056.08,9816655.94]]]}},{"type":"Feature","properties":{"NOMBRE_EJE":" ","Layer":"C-ROAD-CNTR-N"},"geometry":{"type":"MultiLineString","coordinates":[[[763255.36,9816464.35],[763271.83,9816460.36]],[[763271.83,9816460.36],[763277.1,9816458.91],[763282.26,9816457.15],[763287.31,9816455.07],[763292.23,9816452.7],[763296.99,9816450.03],[763301.58,9816447.07],[763304.11,9816445.33]],[[763304.11,9816445.33],[763309.1,9816441.7],[763313.87,9816437.79],[763318.42,9816433.62],[763322.73,9816429.2],[763326.78,9816424.55],[763334.44,9816415.23]],[[763365.97,9816388.21],[763358.94,9816392.71],[763352.25,9816397.69],[763345.91,9816403.12],[763339.97,9816408.97],[763334.44,9816415.23]],[[763365.97,9816388.21],[763386.96,9816375.78]],[[763386.96,9816375.78],[763390.72,9816373.39],[763394.32,9816370.77],[763397.74,9816367.91],[763400.98,9816364.85],[763404.02,9816361.59],[763406.84,9816358.14],[763409.44,9816354.52]],[[763409.44,9816354.52],[763443.4,9816303.83]],[[763474.43,9816286.15],[763471.8,9816286.39],[763469.19,9816286.79],[763466.61,9816287.37],[763464.07,9816288.12],[763461.59,9816289.03],[763459.18,9816290.1],[763456.84,9816291.33],[763454.58,9816292.72],[763452.43,9816294.25],[763450.38,9816295.92],[763448.44,9816297.72],[763446.63,9816299.64],[763444.95,9816301.68],[763443.4,9816303.83]],[[763474.43,9816286.15],[763517.6,9816283.77]],[[763517.6,9816283.77],[763521.91,9816283.39],[763526.19,9816282.72],[763530.41,9816281.77],[763534.56,9816280.54],[763538.61,9816279.04],[763542.56,9816277.27],[763546.39,9816275.24],[763550.06,9816272.96],[763553.58,9816270.45],[763556.93,9816267.7],[763560.08,9816264.74],[763563.03,9816261.57]],[[763563.03,9816261.57],[763567.73,9816256.18]]]}},{"type":"Feature","properties":{"NOMBRE_EJE":" ","Layer":"C-ROAD-CNTR-N"},"geometry":{"type":"MultiLineString","coordinates":[[[763603.71,9816280.18],[763648.03,9816221.87],[763651.06,9816217.63],[763653.84,9816213.21],[763656.35,9816208.64],[763658.59,9816203.92],[763660.55,9816199.09],[763662.22,9816194.14]],[[763662.22,9816194.14],[763705.66,9816051.72]],[[763728.38,9816021.1],[763725.22,9816023.38],[763722.23,9816025.86],[763719.42,9816028.54],[763716.79,9816031.41],[763714.37,9816034.45],[763712.16,9816037.64],[763710.18,9816040.99],[763708.43,9816044.46],[763706.92,9816048.04],[763705.66,9816051.72]],[[763728.38,9816021.1],[763731.79,9816018.82],[763738.9,9816013.72],[763745.67,9816008.19],[763752.07,9816002.23],[763758.08,9815995.87],[763763.67,9815989.15]],[[763763.67,9815989.15],[763839.61,9815891.65],[763842.91,9815887.13],[763845.93,9815882.4],[763848.65,9815877.5],[763851.05,9815872.44],[763853.14,9815867.24],[763854.9,9815861.92],[763856.32,9815856.5],[763857.41,9815851],[763887.62,9815667.94]],[[763894.36,9815644.84],[763892.16,9815650.45],[763890.29,9815656.18],[763888.78,9815662.02],[763887.62,9815667.94]],[[763894.36,9815644.84],[763929.86,9815561.97]]]}},{"type":"Feature","properties":{"NOMBRE_EJE":" ","Layer":"C-ROAD-CNTR-N"},"geometry":{"type":"MultiLineString","coordinates":[[[763380.54,9815518.43],[763467.82,9815531.59]],[[763467.82,9815531.59],[763479.95,9815533.04],[763492.14,9815533.75],[763504.36,9815533.72],[763516.55,9815532.93]],[[763516.55,9815532.93],[763588.53,9815526.1]],[[763663.44,9815536.97],[763653.18,9815533.24],[763642.69,9815530.22],[763632.02,9815527.92],[763621.22,9815526.35],[763610.34,9815525.52],[763599.42,9815525.44],[763588.53,9815526.1]],[[763663.44,9815536.97],[763699.76,9815551.61]],[[763699.76,9815551.61],[763708.79,9815554.93],[763718,9815557.71],[763727.37,9815559.93],[763736.85,9815561.58],[763746.41,9815562.66]],[[763746.41,9815562.66],[763812.8,9815568.12]],[[763812.8,9815568.12],[763830.05,9815569.05],[763847.34,9815568.97],[763864.59,9815567.9]],[[763864.59,9815567.9],[764000.54,9815555.54]],[[764067.94,9815563.89],[764058.62,9815560.94],[764049.14,9815558.56],[764039.53,9815556.77],[764029.83,9815555.57],[764020.07,9815554.97],[764010.3,9815554.96],[764000.54,9815555.54]],[[764067.94,9815563.89],[764205.53,9815612.1]],[[764205.53,9815612.1],[764211.87,9815614.08],[764218.32,9815615.64],[764224.86,9815616.77],[764231.46,9815617.47],[764238.09,9815617.72],[764244.73,9815617.53],[764251.34,9815616.91],[764257.89,9815615.84],[764264.36,9815614.35],[764270.71,9815612.43],[764276.93,9815610.09]],[[764276.93,9815610.09],[764387.94,9815564.02]],[[764436.29,9815556.88],[764430.13,9815556.46],[764423.96,9815556.41],[764417.8,9815556.74],[764411.67,9815557.45],[764405.6,9815558.54],[764399.61,9815560],[764393.71,9815561.83],[764387.94,9815564.02]],[[764436.29,9815556.88],[764593.53,9815572.71]],[[764620.94,9815579.48],[764615.63,9815577.51],[764610.22,9815575.84],[764604.72,9815574.48],[764599.15,9815573.44],[764593.53,9815572.71]],[[764620.94,9815579.48],[764773.95,9815641.22]]]}},{"type":"Feature","properties":{"NOMBRE_EJE":" ","Layer":"C-ROAD-CNTR-N"},"geometry":{"type":"MultiLineString","coordinates":[[[763722.43,9814895.94],[763798.62,9814928.39]],[[763837.66,9814950.5],[763828.38,9814944.16],[763818.76,9814938.35],[763808.83,9814933.09],[763798.62,9814928.39]],[[763837.66,9814950.5],[763881.84,9814982.54],[763888.4,9814987.1],[763895.13,9814991.4]],[[763895.13,9814991.4],[763969.25,9815036.6]],[[763994.21,9815054.59],[763986.2,9815048.17],[763977.87,9815042.17],[763969.25,9815036.6]],[[763994.21,9815054.59],[764023.17,9815079.07],[764032.7,9815086.64],[764042.68,9815093.62],[764053.06,9815099.97],[764112.52,9815133.95]],[[764112.52,9815133.95],[764123.01,9815139.53],[764133.82,9815144.49],[764144.9,9815148.79]],[[764144.9,9815148.79],[764222.7,9815176.38]]]}},{"type":"Feature","properties":{"NOMBRE_EJE":" ","Layer":"C-ROAD-CNTR-N"},"geometry":{"type":"MultiLineString","coordinates":[[[748402.66,9810130.68],[748400.97,9810132.52],[748399.41,9810134.46],[748397.98,9810136.51],[748396.7,9810138.65],[748395.57,9810140.87],[748394.6,9810143.17],[748393.79,9810145.53],[748393.15,9810147.94],[748392.67,9810150.39],[748392.37,9810152.87],[748392.23,9810155.36],[748392.27,9810157.85],[748392.48,9810160.34],[748392.87,9810162.8],[748393.42,9810165.23],[748394.14,9810167.62],[748395.03,9810169.96],[748396.07,9810172.22],[748397.27,9810174.41],[748398.61,9810176.51],[748400.1,9810178.51],[748401.73,9810180.4],[748403.48,9810182.18],[748405.35,9810183.83],[748407.33,9810185.35],[748409.41,9810186.73],[748411.58,9810187.96],[748413.83,9810189.03],[748416.15,9810189.95],[748418.53,9810190.7],[748420.95,9810191.29],[748423.41,9810191.71],[748425.9,9810191.96]],[[748402.66,9810130.68],[748426.37,9810106.78],[748433.7,9810098.99],[748440.6,9810090.81],[748510.24,9810003.67]],[[748425.9,9810191.96],[748611.82,9810204.02]],[[748510.24,9810003.67],[748512.29,9810000.96],[748514.18,9809998.14],[748515.9,9809995.21],[748517.46,9809992.19],[748518.84,9809989.09]],[[748524.11,9809976.32],[748518.84,9809989.09]],[[748611.82,9810204.02],[748622,9810204.33],[748632.18,9810203.96],[748642.3,9810202.89],[748652.33,9810201.14],[748662.22,9810198.71],[748671.92,9810195.62],[748681.39,9810191.87],[748690.59,9810187.49],[748699.46,9810182.5],[748707.98,9810176.92],[748716.1,9810170.77]],[[748716.1,9810170.77],[748806.08,9810097.69],[748809.3,9810095.25],[748812.68,9810093.03],[748816.2,9810091.05],[748819.85,9810089.3],[748823.6,9810087.81],[748827.45,9810086.57],[748831.37,9810085.59],[748835.35,9810084.88],[748839.37,9810084.44],[748843.41,9810084.27],[748847.45,9810084.37],[748851.48,9810084.75],[748855.47,9810085.39],[748859.41,9810086.31],[748863.28,9810087.48],[748867.06,9810088.92],[748870.73,9810090.6],[748874.29,9810092.53],[748877.7,9810094.69]],[[748877.7,9810094.69],[748935.24,9810133.92]],[[748935.24,9810133.92],[748944.83,9810140.07],[748954.75,9810145.66],[748964.98,9810150.67],[748975.47,9810155.1],[748986.2,9810158.92]],[[748986.2,9810158.92],[749015.15,9810168.31]],[[749015.15,9810168.31],[749026.12,9810172.22],[749036.84,9810176.77],[749047.28,9810181.93],[749057.41,9810187.69],[749067.18,9810194.03],[749076.56,9810200.93],[749102.61,9810221.28]],[[749132.64,9810259.93],[749129.98,9810254.35],[749126.99,9810248.95],[749123.66,9810243.73],[749120.02,9810238.74],[749116.08,9810233.98],[749111.86,9810229.47],[749107.36,9810225.23],[749102.61,9810221.28]],[[749132.64,9810259.93],[749145.64,9810289.59],[749204.39,9810476.9]],[[749204.39,9810476.9],[749205.27,9810479.41],[749206.31,9810481.86],[749207.52,9810484.23],[749208.88,9810486.52],[749210.39,9810488.71],[749212.04,9810490.79],[749213.83,9810492.76],[749215.74,9810494.61],[749217.77,9810496.33],[749219.91,9810497.9],[749222.15,9810499.34],[749224.48,9810500.62],[749226.9,9810501.74],[749229.38,9810502.7],[749231.91,9810503.49],[749234.5,9810504.11],[749237.12,9810504.56]],[[749237.12,9810504.56],[749264.37,9810508.3]],[[749322.72,9810533.23],[749316.27,9810528.45],[749309.52,9810524.11],[749302.49,9810520.24],[749295.22,9810516.84],[749287.74,9810513.93],[749280.08,9810511.53],[749272.28,9810509.65],[749264.37,9810508.3]],[[749322.72,9810533.23],[749326.64,9810536.35]],[[749326.64,9810536.35],[749330.77,9810539.42],[749335.08,9810542.21],[749339.56,9810544.72],[749344.19,9810546.94],[749348.96,9810548.86],[749353.84,9810550.46],[749358.81,9810551.75],[749363.86,9810552.72],[749368.95,9810553.37],[749374.08,9810553.68],[749659.52,9810561.98]],[[749797.96,9810585.75],[749770.9,9810577.89],[749743.44,9810571.56],[749715.66,9810566.79],[749687.66,9810563.6],[749659.52,9810561.98]],[[749797.96,9810585.75],[750016.27,9810655.91]],[[750049.96,9810693.48],[750049.19,9810690.27],[750048.21,9810687.11],[750047.02,9810684.03],[750045.63,9810681.03],[750044.05,9810678.13],[750042.27,9810675.33],[750040.32,9810672.67],[750038.2,9810670.13],[750035.91,9810667.75],[750033.47,9810665.52],[750030.89,9810663.45],[750028.18,9810661.56],[750025.35,9810659.86],[750022.41,9810658.34],[750019.38,9810657.02],[750016.27,9810655.91]],[[750049.96,9810693.48],[750062.21,9810753.29]],[[750062.21,9810753.29],[750064.61,9810763.27],[750067.69,9810773.07],[750071.43,9810782.63],[750075.82,9810791.91],[750080.84,9810800.87]],[[750080.84,9810800.87],[750107.42,9810844.79],[750111.97,9810852.81],[750116.04,9810861.08],[750119.63,9810869.57],[750122.73,9810878.26]],[[750122.73,9810878.26],[750167.76,9811017.01]],[[750124.62,9811447.93],[750123.1,9811452.04],[750121.85,9811456.24],[750120.89,9811460.52],[750120.23,9811464.86],[750119.85,9811469.23],[750119.77,9811473.61],[750119.99,9811477.99],[750120.5,9811482.35],[750121.31,9811486.66],[750122.4,9811490.91],[750123.78,9811495.07],[750125.43,9811499.13],[750127.36,9811503.07],[750129.55,9811506.88],[750131.99,9811510.52],[750134.66,9811513.99],[750137.57,9811517.28],[750140.69,9811520.36],[750144.01,9811523.22],[750147.52,9811525.86],[750151.2,9811528.25],[750155.03,9811530.38],[750158.99,9811532.26],[750163.08,9811533.86],[750167.26,9811535.18]],[[750178.31,9811317],[750124.62,9811447.93]],[[750167.26,9811535.18],[750193.63,9811542.56]],[[750167.76,9811017.01],[750168.93,9811020.24],[750170.32,9811023.38],[750171.93,9811026.42],[750173.74,9811029.34],[750175.74,9811032.13],[750177.94,9811034.78],[750180.31,9811037.27],[750182.84,9811039.59],[750185.53,9811041.73],[750188.36,9811043.68],[750191.31,9811045.43],[750194.38,9811046.98],[750197.55,9811048.31],[750200.8,9811049.42],[750204.12,9811050.3],[750207.5,9811050.96],[750210.91,9811051.38],[750214.34,9811051.56],[750217.78,9811051.51]],[[750236.39,9811254.83],[750229.42,9811258.55],[750222.7,9811262.72],[750216.27,9811267.32],[750210.17,9811272.34],[750204.4,9811277.75],[750199,9811283.53],[750194,9811289.64],[750189.41,9811296.08],[750185.25,9811302.8],[750181.55,9811309.78],[750178.31,9811317]],[[750193.63,9811542.56],[750196.25,9811543.39],[750198.81,9811544.4],[750201.29,9811545.58],[750203.69,9811546.94],[750205.99,9811548.45],[750208.18,9811550.12],[750210.24,9811551.93],[750212.18,9811553.88],[750213.98,9811555.96],[750215.64,9811558.16],[750217.13,9811560.47],[750218.47,9811562.87],[750219.64,9811565.37],[750220.63,9811567.93],[750221.45,9811570.56],[750222.08,9811573.24],[750222.52,9811575.95],[750233.11,9811657.86]],[[750217.78,9811051.51],[750286.83,9811048.11]],[[750233.11,9811657.86],[750233.95,9811662.95],[750235.12,9811667.98],[750236.64,9811672.91],[750238.49,9811677.72],[750240.66,9811682.4],[750243.14,9811686.92],[750245.92,9811691.27],[750248.99,9811695.41],[750252.34,9811699.33],[750255.95,9811703.02],[750259.79,9811706.46],[750263.86,9811709.63],[750268.14,9811712.51],[750272.6,9811715.1],[750277.23,9811717.38],[750282,9811719.33],[750286.89,9811720.96],[750291.89,9811722.26],[750296.96,9811723.21],[750302.08,9811723.82],[750307.23,9811724.08],[750312.39,9811723.98],[750317.53,9811723.54],[750503.38,9811701.15],[750523.92,9811699.39],[750544.53,9811699.05],[750565.12,9811700.12],[750585.59,9811702.6],[750605.84,9811706.48],[750731.42,9811735.07]],[[750260.72,9811242.87],[750236.39,9811254.83]],[[750260.72,9811242.87],[750263.03,9811241.64],[750265.25,9811240.26],[750267.38,9811238.74],[750269.4,9811237.09],[750271.31,9811235.3],[750273.1,9811233.4],[750274.76,9811231.38],[750276.29,9811229.26],[750277.67,9811227.04],[750278.91,9811224.74],[750279.99,9811222.36],[750280.92,9811219.92],[750281.69,9811217.42]],[[750317.27,9811085.91],[750281.69,9811217.42]],[[750317.27,9811085.91],[750317.74,9811083.87],[750318.07,9811081.81],[750318.26,9811079.72],[750318.3,9811077.63],[750318.2,9811075.54],[750317.95,9811073.46],[750317.56,9811071.41],[750317.02,9811069.38],[750316.34,9811067.4],[750315.53,9811065.47],[750314.58,9811063.61],[750313.51,9811061.81],[750312.32,9811060.09],[750311,9811058.46],[750309.58,9811056.92],[750308.05,9811055.49],[750306.43,9811054.17],[750304.72,9811052.97],[750302.93,9811051.88],[750301.07,9811050.93],[750299.14,9811050.1],[750297.16,9811049.42],[750295.14,9811048.87],[750293.09,9811048.46],[750291.01,9811048.2],[750288.92,9811048.08],[750286.83,9811048.11]],[[750840.2,9811817.6],[750834.73,9811808.26],[750828.67,9811799.29],[750822.03,9811790.74],[750814.85,9811782.64],[750807.15,9811775.03],[750798.98,9811767.94],[750790.35,9811761.39],[750781.32,9811755.43],[750771.92,9811750.07],[750762.18,9811745.33],[750752.16,9811741.24],[750741.89,9811737.82],[750731.42,9811735.07]],[[750840.2,9811817.6],[750901.99,9811931.66]],[[750901.99,9811931.66],[750910.12,9811945.53],[750919.16,9811958.81],[750929.08,9811971.46],[750939.83,9811983.41],[750951.36,9811994.61],[750963.62,9812005.01],[750976.56,9812014.55]],[[750976.56,9812014.55],[751044.06,9812060.95]],[[751044.06,9812060.95],[751046.64,9812062.6],[751049.33,9812064.07],[751052.12,9812065.35],[751054.98,9812066.44],[751057.92,9812067.33],[751060.91,9812068.03],[751063.93,9812068.51],[751066.99,9812068.79],[751070.05,9812068.86],[751073.11,9812068.72],[751076.16,9812068.37],[751079.18,9812067.82],[751082.15,9812067.06],[751085.06,9812066.11],[751087.9,9812064.95],[751090.65,9812063.61],[751093.31,9812062.08],[751095.86,9812060.37],[751098.28,9812058.49],[751100.57,9812056.46],[751102.72,9812054.27]],[[751102.72,9812054.27],[751146.71,9812006.28]],[[751364.66,9811995.8],[751356.61,9811989.03],[751348.11,9811982.82],[751339.21,9811977.2],[751329.95,9811972.2],[751320.38,9811967.84],[751310.53,9811964.14],[751300.45,9811961.12],[751290.19,9811958.79],[751279.79,9811957.15],[751269.31,9811956.23],[751258.79,9811956.02],[751248.28,9811956.53],[751237.83,9811957.75],[751227.48,9811959.67],[751217.29,9811962.29],[751207.3,9811965.6],[751197.56,9811969.57],[751188.11,9811974.2],[751178.99,9811979.46],[751170.26,9811985.33],[751161.94,9811991.77],[751154.08,9811998.77],[751146.71,9812006.28]],[[751329.1,9812334.98],[751327.68,9812337.32],[751326.41,9812339.75],[751325.32,9812342.26],[751324.41,9812344.84],[751323.67,9812347.48],[751323.11,9812350.16],[751322.74,9812352.87],[751322.55,9812355.6],[751322.56,9812358.34],[751322.74,9812361.07],[751323.12,9812363.78],[751323.68,9812366.46],[751324.42,9812369.09],[751325.34,9812371.67],[751326.44,9812374.18],[751327.7,9812376.61],[751329.13,9812378.94],[751330.71,9812381.18],[751332.44,9812383.3],[751334.31,9812385.29],[751336.32,9812387.16],[751338.45,9812388.88],[751340.69,9812390.45],[751343.03,9812391.87],[751345.46,9812393.12],[751347.98,9812394.2],[751350.56,9812395.11],[751353.2,9812395.84],[751355.88,9812396.39],[751358.59,9812396.75],[751361.32,9812396.92],[751364.06,9812396.91],[751366.79,9812396.72],[751369.5,9812396.33],[751372.18,9812395.76],[751374.81,9812395.01]],[[751432.82,9812177.06],[751329.1,9812334.98]],[[751364.66,9811995.8],[751415.3,9812041.37],[751420.41,9812046.29],[751425.18,9812051.55],[751429.58,9812057.11],[751433.59,9812062.96],[751437.2,9812069.07],[751440.39,9812075.41],[751443.15,9812081.94],[751445.45,9812088.65],[751447.3,9812095.5],[751448.68,9812102.46],[751449.59,9812109.5],[751450.02,9812116.58],[751449.98,9812123.67],[751449.45,9812130.75],[751448.45,9812137.77],[751446.97,9812144.71],[751445.03,9812151.53],[751442.63,9812158.21],[751439.79,9812164.71],[751436.52,9812171],[751432.82,9812177.06]],[[751374.81,9812395.01],[751427.97,9812377.86],[751444.83,9812372.01],[751461.4,9812365.41]],[[751461.4,9812365.41],[751544.09,9812330.33]],[[751590.59,9812348.92],[751589.56,9812346.74],[751588.38,9812344.63],[751587.06,9812342.61],[751585.6,9812340.68],[751584.02,9812338.85],[751582.31,9812337.14],[751580.5,9812335.55],[751578.58,9812334.08],[751576.56,9812332.75],[751574.46,9812331.56],[751572.29,9812330.51],[751570.04,9812329.61],[751567.74,9812328.87],[751565.4,9812328.29],[751563.02,9812327.86],[751560.62,9812327.6],[751558.21,9812327.5],[751555.79,9812327.57],[751553.39,9812327.8],[751551,9812328.19],[751548.65,9812328.75],[751546.34,9812329.46],[751544.09,9812330.33]],[[751590.59,9812348.92],[751613.78,9812402.43],[751625.98,9812428.34],[751639.78,9812453.43],[751655.12,9812477.61],[751671.93,9812500.79]],[[751671.93,9812500.79],[751687.06,9812520.32]],[[751699.34,9812554.1],[751699.05,9812550.05],[751698.47,9812546.04],[751697.63,9812542.07],[751696.5,9812538.17],[751695.12,9812534.36],[751693.47,9812530.65],[751691.58,9812527.06],[751689.44,9812523.61],[751687.06,9812520.32]],[[751699.34,9812554.1],[751702.6,9812639]],[[751702.6,9812639],[751702.98,9812644.3],[751703.73,9812649.57],[751704.84,9812654.77],[751706.3,9812659.89],[751708.11,9812664.89],[751710.26,9812669.76],[751712.74,9812674.46],[751715.53,9812678.99],[751718.63,9812683.31],[751722.02,9812687.42],[751725.68,9812691.28],[751729.6,9812694.87],[751733.75,9812698.2],[751738.13,9812701.23],[751742.7,9812703.95],[751747.44,9812706.35],[751752.34,9812708.42],[751757.38,9812710.15],[751762.51,9812711.53],[751767.73,9812712.56]],[[751767.73,9812712.56],[751842.17,9812724.54]],[[751877.02,9812746.51],[751874.91,9812743.68],[751872.63,9812740.99],[751870.16,9812738.47],[751867.54,9812736.11],[751864.76,9812733.94],[751861.84,9812731.96],[751858.79,9812730.18],[751855.64,9812728.61],[751852.38,9812727.26],[751849.04,9812726.12],[751845.63,9812725.21],[751842.17,9812724.54]],[[751877.02,9812746.51],[752043.38,9812986.95]],[[752043.38,9812986.95],[752054.07,9813001.33],[752065.73,9813014.93],[752078.3,9813027.7],[752091.72,9813039.57],[752105.93,9813050.49],[752120.85,9813060.41],[752136.42,9813069.27],[752152.56,9813077.04],[752169.21,9813083.68],[752186.26,9813089.16],[752203.66,9813093.45],[752221.31,9813096.53],[752239.13,9813098.39]],[[752239.13,9813098.39],[752255.12,9813099.51]],[[752364.52,9813143.89],[752355.11,9813136.44],[752345.25,9813129.6],[752334.98,9813123.39],[752324.33,9813117.85],[752313.36,9813112.99],[752302.1,9813108.83],[752290.6,9813105.39],[752278.91,9813102.68],[752267.06,9813100.72],[752255.12,9813099.51]],[[752364.52,9813143.89],[752365.08,9813144.37]],[[752365.08,9813144.37],[752369.44,9813147.81],[752374.01,9813150.96],[752378.77,9813153.8],[752383.72,9813156.33],[752388.81,9813158.53],[752394.04,9813160.39],[752399.38,9813161.91],[752404.8,9813163.07],[752410.3,9813163.88],[752415.83,9813164.33],[752421.38,9813164.42],[752426.92,9813164.14]],[[752426.92,9813164.14],[752460.4,9813161.38],[752470.74,9813160.18],[752480.97,9813158.29],[752491.06,9813155.73],[752500.95,9813152.5],[752510.6,9813148.62],[752519.98,9813144.1],[752529.03,9813138.97],[752537.73,9813133.25],[752546.02,9813126.96]],[[752546.02,9813126.96],[752551.17,9813122.78]],[[752551.17,9813122.78],[752556.97,9813118.28],[752562.97,9813114.06],[752620.91,9813075.24]],[[752620.91,9813075.24],[752641.36,9813060.78],[752661.07,9813045.31],[752817.89,9812915.73]],[[752849.57,9812895.31],[752841.21,9812899.71],[752833.12,9812904.59],[752825.34,9812909.94],[752817.89,9812915.73]],[[752849.57,9812895.31],[752910.07,9812865.75]],[[752910.07,9812865.75],[752921.12,9812860.07]],[[752921.12,9812860.07],[753030.5,9812800.9],[753038.82,9812796.74],[753047.38,9812793.12],[753056.16,9812790.06],[753065.12,9812787.57],[753074.21,9812785.65],[753083.41,9812784.32],[753092.68,9812783.59],[753101.98,9812783.45],[753111.26,9812783.91],[753120.5,9812784.96]],[[753120.5,9812784.96],[753290.59,9812809.86]],[[753290.59,9812809.86],[753297.51,9812810.64],[753304.47,9812810.96],[753311.43,9812810.82],[753318.37,9812810.22],[753325.26,9812809.15],[753332.06,9812807.64],[753338.74,9812805.67],[753345.28,9812803.27],[753351.65,9812800.43],[753357.81,9812797.19],[753363.74,9812793.54],[753369.42,9812789.5],[753374.82,9812785.1]],[[753374.82,9812785.1],[753418.69,9812746.82],[753421.99,9812743.74],[753425.07,9812740.43],[753427.91,9812736.91],[753430.5,9812733.21],[753432.83,9812729.33]],[[753432.83,9812729.33],[753447.66,9812702.55]],[[753555.3,9812640.71],[753547.15,9812640.81],[753539.02,9812641.46],[753530.96,9812642.66],[753522.99,9812644.4],[753515.17,9812646.68],[753507.51,9812649.49],[753500.06,9812652.81],[753492.86,9812656.63],[753485.93,9812660.93],[753479.31,9812665.69],[753473.03,9812670.89],[753467.12,9812676.5],[753461.6,9812682.5],[753456.5,9812688.87],[753451.85,9812695.56],[753447.66,9812702.55]],[[753555.3,9812640.71],[753678.28,9812643.45]],[[753678.28,9812643.45],[753687.64,9812643.35],[753696.96,9812642.63],[753706.22,9812641.3],[753715.38,9812639.37],[753724.38,9812636.84],[753733.2,9812633.71],[753741.79,9812630.02],[753750.13,9812625.77],[753792.5,9812602.35]],[[753883.73,9812565.73],[753860.12,9812572.76],[753836.99,9812581.23],[753814.42,9812591.1],[753792.5,9812602.35]],[[753883.73,9812565.73],[753931.12,9812553.2],[753951.63,9812548.35],[753972.36,9812544.59],[753993.26,9812541.93]],[[753993.26,9812541.93],[754047.71,9812536.44]],[[754196.21,9812567.78],[754181.03,9812559.84],[754165.35,9812552.96],[754149.23,9812547.16],[754132.75,9812542.48],[754115.98,9812538.95],[754099.02,9812536.56],[754081.93,9812535.35],[754064.8,9812535.31],[754047.71,9812536.44]],[[754196.21,9812567.78],[754269.71,9812609.52]],[[754269.71,9812609.52],[754280,9812615.77],[754289.89,9812622.64],[754299.35,9812630.09],[754308.34,9812638.09],[754316.84,9812646.62],[754324.81,9812655.65],[754370.15,9812710.24]],[[754370.15,9812710.24],[754371.34,9812711.58],[754372.63,9812712.83],[754373.99,9812713.99],[754375.43,9812715.06],[754376.95,9812716.02],[754378.52,9812716.88],[754380.15,9812717.62],[754381.83,9812718.26],[754383.55,9812718.77],[754385.3,9812719.17],[754387.07,9812719.44],[754388.86,9812719.59],[754390.65,9812719.62],[754392.44,9812719.52],[754394.22,9812719.3],[754395.99,9812718.96],[754397.72,9812718.5],[754399.42,9812717.92],[754401.07,9812717.22],[754402.67,9812716.41],[754404.21,9812715.49],[754405.68,9812714.47],[754407.09,9812713.35],[754408.41,9812712.14],[754409.64,9812710.84],[754410.78,9812709.45],[754411.82,9812707.99],[754412.76,9812706.46],[754413.59,9812704.87],[754414.31,9812703.23],[754414.92,9812701.54],[754415.4,9812699.82],[754415.77,9812698.06],[754416.01,9812696.28],[754416.14,9812694.49],[754416.14,9812692.7],[754416.01,9812690.91],[754415.76,9812689.14],[754415.39,9812687.38]],[[754415.39,9812687.38],[754401.09,9812629.55],[754400.18,9812625.28],[754399.57,9812620.96],[754399.24,9812616.61],[754399.21,9812612.25],[754399.47,9812607.9],[754400.02,9812603.57],[754400.86,9812599.29],[754401.98,9812595.07],[754403.39,9812590.94],[754405.07,9812586.92],[754407.02,9812583.01],[754409.22,9812579.25],[754411.67,9812575.64],[754414.36,9812572.2],[754417.27,9812568.95],[754420.39,9812565.91],[754423.71,9812563.08]],[[754423.71,9812563.08],[754535.67,9812473.99]],[[754634.24,9812450.29],[754626.3,9812448.95],[754618.29,9812448.15],[754610.24,9812447.89],[754602.2,9812448.17],[754594.19,9812448.99],[754586.26,9812450.35],[754578.43,9812452.23],[754570.75,9812454.63],[754563.24,9812457.54],[754555.95,9812460.95],[754548.9,9812464.84],[754542.13,9812469.2],[754535.67,9812473.99]],[[754634.24,9812450.29],[754670.05,9812457.55]],[[754670.05,9812457.55],[754673.68,9812458.16],[754677.35,9812458.51],[754681.03,9812458.61],[754684.71,9812458.45],[754688.37,9812458.03],[754691.99,9812457.37],[754695.56,9812456.45],[754699.05,9812455.29],[754702.46,9812453.89],[754705.75,9812452.25],[754708.93,9812450.39],[754711.97,9812448.32],[754714.86,9812446.03],[754717.59,9812443.56],[754720.13,9812440.89],[754722.49,9812438.06],[754724.64,9812435.08],[754726.58,9812431.95],[754728.3,9812428.69],[754729.78,9812425.32],[754731.03,9812421.86],[754732.04,9812418.32],[754732.8,9812414.71],[754733.31,9812411.06],[754733.56,9812407.39],[754733.55,9812403.71],[754733.29,9812400.04],[754732.78,9812396.39],[754732.01,9812392.79],[754731,9812389.25],[754711.95,9812330.56],[754710.82,9812326.62],[754709.96,9812322.61],[754709.38,9812318.56],[754709.07,9812314.47],[754709.05,9812310.37],[754709.3,9812306.28],[754709.83,9812302.21],[754710.64,9812298.19],[754711.73,9812294.24],[754713.08,9812290.36],[754714.69,9812286.59],[754716.55,9812282.94],[754718.66,9812279.43],[754721.01,9812276.06]],[[754721.01,9812276.06],[754746.42,9812242.14]],[[754746.42,9812242.14],[754749,9812238.44],[754751.32,9812234.56],[754753.36,9812230.53],[754755.12,9812226.38],[754756.59,9812222.1],[754757.75,9812217.74],[754758.61,9812213.31],[754759.16,9812208.83],[754759.4,9812204.32],[754759.32,9812199.8],[754757.08,9812156.64]],[[754809.98,9812060.21],[754803.81,9812063.99],[754797.92,9812068.19],[754792.33,9812072.79],[754787.07,9812077.77],[754782.17,9812083.09],[754777.65,9812088.74],[754773.53,9812094.69],[754769.83,9812100.91],[754766.58,9812107.37],[754763.77,9812114.04],[754761.43,9812120.89],[754759.58,9812127.89],[754758.21,9812134.99],[754757.33,9812142.18],[754756.96,9812149.4],[754757.08,9812156.64]],[[754809.98,9812060.21],[754884.63,9812017.92]],[[754851.83,9811864.51],[754880.3,9811740.83]],[[754851.83,9811864.51],[754850.95,9811868.96],[754850.37,9811873.46],[754850.08,9811877.99],[754850.08,9811882.53],[754850.38,9811887.06],[754850.97,9811891.56],[754851.85,9811896.01],[754853.02,9811900.4],[754854.46,9811904.7],[754856.19,9811908.89],[754858.18,9811912.97],[754860.43,9811916.91],[754862.94,9811920.7],[754895.92,9811967.22]],[[754880.3,9811740.83],[754883.36,9811729.37],[754887.21,9811718.15],[754891.84,9811707.23],[754897.22,9811696.66],[754903.32,9811686.49],[754910.11,9811676.77],[754917.57,9811667.55],[754925.65,9811658.87],[754934.31,9811650.77],[754943.52,9811643.3],[754953.23,9811636.49],[754963.39,9811630.37],[754973.95,9811624.97],[754984.87,9811620.33],[754996.08,9811616.45],[755007.53,9811613.37],[755019.17,9811611.09],[755030.94,9811609.63],[755079.74,9811605.3]],[[754884.63,9812017.92],[754886.7,9812016.64],[754888.69,9812015.22],[754890.57,9812013.67],[754892.34,9812011.99],[754893.98,9812010.2],[754895.5,9812008.29],[754896.88,9812006.28],[754898.12,9812004.18],[754899.21,9812002],[754900.15,9811999.75],[754900.92,9811997.44],[754901.53,9811995.08],[754901.98,9811992.68],[754902.26,9811990.26],[754902.37,9811987.82],[754902.31,9811985.39],[754902.08,9811982.96],[754901.68,9811980.55],[754901.12,9811978.18],[754900.39,9811975.86],[754899.5,9811973.58],[754898.46,9811971.38],[754897.26,9811969.26],[754895.92,9811967.22]],[[755079.74,9811605.3],[755087.38,9811604.38],[755094.94,9811602.96],[755102.4,9811601.07],[755109.72,9811598.7],[755116.88,9811595.86],[755123.84,9811592.58],[755130.57,9811588.85]],[[755130.57,9811588.85],[755154.64,9811574.51],[755165.55,9811568.5],[755176.85,9811563.27],[755188.48,9811558.83],[755200.4,9811555.21],[755212.53,9811552.42],[755289.41,9811537.51]],[[755289.41,9811537.51],[755297.86,9811535.58],[755306.15,9811533.09],[755314.27,9811530.05],[755322.16,9811526.48],[755329.8,9811522.39],[755337.15,9811517.8],[755344.17,9811512.74],[755350.85,9811507.21],[755357.14,9811501.26],[755363.02,9811494.89],[755368.46,9811488.15],[755373.45,9811481.07]],[[755373.45,9811481.07],[755413.35,9811420.08]],[[755465.46,9811396.65],[755461.94,9811396.25],[755458.39,9811396.09],[755454.84,9811396.16],[755451.31,9811396.48],[755447.8,9811397.02],[755444.34,9811397.8],[755440.94,9811398.81],[755437.61,9811400.05],[755434.38,9811401.5],[755431.25,9811403.17],[755428.23,9811405.04],[755425.35,9811407.12],[755422.61,9811409.38],[755420.04,9811411.81],[755417.62,9811414.42],[755415.39,9811417.18],[755413.35,9811420.08]],[[755465.46,9811396.65],[755520.49,9811404.77],[755525.13,9811405.32],[755529.79,9811405.59],[755534.46,9811405.59],[755539.13,9811405.32],[755543.77,9811404.78]],[[755543.77,9811404.78],[755594.51,9811397.34]],[[755594.51,9811397.34],[755605.41,9811395.43],[755616.2,9811392.92],[755626.83,9811389.82],[755637.27,9811386.13]],[[755637.27,9811386.13],[755660.03,9811377.38]],[[755730.11,9811369.47],[755721.25,9811368.49],[755712.35,9811368.07],[755703.44,9811368.22],[755694.56,9811368.94],[755685.74,9811370.22],[755677.02,9811372.06],[755668.44,9811374.45],[755660.03,9811377.38]],[[755730.11,9811369.47],[755855.3,9811387.39]],[[755941.57,9811400.38],[755855.3,9811387.39]],[[755941.57,9811400.38],[756113.49,9811427.55]],[[756113.49,9811427.55],[756127.01,9811429.22],[756140.62,9811429.96],[756154.24,9811429.77],[756167.81,9811428.66]],[[756167.81,9811428.66],[756201.25,9811424.77]],[[756201.25,9811424.77],[756205.88,9811424.08],[756210.46,9811423.07],[756214.96,9811421.76],[756219.37,9811420.15],[756223.65,9811418.25],[756227.8,9811416.07],[756231.8,9811413.62],[756235.62,9811410.9],[756239.25,9811407.93],[756242.67,9811404.73],[756245.87,9811401.31],[756325.18,9811310.56]],[[756384.2,9811294.01],[756380.52,9811292.98],[756376.79,9811292.21],[756373.01,9811291.7],[756369.2,9811291.44],[756365.39,9811291.44],[756361.58,9811291.71],[756357.8,9811292.23],[756354.07,9811293.01],[756350.39,9811294.04],[756346.8,9811295.31],[756343.3,9811296.83],[756339.91,9811298.59],[756336.65,9811300.57],[756333.54,9811302.77],[756330.57,9811305.17],[756327.78,9811307.77],[756325.18,9811310.56]],[[756384.2,9811294.01],[756461.02,9811318.25]],[[756461.02,9811318.25],[756468.61,9811320.41],[756476.3,9811322.14],[756484.08,9811323.44],[756491.92,9811324.29],[756499.79,9811324.7]],[[756499.79,9811324.7],[756623.63,9811327.68]],[[756678.51,9811337.01],[756667.79,9811333.88],[756656.9,9811331.38],[756645.89,9811329.5],[756634.79,9811328.27],[756623.63,9811327.68]],[[756678.51,9811337.01],[756768.6,9811366.13],[756880.91,9811401.46]],[[756880.91,9811401.46],[756888.81,9811404.24],[756896.49,9811407.55],[756995.47,9811454.2]],[[756951.91,9811556.49],[756949.94,9811557.18],[756949,9811557.62],[756947.22,9811558.7],[756946.38,9811559.33],[756944.86,9811560.75],[756944.18,9811561.54],[756942.97,9811563.24],[756942.47,9811564.15],[756941.64,9811566.06],[756941.08,9811568.07],[756940.81,9811570.13],[756940.82,9811572.22],[756940.93,9811573.25],[756941.36,9811575.29],[756941.69,9811576.28],[756942.53,9811578.19],[756943.63,9811579.96],[756944.26,9811580.78],[756944.96,9811581.56],[756946.49,9811582.97],[756948.21,9811584.15],[756949.12,9811584.65],[756951.04,9811585.46],[756953.06,9811586],[756954.09,9811586.16],[756956.17,9811586.27]],[[757015.39,9811538.97],[756951.91,9811556.49]],[[756956.17,9811586.27],[756977.08,9811585.96]],[[756977.08,9811585.96],[756984.65,9811586.06],[756992.21,9811586.58],[756999.72,9811587.52],[757007.17,9811588.88],[757080.29,9811604.37]],[[756995.47,9811454.2],[756999.81,9811456.08],[757004.26,9811457.69]],[[757004.26,9811457.69],[757108.98,9811491.9],[757110.64,9811492.57],[757111.44,9811492.99],[757112.93,9811493.98],[757114.27,9811495.17],[757114.88,9811495.83],[757115.95,9811497.27],[757116.82,9811498.84],[757117.47,9811500.51],[757117.89,9811502.25],[757118.06,9811504.04],[757118.05,9811504.94],[757117.86,9811506.72],[757117.43,9811508.46],[757116.77,9811510.12],[757116.35,9811510.92],[757115.36,9811512.42],[757114.18,9811513.76],[757112.82,9811514.94],[757111.32,9811515.92],[757109.7,9811516.69],[757107.99,9811517.22]],[[757107.99,9811517.22],[757060.89,9811528.62],[757018.03,9811538.31]],[[757080.29,9811604.37],[757086.98,9811605.55],[757093.74,9811606.26]],[[757093.74,9811606.26],[757195.96,9811613.38],[757292.4,9811610.74],[757308.72,9811608.35]],[[757190.76,9811820.28],[757191.97,9811881.19]],[[757207.52,9811781.04],[757205.11,9811783.41],[757202.85,9811785.93],[757200.77,9811788.59],[757198.86,9811791.39],[757197.14,9811794.3],[757195.62,9811797.32],[757194.29,9811800.43],[757193.16,9811803.62],[757192.25,9811806.87],[757191.55,9811810.18],[757191.07,9811813.53],[757190.81,9811816.9],[757190.76,9811820.28]],[[757191.97,9811881.19],[757192.34,9811888.16],[757193.17,9811895.08],[757194.47,9811901.93],[757196.22,9811908.68],[757198.42,9811915.3],[757201.06,9811921.76],[757204.12,9811928.03],[757207.6,9811934.07],[757211.47,9811939.87],[757215.72,9811945.4],[757220.34,9811950.63],[757225.29,9811955.55],[757230.56,9811960.12],[757236.12,9811964.32],[757241.95,9811968.15],[757248.02,9811971.58],[757287.64,9811992.22],[757370.99,9812035.07]],[[757269.55,9811727.76],[757236.78,9811754.11],[757207.52,9811781.04]],[[757333.41,9811684.75],[757285.12,9811716.44],[757277.2,9811721.91],[757269.55,9811727.76]],[[757308.72,9811608.35],[757311.12,9811608.07],[757313.54,9811607.91],[757315.96,9811607.89],[757346.04,9811608.37],[757353.22,9811608.72],[757360.36,9811609.54],[757367.44,9811610.82],[757374.41,9811612.56],[757381.26,9811614.74],[757387.95,9811617.37]],[[757359.29,9811675.87],[757355.86,9811676.26],[757352.45,9811676.85],[757349.09,9811677.66],[757345.79,9811678.68],[757342.56,9811679.9],[757339.41,9811681.33],[757336.35,9811682.94],[757333.41,9811684.75]],[[757441.93,9811665.39],[757406.83,9811672.07],[757359.29,9811675.87]],[[757416.11,9812071.59],[757409.69,9812064.26],[757402.79,9812057.39],[757395.43,9812051],[757387.66,9812045.14],[757379.5,9812039.82],[757370.99,9812035.07]],[[757387.95,9811617.37],[757444.52,9811641.75],[757446.04,9811642.53],[757446.76,9811643],[757448.09,9811644.08],[757449.25,9811645.33],[757450.24,9811646.73],[757451.02,9811648.25],[757451.59,9811649.86],[757451.93,9811651.54],[757452.04,9811653.25],[757451.91,9811654.95],[757451.55,9811656.62],[757450.96,9811658.23],[757450.16,9811659.74],[757449.16,9811661.13],[757447.97,9811662.36],[757446.63,9811663.43],[757445.16,9811664.29],[757443.58,9811664.95],[757441.93,9811665.39]],[[757416.11,9812071.59],[757456.1,9812120.59]],[[757484.75,9813562.64],[757482.91,9813561.84],[757481.02,9813561.17],[757479.09,9813560.64],[757477.12,9813560.23],[757475.13,9813559.96],[757473.13,9813559.84],[757471.12,9813559.84],[757469.12,9813559.99],[757467.13,9813560.27],[757465.17,9813560.7],[757463.24,9813561.25],[757461.35,9813561.94],[757459.52,9813562.75],[757457.75,9813563.69],[757456.04,9813564.75],[757454.41,9813565.92],[757452.87,9813567.2],[757451.42,9813568.59],[757450.07,9813570.07],[757448.82,9813571.64],[757447.68,9813573.3],[757446.66,9813575.03],[757445.76,9813576.82],[757444.99,9813578.67],[757444.35,9813580.58],[757443.84,9813582.52],[757443.46,9813584.49],[757443.22,9813586.48],[757443.12,9813588.49],[757443.16,9813590.49],[757443.33,9813592.49],[757443.65,9813594.47],[757444.09,9813596.43],[757444.68,9813598.35],[757445.39,9813600.23],[757446.23,9813602.05],[757447.19,9813603.81],[757448.28,9813605.5],[757449.47,9813607.11],[757450.78,9813608.64]],[[757450.78,9813608.64],[757491.61,9813653.18]],[[757456.1,9812120.59],[757467.39,9812133.67],[757479.38,9812146.12],[757599.58,9812264.31]],[[757520.95,9813579.84],[757484.75,9813562.64]],[[757492.65,9813654.32],[757491.61,9813653.18]],[[757492.65,9813654.32],[757519.3,9813683.59]],[[757519.3,9813683.59],[757522.62,9813687.38],[757590.32,9813767.79],[757591.86,9813769.73],[757593.27,9813771.77],[757594.55,9813773.88],[757595.7,9813776.07],[757596.71,9813778.33]],[[757520.95,9813579.84],[757527.2,9813582.55],[757533.61,9813584.83],[757540.17,9813586.67],[757546.84,9813588.06],[757553.59,9813588.99],[757560.38,9813589.46],[757567.19,9813589.47]],[[757699.73,9813585.06],[757567.19,9813589.47]],[[757596.71,9813778.33],[757601.7,9813790.44]],[[757599.58,9812264.31],[757608.35,9812272.35],[757617.65,9812279.76],[757627.45,9812286.5],[757637.7,9812292.54],[757648.34,9812297.85],[757659.33,9812302.41],[757715.83,9812323.58]],[[757699.73,9813585.06],[757710.11,9813584.4],[757720.43,9813583.1],[757730.65,9813581.17],[757740.73,9813578.62],[757750.64,9813575.45]],[[757721.99,9812326.12],[757785.11,9812354.69]],[[757845.52,9813541.9],[757750.64,9813575.45]],[[757840.55,9812383.72],[757813.25,9812368.41],[757785.11,9812354.69]],[[757798.54,9812865.75],[757795,9812868.63],[757791.67,9812871.74],[757788.55,9812875.07],[757785.67,9812878.6],[757783.04,9812882.32],[757780.66,9812886.21],[757778.56,9812890.26],[757776.73,9812894.44],[757775.2,9812898.73],[757773.96,9812903.12],[757773.02,9812907.58],[757772.38,9812912.09],[757772.05,9812916.64],[757772.04,9812921.2],[757772.33,9812925.75],[757772.94,9812930.27],[757773.84,9812934.74],[757775.05,9812939.13],[757776.56,9812943.44],[757778.35,9812947.63],[757780.43,9812951.69],[757782.78,9812955.59],[757785.39,9812959.33],[757788.24,9812962.89]],[[757788.24,9812962.89],[757816.92,9812996.19]],[[757824.6,9813071.86],[757808.37,9813100.99],[757794.63,9813138.96]],[[757794.63,9813138.96],[757793.7,9813141.84],[757792.97,9813144.78],[757792.44,9813147.77],[757792.11,9813150.78],[757792,9813153.8],[757792.09,9813156.83],[757792.39,9813159.85],[757792.9,9813162.83],[757793.6,9813165.78],[757794.51,9813168.66],[757795.62,9813171.48],[757796.92,9813174.22],[757798.4,9813176.86],[757800.06,9813179.4]],[[757850.8,9812826.13],[757798.54,9812865.75]],[[757800.06,9813179.4],[757826.89,9813217.47]],[[757824.6,9813071.86],[757826.66,9813067.86],[757828.44,9813063.73],[757829.93,9813059.49],[757831.14,9813055.15],[757832.05,9813050.75],[757832.66,9813046.29],[757832.96,9813041.8],[757832.97,9813037.31],[757832.66,9813032.82],[757832.06,9813028.36],[757831.15,9813023.95],[757829.95,9813019.62],[757828.46,9813015.38],[757826.68,9813011.24],[757824.63,9813007.24],[757822.31,9813003.39],[757819.74,9812999.7],[757816.92,9812996.19]],[[757826.89,9813217.47],[757828.99,9813220.23],[757831.27,9813222.84],[757833.72,9813225.29],[757836.34,9813227.56],[757839.11,9813229.64],[757842.01,9813231.53]],[[757840.55,9812383.72],[757874.66,9812404.15],[757883.62,9812409.93],[757892.18,9812416.28],[757900.31,9812423.18],[757907.97,9812430.6],[757915.13,9812438.5],[757921.76,9812446.86],[757927.82,9812455.63],[757933.29,9812464.78],[757938.15,9812474.27],[757942.38,9812484.06]],[[757842.01,9813231.53],[757854.95,9813239.3]],[[757845.52,9813541.9],[757848.33,9813540.8],[757851.06,9813539.54],[757853.71,9813538.1],[757856.27,9813536.5],[757858.72,9813534.75],[757861.06,9813532.85],[757863.28,9813530.8],[757865.36,9813528.62],[757882.05,9813510.02]],[[757850.8,9812826.13],[757852.84,9812824.48],[757854.79,9812822.71],[757856.62,9812820.83],[757858.34,9812818.85],[757859.94,9812816.76],[757861.42,9812814.59],[757968.58,9812645.54]],[[757854.95,9813239.3],[757861.73,9813243.7],[757868.2,9813248.55],[757874.31,9813253.84],[757880.05,9813259.54],[757885.38,9813265.62],[757890.28,9813272.06],[757894.72,9813278.81],[757915.77,9813313.31],[757948.66,9813353.89],[757951.1,9813357.13],[757953.32,9813360.53],[757955.29,9813364.07],[757957.02,9813367.75],[757958.48,9813371.53],[757959.68,9813375.4],[757960.61,9813379.35],[757961.27,9813383.36],[757961.64,9813387.4],[757961.74,9813391.46],[757961.56,9813395.51],[757961.09,9813399.54],[757960.35,9813403.53],[757959.33,9813407.46],[757958.05,9813411.31],[757956.5,9813415.06],[757954.69,9813418.69],[757952.64,9813422.19],[757950.35,9813425.54],[757947.84,9813428.73],[757945.11,9813431.73],[757942.18,9813434.54],[757939.06,9813437.13],[757935.77,9813439.51]],[[757882.05,9813510.02],[757885.01,9813506.49],[757887.71,9813502.77],[757890.15,9813498.87],[757892.32,9813494.81],[757894.21,9813490.61]],[[757901.51,9813472.74],[757894.21,9813490.61]],[[757919.95,9813450.12],[757917.28,9813452.04],[757914.74,9813454.13],[757912.34,9813456.39],[757910.1,9813458.8],[757908.02,9813461.35],[757906.12,9813464.03],[757904.39,9813466.83],[757902.85,9813469.74],[757901.51,9813472.74]],[[757935.77,9813439.51],[757919.95,9813450.12]],[[757942.38,9812484.06],[757958.17,9812524.15]],[[757958.17,9812524.15],[757962.34,9812535.8],[757965.79,9812547.7],[757968.5,9812559.78],[757970.45,9812572.01],[757975.74,9812613.32]],[[757968.58,9812645.54],[757970.28,9812642.63],[757971.78,9812639.62],[757973.07,9812636.51],[757974.13,9812633.32],[757974.98,9812630.06],[757975.59,9812626.75],[757975.98,9812623.4],[757976.13,9812620.04],[757976.05,9812616.68],[757975.74,9812613.32]]]}},{"type":"Feature","properties":{"NOMBRE_EJE":" ","Layer":"C-ROAD-CNTR-N"},"geometry":{"type":"MultiLineString","coordinates":[[[765304,9813108.44],[765308.46,9813110.14]]]}},{"type":"Feature","properties":{"NOMBRE_EJE":" ","Layer":"C-ROAD-CNTR-N"},"geometry":{"type":"MultiLineString","coordinates":[[[765322.78,9813121.56],[765321.58,9813119.88],[765320.26,9813118.29],[765318.84,9813116.79],[765317.31,9813115.39],[765315.7,9813114.1],[765314,9813112.92],[765312.22,9813111.87],[765310.37,9813110.94],[765308.46,9813110.14]]]}},{"type":"Feature","properties":{"NOMBRE_EJE":" ","Layer":"C-ROAD-CNTR-N"},"geometry":{"type":"MultiLineString","coordinates":[[[765322.78,9813121.56],[765431.43,9813284.81]]]}},{"type":"Feature","properties":{"NOMBRE_EJE":" ","Layer":"C-ROAD-CNTR-N"},"geometry":{"type":"MultiLineString","coordinates":[[[765431.43,9813284.81],[765446.48,9813306.17],[765462.61,9813326.72]]]}},{"type":"Feature","properties":{"NOMBRE_EJE":" ","Layer":"C-ROAD-CNTR-N"},"geometry":{"type":"MultiLineString","coordinates":[[[765462.61,9813326.72],[765542.85,9813423.59]]]}},{"type":"Feature","properties":{"NOMBRE_EJE":" ","Layer":"C-ROAD-CNTR-N"},"geometry":{"type":"MultiLineString","coordinates":[[[765542.85,9813423.59],[765555.6,9813438.01]]]}},{"type":"Feature","properties":{"NOMBRE_EJE":" ","Layer":"C-ROAD-CNTR-N"},"geometry":{"type":"MultiLineString","coordinates":[[[765555.6,9813438.01],[765694.09,9813584.9]]]}},{"type":"Feature","properties":{"NOMBRE_EJE":" ","Layer":"C-ROAD-CNTR-N"},"geometry":{"type":"MultiLineString","coordinates":[[[765697.2,9813622.15],[765698.26,9813620.44],[765699.21,9813618.66],[765700.03,9813616.82],[765700.73,9813614.92],[765701.3,9813612.99],[765701.74,9813611.02],[765702.05,9813609.03],[765702.22,9813607.01],[765702.26,9813605],[765702.15,9813602.98],[765701.92,9813600.98],[765701.55,9813599],[765701.05,9813597.04],[765700.42,9813595.13],[765699.66,9813593.26],[765698.77,9813591.44],[765697.77,9813589.69],[765696.65,9813588.01],[765695.42,9813586.41],[765694.09,9813584.9]]]}},{"type":"Feature","properties":{"NOMBRE_EJE":" ","Layer":"C-ROAD-CNTR-N"},"geometry":{"type":"MultiLineString","coordinates":[[[765697.2,9813622.15],[765668.03,9813665.78]]]}},{"type":"Feature","properties":{"NOMBRE_EJE":" ","Layer":"C-ROAD-CNTR-N"},"geometry":{"type":"MultiLineString","coordinates":[[[765651.75,9813685.29],[765656.2,9813680.75],[765660.41,9813675.97],[765664.35,9813670.98],[765668.03,9813665.78]]]}},{"type":"Feature","properties":{"NOMBRE_EJE":" ","Layer":"C-ROAD-CNTR-N"},"geometry":{"type":"MultiLineString","coordinates":[[[765651.75,9813685.29],[765638.97,9813697.67]]]}},{"type":"Feature","properties":{"NOMBRE_EJE":" ","Layer":"C-ROAD-CNTR-N"},"geometry":{"type":"MultiLineString","coordinates":[[[765638.97,9813697.67],[765635.33,9813701.43],[765631.94,9813705.43],[765628.82,9813709.64],[765625.98,9813714.04],[765623.44,9813718.62]]]}},{"type":"Feature","properties":{"NOMBRE_EJE":" ","Layer":"C-ROAD-CNTR-N"},"geometry":{"type":"MultiLineString","coordinates":[[[765623.44,9813718.62],[765285.9,9814376.54]]]}},{"type":"Feature","properties":{"NOMBRE_EJE":" ","Layer":"C-ROAD-CNTR-N"},"geometry":{"type":"MultiLineString","coordinates":[[[765285.9,9814376.54],[765109.02,9814721.29]]]}},{"type":"Feature","properties":{"NOMBRE_EJE":" ","Layer":"C-ROAD-CNTR-N"},"geometry":{"type":"MultiLineString","coordinates":[[[765113.31,9814744.39],[765039.69,9814757.01]]]}},{"type":"Feature","properties":{"NOMBRE_EJE":" ","Layer":"C-ROAD-CNTR-N"},"geometry":{"type":"MultiLineString","coordinates":[[[765011.28,9814751.21],[765013.6,9814752.6],[765016,9814753.82],[765018.48,9814754.88],[765021.03,9814755.77],[765023.63,9814756.48],[765026.27,9814757.02],[765028.94,9814757.38],[765031.63,9814757.56],[765034.33,9814757.56],[765037.02,9814757.37],[765039.69,9814757.01]]]}},{"type":"Feature","properties":{"NOMBRE_EJE":" ","Layer":"C-ROAD-CNTR-N"},"geometry":{"type":"MultiLineString","coordinates":[[[765011.28,9814751.21],[765004.45,9814746.81]]]}},{"type":"Feature","properties":{"NOMBRE_EJE":" ","Layer":"C-ROAD-CNTR-N"},"geometry":{"type":"MultiLineString","coordinates":[[[765004.45,9814746.81],[765002.24,9814745.49],[764999.96,9814744.31],[764997.6,9814743.29],[764995.18,9814742.41],[764992.71,9814741.69],[764990.2,9814741.14],[764987.66,9814740.74],[764985.1,9814740.51],[764982.53,9814740.45],[764979.96,9814740.55],[764977.4,9814740.81],[764974.87,9814741.24]]]}},{"type":"Feature","properties":{"NOMBRE_EJE":" ","Layer":"C-ROAD-CNTR-N"},"geometry":{"type":"MultiLineString","coordinates":[[[764974.87,9814741.24],[764827.99,9814770.95]]]}},{"type":"Feature","properties":{"NOMBRE_EJE":" ","Layer":"C-ROAD-CNTR-N"},"geometry":{"type":"MultiLineString","coordinates":[[[765287.25,9813841.84],[765503.64,9813952.18]]]}},{"type":"Feature","properties":{"NOMBRE_EJE":" ","Layer":"C-ROAD-CNTR-N"},"geometry":{"type":"MultiLineString","coordinates":[[[765215.25,9813833.53],[765247.1,9813832.73]]]}},{"type":"Feature","properties":{"NOMBRE_EJE":" ","Layer":"C-ROAD-CNTR-N"},"geometry":{"type":"MultiLineString","coordinates":[[[765287.25,9813841.84],[765282.55,9813839.62],[765277.72,9813837.7],[765272.78,9813836.09],[765267.74,9813834.78],[765262.64,9813833.79],[765257.48,9813833.11],[765252.3,9813832.76],[765247.1,9813832.73]]]}},{"type":"Feature","properties":{"NOMBRE_EJE":" ","Layer":"C-ROAD-CNTR-N"},"geometry":{"type":"MultiLineString","coordinates":[[[763244.05,9816467.56],[763536.06,9816684.51]],[[763536.06,9816684.51],[763565.92,9816705.32],[763596.99,9816724.28],[763629.14,9816741.32],[763742.83,9816797.22]]]}}]}