{"type":"FeatureCollection","features":[{"type":"Feature","properties":{"NOMBRE":"CAHUAJÍ BAJO -LTE. PROV. CHIMBORAZO/TUNGURAHUA"},"geometry":{"type":"MultiLineString","coordinates":[[[776120.21,9833689.38],[776129.15,9833682.45],[776136.45,9833676.28],[776141.33,9833669.74],[776144.64,9833663.56],[776146.23,9833657.94],[776147.05,9833652.24],[776147.27,9833647.78],[776145.6,9833634.47],[776143.56,9833627.81],[776140.08,9833620.57],[776134.58,9833612.52],[776130.78,9833607.62],[776125.14,9833601.7],[776114.15,9833592.23],[776088.45,9833572.3],[776053.83,9833547.16],[776045.23,9833539.88],[776036.58,9833531.48],[776032.51,9833526.74],[776029.35,9833522.53],[776025.92,9833517.32],[776022.49,9833511.2],[776019.8,9833505.88],[776012.38,9833486.95],[775999,9833446.15],[775988.08,9833408.27],[775983.99,9833389.37],[775981.43,9833372.23],[775980.9,9833356.33],[775982.3,9833341.48],[775985.81,9833325.09],[776010.67,9833218.95],[776012.3,9833212.83],[776015.15,9833201.31],[776020.22,9833171.46],[776021.23,9833160.21],[776021.53,9833154.4],[776022.14,9833125.16],[776021.67,9833108.68],[776018.47,9833076.73],[776014.25,9833041.76],[776008.25,9832996],[776005.59,9832961.95],[776005.53,9832957.46],[776007.1,9832937.54],[776009,9832924.49],[776011.26,9832913.91],[776015.54,9832898.06],[776016.68,9832895.01]]]}},{"type":"Feature","properties":{"NOMBRE":"RIOBAMBA-PENIPE"},"geometry":{"type":"MultiLineString","coordinates":[[[774206.38,9826435.87],[774202.08,9826438.48],[774199.95,9826439.62],[774195.48,9826441.3],[774189.84,9826442.6],[774187.19,9826443.06],[774184.34,9826443.36],[774181.49,9826443.5],[774177.54,9826443.4],[774175.18,9826443.24],[774170.89,9826442.6],[774167.46,9826441.9],[774165.37,9826441.29],[774163.22,9826440.6],[774159.85,9826439.36],[774156.57,9826437.75],[774153.64,9826435.98],[774149.5,9826432.9],[774145.12,9826428.99],[774141.14,9826425.2],[774129.35,9826412.27],[774124.83,9826407.06],[774120.42,9826401.56],[774113.31,9826392.02],[774109.67,9826386.63],[774106.84,9826381.82],[774103.95,9826377.3],[774101.54,9826372.84],[774097.79,9826365.47],[774096.31,9826362.17],[774094.89,9826358.59],[774092.45,9826350.99],[774091.17,9826347.45],[774089.49,9826340.28],[774088.21,9826336.34],[774075.54,9826281.65],[774074.64,9826277.42],[774073.32,9826272.69],[774071.93,9826266.78],[774069.68,9826259.53],[774064.32,9826244.26],[774057.56,9826227.76],[774055.42,9826223.26],[774053.25,9826218.13],[774051.21,9826213.58],[774039.96,9826193.77],[774035.81,9826186.65],[774030.18,9826178.28],[774026.84,9826173.39],[773941.35,9826052.9],[773936.83,9826046.31],[773931.04,9826037],[773927.63,9826031.06],[773926.21,9826028.3],[773919.45,9826012.95],[773916.27,9826004.07],[773914.15,9825996.82],[773911.4,9825985.02],[773909.52,9825971.63],[773907.22,9825932.37],[773905.99,9825907.82],[773903.3,9825889],[773898.24,9825866.87],[773888.41,9825828.18],[773887.07,9825822.16],[773883.48,9825803.8],[773882.6,9825798.26],[773882.4,9825795.93],[773881.89,9825793.44],[773879.88,9825765.45],[773879.76,9825761.18],[773879.98,9825758.18],[773881.5,9825724.67],[773881.83,9825721.4],[773881.9,9825719.79],[773887.02,9825675.66],[773887.39,9825673.1],[773893.97,9825636.14],[773902.76,9825607.76],[773906.86,9825596.29],[773907.58,9825594.72],[773908.23,9825592.97],[773910.91,9825586.71],[773929.12,9825545.28],[773956.07,9825490.93],[773989.09,9825444.27],[774056.91,9825356.52],[774077.05,9825327.8],[774088.69,9825307.98],[774098.89,9825286.77],[774105.37,9825268.68],[774115.56,9825245.91],[774232.56,9825082.1],[774238.01,9825073.09],[774241.12,9825066.79],[774243.33,9825059.81],[774244.52,9825049.48],[774244.11,9825041.45],[774242.54,9825034.94],[774239.62,9825027.45],[774236.55,9825021.52],[774227.97,9825010.4],[774204.02,9824983.24],[774188.11,9824960.98],[774177.42,9824941.15],[774155.58,9824882.73],[774147.49,9824865.41],[774138.08,9824850.13],[774111.6,9824818.05],[774087.09,9824790.94],[774065.16,9824766.9],[774058.92,9824760.62],[774053.68,9824756.48],[774049.54,9824753.9],[774045.24,9824751.81],[774038.49,9824749.98],[774033.75,9824749.34],[774029.12,9824749.22],[774021.59,9824750.38],[774016.15,9824751.98],[774009.98,9824755.07],[774004.12,9824759.19],[773993.12,9824768.48],[773836.62,9824906.59],[773700.76,9825025.45],[773690.47,9825033.96],[773684.13,9825038.38],[773675.49,9825043.02],[773669.97,9825045.52],[773663.82,9825047.81],[773655.43,9825050.04],[773643.88,9825051.9],[773630.13,9825052.37],[773614.99,9825049.96],[773598.56,9825044.12],[773580.85,9825033.05],[773563.74,9825017.52],[773386,9824838.4],[773179.29,9824661.71],[772863.53,9824390.73],[772396.03,9823989.8],[772364.36,9823962.38],[772345.05,9823944.27],[772331.03,9823930.04],[772307.99,9823902.66],[772306.39,9823900.25],[772291.34,9823878.86],[772288.46,9823874.04],[772267.81,9823837.59],[772196.01,9823678.56],[772165.54,9823609.32],[772135.76,9823532.12],[772118.65,9823477.88],[772105.95,9823430.48],[772089.58,9823353.48],[772080.04,9823289.02],[772071.85,9823208.08],[772057.01,9823052.8],[772055.21,9823032.59],[772053.99,9823013.69],[772053.89,9823008.08],[772053.98,9823002.4],[772054.59,9822989.13],[772055.06,9822984.99],[772055.27,9822982.09],[772056.49,9822973.53],[772059.57,9822958.26],[772060.36,9822954.97],[772061.36,9822951.4],[772064.99,9822939.12],[772066.17,9822934.38],[772068.82,9822927.4],[772075.42,9822912.52],[772096.24,9822873.38],[772120.04,9822828.23],[772126.18,9822814.6],[772130.81,9822802.46],[772136.36,9822784.75],[772142.7,9822752.91],[772144.66,9822728.41],[772144.76,9822709.94],[772142.7,9822687.76],[772140.19,9822672.97],[772135.75,9822653.95],[772127.22,9822628.25],[772116.52,9822604.1],[772102.57,9822580.39],[772087.98,9822561.45],[772063.28,9822535.21],[772036.14,9822511.58],[771968.92,9822454.31],[771952.95,9822439.23],[771943.56,9822428.83],[771935.9,9822419.47],[771927.91,9822407.57],[771915.29,9822386.49],[771891.84,9822343.2],[771881.58,9822326.29],[771849.4,9822285.02],[771767.94,9822201.77],[771755.87,9822188.41],[771739.35,9822163.99],[771729.97,9822144.1],[771727.54,9822137.69],[771725.34,9822130.58],[771722.45,9822116.08],[771712.93,9822054.8],[771710.98,9822045.05],[771707.46,9822030.34],[771702.05,9822010.77],[771697.23,9821997.38],[771690.51,9821981.21],[771680.52,9821962.02],[771672.43,9821948.47],[771585.03,9821823.73],[771485.7,9821684.74],[771463.82,9821653.23],[771453.81,9821637.8],[771446.29,9821623.86],[771441.21,9821612.62],[771435.58,9821596.41],[771433.41,9821588.82],[771430.62,9821575.89],[771428.65,9821563.9],[771427.37,9821552.24],[771426.57,9821540.02],[771426.54,9821529.3],[771427.39,9821515.11],[771430.16,9821495.36],[771445.04,9821429.7],[771457.2,9821378.09],[771460.28,9821363.35],[771461.94,9821354.48],[771462.76,9821348.09],[771463.38,9821340],[771463.56,9821331.09],[771463.2,9821316.66],[771462.09,9821309.23],[771459.38,9821294.9],[771458.86,9821291.72],[771457.52,9821286.52],[771451.73,9821268.2],[771450.53,9821265.67],[771446.35,9821255.73],[771432.04,9821226.88],[771421.32,9821203.79],[771415.03,9821184.82],[771411.99,9821171.98],[771409.61,9821156.89],[771408.68,9821144.77],[771408.98,9821128.27],[771411,9821108.32],[771461.48,9820793.59],[771476.74,9820715.55],[771526.23,9820521.8],[771539.12,9820471.8],[771544.45,9820448.84],[771546.86,9820436.64],[771549.38,9820418.68],[771550.97,9820394.73],[771550.84,9820374.37],[771548.7,9820346.41],[771542.63,9820315.78],[771516.08,9820202.18],[771494.19,9820109.56],[771476.59,9820035.61],[771430.56,9819840.52],[771400.37,9819714.13],[771394.33,9819693.38],[771385.67,9819672.51],[771375.75,9819655.4],[771355.72,9819630.57],[771329.56,9819606.28],[771161.65,9819456.36],[771115.69,9819415.19],[771099.49,9819399.67],[771083.27,9819380.59],[771070.85,9819362.67],[771060.4,9819345.22],[771052.93,9819329.6],[771043.97,9819305.52],[771026.57,9819241.72],[771019.49,9819217.21],[771012.75,9819199.94],[771002.17,9819179.78],[770982.99,9819153.64],[770959.58,9819131.13],[770922.67,9819107.66],[770899.04,9819098.21],[770882.05,9819093.63],[770856.96,9819089.55],[770757.35,9819083.04],[770633.07,9819075.5],[770611.01,9819072.08],[770604.75,9819070.55],[770599.65,9819069.22],[770576.41,9819061.95],[770569.95,9819059.86],[770559.29,9819055.86],[770537.28,9819046.13],[770217.88,9818902.7],[769937.43,9818776.57],[769915.76,9818766.47],[769900.77,9818758.23],[769887.16,9818749.11],[769875.64,9818740.41],[769866.7,9818732.37],[769859.34,9818724.86],[769849.37,9818713.59],[769836.66,9818696.53],[769591.87,9818333.76],[769553.99,9818279.63],[769529.42,9818250.85],[769489.86,9818215.58],[769454.66,9818191.23],[769415.9,9818170.52],[769357.18,9818149.25],[769200.94,9818110.43],[769176.73,9818104.06],[769163.4,9818100.02],[769148.84,9818094.83],[769126.04,9818085.3],[769109.49,9818077.36],[769089.17,9818066.38],[769076.77,9818058.84],[769054.49,9818043.98],[769032.59,9818028.82],[768885.44,9817926.13],[768869.79,9817917.23],[768854.27,9817910.07],[768827.4,9817900.55],[768808.29,9817896.28],[768784.74,9817893.1],[768753.62,9817892.59],[768735.48,9817894.26],[768706.39,9817899.67],[768682.18,9817907.75],[768672.29,9817911.74],[768662.07,9817916.84],[768645.99,9817926.01],[768623.89,9817940.84],[768592.92,9817970.11],[768556.73,9818024.85],[768482.84,9818163.95],[768402.81,9818315.52],[768316.05,9818480.15],[768304.89,9818500.56],[768296.68,9818513.91],[768289.16,9818524.05],[768281.83,9818533],[768270.59,9818545.27],[768266.17,9818549.82],[768247.51,9818567.46],[768203.99,9818606.59],[768180.28,9818624.41],[768167.41,9818632.99],[768155.9,9818640.03],[768130.45,9818653.33],[768106.48,9818663.87],[768086.59,9818670.73],[768061.3,9818677.78],[768041.93,9818682.04],[767983.18,9818693.81],[767790.33,9818731.97],[767769.28,9818736.41],[767758.05,9818739.77],[767747.83,9818743.34],[767732.95,9818749.91],[767717.09,9818758.93],[767698.34,9818772.66],[767681.66,9818788.4],[767668.56,9818804.27],[767639.86,9818844.24],[767588.4,9818916.47],[767577.66,9818930.9],[767564.24,9818946.02],[767556.08,9818953.31],[767546.06,9818960.98],[767537.75,9818965.88],[767530.42,9818969.53],[767523.93,9818972.18],[767514.77,9818975.13],[767503.81,9818977.84],[767487.38,9818979.8],[767473.55,9818979.8],[767460.67,9818978.33],[767449.27,9818975.68],[767434.75,9818970.37],[767415.95,9818961.59],[767246.77,9818871.2],[766918.05,9818698.36],[766796.34,9818631.34],[766682.06,9818558.06],[766580.57,9818491.7],[766565.88,9818480.9],[766555.51,9818472.64],[766546.66,9818464.27],[766539.42,9818456.98],[766533.33,9818450.27],[766522.4,9818436.83],[766511.81,9818421.91],[766503.11,9818407.18],[766495.73,9818392.27],[766491.58,9818382.34],[766483.48,9818360.03],[766457.57,9818276.45],[766394.4,9818071.41],[766385.17,9818042.32],[766380.18,9818027.88],[766367.91,9817999.35],[766356.46,9817978.41],[766345.59,9817961.77],[766329.8,9817941.31],[766303.56,9817913.7],[766273.93,9817889.51],[766244.95,9817870.96],[766189.89,9817838.82],[766156.38,9817820.83],[766126.03,9817807.73],[766104.28,9817800.7],[766084.78,9817795.98],[766067.2,9817793.08],[766009.68,9817788.16],[765960.78,9817784.93],[765930.54,9817781.78],[765890.77,9817774.78],[765869.42,9817770.05],[765849.37,9817763.89],[765829.36,9817757.11],[765810.81,9817750.05],[765622.96,9817671.64],[765608.88,9817665.96],[765597.12,9817661.6],[765586.07,9817657.7],[765576.8,9817654.96],[765560.78,9817650.65],[765527.15,9817644.46],[765505.24,9817642.34],[765471.07,9817641.59],[765395.34,9817641.69],[765387.29,9817641.8],[765345.34,9817641.72],[765041.89,9817641.94],[764972.68,9817641.85],[764945.38,9817641.33],[764933.3,9817640.66],[764920.77,9817639.41],[764910.27,9817638.2],[764894.04,9817635.94],[764886.56,9817634.46],[764878.47,9817632.73],[764864.27,9817629.29],[764846.31,9817624.33],[764821.24,9817616.34],[764706.62,9817577.74],[764681.96,9817569.63],[764667.26,9817564.53],[764651.72,9817558.69],[764637.66,9817553],[764624.03,9817547.13],[764595.77,9817533.7],[764559.78,9817513.93],[764545.89,9817505.88],[764527.73,9817494.2],[764513.35,9817484.63],[764497.85,9817473.81],[764482.81,9817462.43],[764473.29,9817454.87],[764455.99,9817440.45],[764425.05,9817412.82],[764396.77,9817384.18],[764227.83,9817209.53],[764135.8,9817114.85],[764004.1,9816978.88],[763981.84,9816956.12],[763962.99,9816937.77],[763946.76,9816923.34],[763925.85,9816905.9],[763899.87,9816886.34],[763845.03,9816850.12],[763742.83,9816797.22]]]}},{"type":"Feature","properties":{"NOMBRE":"LTE. PROV. TUNGURAHUA/CHIMBORAZO (URBINA)-RIOBAMBA"},"geometry":{"type":"MultiLineString","coordinates":[[[755295.63,9834619.63],[755294.48,9834617.16],[755282.05,9834582.99],[755274.64,9834561.86],[755167.29,9834222.28],[755164.51,9834211.06],[755163.18,9834203.66],[755162.2,9834197.41],[755161.09,9834188.66],[755160.71,9834179.38],[755160.49,9834168.97],[755160.9,9834161.63],[755161.92,9834151.79],[755163.66,9834141.83],[755165.61,9834131.7],[755169.93,9834116.46],[755173.99,9834103.74],[755179.62,9834089.34],[755185.58,9834074.44],[755207.9,9834021.32],[755227.21,9833977.51],[755232.27,9833965.57],[755244.57,9833934.44],[755247.39,9833927.08],[755250.25,9833919.3],[755253.36,9833909.68],[755255.62,9833900.08],[755257.95,9833885.79],[755259.53,9833869.02],[755259.91,9833858.82],[755259.34,9833848.1],[755258.86,9833836.9],[755257.46,9833828],[755256.13,9833820.62],[755252.04,9833803.72],[755247.63,9833788.67],[755241.75,9833772.14],[755236.2,9833757.48],[755190.06,9833641.62],[755122.74,9833468.52],[755085.22,9833374.84],[755060.12,9833305.74],[755043.95,9833250.43],[755038.01,9833223.92],[754971.9,9832922.81],[754967.08,9832899.1],[754960.35,9832870.95],[754956.71,9832853.76],[754953.95,9832841.99],[754944.12,9832810.15],[754935.03,9832787.5],[754927.38,9832771.21],[754922.56,9832762.01],[754912.03,9832744.6],[754903.96,9832733.26],[754895.63,9832722.37],[754882.82,9832706.34],[754576.83,9832333.91],[754552.39,9832305.47],[754530.55,9832282.86],[754518.55,9832271.15],[754490.93,9832244.88],[754466.12,9832224.98],[754126.87,9831964.99],[754116.25,9831956.19],[754105.59,9831947.63],[754096.57,9831939.23],[754087.41,9831931.15],[754071,9831915.43],[754057.99,9831901.33],[754047.69,9831888.92],[754024.47,9831859.12],[754015.99,9831846.91],[754006.14,9831832.02],[753999.5,9831821.37],[753989.26,9831804.37],[753980.37,9831788.82],[753937.32,9831712.23],[753914,9831671.98],[753892.77,9831634.91],[753873.95,9831601.8],[753857.18,9831571.91],[753819.55,9831507.18],[753799.14,9831471.82],[753782.3,9831443.23],[753725.49,9831345.16],[753692.33,9831287.48],[753670.24,9831248.46],[753661.7,9831233.6],[753623.41,9831167.2],[753588.94,9831107.61],[753566.92,9831069.73],[753551.58,9831042.75],[753533.7,9831010.95],[753516.94,9830980.7],[753500.01,9830950.41],[753480.69,9830916.19],[753469.41,9830897.16],[753459.73,9830881.42],[753453.87,9830873.48],[753439.55,9830856.29],[753430.59,9830845.94],[753423.17,9830838.34],[753402.72,9830818.79],[753388.34,9830807.38],[753356.52,9830786.26],[753328.14,9830770.1],[753239.48,9830719.98],[753203,9830699.23],[753125.68,9830655.66],[753050.92,9830614.09],[753043,9830609.52],[753028.23,9830601.52],[753020.59,9830596.64],[752995.42,9830580.07],[752989.65,9830575.57],[752983.22,9830571.02],[752974.62,9830564.09],[752962.31,9830552.87],[752944.12,9830536.68],[752937.51,9830529.05],[752926.48,9830516.74],[752915.3,9830502.96],[752909.17,9830495.75],[752896.96,9830479.8],[752875.33,9830447.87],[752856.68,9830419.59],[752845.01,9830402.64],[752813.9,9830356.58],[752798.57,9830333.33],[752750.42,9830261.85],[752740.24,9830246.92],[752731.04,9830234.09],[752721.22,9830219.45],[752707.64,9830200.41],[752693.37,9830181.86],[752688.53,9830175.85],[752685.57,9830172.46],[752675.93,9830161.59],[752671.11,9830156.41],[752656.9,9830142.95],[752648.33,9830135.38],[752637.61,9830126.17],[752627.35,9830117.89],[752615.51,9830109.54],[752598.86,9830098.49],[752552.15,9830072.45],[752474.77,9830033.42],[752432.2,9830011.57],[752389.71,9829989.17],[752378.2,9829982.45],[752369.47,9829976.88],[752357.34,9829968.78],[752348.1,9829962.01],[752340.59,9829955.86],[752326.14,9829942.8],[752319.81,9829936.03],[752317.05,9829933.33],[752312.53,9829928.6],[752306.18,9829920.81],[752298.65,9829911.29],[752291.01,9829900.48],[752282.58,9829887.77],[752275.91,9829876.7],[752270.58,9829867.4],[752263.44,9829854.08],[752258.75,9829844.05],[752252.51,9829828.56],[752243.89,9829805.77],[752229.01,9829764.5],[752210.41,9829713.69],[752203.71,9829695.02],[752191.5,9829661.84],[752180.38,9829630.66],[752171.29,9829605.81],[752155.55,9829561.39],[752149.92,9829546.3],[752137.43,9829511.54],[752126.33,9829480.34],[752113.84,9829443.65],[752107.81,9829423.59],[752102.47,9829403.74],[752099.75,9829388.85],[752095.27,9829358.21],[752094.17,9829343.19],[752093.71,9829330.74],[752093.49,9829318.23],[752093.89,9829304.47],[752094.83,9829293.53],[752097.79,9829264.7],[752102.65,9829232.29],[752108.59,9829190.55],[752119.54,9829119.86],[752124.08,9829091.61],[752130.61,9829048.7],[752139.22,9828994.03],[752143.43,9828968.21],[752149.39,9828929.21],[752154.83,9828894.52],[752161.59,9828854.22],[752172.1,9828788.83],[752179.21,9828745.82],[752181.12,9828730.98],[752186.8,9828697],[752191.71,9828665.28],[752193.2,9828655.05],[752197.08,9828632.5],[752204.66,9828583.66],[752209.06,9828559.61],[752212.79,9828543.25],[752216.28,9828529.27],[752220.42,9828515.29],[752225.47,9828501.83],[752231.22,9828489.4],[752247.83,9828454.7],[752256.32,9828440.31],[752291.56,9828386.48],[752332.44,9828329.42],[752355.05,9828294.34],[752363.55,9828280.2],[752417.51,9828202.43],[752446.47,9828161.82],[752457.82,9828147.15],[752486.87,9828112.39],[752530.05,9828070.22],[752564.35,9828040.71],[752604.37,9828006.74],[752729.76,9827899],[752744.13,9827886.36],[752769.52,9827864.73],[752789.85,9827847.07],[752811.33,9827828.8],[752829.73,9827813.01],[752848.62,9827796.38],[752921.46,9827732.83],[752943.98,9827714.05],[752962.69,9827701.3],[752988.81,9827684.51],[753045.11,9827648.77],[753087.76,9827621.34],[753146.69,9827584.31],[753211.79,9827543.06],[753242.22,9827523.69],[753267.21,9827508.08],[753280.89,9827499.12],[753332.95,9827466.83],[753424.25,9827408.8],[753455.4,9827388.71],[753478.55,9827373.68],[753490.2,9827366.03],[753500.23,9827359.12],[753507.96,9827353.61],[753516.29,9827347.05],[753522.94,9827341.61],[753529.52,9827335.8],[753544.42,9827321.17],[753556.84,9827306.45],[753566.41,9827293.42],[753573.65,9827282.38],[753582.76,9827267.63],[753589.01,9827255.91],[753596.37,9827241.41],[753601.77,9827229.47],[753605.15,9827221.58],[753612.53,9827201.05],[754048.51,9825971.74],[754054.66,9825950.33],[754081.83,9825872.11],[754098.53,9825826],[754140.91,9825712.77],[754159.57,9825651.49],[754168.93,9825630.24],[754172.25,9825621.93],[754177.93,9825608.45],[754185.66,9825585.12],[754210.87,9825515.4],[754330.79,9825179.34],[754367.34,9825075.95],[754382.42,9825033.58],[754388.3,9825016.67],[754435.53,9824883.29],[754446.3,9824857.1],[754456.61,9824832.42],[754474.55,9824793.66],[754492.07,9824757.24],[754512.43,9824716.33],[754525.28,9824690.17],[754539.56,9824661.66],[754558.18,9824623.95],[754590.61,9824558.69],[754650.41,9824437.38],[754673.78,9824390.13],[754690.45,9824356.9],[754700.24,9824336.74],[754716.04,9824305.6],[754724.29,9824289.12],[754732.95,9824272.42],[754740.11,9824259.72],[754745.48,9824250.7],[754751.16,9824241.8],[754756.58,9824234.23],[754762.36,9824226.91],[754769.34,9824218.92],[754774.59,9824213.09],[754782.59,9824205.22],[754788.69,9824199.82],[754797.99,9824191.97],[754808.14,9824184.55],[754818.1,9824178.11],[754830.34,9824170.87],[754848.14,9824161.43],[754868.08,9824151.81],[754883.98,9824144.43],[754908.37,9824132.63],[754938.71,9824119.02],[755034.7,9824074.71],[755084.04,9824051.7],[755126.82,9824032],[755166.57,9824013.27],[755191.06,9824001.91],[755213.49,9823991.04],[755259.07,9823970.66],[755285.92,9823959.76],[755315.79,9823948.59],[755334.53,9823942.18],[755354.11,9823935.91],[755375.88,9823929.55],[755412.04,9823919.23],[755443.36,9823910.79],[755497.7,9823895.37],[755591.11,9823869.42],[755660.85,9823850.18],[755713.65,9823835.44],[755750.28,9823825.48],[755784.19,9823816.61],[755817.86,9823808.48],[755849.93,9823801.55],[755864.79,9823798.77],[755877.26,9823796.66],[755888.38,9823794.94],[755901.78,9823793.02],[755928.55,9823789.81],[755942.02,9823788.38],[755972.72,9823786.3],[756001.11,9823785.01],[756038.49,9823784.84],[756069.33,9823785.09],[756130.28,9823786.32],[756138.02,9823786.4],[756166.78,9823786.99],[756182.93,9823787.41],[756209.29,9823787.56],[756222.47,9823786.94],[756246.65,9823783.79],[756269.02,9823778.01],[756278.82,9823773.02],[756290.14,9823765.4],[756299.54,9823758.27],[756307.54,9823750.37],[756317.38,9823739.96],[756323.28,9823731.39],[756330.39,9823719.43],[756339.87,9823694.34],[756341.52,9823684.79],[756342.97,9823662.17],[756343.33,9823655.43],[756340.19,9823636.55],[756331.51,9823612.57],[756325.79,9823602.4],[756313.52,9823585.57],[756306.89,9823578.88],[756297.2,9823570.92],[756285.92,9823563.5],[756263.11,9823553.43],[756243.09,9823546.24],[756231.73,9823543.66],[756121.94,9823521.55],[756106.07,9823518.07],[756094.27,9823515.31],[756083.87,9823512.69],[756071.83,9823509.05],[756064.33,9823506.68],[756057.36,9823504.08],[756046.86,9823499.88],[756039.58,9823495.67],[756033.84,9823492.18],[756027.34,9823487.09],[756022.27,9823482.29],[756016.69,9823475.98],[756008.6,9823466.52],[756001.36,9823455.63],[755995.75,9823444.84],[755991.34,9823434.57],[755988.84,9823428.47],[755986.79,9823420.7],[755985.42,9823413.79],[755983.65,9823401.46],[755983.48,9823394.1],[755984.17,9823381.91],[755985.58,9823371.3],[755995.43,9823343.94],[756003.12,9823329.77],[756013.09,9823315.23],[756017.68,9823309.88],[756022.58,9823304.94],[756030.63,9823299.65],[756067.58,9823277.35],[756095.28,9823263.31],[756154.88,9823233.33],[756227.58,9823196.12],[756242.48,9823188.88],[756257.96,9823180.33],[756272.02,9823172.4],[756279.16,9823167.96],[756297.01,9823155.02],[756303.87,9823149.76],[756310.75,9823143.41],[756316.65,9823137.55],[756322.46,9823131.28],[756329.57,9823123.84],[756339.56,9823110.42],[756344.91,9823102.57],[756350.32,9823093.46],[756355.43,9823083.46],[756357.91,9823078.43],[756361.13,9823071.48],[756365.98,9823057.09],[756369.15,9823045.64],[756372.2,9823028.8],[756373.36,9823021.67],[756374.01,9823009.47],[756375.14,9822991.69],[756381.54,9822868.13],[756387.51,9822761.95],[756393.06,9822653.92],[756398.77,9822557.27],[756406.91,9822407.41],[756412.9,9822293.7],[756419.97,9822174.96],[756439.65,9821817.47],[756441.38,9821782.72],[756445.19,9821717.56],[756446.55,9821695.75],[756447.29,9821674.88],[756449.38,9821646.53],[756450.47,9821633.31],[756451.02,9821625.54],[756452.09,9821616.36],[756453.27,9821608.54],[756454.8,9821597.15],[756456.39,9821588.17],[756458.5,9821577.44],[756465.22,9821549.67],[756472.32,9821527.25],[756476.97,9821515.27],[756479.97,9821507.93],[756485.41,9821496.19],[756489.83,9821488],[756503.18,9821464.13],[756514.78,9821446.39],[756531.96,9821423.08],[756544.6,9821408.53],[756553.78,9821398.71],[756565.18,9821387.7],[756579.36,9821375.52],[756589.38,9821367.39],[756605.04,9821355.89],[756637.81,9821334.08],[756682.14,9821305.86],[756712.49,9821286.24],[756740.48,9821268.73],[756781.89,9821242.52],[756806.59,9821227.41],[756820.93,9821218.29],[756830.97,9821211.14],[756843.76,9821202.2],[756859.86,9821188.91],[756866.08,9821183.22],[756877.33,9821172.54],[756889,9821161.1],[756898.37,9821151.57],[756969.15,9821074.34],[756996.22,9821045.69],[757015.91,9821025.77],[757031.4,9821010.8],[757040.83,9821002.1],[757047.14,9820995.89],[757053.78,9820989.98],[757069.71,9820976.05],[757079.58,9820967.89],[757975.71,9820244.33],[757989.73,9820232.21],[758000.08,9820222.41],[758011.81,9820210.51],[758016.41,9820205.16],[758023.3,9820197.43],[758027.43,9820192.57],[758037,9820180.16],[758041.76,9820172.9],[758049.41,9820159.45],[758052.32,9820151.98],[758058.24,9820135.33],[758062.67,9820120.23],[758064.4,9820113.18],[758065.45,9820109.55],[758067.02,9820102.13],[758068.18,9820094.28],[758069.3,9820080.59],[758069.8,9820071.38],[758069.92,9820062.65],[758069.76,9820041.98],[758068.33,9820013.7],[758065.19,9819941.47],[758061.9,9819869.36],[758055.15,9819729.69],[758054.07,9819702.45],[758050.77,9819637.22],[758049.58,9819610.05],[758048.77,9819587.94],[758046.65,9819547.55],[758044.98,9819507.86],[758041.38,9819451.05],[758037.01,9819394.93],[758032.33,9819351.59],[758021.72,9819261.92],[758017.54,9819225.48],[758014.83,9819203.82],[758011.74,9819183.19],[758009.13,9819161.77],[758007.23,9819142.66],[758005.75,9819129.34],[758003.83,9819099.98],[758006.84,9819063.44],[758011.05,9819043.49],[758018.24,9819022.7],[758027.49,9819003.67],[758037.58,9818988.16],[758054.02,9818967.51],[758079.22,9818936.13],[758101.54,9818908.77],[758132.8,9818869.86],[758153.43,9818844.94],[758177.09,9818815.23],[758241.21,9818736.92],[758278.39,9818692.15],[758309.77,9818653.26],[758352.53,9818602.01],[758387.17,9818559.15],[758413.54,9818527.14]]]}},{"type":"Feature","properties":{"NOMBRE":"GUARANDA- VINCHOA- PUENTE DE PIEDRA (LIMITE CHIMBORAZO)"},"geometry":{"type":"MultiLineString","coordinates":[[[734017.46,9822107.07],[734029.3,9822090],[734035.44,9822082.82],[734040.35,9822079.48],[734046.04,9822076.92],[734051.5,9822075.8],[734055.27,9822076.05],[734059.07,9822076.95],[734062.5,9822078.29],[734066.02,9822080.32],[734069.46,9822083.03],[734072.47,9822086.02],[734074.89,9822089.27],[734076.86,9822093],[734078.11,9822097.37],[734078.53,9822101.81],[734077.98,9822124.2],[734071.06,9822165.52],[734068.99,9822184.78],[734069.63,9822191.1],[734070.36,9822195.96],[734073.95,9822210.91],[734076.01,9822215.84],[734078.98,9822220.69],[734081.54,9822223.94],[734085.08,9822226.8],[734089.01,9822229.34],[734106.51,9822237.03],[734120.39,9822242.15],[734126.12,9822245.46],[734129.88,9822248.1],[734132.32,9822251.12],[734135.03,9822254.57],[734158.11,9822303.26],[734171.57,9822334.73],[734173.82,9822343.71],[734175.54,9822351.13],[734176.91,9822363.05],[734177.55,9822370.77],[734178.22,9822386.54],[734178.4,9822395.01],[734178.24,9822410.24],[734175.55,9822442.58],[734175.2,9822454.4],[734175.31,9822458.94],[734176.42,9822469.14],[734177.91,9822475.72],[734181.64,9822488.23],[734186.11,9822506.72],[734186.77,9822515.14],[734186.85,9822518.25],[734186.18,9822525.34],[734184.86,9822533.83],[734183.27,9822546.55],[734181.89,9822558.57],[734181.36,9822573.36],[734181.33,9822588.87],[734183.09,9822607.61],[734186.7,9822627.43],[734191.46,9822655.79],[734196.44,9822676.1],[734199.11,9822683.94],[734204.99,9822694.95],[734208.26,9822700.75],[734212.35,9822705.63],[734216.89,9822710.02],[734220.47,9822712.69],[734224.98,9822715.13],[734228.99,9822716.86],[734234.16,9822718.37],[734239.1,9822719.04],[734244.16,9822719.53],[734250.11,9822719.69],[734255.28,9822719.17],[734260.3,9822718.13],[734265.11,9822716.84],[734271.19,9822714.16],[734275.94,9822711.71],[734280.29,9822708.98],[734285.04,9822705.39],[734296.01,9822696.06],[734301.61,9822692.67],[734308.3,9822689.26],[734316.36,9822685.37],[734323.77,9822682.65],[734332.64,9822680.25],[734340.91,9822678.32],[734350.32,9822676.42],[734361.42,9822674.63],[734383.61,9822672.48],[734387.09,9822672.21],[734390.86,9822672.21],[734397.54,9822672.82],[734405.05,9822674.61],[734413.9,9822678.46],[734428.83,9822688.05],[734432.71,9822690.43],[734436.38,9822692.17],[734442.4,9822694.63],[734447.47,9822697.79],[734451.15,9822700.73],[734454.22,9822705.09],[734457.67,9822710.21],[734473.6,9822738.83],[734478.01,9822744.92],[734481.86,9822748.77],[734486.56,9822751.81],[734491.02,9822753.76],[734495.57,9822755.15],[734500.22,9822755.88],[734504.12,9822756.21],[734508.77,9822756.05],[734513.39,9822755.34],[734517.59,9822754.21],[734521.57,9822752.64],[734534.26,9822745.53],[734540.61,9822743.01],[734551.24,9822740.54],[734556.53,9822739.58],[734563.08,9822738.88],[734570.15,9822739.05],[734576.51,9822740.19],[734587.73,9822743.39],[734597.83,9822747.02],[734603.73,9822747.99],[734607.32,9822747.9],[734611.06,9822747.36],[734614.42,9822746.09],[734617.67,9822744.35],[734621.87,9822741.65],[734635.05,9822730.53],[734643.77,9822720.39],[734651.39,9822709.15],[734656.09,9822704.05],[734660.73,9822699.25],[734665.56,9822696.07],[734669.69,9822693.64],[734674,9822690.64],[734678.03,9822687.62],[734681.47,9822684.6],[734684.49,9822681.38],[734698.54,9822664.3],[734710.68,9822647.5],[734714.06,9822641.77],[734718.04,9822633.16],[734724.34,9822620.47],[734734.32,9822601.53],[734747.5,9822573.95],[734758.31,9822552.06],[734761.98,9822545.66],[734764.95,9822541.76],[734769.02,9822537.23],[734772.75,9822533.77],[734779.64,9822528.65],[734788.33,9822522.74],[734793.06,9822519.33],[734796.25,9822516.38],[734799.58,9822513.11],[734803.52,9822508.53],[734815.01,9822491.79],[734820.63,9822483.18],[734823.06,9822480.31],[734826.06,9822478.24],[734830.22,9822476.19],[734833.23,9822475.32],[734836.75,9822475.15],[734839.93,9822476.05],[734844.18,9822478.15],[734849.44,9822481.82],[734861.83,9822492.61],[734864.04,9822494.32],[734867.07,9822495.75],[734870.09,9822496.92],[734874.84,9822498.31],[734879.97,9822499.39],[734882.85,9822499.64],[734893.05,9822499.39],[734897.36,9822500.13],[734901.5,9822502.05],[734908.03,9822506.48],[734923.63,9822519.73],[734930.82,9822524.76],[734936.38,9822527.6],[734941.84,9822529.8],[734946.89,9822530.8],[734951.27,9822531.28],[734955.28,9822531.29],[734959.27,9822530.68],[734963.41,9822529.5],[734966.79,9822528.37],[734969.92,9822527.67],[734973.67,9822527.4],[734977.54,9822527.58],[734981.96,9822528.52],[734989.67,9822530.93],[734995.23,9822533.2],[734998.87,9822535.18],[735005.73,9822540.29],[735015.74,9822548.63],[735019.86,9822550.83],[735029.46,9822554.28],[735036.19,9822555.65],[735039.71,9822555.84],[735042.4,9822555.39],[735045.01,9822554.5],[735047.23,9822552.99],[735049.75,9822550.59],[735052.23,9822546.81],[735054.33,9822541.65],[735065.5,9822517.62],[735067.14,9822513.84],[735067.92,9822510.9],[735070.81,9822498.84],[735071.4,9822494.26],[735072.24,9822488.97],[735073.51,9822483.18],[735075.87,9822476.42],[735079.45,9822468.77],[735082.33,9822463.51],[735086.2,9822459.38],[735089.39,9822456.77],[735092.87,9822454.58],[735097.39,9822452.89],[735111.53,9822447.9],[735114.87,9822446.48],[735118.31,9822444.71],[735122.13,9822442.18],[735125.58,9822439.18],[735129.4,9822434.67],[735132.23,9822429.78],[735134.19,9822425.68],[735140.65,9822409.75],[735142.51,9822406.01],[735144.35,9822402.75],[735146.74,9822400.08],[735149.76,9822397.43],[735153.48,9822394.87],[735159.76,9822389.78],[735164.17,9822386.01],[735171.52,9822378.94],[735186.04,9822359.97],[735192.82,9822350.85],[735196.04,9822347.74],[735198.94,9822345.89],[735202.28,9822344.37],[735205.53,9822343.64],[735209.35,9822343.21],[735213.08,9822343.54],[735228.51,9822345.96],[735233.79,9822346.01],[735239.33,9822345.48],[735245.46,9822344.61],[735251.62,9822343.05],[735259.88,9822340.29],[735265.95,9822337.88],[735271.92,9822335.21],[735280.39,9822330.67],[735286.24,9822327.12],[735304.48,9822314.52],[735318.45,9822304.05],[735323.79,9822300.5],[735326.68,9822298.92],[735330.46,9822297.8],[735339.57,9822296.17],[735379.58,9822295.08],[735384.08,9822295.91],[735387.9,9822296.42],[735397.9,9822296.51],[735403.69,9822295.89],[735444.66,9822292.27],[735449.77,9822291.32],[735453.23,9822290.19],[735457.26,9822288.47],[735460.83,9822286.37],[735464.64,9822283.91],[735506.69,9822250.75],[735512.74,9822244.58],[735537.78,9822222.85],[735542.36,9822218.53],[735546.67,9822213.6],[735550.46,9822208.82],[735565.13,9822187.09],[735573.36,9822178.4],[735597.37,9822153.92],[735622.93,9822132.16],[735630.97,9822126.41],[735634.01,9822124.8],[735636.63,9822124.35],[735639.05,9822124.44],[735642.57,9822125.29],[735645.8,9822126.91],[735649.44,9822129.23],[735659.98,9822138.44],[735662.62,9822140.34],[735665.29,9822141.76],[735668.25,9822142.48],[735671.37,9822142.57],[735674.41,9822141.86],[735677.41,9822140.73],[735680.08,9822139.26],[735682.8,9822136.73],[735684.86,9822133.45],[735686.4,9822130.02],[735690.41,9822117.69],[735698.1,9822105.26],[735702.62,9822097.78],[735708.46,9822086.45],[735716.13,9822070.89],[735720.25,9822065.91],[735725.33,9822058.54],[735728.99,9822054.51],[735732.28,9822051.96],[735736.12,9822049.8],[735741.52,9822047.46],[735746.29,9822046.22],[735751.12,9822045.33],[735765.96,9822045.28],[735769.74,9822045.13],[735773.19,9822044.51],[735776.08,9822043.45],[735779.23,9822041.76],[735782.02,9822039.58],[735784.97,9822036.78],[735787.76,9822033.15],[735801.08,9822015.1],[735824.1,9821990.24],[735848.98,9821962.8],[735872.92,9821934.14],[735881.22,9821924.04],[735888.06,9821914.62],[735907.73,9821888.36],[735910.48,9821884.59],[735913.17,9821879.75],[735920.16,9821863.11],[735923.95,9821855.94],[735929.55,9821846.95],[735942.11,9821829.01],[735946.14,9821823],[735953.42,9821813.98],[735958.5,9821808.8],[735983.13,9821791.35],[735991.91,9821783.66],[735996.82,9821777.58],[735999.96,9821772.83],[736002.41,9821766.47],[736003.98,9821760.17],[736003.68,9821754.02],[736003.36,9821749.35],[736002.73,9821744.28],[736001.11,9821735.43],[735992.69,9821697.65],[735991.77,9821691.34],[735991.23,9821685.62],[735990.92,9821677.45],[735991.05,9821670.28],[735992.59,9821663.34],[735995.01,9821655.36],[735999.53,9821647.57],[736003.57,9821642.23],[736007.78,9821638.03],[736011.5,9821636.07],[736015.81,9821635.04],[736020.22,9821635.31],[736024.29,9821636.38],[736027.36,9821638.07],[736030.69,9821640.74],[736044.3,9821654.36],[736047.23,9821656.37],[736054.82,9821660.76],[736089.71,9821672.37],[736095.06,9821673.4],[736099.33,9821673.49],[736103.61,9821672.67],[736107.54,9821671.46],[736111.26,9821670.08],[736120,9821665.88],[736124.94,9821663.03],[736127.6,9821661.06],[736129.66,9821658.81],[736131.69,9821655.18],[736136.35,9821644.81],[736139.49,9821634.72],[736143.15,9821623.38],[736145.82,9821615.88],[736147.92,9821613.06],[736150.31,9821611.38],[736152.94,9821610.61],[736155.48,9821610.53],[736158.45,9821611.22],[736161.1,9821612.2],[736163.51,9821613.76],[736166.21,9821616.37],[736170.72,9821621.57],[736183.14,9821637.6],[736188.52,9821642.43],[736194.85,9821646.12],[736199.3,9821647.63],[736203.23,9821647.29],[736207.14,9821645.96],[736210.48,9821643.74],[736213.19,9821641.09],[736218.14,9821633.27],[736223.68,9821626.73],[736228.42,9821623.01],[736243.38,9821611.88],[736246.24,9821609.37],[736248.47,9821607.08],[736250.63,9821603.74],[736253.06,9821600.31],[736255.93,9821597.08],[736259.31,9821594.74],[736262.3,9821593.13],[736265.61,9821591.97],[736268.67,9821591.57],[736271.95,9821591.68],[736275.26,9821592.43],[736277.77,9821593.89],[736279.89,9821595.58],[736281.93,9821597.89],[736283.74,9821601.01],[736288.6,9821614.19],[736291.94,9821622.85],[736295.36,9821628.65],[736299.54,9821633.56],[736305.15,9821639.29],[736312.31,9821646.24],[736320.19,9821651.96],[736325.14,9821654.65],[736329.96,9821655.92],[736335.11,9821656.69],[736338.94,9821656.67],[736342.22,9821656.12],[736345.09,9821655.47],[736350.38,9821653.58],[736388.35,9821639.17],[736396.9,9821636.18],[736404.34,9821634.4],[736411.82,9821633.46],[736416.74,9821633.53],[736421.23,9821633.78],[736427.13,9821634.56],[736433.26,9821635.85],[736438.26,9821637.36],[736442.86,9821639.7],[736476.61,9821660],[736483.53,9821663.83],[736488.7,9821666.23],[736493.54,9821667.45],[736498.06,9821667.57],[736502.82,9821666.85],[736507.4,9821664.85],[736510.91,9821662.76],[736515.1,9821659.58],[736520.28,9821654.61],[736524.2,9821649.79],[736529.4,9821640.41],[736536.91,9821620.96],[736542.2,9821610.83],[736548.61,9821599.73],[736561.82,9821583.76],[736584.3,9821558.94],[736589.19,9821553.31],[736591.89,9821549.33],[736594.02,9821545.29],[736595.89,9821541.2],[736597.49,9821536.41],[736598.8,9821530.11],[736599.88,9821523.23],[736600.88,9821512.05],[736601.41,9821490.18],[736602.44,9821466.22],[736604.14,9821459.34],[736606.32,9821452.3],[736608.26,9821447.85],[736611.02,9821443],[736613.94,9821440.04],[736617.34,9821438.01],[736620.94,9821436.9],[736625.06,9821436.88],[736628.83,9821437.54],[736632.42,9821439.48],[736636.1,9821442.4],[736642.58,9821449.44],[736649.64,9821457.59],[736654.23,9821461.65],[736661.24,9821466.12],[736667.82,9821469.58],[736676.73,9821473.03],[736698.43,9821480.4],[736707.9,9821482.16],[736714.18,9821482.35],[736719.43,9821481.84],[736724.13,9821480.84],[736729.39,9821480.46],[736733.42,9821481.11],[736736.47,9821483.25],[736739.09,9821486.66],[736742.25,9821492.57],[736750.36,9821510.5],[736754.04,9821514.3],[736757.74,9821516.6],[736764.21,9821518.86],[736773.5,9821521.92],[736783.68,9821524.03],[736790.63,9821524.05],[736797.1,9821523.51],[736802.1,9821521.68],[736806.39,9821519.75],[736813.21,9821515.05],[736850.05,9821487.55],[736855.08,9821483.34],[736858.55,9821479.76],[736864.17,9821472.96],[736868.08,9821470.38],[736871.97,9821468.35],[736876.97,9821467.09],[736882.56,9821466.54],[736894.95,9821466.65],[736943.83,9821475.41],[736948.4,9821476.31],[736955.22,9821477.26],[736986.49,9821480.92],[736991.37,9821480.78],[736996.32,9821480.37],[737000.46,9821479.31],[737005.37,9821477.92],[737012.11,9821475.14],[737017.53,9821472.32],[737022.26,9821469.21],[737027.62,9821464.61],[737036,9821457.87],[737040.3,9821455.58],[737045.93,9821453.69],[737081.98,9821447.02],[737137.92,9821444.95],[737145.42,9821444.74],[737158.54,9821442.72],[737178.13,9821438.52],[737195.33,9821433.61],[737228.73,9821421.18],[737263.88,9821410.76],[737278.85,9821405.24],[737304.42,9821394.2],[737332.97,9821387.3],[737408.5,9821369.82],[737417.9,9821368.03],[737425.89,9821366.11],[737432.09,9821363.96],[737436.61,9821361.94],[737441.62,9821359.1],[737447.37,9821354.94],[737483.93,9821317.26],[737502,9821295.2],[737530.32,9821254.47],[737534.3,9821247.85],[737536.4,9821242.81],[737537.62,9821237.9],[737538.93,9821228.62],[737540.06,9821212.17],[737541.81,9821202.22],[737544.36,9821191.06],[737547.51,9821179.77],[737562.24,9821143.3],[737575.62,9821108.81],[737593.74,9821075.55],[737600.44,9821067.14],[737606.37,9821063.05],[737611.99,9821059.83],[737616.44,9821058.74],[737622.26,9821058.63],[737627.94,9821060.08],[737632.5,9821062.42],[737638.31,9821066.74],[737647.03,9821074.16],[737664.9,9821095.4],[737668.92,9821101.45],[737672.05,9821107.92],[737676.06,9821116.83],[737681.13,9821131.01],[737687.71,9821146.21],[737697.67,9821164.87],[737713.09,9821190.18],[737719.46,9821198.22],[737725.55,9821204.59],[737732.57,9821209.1],[737742.11,9821211.67],[737754.91,9821212.91],[737783.73,9821215.9],[737788.23,9821215.36],[737793.31,9821214.03],[737797.19,9821211.47],[737801.52,9821208.79],[737806.74,9821206.15],[737827.1,9821198.74],[737835.49,9821196.9],[737840.59,9821196.93],[737848.31,9821197.17],[737853.89,9821197.64],[737857.99,9821197.54],[737861.24,9821196.76],[737864.04,9821195.61],[737867.08,9821193.9],[737870.18,9821191.73],[737873.22,9821188.65],[737894.75,9821170.89],[737898.86,9821168.08],[737902.81,9821166.49],[737908.67,9821164.54],[737933.96,9821159.69],[737938.17,9821159.19],[737942.81,9821157.5],[737947.58,9821155.63],[737954.28,9821151.51],[737963.15,9821146.39],[737968.18,9821144.47],[737972.32,9821144.44],[737977.4,9821145.33],[737982.98,9821147.76],[737992.07,9821152.38],[737998.59,9821155.41],[738001.28,9821155.79],[738003.99,9821155.99],[738008.26,9821156.01],[738012.6,9821155.07],[738022.38,9821150.74],[738035.6,9821142.2],[738041.3,9821139.19],[738046.4,9821138.2],[738050.28,9821138.41],[738054.02,9821139.11],[738062.45,9821141.55],[738071.28,9821142.96],[738124.22,9821145.85],[738129.22,9821145.16],[738133.48,9821143.78],[738136.15,9821141.93],[738138.31,9821140.21],[738139.87,9821138.49],[738141.75,9821135.73],[738145.05,9821131.61],[738149.1,9821128.15],[738154.28,9821126.36],[738159.61,9821125.73],[738165.62,9821126.07],[738171.64,9821127.33],[738177.14,9821129.64],[738181.92,9821130.51],[738185.75,9821130.91],[738195.41,9821130.95],[738219.54,9821129.58],[738269.73,9821132.04],[738276.33,9821132.7],[738282.95,9821132.19],[738291.81,9821130.56],[738347.23,9821117.45],[738402.37,9821106.23],[738413.32,9821102.94],[738429.88,9821095.7],[738437.03,9821090.56],[738444.7,9821085.26],[738459.73,9821074.62],[738504.63,9821036.2],[738554.68,9820995.95],[738567.99,9820986.36],[738573.65,9820983.17],[738578.78,9820982.15],[738583.73,9820981.89],[738588.58,9820983.47],[738591.75,9820985.82],[738594.57,9820989.23],[738597.9,9820994.4],[738617.04,9821042.24],[738618.68,9821046.07],[738620.18,9821049.26],[738622.52,9821053.27],[738625.55,9821056.86],[738629.16,9821060.01],[738633.2,9821062.44],[738636.42,9821063.78],[738641.48,9821064.85],[738647.01,9821065.14],[738655.08,9821064.87],[738665.72,9821063.27],[738674.64,9821061.4],[738686.41,9821057.68],[738704.69,9821050.81],[738727.35,9821040.65],[738806.43,9821001.36],[738831.94,9820989.48],[738838.31,9820985.72],[738844.09,9820981.5],[738852,9820975.22],[738863.7,9820964.38],[738871.81,9820955.58],[738893.59,9820928.94],[738901.92,9820918.02],[738913.24,9820899.54],[738929.53,9820867.39],[738933.95,9820854.03],[738940.78,9820820.97],[738941.66,9820816.07],[738942.96,9820810.15],[738945.01,9820802.94],[738947.47,9820797.9],[738950.72,9820792.45],[738956.57,9820783.58],[738965.86,9820767.24],[738967.91,9820761.06],[738969.13,9820755.46],[738969.28,9820749.62],[738968.77,9820742.26],[738964.74,9820727.67],[738960.28,9820715.06],[738958.83,9820709.24],[738957.88,9820704.94],[738957.44,9820698.64],[738956.79,9820681.45],[738957.8,9820651.57],[738960.36,9820625.3],[738964.1,9820606.78],[738964.96,9820598.59],[738965.7,9820588.33],[738965.36,9820580.38],[738964.86,9820571.65],[738963.68,9820561.3],[738961.77,9820554.84],[738958.87,9820547.48],[738953.97,9820536.42],[738950.64,9820528.47],[738949.31,9820522.95],[738949.24,9820517.53],[738949.68,9820512.79],[738951.11,9820507.9],[738952.58,9820503.5],[738953.36,9820498.48],[738955.61,9820493.11],[738959.21,9820485.4],[738971.03,9820458.79],[738973.92,9820451.06],[738978.53,9820436.99],[738986.86,9820412.8],[738992.15,9820389.53],[738994.56,9820367.75],[738994.52,9820361.16],[738994.32,9820355.57],[738993.51,9820350.15],[738992.63,9820346.1],[738991.28,9820342.2],[738989.41,9820337.84],[738987.44,9820334.73],[738985.34,9820332.52],[738982.05,9820329.99],[738978.67,9820327.58],[738970.15,9820323.47],[738967.48,9820322.01],[738965.44,9820320.23],[738963.9,9820318.32],[738962.76,9820316.6],[738962.41,9820314.64],[738962.49,9820312.54],[738962.97,9820310.04],[738963.87,9820307.75],[738965.84,9820304.21],[738977.18,9820291.24],[738983.26,9820283.76],[738985.43,9820279.9],[738987.9,9820274.32],[738989.96,9820269.02],[738991.29,9820264.25],[738993.01,9820257.53],[738994.58,9820249.44],[739003.33,9820188.12],[739008.48,9820160.67],[739014.94,9820133.21],[739015.81,9820129.05],[739016.32,9820124.78],[739016.4,9820121.18],[739016.38,9820116.43],[739015.37,9820102.97],[739015.29,9820098.59],[739015.4,9820096.13],[739015.87,9820092.21],[739016.53,9820088.1],[739019.89,9820071.73],[739020.58,9820068.82],[739021.25,9820060.09],[739020.97,9820054.5],[739020.46,9820048.61],[739018.76,9820040.78],[739015.58,9820025.06],[739015.08,9820019.98],[739014.87,9820016.17],[739015.21,9820011.21],[739019,9819985.53],[739020.05,9819971.5],[739020.57,9819958.05],[739020.15,9819951.55],[739019.39,9819944.83],[739018.83,9819932.22],[739019,9819925.52],[739019.33,9819919.46],[739020.24,9819914.36],[739021.28,9819910.84],[739024.53,9819905.36],[739026.46,9819901.78],[739030.91,9819885.23],[739035.14,9819850.26],[739035.28,9819848.48]],[[739047.96,9819733.65],[739050.27,9819731.23],[739053.42,9819728.2],[739056.96,9819723.94]]]}},{"type":"Feature","properties":{"NOMBRE":"CEMENTOS CHIMBORAZO-SAN JUAN-TILILAC (LIMITE PROVINCIA DE BOLÍVAR)"},"geometry":{"type":"MultiLineString","coordinates":[[[739056.96,9819723.94],[739057.69,9819723.05],[739062.9,9819715.71],[739066.56,9819709.32],[739069.75,9819703.32],[739072.61,9819695.49],[739074.19,9819689.84],[739077.93,9819667.97],[739078.92,9819658.39],[739080.55,9819638.78],[739083.08,9819628.02],[739085.89,9819620.08],[739094.66,9819603.01],[739096.99,9819597.08],[739099.91,9819585.9],[739101.14,9819577.39],[739101.72,9819571.82],[739101.54,9819567.15],[739100.56,9819557.23],[739100.15,9819550.3],[739100.05,9819544.14],[739100.48,9819532.16],[739103.7,9819513.27],[739108.15,9819493.59],[739109.64,9819484.3],[739110.17,9819480.14],[739110.45,9819477.22],[739110.43,9819473.84],[739109.11,9819460.06],[739107.68,9819449.72],[739107.55,9819445.46],[739107.58,9819438.29],[739108.97,9819417.8],[739109,9819413.83],[739108.87,9819410.13],[739107.43,9819393.57],[739107.21,9819386.14],[739107.23,9819371.66],[739108.65,9819343.15],[739109.32,9819322.53],[739112.09,9819299.02],[739114.33,9819278.82],[739116.49,9819238.55],[739116.48,9819230.97],[739116.26,9819224.15],[739114.81,9819209.93],[739111.75,9819183.9],[739111.79,9819175.83],[739112.78,9819165.94],[739113.28,9819161.94],[739112.95,9819158.03],[739112.39,9819154.38],[739111.5,9819150.29],[739103.42,9819116.52],[739093.36,9819071.4],[739089.45,9819047.81],[739087.59,9819025.23],[739087.61,9819012.72],[739089.34,9818997.07],[739092.4,9818981.62],[739101.32,9818952.23],[739106.34,9818940.47],[739107.82,9818934.96],[739109.09,9818929.52],[739112.48,9818902.05],[739116.63,9818882.78],[739131.35,9818826.45],[739131.96,9818822.56],[739132.58,9818816.88],[739135.5,9818759.2],[739134.44,9818730.11],[739134.39,9818698.51],[739135.09,9818688.58],[739135.63,9818678.83],[739140.68,9818650.48],[739141.69,9818642.76],[739142.34,9818627.86],[739141.92,9818619.81],[739140.31,9818608.99],[739138.2,9818601.02],[739133.96,9818588.57],[739132.21,9818582.84],[739131.38,9818578.01],[739130.67,9818571.5],[739130.71,9818568.05],[739131.29,9818562.42],[739136.8,9818542.8],[739149.98,9818508.98],[739151.65,9818503.72],[739153.04,9818497.34],[739156.88,9818467.01],[739164.21,9818433.6],[739166.33,9818425.31],[739168.74,9818417.81],[739181.11,9818392.2],[739181.93,9818389.98],[739182.64,9818387.23],[739183.08,9818385.11],[739183.11,9818383.05],[739182.41,9818378.79],[739181.41,9818374.45],[739175.96,9818356.96],[739175.17,9818352.6],[739174.35,9818346.94],[739173.95,9818338.4],[739174.02,9818335.52],[739175.54,9818328.62],[739177.41,9818322.64],[739179.42,9818318.36],[739181.32,9818315.05],[739183.61,9818312.32],[739186.68,9818309.41],[739189.79,9818307.39],[739193.79,9818305.58],[739198.56,9818303.98],[739203.41,9818302.19],[739207.21,9818300.32],[739211.55,9818297.94],[739214.83,9818295.3],[739217.35,9818292.02],[739218.51,9818289.22],[739219.23,9818285.02],[739219.52,9818281.56],[739219.05,9818276.16],[739210.41,9818234.19],[739207,9818214.9],[739205.9,9818206.74],[739205.53,9818202.81],[739205.53,9818198.69],[739206.1,9818190.77],[739207.49,9818182.57],[739208.96,9818176.08],[739214.86,9818152.99],[739224.24,9818122.83],[739234.33,9818093.51],[739244.26,9818068.08],[739247.98,9818059.66],[739251.26,9818053.2],[739258.04,9818041.39],[739261.43,9818037.44],[739266.72,9818031.46],[739277.41,9818020.98],[739304.81,9817994.99],[739337.24,9817965.17],[739369.23,9817936.17],[739384.31,9817923.18],[739390.75,9817916.49],[739394.35,9817912.25],[739397.6,9817907.76],[739400.81,9817902.37],[739403.37,9817897.59],[739408.48,9817885.03],[739411.02,9817878.48],[739422.79,9817844.86],[739431.54,9817818.19],[739436.26,9817806.44],[739444.35,9817790.68],[739448.01,9817784.7],[739452.85,9817777.63],[739459.01,9817769.69],[739487.13,9817738.22],[739516.45,9817707.26],[739534.73,9817686.9],[739537.4,9817683.69],[739540.61,9817680.83],[739543.75,9817678.28],[739552.56,9817672.28],[739569.73,9817663.24],[739615.61,9817643.16],[739668.02,9817618.31],[739721.42,9817596.01],[739784.6,9817574.21],[739794.06,9817571.33],[739802.37,9817568.2],[739836.66,9817554.59],[739850.06,9817550.12],[739855.94,9817548.69],[739861.95,9817548.14],[739867.41,9817548.1],[739872.26,9817549.03],[739876.11,9817550.7],[739879.15,9817552.74],[739881.31,9817554.85],[739883.12,9817557.96],[739885.59,9817565.79],[739893.94,9817599.11],[739898.92,9817615.17],[739905.36,9817631.73],[739912.82,9817649.34],[739918.5,9817659.89],[739930.93,9817681.17],[739953.72,9817717.28],[739977.49,9817757.2],[739984.01,9817767.3],[739989.39,9817776.24],[739993.04,9817783.03],[740001.72,9817799.78],[740011.7,9817823.54],[740020.29,9817845.3],[740038.08,9817886.15],[740055.39,9817926.54],[740058.79,9817934.13],[740067.19,9817953.37],[740083.56,9817988],[740087.5,9817995.79],[740093.03,9818004.97],[740096.72,9818011.77],[740101.99,9818020.28],[740105.77,9818026.57],[740109.96,9818032.1],[740121.74,9818048.08],[740131.35,9818060.05],[740140.2,9818069.35],[740154.42,9818081.44],[740193.01,9818113.87],[740201.56,9818121.99],[740207.44,9818129.51],[740209.93,9818134.1],[740212.57,9818139.35],[740214.67,9818144.62],[740216.34,9818149.6],[740216.7,9818154.26],[740216.48,9818158.62],[740215.74,9818163.89],[740213.84,9818175.81],[740213.19,9818180.81],[740213.09,9818186.26],[740215.27,9818215.61],[740217.25,9818255.03],[740220.89,9818282.25],[740221.27,9818286.76],[740221.32,9818289.99],[740220.83,9818294.06],[740220.08,9818297.67],[740218.93,9818301.41],[740216.01,9818307.71],[740215.09,9818310.65],[740214.88,9818314.22],[740215,9818317.72],[740215.54,9818321.21],[740216.69,9818324.85],[740218.27,9818328.44],[740220.76,9818332.28],[740230.13,9818344.99],[740246.87,9818377.94],[740250.27,9818383.03],[740254.39,9818387.93],[740258.88,9818392.1],[740263.79,9818396.09],[740268.84,9818399.09],[740274.37,9818400.92],[740279.66,9818402.23],[740288.01,9818402.28],[740325.12,9818401.8],[740331,9818402],[740337.44,9818402.62],[740348.81,9818404.26],[740360.46,9818406.37],[740380.72,9818411.72],[740399.84,9818418.05],[740420.76,9818427.46],[740438.69,9818436.56],[740448.66,9818442.44],[740457.66,9818449.3],[740467.73,9818458.15],[740474.17,9818463.47],[740499.08,9818480.91],[740533.1,9818502.92],[740546.85,9818512.09],[740566.17,9818527.22],[740604.77,9818558.15],[740609.92,9818563.11],[740612.58,9818566.22],[740614.42,9818569.47],[740616.29,9818573.5],[740622.33,9818591.6],[740624.17,9818594.58],[740628.67,9818600.49],[740631.28,9818603.5],[740633.92,9818606.01],[740637.39,9818608.63],[740640.56,9818610.59],[740644.34,9818612.47],[740650.45,9818615.13],[740654.1,9818616.31],[740658.5,9818617.59],[740669.88,9818622.01],[740676.01,9818625.77],[740682.38,9818630.77],[740687.71,9818636.43],[740691.52,9818640.82],[740701.79,9818654.89],[740704.77,9818657.96],[740708.15,9818661.11],[740712.09,9818664.38],[740716.14,9818667.18],[740719.76,9818669],[740724.2,9818670.85],[740729.84,9818673.75],[740733.56,9818676.14],[740736.68,9818678.61],[740740.22,9818682.56],[740743.03,9818686.18],[740745.45,9818690.28],[740747.24,9818694.38],[740749.18,9818699.22],[740751.72,9818706.05],[740753.47,9818709.08],[740755.87,9818712.33],[740758.29,9818714.93],[740761.33,9818717.61],[740774.57,9818725.43],[740778.05,9818728.07],[740781.13,9818731.22],[740783.6,9818734.36],[740786.01,9818738.32],[740787.74,9818741.63],[740790.58,9818750.49],[740791.74,9818756.43],[740792.65,9818763.01],[740794.7,9818794.34],[740796.41,9818802],[740797.52,9818805.34],[740798.92,9818808.82],[740800.66,9818812.03],[740802.76,9818815.49],[740805.45,9818818.83],[740807.74,9818821.2],[740811.47,9818824.4],[740830.4,9818839.43],[740833.8,9818842.68],[740836.49,9818846.22],[740842.87,9818855.35],[740845.52,9818858.35],[740848.12,9818860.56],[740851.04,9818862.59],[740854.96,9818864.65],[740859.03,9818866.12],[740864.38,9818867.54],[740869.42,9818868.45],[740891.78,9818870.78],[740897.79,9818872.14],[740902.43,9818873.68],[740907.52,9818876.26],[740910.85,9818878.89],[740914.14,9818881.96],[740916.62,9818885.15],[740922.14,9818894.41],[740924.72,9818899.25],[740928.72,9818909.33],[740935.61,9818929.87],[740937.52,9818933.46],[740939.27,9818935.58],[740941.16,9818937.43],[740943.36,9818938.54],[740945.55,9818938.61],[740949.34,9818937.9],[740951.16,9818936.53],[740952.58,9818934.94],[740954.25,9818932.22],[740956.38,9818927.87],[740958.55,9818919.88],[740963.51,9818896.09],[740964.04,9818891.99],[740964.4,9818886.67],[740964.48,9818881.43],[740964.18,9818876.67],[740963.56,9818871.42],[740961.95,9818861.67],[740959.51,9818849.86],[740958.26,9818842.44],[740958.42,9818839.83],[740959.07,9818838.08],[740960.19,9818836.67],[740961.47,9818835.32],[740963.43,9818834.22],[740965.87,9818833.49],[740968.93,9818833.32],[740972.21,9818833.95],[740975.28,9818835.03],[740978.96,9818837.07],[740985.84,9818842.71],[741007.65,9818864.51],[741010.15,9818867.6],[741012.86,9818871.42],[741021.05,9818881.65],[741024.52,9818885.04],[741029.65,9818888.49],[741033.31,9818889.51],[741035.85,9818889.24],[741038.46,9818888.63],[741040.13,9818887.67],[741041.33,9818886.58],[741042.88,9818884.71],[741045.54,9818879.07],[741047.03,9818874.44],[741047.6,9818868.54],[741047.37,9818860.22],[741045.19,9818840.14],[741044.2,9818834.31],[741043.31,9818830.14],[741039.71,9818820.49],[741038.35,9818817.46],[741036.85,9818814.41],[741034.54,9818809.94],[741030.3,9818802.77],[741025.16,9818795.85],[741021.7,9818791.02],[741020.02,9818788.35],[741018.73,9818785.62],[741018.47,9818783.66],[741018.55,9818781.66],[741019.21,9818779.19],[741020.62,9818777.07],[741022.19,9818775.77],[741024.27,9818775.32],[741026.65,9818775.39],[741030.41,9818776.1],[741034.38,9818777.55],[741039.26,9818780.26],[741044.36,9818784.02],[741053.33,9818792.21],[741078.97,9818821.89],[741103.91,9818851.27],[741122.58,9818875.41],[741126.79,9818881.44],[741129.39,9818885.94],[741131.16,9818890.37],[741135,9818901.59],[741137.18,9818906.58],[741139.69,9818910.31],[741142.8,9818913.4],[741146.2,9818915.53],[741150.95,9818917.6],[741156.09,9818919.29],[741167.86,9818922.14],[741172.12,9818923.72],[741177.56,9818927.04],[741186.23,9818933.73],[741193.37,9818940.39],[741204.76,9818952.86],[741211.49,9818963.34],[741217.85,9818974.54],[741224.29,9818989.24],[741229.9,9819001.74],[741233.36,9819007.73],[741236.43,9819011.96],[741240.39,9819015.53],[741244.26,9819018.18],[741248.77,9819021],[741254.85,9819023.75],[741259.79,9819026.28],[741262.72,9819028.03],[741265.12,9819030.33],[741267.51,9819033.04],[741275.29,9819045.16],[741282.78,9819056.46],[741298.65,9819076.07],[741312.28,9819094.77],[741316.39,9819102.04],[741318.65,9819107.64],[741320.22,9819112.7],[741321.64,9819116.8],[741322.23,9819122.22],[741322.49,9819127.21],[741322.58,9819132.82],[741322.52,9819139.17],[741323,9819143.46],[741324.19,9819148.61],[741334.06,9819179.01],[741335.55,9819185.23],[741336.32,9819191.49],[741336.5,9819196.58],[741336.38,9819202.34],[741335.92,9819215.37],[741335.22,9819219.5],[741334.77,9819223.51],[741334.01,9819228.02],[741332.54,9819232.32],[741330.65,9819238.32],[741328.96,9819241.97],[741327.13,9819246.28],[741324.49,9819251.78],[741321.36,9819257.64],[741318.31,9819262.67],[741316.18,9819265.41],[741312.51,9819268.97],[741280.75,9819296.17],[741278.44,9819298.98],[741276.67,9819301.26],[741274.78,9819304.28],[741273.72,9819306.3],[741273.08,9819308.39],[741272.19,9819310.88],[741271.48,9819315.94],[741271.93,9819318.44],[741273.05,9819320.65],[741274.73,9819322.83],[741276.94,9819324.57],[741279.92,9819325.62],[741283.12,9819326.3],[741293.17,9819326.27],[741322.08,9819328.48],[741326.02,9819329.54],[741335.5,9819329.96],[741348.23,9819329.83],[741354.02,9819330.49],[741360.02,9819331.79],[741368.68,9819333.95],[741378.18,9819336.5],[741391.44,9819340.92],[741399.35,9819344.3],[741403.6,9819346.95],[741406.9,9819349.31],[741410.67,9819352.35],[741413.81,9819355.79],[741417.42,9819360.26],[741419.71,9819364.46],[741421.66,9819368.72],[741423.28,9819374.03],[741424.31,9819378.42],[741424.97,9819383],[741425.2,9819387.36],[741426.55,9819398.95],[741428.4,9819408.66],[741429.38,9819415.14],[741429.89,9819419.7],[741430.15,9819424.43],[741429.42,9819432.09],[741428.07,9819438.69],[741426.66,9819442.99],[741425.08,9819446.72],[741418.38,9819463.58],[741416.87,9819468.21],[741415.95,9819471.33],[741414.85,9819477.95],[741414.64,9819482.34],[741414.71,9819486.56],[741415.02,9819491.06],[741415.61,9819495.44],[741416.62,9819499.49],[741418.06,9819503.76],[741419.59,9819507.75],[741421.86,9819512.14],[741424.26,9819516.22],[741426.98,9819519.92],[741429.56,9819523.05],[741432.91,9819525.69],[741436.43,9819527.94],[741440.08,9819529.99],[741463.41,9819540.05],[741468.4,9819542.53],[741473.42,9819545.38],[741478.79,9819548.46],[741485.05,9819553.32],[741494.69,9819561.05],[741513.39,9819577.89],[741518.38,9819582.14],[741522.28,9819585.26],[741524.94,9819587.98],[741527.9,9819591.2],[741533.81,9819598.31],[741535.09,9819601.88],[741535.63,9819604.95],[741535.64,9819610.07],[741532.82,9819635.34],[741532.13,9819644.85],[741531.78,9819654.04],[741532.25,9819669.16],[741532.14,9819692.66],[741531.68,9819698.7],[741530.39,9819703.25],[741529.24,9819708.4],[741521.45,9819729.23],[741520.61,9819732.11],[741520.23,9819734.77],[741519.91,9819737.86],[741520.23,9819740.72],[741521.45,9819743.26],[741523.31,9819745.85],[741525.38,9819748.16],[741527.54,9819750.17],[741529.91,9819751.4],[741532.75,9819751.82],[741535.8,9819752.14],[741539.05,9819752.19],[741543.44,9819752.03],[741573.94,9819748.94],[741578.19,9819748.84],[741619.06,9819748.99],[741628.1,9819748.12],[741632.96,9819747.21],[741638.52,9819745.94],[741643.28,9819744.42],[741649.64,9819742.14],[741658.55,9819738.7],[741682.92,9819727.67],[741689,9819724.62],[741694.14,9819722.56],[741698.32,9819721.51],[741701.76,9819721.21],[741705.11,9819721.37],[741707.95,9819721.8],[741711.02,9819722.8],[741713.3,9819723.7],[741716.32,9819725.17],[741719.2,9819727.1],[741721.68,9819729.07],[741723.89,9819731.05],[741726.86,9819734.62],[741729.83,9819739.09],[741733,9819744.83],[741735.99,9819751.69],[741740.43,9819764.31],[741750.49,9819802.3],[741752.26,9819807.11],[741754.42,9819811.11],[741757.17,9819814.69],[741760.16,9819817.41],[741763.5,9819819.47],[741767.48,9819821.15],[741771.58,9819822.21],[741776.9,9819823.42],[741782.59,9819823.89],[741804.88,9819824.8],[741809.12,9819825.61],[741812.71,9819826.55],[741815.27,9819827.57],[741819.99,9819830.06],[741822.86,9819831.89],[741825.6,9819834.17],[741828.5,9819836.83],[741832.45,9819840.92],[741857.12,9819868.79],[741860.38,9819872.93],[741863.08,9819876.85],[741866.33,9819883.08],[741867.65,9819886.39],[741869.08,9819890.12],[741876.93,9819912.11],[741879.14,9819916.14],[741881.5,9819919.73],[741884.17,9819923.25],[741887.27,9819926.44],[741891.2,9819929.81],[741917.8,9819949.78],[741924.18,9819954.3],[741929.16,9819957.26],[741932.43,9819958.68],[741936.81,9819960.02],[741952.61,9819964.14],[741957.13,9819965.54],[741961.32,9819967.45],[741965.12,9819969.83],[741969.32,9819973.87],[741999.28,9820004.82],[742004.28,9820008.48],[742009.09,9820011.62],[742012.99,9820013.62],[742017.43,9820015.57],[742021.76,9820016.95],[742026.3,9820018.27],[742030.81,9820019.78],[742035.87,9820021.64],[742040.8,9820024.28],[742045.88,9820026.75],[742051.66,9820031.18],[742080.2,9820055.12],[742106.13,9820085.13],[742110.64,9820090.03],[742115.16,9820094.78],[742122.54,9820101.19],[742166.89,9820141.86],[742172.84,9820147.7],[742179.19,9820153.1],[742184.98,9820157.42],[742213.95,9820183.31],[742224.15,9820194.73],[742227.9,9820197.58],[742232.5,9820200.42],[742236.78,9820201.99],[742239.97,9820202.98],[742252.68,9820204.7],[742261.61,9820205.17],[742269.4,9820204.94],[742277.2,9820204.16],[742285.3,9820202.88],[742289.85,9820203.17],[742294.67,9820204.39],[742299.53,9820206.58],[742305.52,9820210.04],[742323.6,9820223.22],[742346.98,9820244.12],[742381.72,9820271.27],[742416.37,9820303.78],[742437.12,9820324.04],[742462.56,9820345.65],[742466.15,9820349.21],[742469.29,9820352.84],[742474.76,9820359.82],[742486.84,9820379.29],[742504.41,9820404.61],[742514.34,9820421.79],[742519.4,9820431.19],[742530.16,9820456.02],[742534.54,9820463.81],[742542.04,9820475.99],[742551.65,9820489.31],[742564.72,9820505.94],[742573.15,9820517.68],[742582.81,9820536.16],[742590.67,9820547.65],[742604.34,9820565.92],[742621.59,9820584.6],[742623.99,9820587.67],[742626.04,9820590.78],[742629.59,9820596.67],[742632.71,9820602.19],[742634.57,9820607.48],[742636.14,9820615.58],[742638.34,9820628.23],[742639.92,9820632.4],[742641.99,9820636.31],[742645.45,9820642.07],[742655.24,9820655.56],[742669.29,9820672.77],[742672.65,9820675.8],[742676.39,9820679.04],[742680.27,9820682.12],[742684.78,9820685.03],[742689.03,9820687.5],[742693.78,9820689.6],[742697.52,9820691.1],[742754.07,9820708.13],[742759.1,9820709.41],[742765.23,9820710.48],[742774.21,9820711.17],[742779.37,9820711],[742784.14,9820710.39],[742788.67,9820709.38],[742793.83,9820707.49],[742802.53,9820702.52],[742815.35,9820693.54],[742838.12,9820676.41],[742855.16,9820666.36],[742867.21,9820661.26],[742871.25,9820660.16],[742876.23,9820659.24],[742881.83,9820658.66],[742887.29,9820659.39],[742893.42,9820660.41],[742904.91,9820664.14],[742912.2,9820666.65],[742928.06,9820673.26],[742936.49,9820676.37],[742942.15,9820677.96],[742947.79,9820679.42],[742958.89,9820681.87],[742965.83,9820682.78],[742971.15,9820682.69],[742975.77,9820682.24],[742980.42,9820681.23],[742984.83,9820679.77],[742990.47,9820677.43],[743000.33,9820672.41],[743004.89,9820670.78],[743009.3,9820669.41],[743013.13,9820669.07],[743016.54,9820669.03],[743020.01,9820669.84],[743023.74,9820670.99],[743027.03,9820672.48],[743030.41,9820674.31],[743040.84,9820681.42],[743050.08,9820687.23],[743056.69,9820690.64],[743062.69,9820693.42],[743100.2,9820711.24],[743106.22,9820715.68],[743113.56,9820722],[743117.84,9820726.46],[743132.83,9820742.57],[743136.61,9820746.33],[743143.41,9820752.33],[743148.08,9820755.63],[743153.8,9820759.48],[743161.95,9820764.51],[743193.11,9820785.38],[743201.13,9820789.98],[743205.69,9820792.36],[743210.78,9820794.41],[743215.24,9820795.89],[743220.28,9820796.79],[743225.31,9820797.56],[743228.84,9820797.92],[743246.83,9820800.31],[743251.54,9820801.74],[743255.97,9820803.22],[743259.61,9820804.8],[743272.09,9820813.44],[743306.95,9820839.24],[743311.48,9820843.22],[743318.23,9820847.47],[743321.77,9820849.24],[743364.51,9820876.45],[743373.97,9820883.41],[743380.71,9820887.46],[743385.26,9820889.35],[743388.8,9820890.31],[743395.04,9820891.62],[743404.38,9820892.93],[743429.61,9820896.07],[743435.5,9820898.04],[743440.41,9820899.83],[743451.02,9820904.51],[743473.01,9820917.45],[743481.48,9820923.4],[743488.4,9820929.53],[743493.17,9820935.64],[743499.69,9820946.09],[743504.95,9820955.74],[743508.37,9820962.68],[743511.24,9820967.02],[743514.85,9820971.51],[743517.88,9820974.86],[743521.85,9820978.77],[743526.14,9820982.11],[743530.62,9820985],[743537.53,9820988.71],[743573.45,9821007.03],[743579.46,9821010.87],[743582.52,9821013.43],[743584.75,9821015.94],[743586.59,9821018.64],[743587.52,9821021.72],[743587.86,9821025.22],[743587.58,9821028.02],[743586.83,9821031.07],[743585.98,9821033.19],[743584.64,9821035.49],[743583.24,9821037.63],[743581.53,9821039.57],[743578.11,9821042.16],[743570.68,9821047.33],[743557.31,9821055.47],[743552.46,9821058.75],[743546.07,9821063.86],[743535.39,9821073.2],[743518.02,9821086.95],[743511.84,9821090.72],[743507.08,9821093.35],[743501.58,9821095.34],[743497.32,9821096.59],[743488.6,9821098.84],[743459.95,9821105.57],[743453.95,9821108],[743452.33,9821109.09],[743451.14,9821110.22],[743449.81,9821111.97],[743449,9821113.77],[743448.53,9821115.98],[743448.44,9821117.8],[743448.93,9821120.05],[743454.92,9821134.35],[743456.42,9821136.86],[743458.67,9821139.64],[743463.09,9821144.23],[743484.65,9821161.57],[743490.43,9821166.85],[743495.67,9821172.56],[743499.27,9821177.77],[743503.52,9821184.32],[743506.8,9821188.95],[743510.73,9821193.53],[743513.34,9821195.28],[743515.71,9821195.81],[743519.5,9821195.42],[743521.24,9821195.01],[743525.93,9821193.16],[743544.24,9821184.97],[743551.56,9821182.46],[743557.93,9821180.7],[743564.91,9821179.58],[743625.6,9821174.3],[743681.62,9821169.59],[743690.21,9821169.32],[743698.77,9821169.29],[743716.8,9821170.56],[743732.32,9821172.91],[743853.32,9821193.73],[743857.9,9821194.39],[743861.43,9821194.63],[743866.46,9821194.71],[743872.63,9821194.67],[743878.66,9821194.04],[743883.93,9821193.12],[743891.28,9821191.17],[743898.01,9821189.27],[743922.56,9821180.78],[743927.63,9821178.85],[743941.5,9821172.21],[743944.69,9821170.55],[743950.58,9821167.3],[743957.87,9821162.43],[743993.87,9821136.13],[744000.33,9821132.55],[744005.46,9821130.56],[744009.53,9821129.37],[744013.76,9821128.47],[744020.16,9821127.54],[744028.18,9821127.21],[744034.64,9821128.34],[744042.59,9821129.99],[744056.68,9821134.14],[744060.94,9821135.06],[744065.32,9821135.21],[744069.74,9821134.85],[744074.58,9821134.03],[744079.42,9821132.58],[744084.22,9821130.67],[744088.69,9821128.27],[744093.16,9821125.07],[744097.75,9821120.89],[744101.91,9821116.02],[744105,9821111.57],[744106.9,9821107.81],[744110.21,9821099.14],[744122.51,9821067.92],[744125.69,9821061.66],[744129.26,9821056.57],[744133.29,9821051.87],[744137.36,9821047.96],[744141.93,9821044.2],[744146.49,9821041.54],[744153.08,9821038.59],[744159.98,9821036.28],[744221.72,9821021.69],[744229.77,9821020.03],[744235.44,9821019.51],[744241.25,9821019.2],[744359.67,9821023.49],[744392.48,9821024.09],[744398.61,9821024.08],[744404.38,9821023.97],[744411.02,9821023.58],[744418,9821022.73],[744425.51,9821021.51],[744438.9,9821018.63],[744448,9821015.63],[744457.55,9821012.23],[744468.23,9821007.44],[744513.77,9820984.06],[744519.64,9820981.26],[744524.03,9820979.77],[744528.85,9820978.87],[744533.45,9820978.65],[744537.78,9820979.15],[744541.95,9820980.37],[744546.16,9820982.26],[744550.08,9820985.04],[744554.21,9820988.41],[744579.94,9821011.49],[744584.21,9821014.71],[744588.38,9821017.48],[744594.03,9821020.78],[744599.78,9821023.75],[744606.5,9821026.84],[744614.14,9821029.56],[744620.21,9821031.41],[744626.7,9821033.01],[744633.28,9821034.14],[744638.56,9821034.79],[744645.57,9821035.27],[744714.33,9821036.25],[744743.59,9821036.42],[744764.19,9821036.06],[744831.56,9821033.87],[744880.3,9821031.77],[744909.89,9821030.1],[744920.55,9821029.15],[744933.6,9821027.4],[744941.24,9821025.99],[744951.98,9821023.69],[744996.02,9821012.44],[745012.81,9821008.28],[745023.42,9821005.01],[745032.83,9821001.78],[745065.67,9820989.57],[745091.22,9820979.93],[745094.47,9820978.81],[745097.38,9820977.19],[745100.43,9820974.99],[745137.3,9820942.84],[745163.91,9820918.78],[745197.5,9820886.71],[745219.32,9820867.12],[745226.36,9820861.84],[745232.91,9820857.57],[745262.64,9820838.53],[745300.83,9820814.96],[745332.54,9820795.83],[745339.82,9820792.04],[745352.3,9820785.95],[745380.08,9820773.88],[745414.32,9820758.52],[745418.96,9820756.4],[745433.4,9820749.51],[745478.91,9820727.48],[745487.48,9820722.81],[745496.02,9820718.31],[745507.48,9820711.74],[745523.05,9820702.57],[745545.85,9820687.99],[745599.84,9820651.77],[745628.36,9820633.08],[745650.65,9820617.67],[745667.64,9820604.82],[745673.57,9820600.08],[745687.27,9820588.83],[745742.51,9820542.11],[745784.36,9820504.14],[745834.06,9820456.97],[745882.8,9820411.12],[745900.19,9820395.26],[745905.98,9820390.2],[745913.16,9820384.15],[745914.34,9820383.61],[745921.42,9820373.58],[745933.85,9820357.73],[745946.79,9820340.39],[745964.37,9820311.93],[745997.11,9820248.54],[746105.28,9820070.73],[746268.83,9819831.89],[746338.21,9819722.93],[746362.23,9819679.05],[746383.92,9819648.98],[746413.56,9819617.55],[746442.83,9819590.79],[746523.05,9819520.85],[746613.34,9819420.4],[746699.82,9819325.95],[746750.06,9819283.14],[746867.41,9819191.2],[747007.08,9819086.73],[747128.65,9819004.12],[747175.26,9818977.19],[747235.76,9818954.93],[747294.76,9818938.24],[747371.89,9818921.02],[747582.72,9818888.56],[747708.66,9818864.63],[747797.41,9818853.04],[747875.23,9818847.95],[747954.08,9818847.01],[748030.97,9818854.21],[748393.69,9818900.58],[748402.33,9818901.59],[748410.45,9818901.73],[748418.13,9818899.76],[748426.86,9818895.74],[748436.16,9818888.88],[748445.85,9818878.37],[748469.06,9818846.94],[748515.32,9818781],[748558.57,9818721.52],[748591.56,9818679.16],[748624.32,9818637.84],[748673.44,9818577.78],[748685.62,9818564.27],[748698.78,9818550.79],[748711.06,9818539.66],[748729.29,9818525.34],[748749.73,9818512.52],[748779.95,9818497.7],[748810.95,9818486.38],[748881.72,9818467.13],[748937.29,9818452.34],[748943.3,9818450.65],[748950.01,9818448.95]]]}},{"type":"Feature","properties":{"NOMBRE":"RIOBAMBA-ALAUSI-GUASUNTOS"},"geometry":{"type":"MultiLineString","coordinates":[[[756447.09,9816817.75],[756408.5,9816832.48],[756321.5,9816861.39],[756144.39,9816922.72],[755787.33,9817046.89],[755720.58,9817069.99],[755679.63,9817084.66],[755647.86,9817097.05],[755625.93,9817111.09],[755610.95,9817123.34],[755583.7,9817146.12],[755565.99,9817162.77],[755524.55,9817208.03],[755418.91,9817333.44],[755405.35,9817349.41],[755391.51,9817364.23],[755375.25,9817378.47],[755359.1,9817390.41],[755348.23,9817398.08],[755330.67,9817407.45],[755314.63,9817414.38],[755297.5,9817419.88],[755280.34,9817424.3],[755261.51,9817426.98],[755252.17,9817427.91],[755230.84,9817427.97],[755215.72,9817426.65],[755197.37,9817423.25],[755179.03,9817418.98],[755155.13,9817408.84],[755139.3,9817399.09],[755115.25,9817383.4],[755094.67,9817364.89],[755077.69,9817346.55],[755063.68,9817330.43],[755043.07,9817305.35],[755025.17,9817284.08],[755007.09,9817262.98],[754990.4,9817246.54],[754973.4,9817230.58],[754950.42,9817212.36],[754933.86,9817199.77],[754915.29,9817188.63],[754893.08,9817177.48],[754872.18,9817169.48],[754851.8,9817163.83],[754829.68,9817158.57],[754800.67,9817152.65],[754681.88,9817135.13],[754664.81,9817133.71],[754650.52,9817133.22],[754633.38,9817133.84],[754608.6,9817135.38],[754571.43,9817138.57],[754547.59,9817140.5],[754277.29,9817164.71],[754257.75,9817166.4],[754233.55,9817168.25],[754215.16,9817169.16],[754197.3,9817169.07],[754186.06,9817168.77],[754173.74,9817168.08],[754157.2,9817166.48],[754137.89,9817163.73],[754084.26,9817154.33],[754066.53,9817151.02],[753993.74,9817137.01],[753939.38,9817129.34],[753932.65,9817128.78],[753925.69,9817128.53],[753912.84,9817129.25],[753905.94,9817129.94],[753897.67,9817130.92],[753889.32,9817132.15],[753874.84,9817135.21],[753868.47,9817137.14],[753862.72,9817139.14],[753858.01,9817140.91],[753850.31,9817144.44],[753845.4,9817146.92],[753835.53,9817153.41],[753822.35,9817163.62],[753816.69,9817168.23],[753811.56,9817172.68],[753743.96,9817240.44],[753736.89,9817247.13],[753720.01,9817262.07],[753713.64,9817267.24],[753703.07,9817275.27],[753696.83,9817279.15],[753690.92,9817282.53],[753685.73,9817284.94],[753679.52,9817287.55],[753673.09,9817290.15],[753657.96,9817294.49],[753642.4,9817297.44],[753629.54,9817299.15],[753614.25,9817299.95],[753597.09,9817299.88],[752935.4,9817274.16],[752922.03,9817274.27],[752898.27,9817274.27],[752887.12,9817274.72],[752872.74,9817276.15],[752857.56,9817278.06],[752842.94,9817280.48],[752829.64,9817282.77],[752228.68,9817405.21],[752171.68,9817416.63],[751455.7,9817562.46],[751415.39,9817571.27],[750953.57,9817664.73],[750692.49,9817717.89],[750678.47,9817720.13],[750665.92,9817721.7],[750648.7,9817723.3],[750628.62,9817723.11],[750610.21,9817721.04],[750587.9,9817715.96],[750567.96,9817708.96],[750550.7,9817701.25],[750533.3,9817692.17],[750516.08,9817682.62],[750499.68,9817673.31],[750103.58,9817445.93],[750041.68,9817409.97],[750031.49,9817403.55],[750014.49,9817392.25],[750000.41,9817381.22],[749986.97,9817367.58],[749978.69,9817356.3],[749970.91,9817340.91],[749965.16,9817326.48],[749959.24,9817309.7],[749884.28,9817057.3],[749872.63,9817017.59],[749869.17,9817003.45],[749865.15,9816978.14],[749864.14,9816962.65],[749865.17,9816944.28],[749867.7,9816928.06],[749870.83,9816914.46],[749875.99,9816898.34],[749881.01,9816886.03],[749889.24,9816869.2],[749930.19,9816787.21],[749935.71,9816775.41],[749939.99,9816764.27],[749943.79,9816753.89],[749948.41,9816737.72],[749950.87,9816720.68],[749951.46,9816702.24],[749950.29,9816691.45],[749947.63,9816674.96],[749944.54,9816664.77],[749938.08,9816649.3],[749931.29,9816637.33],[749922.36,9816623.77],[749914.19,9816613.72],[749892.81,9816594.3],[749879.67,9816586.2],[749862.73,9816578.41],[749849.28,9816574.09],[749832.85,9816570.55],[749810.92,9816568.13],[749771.32,9816567.16],[749734.77,9816567.37],[749725.44,9816566.86],[749716.49,9816565.42],[749702.21,9816561.91],[749693.91,9816559.03],[749683.56,9816555.16],[749675.07,9816551.02],[749665.94,9816545.93],[749652.7,9816535.92],[749641.28,9816525.02],[749633.4,9816515.5],[749626.38,9816505.1],[749618.39,9816492.17],[749611.93,9816478.01],[749608.93,9816465.98],[749606.06,9816449.87],[749605.57,9816430.24],[749606.57,9816411.2],[749607.92,9816401.57],[749628.51,9816314.55],[749636.36,9816282.73],[749642.11,9816260.22],[749646.43,9816243.98],[749658,9816201.7],[749689.24,9816093.5],[749693.59,9816074.55],[749697.15,9816056.4],[749699.42,9816034.65],[749699.24,9816009.03],[749695.08,9815983.15],[749686.11,9815954.63],[749675.57,9815931.62],[749654.48,9815899.3],[749596.59,9815829.18],[749585.71,9815814.39],[749576.68,9815800.98],[749567.92,9815786.23],[749560.09,9815771],[749551.43,9815749.05],[749545.33,9815729.6],[749540.87,9815710.37],[749537.63,9815688.66],[749536.78,9815670.23],[749537.31,9815655.24],[749539.14,9815636.53],[749542,9815617.85],[749553.99,9815558.8],[749558.5,9815533.88],[749561.69,9815514.15],[749564.4,9815489.58],[749564.24,9815468.41],[749562.02,9815443.55],[749557.39,9815418.31],[749392.47,9814597.9],[749386.75,9814571.02],[749383.01,9814550.64],[749377.46,9814523.92],[749343.19,9814351.99],[749338.88,9814330.97],[749334.2,9814310.83],[749326.23,9814280.28],[749321.61,9814263.58],[749312.04,9814232.73],[749304.53,9814210.97],[749296.72,9814190.26],[749162.53,9813859.76],[749154.6,9813837.01],[749019.85,9813494.2],[749007.14,9813462.03],[748996.57,9813436.14],[748986.07,9813409.32],[748977.36,9813389.6],[748970.83,9813376.23],[748963.71,9813363.44],[748953.24,9813347.33],[748945.6,9813336.77],[748938.39,9813327.92],[748908.71,9813294.63],[748791.5,9813161.18],[748780.04,9813150.78],[748765.32,9813139.5],[748750.68,9813129.77],[748737.73,9813122.7],[748725.93,9813117.15],[748712.78,9813112.96],[748685.24,9813106.26],[748659.8,9813103.86],[748639.49,9813103.91],[748627.82,9813104.9],[748604.53,9813109.47],[748592.14,9813112.91],[748452.59,9813160.84],[748432.82,9813167.16],[748422.8,9813170.18],[748403.48,9813173.7],[748377.09,9813175.6],[748353.34,9813174.39],[748338.85,9813172.09],[748327.07,9813169.3],[748313.3,9813165.43],[748303.74,9813162.13],[748291.62,9813156.69],[748281.27,9813150.84],[748271.98,9813144.9],[748260.85,9813137.49],[748249.07,9813128.94],[748236.67,9813119.69],[747999.97,9812929.26],[747981.78,9812912.55],[747969.81,9812898.93],[747959.89,9812883.51],[747949.05,9812860.57],[747945.81,9812849.9],[747926.98,9812793.68],[747889.4,9812671.01],[747882.33,9812644.28],[747878.41,9812623.57],[747875.37,9812597.68],[747874.27,9812573.75],[747873.88,9812546.77],[747872.93,9812126.34],[747874.3,9812100.31],[747879.18,9812063.29],[747884.86,9812041.73],[747896.41,9812014.94],[747919.61,9811979.22],[747948.98,9811940.11],[747976.36,9811900.22],[748026.71,9811816.92],[748064.34,9811756.26],[748073.51,9811739.67],[748115.61,9811668.77],[748121.39,9811658.66],[748141.41,9811625.94],[748161.47,9811591.8],[748213.89,9811504.28],[748218.7,9811493.89],[748222.47,9811485.12],[748225.22,9811477.24],[748227.43,9811472.59],[748228.27,9811466.02],[748232.24,9811438.75],[748237.03,9811396.48],[748240.39,9811355.01],[748243.69,9811299.38],[748246.43,9811244.95],[748248.69,9811207.04],[748261.06,9810982.98],[748264.45,9810932.96],[748267.21,9810895.65],[748284.52,9810699.07],[748285.56,9810687.88],[748287.77,9810667.67],[748289.22,9810655.7],[748294.53,9810609.98],[748298.23,9810589.5],[748302.92,9810545.4],[748307.32,9810505.55],[748313.33,9810437.32],[748320.92,9810368.78],[748330.86,9810277.13],[748334.56,9810243.92],[748337.52,9810219.27],[748340.69,9810200.52],[748345.24,9810179.87],[748350.78,9810162.45],[748354.43,9810153.37],[748368.88,9810125.38],[748384.02,9810102.4],[748401.12,9810081.55],[748419.87,9810062.51],[748451.91,9810031.48],[748663.3,9809828.66],[748683.11,9809810.18],[748702.33,9809791.33],[748719.29,9809773.87],[748734.2,9809756.55],[748742.98,9809745.16],[748749.78,9809735.55],[748760.77,9809715.33],[748770.18,9809694.77],[748803.21,9809612.31],[748812.36,9809589.91],[748822.28,9809568.3],[748832.79,9809547.7],[748841.78,9809532.27],[748851.4,9809518.4],[748864.02,9809501.45],[748900.54,9809454.84],[748911.17,9809440.25],[748921.46,9809423.74],[748929.13,9809407.75],[748935.01,9809390.91],[748938.11,9809379.62],[748939.78,9809372.15],[748941.41,9809361.29],[748948.33,9809310.33],[749082.22,9807996.53],[749088.71,9807942.6],[749092.46,9807915.8],[749094.91,9807894.95],[749119.51,9807711.73],[749122.63,9807689.92],[749125.04,9807671.9],[749127.31,9807651.2],[749137.62,9807559.74],[749141.26,9807528.54],[749264.37,9806377.59],[749267.38,9806352.64],[749269.28,9806338.59],[749270.39,9806327.7],[749274.44,9806309.8],[749280.27,9806291.77],[749286.94,9806275.66],[749329.56,9806195.75],[749340.99,9806174.64],[749501.47,9805871.64],[749513.49,9805849.28],[749536.51,9805805.53],[749548.27,9805783.06],[749562.46,9805755.67],[749572.14,9805734.09],[749581,9805710.2],[749586.69,9805692.38],[749592.31,9805671.75],[749597.77,9805648.39],[749634.79,9805501.81],[749640.54,9805481.42],[749644.63,9805469.1],[749650.72,9805452.66],[749655.86,9805440.59],[749669.92,9805412.82],[749679.3,9805396.77],[749692.12,9805377.38],[749706.6,9805357.33],[749801.41,9805227.97],[749823.53,9805198.78],[749845.27,9805168.88],[749875.81,9805128.8],[749887.17,9805114.19],[749896.2,9805101.16],[749904.98,9805087.13],[749912.8,9805073],[749919.61,9805059.78],[749925.52,9805047.7],[749932.75,9805030.67],[749939.8,9805011.44],[749946.16,9804991.45],[749953.71,9804965.44],[749970.46,9804910.58],[749979.5,9804880.22],[749984.5,9804862.25],[749992.75,9804837.09],[749999.35,9804819.76],[750005.48,9804807.88],[750013.95,9804792.72],[750023.92,9804778.27],[750031.75,9804768.34],[750043.22,9804756.61],[750053.81,9804746.63],[750063.91,9804738.44],[750089.1,9804721.78],[750126.34,9804700.22],[750231.76,9804640.09],[750245.28,9804630.74],[750256.62,9804623.22],[750269.31,9804612.78],[750280.83,9804601.86],[750292.28,9804588.66],[750302.78,9804574.15],[750311.43,9804559.9],[750319.82,9804542.47],[750328.64,9804519.48],[750331.68,9804508.33],[750333.89,9804496.77],[750337.39,9804475.05],[750339.77,9804455.28],[750357.87,9804266.7],[750360.53,9804241.09],[750363.52,9804217.44],[750365.74,9804204.08],[750370.58,9804181.88],[750380.47,9804148.6],[750385.05,9804136.74],[750390.81,9804121.49],[750395.61,9804111.79],[750400.53,9804102.5],[750494.79,9803928.58],[750501.63,9803914.83],[750508.07,9803902.25],[750512.44,9803891.78],[750516.76,9803879.44],[750521.28,9803863.02],[750524.78,9803844.64],[750526.51,9803826.81],[750527.45,9803806.27],[750530.34,9803700.47],[750532.86,9803678.47],[750536.57,9803660.84],[750541.98,9803642.77],[750550.43,9803622.64],[750560.85,9803603.88],[750572.81,9803585.91],[750634.01,9803502.86],[750655.98,9803472.86],[750752.48,9803342.89],[750766.58,9803326.23],[750781.75,9803310.97],[750800.13,9803296.53],[750814.93,9803287.22],[750827.85,9803280.45],[750840,9803275.06],[750859.71,9803268.7],[750878.24,9803263.03],[750928.81,9803250.05],[750952.54,9803244.2],[750960.44,9803242.09],[750974.9,9803237.55],[750986.79,9803233.13],[750999.71,9803226.91],[751008.35,9803222.11],[751021.88,9803213.11],[751036.88,9803202.44],[751057.84,9803186.7],[751300.71,9802990.66],[751317.35,9802977.55],[751326.8,9802968.58],[751336.08,9802959.27],[751345.91,9802947.53],[751355.68,9802934.44],[751363.31,9802921.72],[751371.74,9802903.42],[751378.99,9802884.27],[751384.48,9802865.44],[751389.23,9802839.67],[751407.16,9802723.63],[751412.36,9802704.61],[751419.41,9802686.56],[751430.94,9802664.41],[751440.69,9802649.53],[751449.98,9802638.23],[751461.33,9802626.13],[751530.09,9802562.47],[751544.19,9802549.84],[751554.93,9802538.64],[751561.32,9802532.11],[751569.98,9802522.33],[751576.72,9802513.11],[751583.1,9802503.56],[751597.28,9802476.64],[751602.84,9802459.22],[751609.77,9802435.94],[751613.59,9802410.09],[751618.55,9802349.94],[751621.71,9802301.95],[751624.19,9802280.55],[751626.1,9802265.23],[751630.05,9802246.96],[751634.75,9802230.98],[751643.95,9802209.55],[751653.01,9802193.67],[751667.13,9802171.31],[751702.46,9802123.3],[751711.73,9802111.19],[751725.27,9802091.84],[751735.27,9802077.27],[751743.39,9802062.41],[751751.5,9802045.38],[751756.6,9802031.83],[751761.06,9802016.23],[751764.34,9801999.59],[751766.65,9801980.55],[751766.83,9801961.41],[751765.01,9801941.59],[751762.92,9801926.61],[751755.67,9801899.22],[751750.01,9801883.95],[751711.97,9801783.67],[751705.11,9801764.17],[751700.33,9801751.05],[751695.37,9801733.97],[751687.03,9801700.47],[751681.04,9801666.83],[751678.26,9801649.33],[751675.58,9801623.66],[751674.86,9801608.81],[751674.29,9801594.83],[751674.07,9801577.57],[751674.4,9801563.46],[751674.87,9801547.61],[751675.58,9801530.6],[751680.36,9801394.41],[751681,9801367.41],[751681.23,9801342.22],[751679,9801310.09],[751675.09,9801283.6],[751670.09,9801258.96],[751662.98,9801234.23],[751654.36,9801209.1],[751645.82,9801188.4],[751635.22,9801167.18],[751622.88,9801144.98],[751582.33,9801078.2],[751459.15,9800876.61],[751426.28,9800822.08],[751412.45,9800798.08],[751404.01,9800783.01],[751396.79,9800766.36],[751389.01,9800746.13],[751381.91,9800724.71],[751375.56,9800701.91],[751370.4,9800677.89],[751366.84,9800654.42],[751364.42,9800623.48],[751364.53,9800594.4],[751366.02,9800572.12],[751368.01,9800549.08],[751402.56,9800232.07],[751407.53,9800184.39],[751412.2,9800147.29],[751414.97,9800132.27],[751419.01,9800116.68],[751426.72,9800093.24],[751436.27,9800071.91],[751446.57,9800053.83],[751459.3,9800035.23],[751471.9,9800019.3],[751499.79,9799985.73],[751548.04,9799928.44],[751568.5,9799900.5],[751580.24,9799882.41],[751587.42,9799868.84],[751592.32,9799858.13],[751599.64,9799841.55],[751609.16,9799812.55],[751614.64,9799791.1],[751619.21,9799754.6],[751619.71,9799730.3],[751618.46,9799705.89],[751613.01,9799668.93],[751604.81,9799636.04],[751577.48,9799523.17],[751571.41,9799499.21],[751568.66,9799471.39],[751569.01,9799437.66],[751572.75,9799412.53],[751581.63,9799384.41],[751593.88,9799359.01],[751608.98,9799337.02],[751634.34,9799306.88],[751690.76,9799246.3],[751705.87,9799229.42],[751724.56,9799203.94],[751736.66,9799180.12],[751747.21,9799151.13],[751752.18,9799127.12],[751754.14,9799105.63],[751753.45,9799081.54],[751751.91,9799064.43],[751748.22,9799038.38],[751731.61,9798924.97],[751727.14,9798892.33],[751725.15,9798866.2],[751724.69,9798847.49],[751725.12,9798823.09],[751726.69,9798799.5],[751731.47,9798762.61],[751741.33,9798696.67],[751747.34,9798657.35],[751752.88,9798628.98],[751759.48,9798607.22],[751769.43,9798584.66],[751782.15,9798561.07],[751827.68,9798479.61],[751836.68,9798460.59],[751843.18,9798443.19],[751846.35,9798431.44],[751849.53,9798416.31],[751851.64,9798400.24],[751852.62,9798382.29],[751852.97,9798357.59],[751854.49,9798138.51],[751854.23,9798111.52],[751852.89,9798090.06],[751850.28,9798072.4],[751847.28,9798058.57],[751843.94,9798044.3],[751836.22,9798023.48],[751810.61,9797963.13],[751796.19,9797928.79],[751786.34,9797906.56],[751771.95,9797869.84],[751760.53,9797835.53],[751703.29,9797643.12],[751697.2,9797620.02],[751692.79,9797601.56],[751690.33,9797585.53],[751688.62,9797570.67],[751686.84,9797548.65],[751686.64,9797504.22],[751689,9797443.67],[751688.43,9797420.71],[751687.16,9797394.13],[751680.59,9797345.2],[751637.18,9797124.59],[751631.48,9797094.7],[751629.13,9797080.65],[751627.07,9797064.73],[751625.29,9797048.44],[751624.55,9797022.15],[751625.13,9797000.98],[751626.83,9796978.94],[751630.35,9796955.96],[751634.08,9796938.02],[751638.12,9796921.46],[751643.64,9796903.28],[751651.56,9796881.96],[751658.57,9796866.05],[751664.38,9796853.92],[751671.69,9796839.27],[751680.61,9796823.98],[751694.62,9796802.76],[751708.48,9796783.88],[751771.15,9796718.19],[751783.46,9796705.12],[751790.89,9796696.66],[751797.71,9796687.72],[751811.91,9796666.14],[751818.14,9796654.48],[751823.58,9796641.87],[751827.87,9796628.13],[751832.13,9796613.35],[751850.87,9796507.71],[751855.62,9796486],[751865.84,9796450.18],[751870.35,9796435.46],[751876.85,9796415.63],[751883.54,9796393.73],[751889,9796371.28],[751891.77,9796348.34],[751892.72,9796326.25],[751891.51,9796299.2],[751885.77,9796221.19],[751885.05,9796204.02],[751884.82,9796188.26],[751886.44,9796173.04],[751889.54,9796155.41],[751893.68,9796140.35],[751898.19,9796127.28],[751905.63,9796110.73],[751915.53,9796093.92],[751926.53,9796078.52],[751938.72,9796064.16],[751953.61,9796049.95],[752023.93,9795990.59],[752035.59,9795980.37],[752046.9,9795970.27],[752060.39,9795956.99],[752083.16,9795932.13],[752096.35,9795915.95],[752114.07,9795891.75],[752127.62,9795871.16],[752134.37,9795858.79],[752142.13,9795845],[752152.07,9795824.54],[752163.62,9795798.49],[752171.56,9795776.74],[752180.1,9795751.01],[752191.47,9795714.23],[752214.92,9795635.62],[752224.27,9795596.66],[752228.98,9795564.31],[752231.41,9795533.92],[752232.97,9795509.91],[752231.51,9795479.94],[752228.95,9795450.08],[752224.8,9795422.65],[752218.02,9795392.17],[752208.19,9795354.07],[752187.98,9795290.42],[752180.49,9795263.51],[752177.99,9795249.27],[752176.67,9795236.73],[752176.5,9795220.73],[752177.23,9795206.88],[752181.23,9795181.97],[752188.14,9795158.17],[752197.33,9795136.4],[752348.01,9794841],[752357.63,9794820.59],[752367.12,9794800.03],[752376.55,9794778.67],[752393,9794740.42],[752402.26,9794718.24],[752410.53,9794697.57],[752417.38,9794678.66],[752422.02,9794666.34],[752430.45,9794642.37],[752437.45,9794622.14],[752445.47,9794598.41],[752507.73,9794399.32],[752514.29,9794378.77],[752522.84,9794350.89],[752530.38,9794327.83],[752537.6,9794306.83],[752545.12,9794287.17],[752553.04,9794267.89],[752562.67,9794245.08],[752573.47,9794222.48],[752585.93,9794197.61],[752775.79,9793829.08],[752792.13,9793796.1],[752799.88,9793778.63],[752806.74,9793761.33],[752814.99,9793734.88],[752820.91,9793712.41],[752825.14,9793689.38],[752827.97,9793668.65],[752830.06,9793646.27],[752831.29,9793623.02],[752840.03,9793426.21],[752841.18,9793402.23],[752842.68,9793380.04],[752844.91,9793355.99],[752847.81,9793336.76],[752852.3,9793312.8],[752857.45,9793292.12],[752864.4,9793266.84],[752871.2,9793246.9],[752878.17,9793226.12],[752892.93,9793184.49],[752903.29,9793156.4],[752911.85,9793128.3],[752921.61,9793095.16],[752929.1,9793066.77],[752934.98,9793040.66],[752940.93,9793011.55],[752945.62,9792986.85],[752950.38,9792961.07],[752956.2,9792926.74],[752960.66,9792903.94],[752974.65,9792826.55],[752979.18,9792802.95],[752983.28,9792783.69],[752987.95,9792767.18],[752993.05,9792750.46],[752998.84,9792734.63],[753007.24,9792716],[753020.89,9792691.68],[753033.96,9792672.57],[753048.74,9792653.17],[753061.45,9792639.55],[753075.37,9792626.09],[753089.39,9792614.12],[753104.97,9792603.07],[753121.67,9792592.85],[753136,9792584.56],[753151.34,9792577.17],[753165.74,9792571.11],[753181.35,9792565.04],[753197.56,9792558.91],[753580.92,9792415.73],[753601.7,9792408.06],[753627.34,9792398.42],[753653.68,9792388.72],[753992.68,9792262.2],[754020.02,9792252.15],[754041.03,9792244.13],[754066.79,9792234.68],[754089.53,9792225.8],[754109.7,9792216.41],[754119.69,9792211.52],[754130.84,9792205.9],[754141.21,9792200.2],[754151.71,9792194.21],[754163.46,9792186.62],[754181.06,9792174.75],[754194.43,9792165.19],[754216.37,9792148.55],[754246.63,9792125.23],[754396.18,9792011.04],[754426.74,9791987.49],[754449.09,9791969.57],[754469.19,9791951.04],[754485.54,9791932.3],[754496.96,9791916.47],[754505.6,9791903.15],[754515.21,9791885.05],[754522.13,9791869.6],[754528.28,9791852.73],[754532.41,9791838.49],[754536.58,9791817.98],[754538.65,9791802.48],[754540.05,9791777.33],[754539.28,9791753.77],[754536.9,9791735.75],[754530.54,9791708.86],[754523.54,9791688.52],[754517.07,9791672.95],[754507.59,9791653.85],[754498.79,9791639.56],[754486.98,9791622.81],[754467.35,9791600.74],[754451.83,9791584.71],[754434.49,9791566.49],[754381.71,9791509.99],[754370.23,9791495.51],[754359.05,9791479.16],[754351.24,9791466.1],[754340.79,9791446.91],[754331.92,9791428.51],[754324.98,9791410.95],[754318.58,9791391.83],[754308.64,9791352.46],[754302.01,9791320.37],[754046.35,9790023.77],[754036.93,9789977.09],[754026.5,9789922.04],[754022.05,9789900.25],[754017.96,9789876.7],[754015.52,9789859.19],[754012.31,9789832.87],[754010.09,9789807.31],[754008.05,9789778.4],[754006.96,9789750.15],[754006.83,9789718.23],[754007.41,9789689.08],[754083.23,9787739.28],[754096.32,9787465.48],[754099.35,9787416.1],[754102.15,9787392.37],[754106.36,9787373.66],[754111.51,9787357.05],[754119.23,9787338.89],[754129.78,9787319.15],[754141.94,9787302.06],[754153.56,9787288.64],[754170.15,9787272.63],[754188.45,9787259.14],[754201.56,9787250.98],[754217.45,9787242.92],[754230.26,9787237.85],[754242.65,9787233.07],[754259.45,9787227.2],[754320,9787206.97],[754339.96,9787200.22],[754362.43,9787192.42],[754378.24,9787186.12],[754390.31,9787180.53],[754399.93,9787175.24],[754410.25,9787169.13],[754424.52,9787159.07],[754438.28,9787147.24],[754451.96,9787133.3],[754465.14,9787116.02],[754475.88,9787099.06],[754485.14,9787083.7],[754545.34,9786978.14],[754554.26,9786962.3],[754562.84,9786947.91],[754574.36,9786929.87],[754587.15,9786912.58],[754601.48,9786895.94],[754614.38,9786882.95],[754627.74,9786871.2],[754641.37,9786859.84],[754660.32,9786847.1],[754684.65,9786832.99],[754708.53,9786822.09],[754730.17,9786814.5],[754748.51,9786809.39],[754768.65,9786805.15],[754787.76,9786802.05],[754807.26,9786800.33],[754826.98,9786800.03],[754846.84,9786801.35],[754862.57,9786803.02],[754880.81,9786806.21],[754897.24,9786810.17],[754915.45,9786815.18],[754931.62,9786821.16],[754945.97,9786827.27],[754963.66,9786836.13],[754977.8,9786844.17],[754991.56,9786852.93],[755009.49,9786866.28],[755021.65,9786876.61],[755037.13,9786891.66],[755053.76,9786910.18],[755063.34,9786922.7],[755078.82,9786946.42],[755137,9787057.56],[755144.76,9787072.02],[755153.17,9787086.16],[755164.71,9787104.16],[755175.33,9787119.62],[755228.92,9787193.27],[755239.07,9787208.63],[755246.55,9787220.66],[755255.03,9787236.62],[755262.68,9787253.41],[755269.71,9787269.84],[755276.41,9787289.69],[755282.8,9787312.3],[755337.07,9787528.95],[755353.87,9787594.52],[755361.21,9787622.38],[755368.14,9787644.66],[755376.51,9787662.86],[755385.72,9787679.16],[755397.4,9787695.72],[755412.95,9787713.15],[755426.19,9787725.77],[755441.11,9787736.76],[755455.69,9787746.34],[755475.95,9787756.58],[755492.65,9787762.76],[755516.36,9787769.25],[755538.87,9787772.5],[755558.12,9787772.46],[755580.04,9787771.01],[755601.01,9787767.16],[755623.01,9787760.4],[755643.13,9787752.16],[755657.15,9787744.45],[755671.2,9787735.11],[755685.55,9787723.36],[755700.64,9787709.24],[755714.89,9787692.29],[755728.74,9787670.37],[755737.8,9787652.49],[755743.29,9787637.5],[755747.12,9787622.88],[755751.06,9787606.17],[755753.61,9787588.91],[755753.96,9787565.94],[755752.68,9787552.52],[755751.2,9787540.02],[755747.22,9787522.07],[755740.18,9787500.31],[755733.57,9787482.02],[755724.36,9787459.87],[755605.12,9787170.46],[755586.05,9787124.34],[755576.2,9787102.59],[755569.05,9787087.28],[755559.94,9787069.37],[755538.7,9787032.36],[755498.16,9786968.01],[755486,9786948.51],[755477.3,9786934.88],[755468.53,9786920.8],[755457.78,9786902.43],[755441.2,9786869.41],[755434.58,9786855.28],[755427.35,9786837.41],[755421.57,9786822.19],[755415.99,9786806.38],[755409.77,9786790.22],[755267.34,9786399],[755260.93,9786382.31],[755244.01,9786340.77],[755180.91,9786205.4],[755117.58,9786069.75],[755077.5,9785984.15],[755069.28,9785965.13],[755060.21,9785944.7],[755052.33,9785922.09],[755046.31,9785900.26],[755042.57,9785885.39],[755038.43,9785867.89],[755035.2,9785850.61],[755033.13,9785836.15],[755029.2,9785805.16],[755020.26,9785731.96],[755011.89,9785661.94],[755009.04,9785639.92],[755002.45,9785606.03],[755000.72,9785599.34],[754994.13,9785576.24],[754990.42,9785565.62],[754986.23,9785554.43],[754982,9785543.7],[754977.27,9785532.75],[754970.74,9785519.53],[754965.38,9785509.36],[754958.48,9785496.63],[754950,9785481.6],[754941.06,9785466.4],[754931.21,9785449.03],[754861.06,9785326.38],[754854.99,9785315.64],[754849.17,9785304.94],[754842.76,9785293.59],[754836.61,9785281.77],[754829.47,9785267.38],[754823.57,9785253.81],[754816.1,9785234.63],[754809.54,9785215.93],[754807.08,9785208.03],[754800.2,9785184.66],[754711.69,9784875.44],[754708.01,9784863.09],[754702.39,9784842.14],[754698.1,9784822.12],[754696.12,9784812.21],[754694.53,9784802.85],[754693.22,9784794.6],[754691.98,9784785.35],[754689.93,9784765.97],[754689.15,9784755.07],[754688.74,9784747.53],[754688.47,9784688.43],[754689.4,9784627.36],[754692.19,9784375.02],[754694.77,9784156.82],[754696.72,9784000.38],[754696.78,9783983.63],[754697.05,9783953.7],[754696.86,9783938.92],[754696.12,9783923.86],[754695.44,9783912.9],[754693.1,9783888.58],[754691.48,9783874.75],[754689.5,9783861.28],[754686.71,9783845.98],[754683.76,9783831.39],[754678.8,9783809.58],[754673.72,9783791.05],[754667.42,9783770.34],[754662.28,9783755.41],[754656.82,9783739.16],[754650.39,9783724.76],[754644.66,9783711.28],[754639.07,9783699.29],[754632.59,9783686.4],[754624.75,9783671.47],[754616.9,9783657.03],[754609.07,9783643.67],[754594.68,9783621.63],[754584.88,9783607.45],[754574.6,9783593.13],[754566.83,9783583.27],[754538.11,9783549.84],[754513.73,9783524.63],[754497.62,9783509.77],[754479.55,9783493.95],[754467.49,9783484.04],[754454.16,9783473.84],[754440.81,9783464.18],[754425.46,9783454.03],[754412.91,9783446.12],[754306.87,9783386.7],[754038.97,9783238.42],[754010.05,9783221.53],[753997.97,9783213.71],[753985.73,9783205.38],[753972.23,9783195.14],[753959.09,9783184.79],[753854.97,9783089.55],[753758.18,9782998.91],[753557.71,9782812.6],[753548.02,9782803.45],[753540.46,9782795.95],[753530.78,9782785.6],[753522.49,9782775.77],[753513.43,9782764.81],[753506.68,9782755.63],[753501.49,9782748.11],[753493.9,9782736.39],[753486.16,9782723.59],[753479.7,9782711.51],[753474.08,9782700.23],[753466.12,9782681.83],[753462.01,9782670.65],[753457.25,9782656.57],[753453.51,9782644.67],[753450.87,9782634.53],[753447.87,9782620.44],[753445.55,9782608.38],[753443.59,9782593.9],[753442.5,9782583.02],[753441.71,9782571.19],[753441.14,9782554.77],[753441.47,9782536.5],[753442.59,9782518.2],[753444.16,9782505.05],[753446.88,9782487.86],[753450.44,9782470.96],[753454.07,9782457.8],[753458.18,9782444.34],[753468.84,9782415.37],[753550.08,9782212.82],[753555.28,9782199.27],[753564.48,9782172.95],[753567.99,9782160.39],[753572.35,9782143.77],[753574.97,9782131.63],[753579.04,9782110.51],[753581.72,9782093.3],[753584.01,9782070.81],[753585.33,9782053.26],[753586.22,9782012.1],[753585.41,9781994.87],[753583.86,9781976.91],[753582.06,9781961.59],[753580.93,9781953.57],[753578.31,9781937.64],[753576.58,9781927.91],[753574.75,9781918.68],[753570.1,9781899.64],[753567.53,9781890.41],[753564.45,9781879.95],[753561.65,9781871.13],[753558.34,9781861.48],[753554.18,9781850.03],[753550.25,9781839.79],[753544.91,9781826.8],[753540.24,9781816.91],[753532.42,9781800.48],[753525.62,9781788.02],[753489.5,9781725.38],[753015.98,9780927.15],[752988.23,9780879.4],[752980.75,9780864.82],[752974.31,9780851.41],[752969.81,9780841.61],[752961.59,9780820.83],[752955.16,9780802.72],[752949.49,9780781.77],[752944.41,9780761.91],[752940.52,9780744.33],[752937.79,9780728.59],[752935.31,9780711.81],[752932.75,9780688.53],[752928.72,9780639.7],[752910.08,9780404.24],[752889.19,9780144.82],[752873.5,9779930.48],[752872.4,9779891.54],[752871.92,9779866.91],[752871.78,9779843.53],[752872.35,9779809.8],[752883.56,9779231.09],[752883.28,9779218.51],[752883.15,9779200.06],[752882.54,9779184.93],[752881.12,9779164.39],[752879.36,9779145.7],[752877.77,9779130.48],[752875.67,9779114.81],[752868.93,9779074.12],[752864.63,9779053.63],[752859.48,9779031.55],[752807.02,9778831.05],[752791.5,9778767.58],[752783.25,9778724.41],[752778.75,9778695.85],[752772.46,9778641.58],[752748.14,9778318.01],[752745.72,9778292.58],[752743.71,9778273.1],[752740.93,9778249.77],[752739.16,9778236.33],[752736.9,9778220.79],[752734.26,9778203.38],[752630.39,9777597.72],[752609.44,9777474.49],[752564.25,9777209.88],[752556.62,9777166.73],[752551.17,9777136.95],[752524.04,9777016],[752516.22,9776986.7],[752509.89,9776964.57],[752502.1,9776938.01],[752494.51,9776913.57],[752485.18,9776884.27],[752477.39,9776861.67],[752464.62,9776826.13],[752449.96,9776786.45],[752263.76,9776355.82],[752067.28,9775903.86],[752017.06,9775787.52],[752011.95,9775773.66],[751997.59,9775733.73],[751986.41,9775697.84],[751976.69,9775662.65],[751970.31,9775635.34],[751856.72,9775116.67],[751718.88,9774484.29],[751709.71,9774441.47],[751689.09,9774363.2],[751670.25,9774307.15],[751655.44,9774269.38],[751621.83,9774196.61],[751585.34,9774121.35],[751534.74,9774016.62],[751483.38,9773910.57],[751463.7,9773871.34],[751454.75,9773854.51],[751447.81,9773841.85],[751443.99,9773835.12],[751428.6,9773809.08],[751412.04,9773783.6],[751402.97,9773770.02],[751228.09,9773514.78],[751224.06,9773508.67],[751215.51,9773494.66],[751207.54,9773481.88],[751200.85,9773469.78],[751195.29,9773460.12],[751187.92,9773446.11],[751181.99,9773434.48],[751176.01,9773422.2],[751169.4,9773407.59],[751163.24,9773394.25],[751159.54,9773385.26],[751155.81,9773375.85],[751150.84,9773362.76],[751146.14,9773350.16],[751140.54,9773334.15],[751130.2,9773301.6],[751124.9,9773282.51],[751105.34,9773200.61],[751035.73,9772902.1],[751028.94,9772874.13],[751023.48,9772854.26],[751016.82,9772832.05],[751009.04,9772807.7],[751001.41,9772787.61],[750988.42,9772755.41],[750935.38,9772646.7],[750927.09,9772629.98],[750918.1,9772612.79],[750910.15,9772596.25],[750902.56,9772580.77],[750895,9772563.46],[750889.05,9772547.94],[750884.57,9772535.55],[750881.05,9772524.6],[750874.06,9772500.33],[750870.62,9772486.59],[750868.8,9772477.15],[750866.8,9772468.13],[750864.59,9772455.3],[750861.97,9772438.09],[750860.1,9772422.29],[750858.91,9772408.59],[750858.46,9772393.42],[750857.99,9772372.48],[750858.37,9772353.64],[750859.24,9772338.32],[750860.56,9772323.73],[750862.54,9772306.16],[750864.87,9772291.36],[750868.97,9772270.46],[750871.95,9772256.62],[750873.82,9772249.15],[750877.78,9772234.88],[750883.11,9772218.41],[750890.16,9772197.03],[750899.17,9772175.38],[750907.21,9772158.06],[750920.92,9772131.17],[750927.03,9772120.46],[750933.88,9772109.7],[750948.71,9772085.75],[750960.45,9772067.11],[751497.09,9771216.5],[751866.99,9770630.56],[751873.84,9770618.62],[751885.36,9770598.03],[751890.89,9770586.49],[751896.89,9770573.63],[751900.17,9770565.82],[751904.1,9770556.04],[751907.77,9770546.65],[751911.87,9770535.53],[751915.79,9770523.56],[751918.55,9770514.34],[751920.42,9770507.82],[751923.75,9770495.59],[751925.61,9770488.3],[751927.72,9770478.77],[751929.19,9770471.53],[751930.74,9770462.56],[751932.65,9770453.78],[751934.28,9770442.88],[751936.67,9770425.73],[751938.05,9770407.72],[751939.23,9770382.01],[751939.53,9770367.31],[751939.22,9770354.48],[751938.31,9770336.98],[751907.93,9770029.01],[751876.4,9769718.48],[751874.79,9769710.51],[751871.82,9769698.95],[751868.31,9769687.99],[751864.1,9769677.21],[751862.11,9769672.72],[751856.75,9769661.19],[751852.3,9769653.49],[751847.54,9769645.67],[751841.88,9769637.61],[751832.4,9769625.39],[751827.33,9769619.45],[751819.92,9769612.15],[751813.37,9769605.98],[751804.76,9769598.35],[751789.05,9769587.02],[751781.91,9769582.44],[751770.32,9769576.16],[751761.15,9769571.69],[751751.43,9769567.62],[751741.24,9769563.96],[751732.26,9769561.07],[751719.1,9769558.1],[751693.43,9769553.89],[751579.24,9769536.35],[751548.31,9769531.48],[751532.5,9769528.35],[751517.22,9769524.26],[751502.52,9769519.46],[751490.96,9769514.64],[751479.21,9769509.11],[751468.26,9769502.67],[751455.73,9769494.09],[751444.68,9769485.07],[751434.83,9769476.66],[751425.21,9769466.8],[751416.34,9769456.42],[751308.79,9769322.3],[751196.31,9769180.94],[751178.29,9769158.55],[751157.89,9769131.76],[751150.86,9769122.1],[751144.44,9769111.5],[751140.59,9769105.48],[751135.88,9769095.8],[751130.55,9769083.18],[751127.88,9769076.15],[751122.22,9769055.36],[751120.46,9769046.94],[751117.55,9769028.79],[751109.53,9768964.68],[751106.53,9768947.11],[751104.82,9768940.66],[751100.35,9768925.17],[751094.59,9768911.2],[751092.07,9768905.44],[751088.84,9768898.96],[751084.7,9768891.38],[751079.67,9768882.98],[751074.63,9768875.61],[751068.64,9768867.32],[751062.33,9768859.98],[751055.82,9768852.78],[751048.27,9768845.28],[751041.49,9768839.09],[751020.62,9768821.79],[750919.96,9768746.14],[750913.32,9768741],[750901.19,9768729.88],[750889.25,9768718.23],[750880.84,9768708.48],[750870.75,9768695.6],[750864.69,9768686.42],[750858.21,9768676.86],[750853.66,9768669.38],[750849.48,9768661.65],[750842.18,9768645.9],[750839,9768638.12],[750836.47,9768631.51],[750834.07,9768623.83],[750828.01,9768602.55],[750825.89,9768593.54],[750814.05,9768532.95],[750806.3,9768494.53],[750803.02,9768481.85],[750800.3,9768472.63],[750796.23,9768461.32],[750789.19,9768446.25],[750785.51,9768439.85],[750776.84,9768425.38],[750768.14,9768413.93],[750764.89,9768410.05],[750752.21,9768395.94],[750743.28,9768387.44],[750733.61,9768379.81],[750726.13,9768374.37],[750720.12,9768370.56],[750711.32,9768365.21],[750700.95,9768359.75],[750691.09,9768355.2],[750679.78,9768350.63],[750669.6,9768347.18],[750656.95,9768343.94],[750594.95,9768332.58],[750576.12,9768329.97],[750555.03,9768326.49],[750545.14,9768323.97],[750528.96,9768319.35],[750515.35,9768314.22],[750507.97,9768311.01],[750500.97,9768307.49],[750496.65,9768305.15],[750486.96,9768299.44],[750476.08,9768292.09],[750469.15,9768287.21],[750460.04,9768279.4],[750453.14,9768273.07],[750446.51,9768266.51],[750439.73,9768258.79],[750432.05,9768248.75],[750424.63,9768237.97],[750420.48,9768231.6],[750416.7,9768224.82],[750412.62,9768216.56],[750408.96,9768208.88],[750406.01,9768202.03],[750402.45,9768191.72],[750400.21,9768184.8],[750397.38,9768173.49],[750395.22,9768162.75],[750393.99,9768152.62],[750392.8,9768141.21],[750392.58,9768132.98],[750392.72,9768121.5],[750393.5,9768111.38],[750394.82,9768100.4],[750397.59,9768085.87],[750400.63,9768074.05],[750404.16,9768062.83],[750449.74,9767951.75],[750456.16,9767932.76],[750458.75,9767923.95],[750461.13,9767914.53],[750463.31,9767905.2],[750466.27,9767889.47],[750467.51,9767881.77],[750469.27,9767867.04],[750471.19,9767843.64],[750471.2,9767827.95],[750470.7,9767814.53],[750470.02,9767806.18],[750467.03,9767773.66],[750465.49,9767753.55],[750462.53,9767728.92],[750460.56,9767711.41],[750432.6,9767449.48],[750399.37,9767144.19],[750394.29,9767099.23],[750382.61,9767003.21],[750376.15,9766959.05],[750337.46,9766719.81],[750292.5,9766448.69],[750254.78,9766220.41],[750239.82,9766130.3],[750237.22,9766117.01],[750235.11,9766107.43],[750232.43,9766095.93],[750226.98,9766075.11],[750222.84,9766061.21],[750219.11,9766049.23],[750214.83,9766037.55],[750211.19,9766027.12],[750206.86,9766015.8],[750171.81,9765929.84],[750118.08,9765796.67],[750113.17,9765783.98],[750107.51,9765767.99],[750102.68,9765752.42],[750098.62,9765738.46],[750095.23,9765725.97],[750089.92,9765703.77],[750087.67,9765692.6],[750085.28,9765678.72],[750083.13,9765665.38],[750080.87,9765649.13],[750078.72,9765629.6],[750077.46,9765612.31],[750059.24,9765384.23],[750057.26,9765358.03],[750055.64,9765341.48],[750054.13,9765327.9],[750052.24,9765312.59],[750049.72,9765293.98],[750046.78,9765276.09],[750043.9,9765260.21],[750040.32,9765242.04],[750015.36,9765127.53],[749923.61,9764712.42],[749921.46,9764703.64],[749915.86,9764685.33],[749912.69,9764676.21],[749908.48,9764665.2],[749903.67,9764653.51],[749899.22,9764643.72],[749895.29,9764635.86],[749885.66,9764618.79],[749881.34,9764610.79],[749876.79,9764603.59],[749872.85,9764597.66],[749861.36,9764582.05],[749856.7,9764576.09],[749851.23,9764569.42],[749837.52,9764554.49],[749828.87,9764545.31],[749820.45,9764537.23],[749810.82,9764529.14],[749800.3,9764520.13],[749789.36,9764511.86],[749777.74,9764503.8],[749769.71,9764498.54],[749751.52,9764487.52],[749729.5,9764476.47],[749714.93,9764469.41],[749699.7,9764462.27],[749463.29,9764350.44],[749191.96,9764221.62],[749171.7,9764211.56],[749159.68,9764204.6],[749150.6,9764198.92],[749139.66,9764191.19],[749131.89,9764185.35],[749123.94,9764179.02],[749115.77,9764171.38],[749108.73,9764164.3],[749102.94,9764158.02],[749096.83,9764151.07],[749090.71,9764143.59],[749084.44,9764135.04],[749079.84,9764128.52],[749075.95,9764122.7],[749069.5,9764112.41],[749060.18,9764096.26],[748961.73,9763929.88],[748824.16,9763695.75],[748816.75,9763684.17],[748809.52,9763673.5],[748805.47,9763667.98],[748797.85,9763659.1],[748790.34,9763650.66],[748784.96,9763644.9],[748774.83,9763635.35],[748761.5,9763624.36],[748748.27,9763615.59],[748736.73,9763608.66],[748728.89,9763604.41],[748720.56,9763600.59],[748713.63,9763597.55],[748693.83,9763590.69],[748682.42,9763587.55],[748673.41,9763585.34],[748663.06,9763583.49],[748650.55,9763581.57],[748437.62,9763559.12],[748427.06,9763557.57],[748420.9,9763556.48],[748413.23,9763554.75],[748403.92,9763552.79],[748394.03,9763550.09],[748387.21,9763547.85],[748373.46,9763543.09],[748364.52,9763539.16],[748353.07,9763533.9],[748345.39,9763530.09],[748334.85,9763524.16],[748246.81,9763466.74],[748155.51,9763406.64],[748145.25,9763400.21],[748134.98,9763394.05],[748123.7,9763388],[748114,9763383.29],[748103.18,9763378.65],[748097.15,9763375.92],[748085.34,9763371.69],[748061.58,9763363.43],[747946.49,9763324.11],[747905.99,9763310.08],[747880,9763300.56],[747867.63,9763295.53],[747859.3,9763291.21],[747851.71,9763287.83],[747846.52,9763284.88],[747839.19,9763280.28],[747829.61,9763273.73],[747821.95,9763267.8],[747814.43,9763261.38],[747808.45,9763255.8],[747796.51,9763244.23],[747773.95,9763220.72],[747764.81,9763211.47],[747756.37,9763203.48],[747747.46,9763195.57],[747739.65,9763189.08],[747729.79,9763181.87],[747721.4,9763176.28],[747712.04,9763170.37],[747703.51,9763165.78],[747691.48,9763159.84],[747679.72,9763154.85],[747665.07,9763149.24],[747636.95,9763140.23],[747614.82,9763133.51],[747606.66,9763130.91],[747597,9763127.52],[747582.13,9763121.77],[747574.11,9763118.29],[747566.78,9763114.91],[747559.71,9763111.29],[747554.54,9763108.41],[747547.67,9763103.99],[747541.8,9763100.44],[747527.59,9763090.7],[747521.36,9763085.95],[747514.18,9763080.06],[747507.3,9763074.15],[747498.55,9763067.22],[747432.29,9763009.74],[747420.69,9762999.25],[747392.13,9762974.89],[747383.6,9762968.25],[747374.98,9762960.88],[747354.59,9762946.31],[747342.68,9762938.61],[747323.62,9762928.08],[747317.52,9762925],[747312.67,9762922.8],[747306.79,9762920.39],[747294.52,9762915.63],[747278.82,9762910.3],[747268.17,9762907.16],[747258.95,9762904.94],[747245.74,9762901.98],[747238.69,9762900.72],[747229.32,9762899.28],[747212.93,9762897.55],[747191.5,9762896.34],[747177.74,9762896.66],[747166.68,9762897.47],[747156.9,9762898.47],[747150.97,9762898.98],[747142.06,9762900.1],[747131.95,9762901.82],[747114.93,9762906.01],[747099.02,9762910.49],[747077.63,9762917.95],[747062.38,9762924.83],[747042.37,9762935.16],[747032.29,9762940.98],[747011.97,9762955.09],[747003.75,9762961.76],[746996.82,9762966.88],[746992.12,9762971.14],[746986.76,9762975.83],[746974.66,9762987.66],[746940.08,9763023.88],[746932.44,9763031.41],[746911.25,9763051.03],[746900.63,9763059.12],[746890.19,9763066.07],[746883.89,9763069.84],[746874.79,9763074.79],[746865.63,9763079.2],[746858.06,9763082.53],[746847.97,9763086.02],[746841.55,9763088.38],[746832.33,9763090.98],[746816.95,9763094.34],[746807.11,9763095.73],[746784.84,9763097.05],[746778.07,9763096.85],[746768.65,9763096.39],[746757.64,9763095.31],[746746.79,9763093.77],[746734,9763091.04],[746720.63,9763087.55],[746674.2,9763074.51],[746666.97,9763072.22],[746659.48,9763070.32],[746643.07,9763067.45],[746628.92,9763065.78],[746616.12,9763065.14],[746607.21,9763065.1],[746596.12,9763065.7],[746585.74,9763066.73],[746576.2,9763068.02],[746568.09,9763069.57],[746544.46,9763074.77],[746535.04,9763077.25],[746377.25,9763114.94],[746356.13,9763119.69],[746338.64,9763123.2],[746327.7,9763124.77],[746317.55,9763126.08],[746306.7,9763126.9],[746293.58,9763127.48],[746287.99,9763127.84],[746275.88,9763127.13],[746252.75,9763125.02],[746241.96,9763123.24],[746226.84,9763120.44],[746214.28,9763116.95],[746207.93,9763115.02],[746200.94,9763112.73],[746190.15,9763108.59],[746174.9,9763102.31],[746159.02,9763094.58],[746142.81,9763085.2],[745968.68,9762976.47],[745941.27,9762959.76],[745921.49,9762948.46],[745907.88,9762940.86],[745891.9,9762932.41],[745863.68,9762920.76],[745851.72,9762916.48],[745837.71,9762911.9],[745828.04,9762908.94],[745815.15,9762905.62],[745800.89,9762902.06],[745790.32,9762899.75],[745759,9762894.63],[745747.72,9762893.66],[745739.61,9762892.68],[745731.83,9762891.99],[745714,9762891.08],[745705.45,9762890.96],[745694.2,9762891.25],[745671.83,9762892.18],[745660.42,9762893.02],[745649.31,9762894.13],[745636.11,9762895.88],[745626.43,9762897.28],[745596.17,9762904.03],[745588.85,9762906.01],[745581.23,9762907.9],[745573.47,9762910.15],[745418.57,9762965.79],[745317.31,9763003.33],[744990.99,9763124.03],[744983.07,9763126.74],[744976.71,9763129.09],[744969.04,9763131.18],[744962.05,9763133.26],[744953.13,9763135.09],[744945.09,9763136.86],[744938.35,9763137.93],[744929.79,9763138.88],[744922.71,9763139.38],[744909.31,9763139.76],[744898.26,9763139.38],[744885.21,9763137.88],[744874.17,9763135.91],[744863.21,9763133.74],[744852.53,9763130.63],[744843.99,9763127.8],[744836.38,9763124.86],[744828.48,9763121.66],[744819.1,9763116.99],[744810.13,9763112],[744801.51,9763106.55],[744794.99,9763101.94],[744789.19,9763097.51],[744781.2,9763090.85],[744775.11,9763085.55],[744770.08,9763080.91],[744764.54,9763075.14],[744758.57,9763068.27],[744752.02,9763059.91],[744745.68,9763051.21],[744739.77,9763042.13],[744719.63,9763003.61],[744715.36,9762994.84],[744710.7,9762986.01],[744703.93,9762972.81],[744699.8,9762965.29],[744694.36,9762956.16],[744688.76,9762948.29],[744683.57,9762941.34],[744677.13,9762933.66],[744670.56,9762926.49],[744663.01,9762919.16],[744657.23,9762914.12],[744644.74,9762903.43],[744407.49,9762719.98],[744385.76,9762701.68],[744378.94,9762695.02],[744374.48,9762690.52],[744370.39,9762685.35],[744364.21,9762677.14],[744360.3,9762671.22],[744351.13,9762652.73],[744346.16,9762638.67],[744343.48,9762626.86],[744341.84,9762612.21],[744341.78,9762597.73],[744342.44,9762588.2],[744345.28,9762572.66],[744350.38,9762556.59],[744356.24,9762543.87],[744362.92,9762531.42],[744456.58,9762374.76],[744473.72,9762345.54],[744480.22,9762333.03],[744484.86,9762322.44],[744494.94,9762297.08],[744535.28,9762191.11],[744545,9762170.12],[744549.47,9762161.59],[744553.84,9762153.54],[744560.38,9762142.8],[744566.24,9762134.26],[744571.17,9762127.9],[744577.77,9762119.97],[744590.72,9762105.71],[744661.16,9762032.31],[744667.13,9762026.22],[744676.5,9762014.86],[744682.59,9762007.25],[744690,9761995.95],[744692.14,9761992.37],[744697.53,9761982.83],[744701.63,9761974.09],[744704.74,9761965.81],[744708.06,9761956.45],[744714.2,9761937.7],[744715.88,9761931.43],[744717.64,9761924.08],[744719.22,9761916.92],[744722.17,9761899.52],[744724.12,9761881.24],[744724.98,9761869.3],[744725.01,9761855.44],[744724.73,9761841.74],[744723.59,9761829.23],[744722.43,9761819.5],[744721.14,9761811.63],[744717.39,9761794.08],[744715.19,9761784.63],[744708.74,9761763.21],[744706.06,9761755.96],[744702.78,9761748.04],[744698.66,9761738.87],[744694.63,9761730.26],[744687.71,9761717.93],[744679.1,9761703.73],[744672.38,9761694.03],[744664.74,9761683.38],[744650.75,9761666.57],[744641.73,9761657.2],[744635.25,9761650.96],[744626.73,9761643.49],[744618.41,9761636.43],[744603.88,9761625.9],[744591.41,9761617.3],[744576.75,9761608.77],[744562.94,9761601.63],[744547.88,9761595.09],[744515.11,9761582.15],[744194.35,9761458.9],[744055.61,9761404.89],[744042.82,9761399.45],[744033.29,9761394.93],[744024.36,9761390.42],[744011.8,9761383.68],[743998.69,9761376.4],[743987.17,9761369.4],[743976.9,9761362.83],[743968.49,9761357.17],[743949.85,9761343.59],[743942.2,9761337.77],[743932.93,9761330.2],[743923.33,9761322.23],[743913.93,9761314.04],[743736.67,9761156.05],[743566.54,9761001.58],[743559.87,9760995.01],[743552.38,9760986.91],[743547.04,9760980.47],[743540.37,9760971.8],[743535.17,9760964.12],[743531.21,9760957.18],[743525.97,9760946.94],[743522.35,9760938.46],[743519.77,9760931.21],[743517.09,9760922.09],[743514.84,9760912.8],[743512.82,9760901.66],[743511.22,9760883.45],[743511.33,9760875.3],[743512.66,9760859.06],[743513.6,9760854.28],[743514.5,9760849.16],[743516.25,9760840.65],[743517.8,9760834.88],[743520.4,9760826.09],[743523.58,9760816.39],[743591.15,9760627.56],[743594.61,9760616.47],[743596.31,9760609.5],[743597.97,9760601.63],[743599.07,9760591.24],[743599.75,9760586.83],[743599.89,9760577.1],[743599.4,9760569.05],[743598.54,9760562.72],[743597.25,9760555.27],[743595.59,9760548.96],[743592.9,9760539.93],[743590.04,9760532.66],[743587.68,9760527.52],[743585.24,9760522.59],[743580.55,9760514.94],[743575.24,9760507.51],[743566.68,9760497.16],[743553.1,9760482.57],[743449.93,9760379.35],[743441.76,9760370.86],[743431.36,9760359.51],[743421.97,9760348.13],[743412.51,9760335.71],[743403.11,9760321.73],[743392.22,9760302.64],[743382.54,9760283.94],[743158.92,9759817.03],[743144.23,9759789.21],[743136.65,9759776.58],[743126.83,9759761.24],[743116.92,9759746.94],[743108.97,9759736.1],[743094.91,9759718.57],[743085.68,9759707.77],[743074.87,9759695.98],[743060.53,9759681.57],[743053.78,9759674.9],[743044.28,9759666.2],[742946.84,9759583.73],[742935.13,9759572.95],[742923.16,9759560.79],[742916.44,9759552.67],[742907.74,9759541.64],[742901.63,9759532.64],[742890.76,9759513.84],[742886.14,9759503.85],[742880.91,9759491.93],[742876.7,9759479.79],[742873.13,9759465.09],[742869.53,9759451.05],[742851.97,9759360.75],[742847.65,9759340.34],[742846.22,9759334.97],[742841.9,9759322.53],[742837.04,9759313.38],[742831.78,9759304.47],[742825.73,9759296.3],[742819.49,9759289.41],[742813.37,9759283.16],[742808.66,9759278.93],[742796.07,9759268.88],[742731.1,9759222.36],[742716.62,9759213.91],[742705.73,9759208.15],[742700.81,9759205.75],[742690.52,9759201.89],[742677.99,9759198.33],[742670.07,9759196.55],[742659.76,9759194.91],[742649.67,9759193.63],[742545.15,9759186.12],[742524.19,9759183.65],[742511.92,9759181.04],[742499.88,9759176.79],[742493.6,9759173.97],[742486.34,9759169.36],[742481.39,9759165.46],[742476.28,9759161.67],[742468.34,9759152.7],[742462.63,9759144.82],[742456.68,9759134.84],[742449.71,9759121.84],[742442.02,9759107.04],[742339.79,9758908.95],[742319.95,9758869.45],[742309.91,9758847.24],[742302.68,9758827.52],[742297.91,9758813.05],[742294.55,9758799.82],[742291.96,9758787.38],[742289.55,9758774.1],[742287.65,9758759.23],[742286.89,9758746.98],[742286.29,9758728.06],[742286.67,9758707.88],[742296.31,9758554.86],[742296.6,9758544.83],[742296.04,9758537.62],[742295.03,9758529.89],[742293.15,9758520.05],[742290.95,9758512.92],[742287.92,9758505.32],[742280.31,9758491.36],[742276.15,9758485.41],[742270.09,9758478.03],[742262.46,9758470.84],[742254.26,9758464.34],[742245.25,9758458.7],[742232.35,9758452.27],[742094.03,9758402.27],[742075.13,9758395.84],[742061.29,9758392.48],[742050.28,9758390.01],[742036.94,9758388.4],[742025.07,9758387.62],[742016.08,9758387.71],[742004.61,9758388.05],[741996.37,9758388.52],[741991.08,9758389.24],[741985.93,9758390.16],[741975.77,9758391.98],[741966.83,9758393.76],[741959.56,9758396.15],[741948.88,9758399.44],[741886.86,9758421.76],[741801.14,9758452.95],[741769.71,9758464.02],[741718.76,9758479.97],[741674.46,9758492.2],[741557.18,9758523.45],[741521.37,9758532.94],[741502.19,9758537.83],[741495.71,9758539.42],[741488.53,9758541.02],[741484.52,9758541.76],[741478.13,9758542.48],[741471.11,9758542.65],[741465.61,9758542.44],[741459.55,9758541.38],[741456.33,9758540.48],[741447.65,9758537.06],[741441.06,9758533.18],[741435.54,9758528.59],[741428.91,9758521.13],[741425.42,9758515.2],[741421.97,9758508.94],[741419.05,9758502.21],[741416.32,9758494.86],[741388.66,9758406.41],[741384.5,9758396.18],[741380.7,9758388.58],[741376.8,9758382.21],[741374.34,9758378.73],[741372.37,9758376.46],[741367.02,9758370.63],[741364.22,9758367.88],[741353.1,9758359.84],[741344.4,9758354.96],[741337.45,9758352.08],[741329.34,9758349.86],[741320.79,9758348.52],[741312.52,9758347.73],[741303.91,9758347.7],[741294.32,9758348.39],[741273.85,9758350.85],[741254.37,9758353.67],[741239.79,9758355.88],[741221.54,9758361.05],[741212.29,9758364.72],[741199.82,9758370.33],[741175.99,9758382.46],[741118.67,9758411.44],[741097.32,9758419.79],[741088.75,9758423.02],[741037.69,9758438.98],[741030.77,9758441.39],[741017.41,9758446.66],[741009.29,9758450.85],[741001.93,9758455.77],[740992.58,9758462.79],[740983.26,9758470.69],[740973.45,9758479.44],[740949.16,9758500.36],[740943.84,9758504.44],[740937.45,9758508.52],[740930.86,9758511.34],[740923.4,9758513.16],[740916.74,9758513.11],[740909.4,9758512.02],[740902.66,9758509.57],[740895.78,9758505.59],[740889.83,9758500.46],[740887.72,9758497.45],[740884.56,9758492.59],[740882.34,9758487.58],[740879.43,9758480.6],[740875.97,9758470.98],[740843.24,9758374.61],[740841.44,9758367.41],[740840.14,9758360.17],[740839.8,9758355.84],[740839.45,9758347.24],[740839.62,9758339.99],[740840.66,9758332.4],[740841.31,9758326.85],[740843.48,9758318.88],[740845.67,9758312.73],[740848.7,9758305.48],[740853.21,9758296.39],[740860,9758286.01],[740897.76,9758230.8],[741034.28,9758034.08],[741058.47,9758001.4],[741074.38,9757980.73],[741077.74,9757976.48],[741081.96,9757971.5],[741085.92,9757967.52],[741093.28,9757960.66],[741096.66,9757958.11],[741099.49,9757956.23],[741150.04,9757925.48],[741155.6,9757921.68],[741158.29,9757919.66],[741161.13,9757917.36],[741166.2,9757912],[741169.47,9757907.94],[741171.42,9757904.51],[741173.63,9757899.64],[741175.36,9757895.16],[741178.1,9757886.33],[741244.97,9757650.11],[741247.74,9757642.16],[741251.05,9757633.16],[741253.64,9757627.81],[741255.51,9757624.19],[741258.07,9757619.75],[741263.71,9757611.23],[741305.34,9757562.72],[741315.31,9757549.77],[741318.53,9757544.3],[741324.09,9757534.17],[741325.84,9757530.72],[741327.12,9757527.55],[741335.13,9757499.91],[741337.27,9757488.17],[741342.13,9757458.55],[741343.29,9757445.45],[741343.27,9757436.12],[741343.06,9757427.13],[741342.63,9757422.4],[741341.87,9757416.15],[741341.32,9757410.62],[741339.72,9757402.13],[741323.05,9757348.39],[741320.35,9757342.05],[741317.75,9757336.25],[741312.27,9757327.38],[741308.92,9757323.15],[741304.57,9757319.08],[741300.73,9757315.81],[741296.16,9757313.19],[741292.06,9757310.99],[741290.36,9757310.21],[741281.81,9757307.66],[741271.95,9757306.75],[741264.4,9757306.91],[741254.3,9757307.71],[740848.2,9757371.14],[740833.18,9757373.87],[740823.6,9757375.7],[740818.5,9757377.21],[740811.52,9757379.09],[740801.51,9757383.66],[740794.75,9757386.63],[740784.21,9757392.89],[740780.75,9757395.22],[740775.6,9757399.19],[740772.84,9757401.52],[740768.77,9757405.17],[740763.64,9757410.33],[740760.32,9757413.86],[740757.98,9757416.79],[740754.81,9757420.45],[740752.04,9757424.53],[740749.13,9757429.02],[740746.46,9757432.93],[740744.38,9757436.89],[740649.79,9757631.55],[740646.46,9757637.45],[740643.87,9757641.31],[740639.84,9757646.69],[740634.48,9757651.91],[740631.58,9757654.52],[740628.14,9757657.34],[740621.1,9757661.93],[740617.8,9757663.45],[740613.85,9757665.4],[740601.97,9757669.22],[740595.76,9757670.19],[740592.64,9757670.3],[740588.29,9757670.67],[740584.29,9757670.65],[740578.25,9757670.24],[740573.56,9757669.39],[740569.17,9757668.36],[740563.31,9757666.58],[740559.43,9757664.9],[740554.76,9757662.6],[740549.19,9757659.14],[740545.67,9757656.63],[740542.82,9757654.41],[740535.28,9757646.92],[740532.76,9757643.82],[740528.61,9757637.66],[740525.42,9757632.01],[740516.06,9757611.93],[740506.52,9757590.33],[740505.55,9757587.95],[740501.83,9757577.85],[740500.77,9757574.49],[740499.17,9757567.8],[740498.52,9757564.56],[740497.68,9757557.44],[740497.14,9757552.1],[740496.79,9757546.49],[740496.94,9757537.97],[740498.45,9757525.73],[740499.81,9757517.76],[740550.78,9757278.14],[740552.45,9757271.28],[740553.51,9757268.71],[740555.8,9757262.09],[740557.21,9757258.45],[740559.76,9757253.59],[740562.62,9757247.91],[740567.55,9757239.91],[740570.74,9757235.1],[740574.71,9757230.27],[740578.78,9757225.53],[740587.03,9757217.44],[740590.04,9757214.81],[740592.4,9757212.86],[740595.67,9757210.5],[740599.05,9757207.84],[740702.92,9757141.66],[740715.77,9757132.16],[740720.04,9757128.33],[740724.69,9757123.79],[740728.32,9757119.19],[740730.98,9757115.31],[740734.16,9757110.3],[740737.68,9757103.39],[740740.32,9757096.98],[740742.47,9757090.02],[740744,9757083.02],[740745.21,9757075.17],[740751.25,9756899.45],[740750.51,9756889.66],[740749.89,9756884.39],[740748.86,9756878.65],[740747.68,9756873.74],[740745.68,9756867.8],[740743.75,9756862.91],[740742.14,9756859.69],[740737.43,9756851.95],[740733.42,9756846.19],[740727.13,9756839.1],[740720.4,9756833.51],[740711.59,9756827.55],[740703.4,9756823.37],[740695.61,9756820.27],[740685.53,9756817.27],[740676.4,9756815.18],[740568.91,9756795.52],[740561.66,9756794.55],[740552.27,9756793],[740544.28,9756792.23],[740535.48,9756792.22],[740526.09,9756793.15],[740517.02,9756794.82],[740506.67,9756797.79],[740496.63,9756801.94],[740486.42,9756806.68],[740455.28,9756821.84],[740450.78,9756824.26],[740442.12,9756828.58],[740437.13,9756831.34],[740433.52,9756833.91],[740428.07,9756837.41],[740418.64,9756845.07],[740408.04,9756856.05],[740402.31,9756864.38],[740398.63,9756870.05],[740394.84,9756877.7],[740391.4,9756886.62],[740388.81,9756894.95],[740387.04,9756903.67],[740385.73,9756913.13],[740384.97,9756922.65],[740381.69,9756978.02],[740380.71,9756999.29],[740378.55,9757013.76],[740375.9,9757027.94],[740373.37,9757038.95],[740370.86,9757047.87],[740363.68,9757067.93],[740358.33,9757081.16],[740352.1,9757093.13],[740344.33,9757106.72],[740337.4,9757116.99],[740229.42,9757273.41],[740222.91,9757282.61],[740211.44,9757298.52],[740198.25,9757313.95],[740185.87,9757327.27],[740173.59,9757338.93],[740166.68,9757344.9],[740159.72,9757351.17],[740096.69,9757404.38],[740081.18,9757418.85],[740075.93,9757424.44],[740071.01,9757430.19],[740065.03,9757438.74],[740060.57,9757445.45],[740057.26,9757452.42],[740051.35,9757465.43],[740047.03,9757476.98],[740027.04,9757532.35],[740024.6,9757538.21],[740022.21,9757542.94],[740018.62,9757549.8],[740014.73,9757555.95],[740009.35,9757562.88],[740003.36,9757569.96],[739998.66,9757574.57],[739993.94,9757579],[739923.25,9757628.3],[739914.95,9757633.69],[739906.83,9757638.83],[739902.3,9757641.05],[739897.19,9757643.73],[739884.61,9757646.5],[739879.81,9757646.33],[739873.41,9757646.32],[739863.04,9757643.66],[739858.69,9757641.56],[739853.02,9757638.53],[739849.62,9757635.96],[739845.28,9757632.52],[739843.23,9757630.46],[739840.22,9757626.77],[739837.96,9757622.78],[739835.98,9757618.97],[739834.77,9757616.02],[739832.07,9757606.93],[739830.94,9757598.6],[739831.31,9757592.19],[739831.78,9757588.33],[739832.52,9757585.19],[739833.38,9757582.11],[739835.53,9757576.61],[739837.07,9757573.48],[739839.09,9757569.64],[739842.09,9757564.79],[739944,9757421.4],[739954.96,9757405.6],[739960.08,9757397.79],[739965.25,9757388.92],[739970.16,9757379.44],[739974.64,9757371.17],[739977.93,9757363.78],[739981.98,9757355.31],[740003.21,9757305.85],[740006.22,9757299.13],[740009.1,9757292.09],[740013.73,9757282.23],[740023.98,9757261.11],[740024.1,9757261.16],[740028.66,9757252.92],[740032.93,9757245.54],[740037,9757238.67],[740040.77,9757233.29],[740096.12,9757162.55],[740104.75,9757151.03],[740104.69,9757150.99],[740109.17,9757144.71],[740112.49,9757139.22],[740115.27,9757134.32],[740118,9757129.23],[740120.15,9757124.79],[740122.78,9757118.36],[740124.23,9757114.46],[740125.75,9757109.94],[740128.33,9757101.84],[740129.97,9757093.73],[740131.72,9757079.9],[740134.6,9757013.22],[740135.91,9757001.68],[740137.4,9756991.75],[740139.81,9756977.89],[740144.16,9756957.66],[740149.17,9756938.06],[740153.55,9756924.29],[740154.92,9756919.66],[740158.47,9756909.32],[740161.8,9756900.76],[740164.59,9756893.91],[740168.52,9756886.27],[740172.4,9756878.07],[740176.95,9756869.71],[740180.2,9756864.57],[740182.96,9756859.83],[740217.5,9756805.88],[740219.13,9756801.45],[740220.43,9756797.27],[740220.64,9756794.09],[740221.17,9756790.87],[740220.58,9756783.73],[740219.72,9756779.27],[740218.88,9756776.08],[740218.29,9756774.48],[740216.46,9756770.55],[740214.88,9756767.48],[740213.01,9756764.98],[740211.49,9756762.61],[740209,9756759.72],[740205.92,9756757.35],[740201.93,9756754.79],[740190.93,9756750.67],[740186.43,9756749.99],[740184.14,9756749.78],[740180.04,9756749.66],[740176.37,9756749.66],[740171.86,9756750.27],[740168.31,9756750.92],[740094.27,9756769.77],[740089.11,9756771.02],[740079.6,9756773.1],[740063.63,9756775.36],[740057.14,9756775.41],[740049.45,9756775.02],[740045.13,9756774.34],[740040.18,9756773.15],[740031.72,9756769.99],[740021.1,9756765.13],[740012.51,9756759.81],[740004.84,9756752.77],[739997.21,9756744.95],[739992.37,9756737.27],[739989.21,9756730.75],[739983.73,9756716.03],[739980.19,9756701.96],[739966.54,9756633.6],[739965.51,9756622.84],[739965.1,9756611.08],[739965.4,9756600.45],[739966.63,9756589.74],[739968.82,9756574.67],[739970.92,9756564.87],[739973.37,9756555.73],[739987.6,9756515.5],[740006.09,9756464.87],[740010.55,9756452.05],[740013.51,9756444.35],[740015.84,9756436.91],[740017.11,9756431.91],[740018.14,9756425.79],[740018.69,9756418.87],[740019.16,9756411.47],[740019.2,9756408.58],[740018.63,9756400.61],[740017.18,9756392.71],[740015.38,9756386.08],[740012.52,9756378.61],[740009.07,9756372.22],[740005.82,9756366.3],[740003.35,9756363.01],[739996.91,9756355.48],[739988.83,9756347.58],[739978.45,9756338.4],[739968.87,9756330.33],[739956.89,9756321.16],[739947.45,9756312.98],[739940.51,9756307.46],[739932.74,9756300.78],[739923.82,9756293.39],[739914.82,9756284.82],[739908.49,9756277.87],[739902.41,9756269.7],[739896.91,9756261.3],[739892.54,9756252.87],[739888.39,9756243.26],[739885.07,9756233.22],[739880.35,9756216.13],[739870.37,9756172.94],[739861.78,9756137.03],[739856.8,9756112.55],[739842.9,9756052.68],[739835.19,9756018.2],[739832.56,9756007.77],[739828.05,9755994.85],[739821.43,9755981.84],[739814.27,9755971.23],[739803.78,9755959.41],[739794,9755951.34],[739778.44,9755942.25],[739765.21,9755937.05],[739749.88,9755933.11],[739734.34,9755930.56],[739714.6,9755927.64],[739690.16,9755924.3],[739477.01,9755894.52],[739459.31,9755891.34],[739442.97,9755887.8],[739426.41,9755881.48],[739412.57,9755874.07],[739396.69,9755863.55],[739391.04,9755858.88],[739384.69,9755853.13],[739373.93,9755841.46],[739363.64,9755827.72],[739355.38,9755812.37],[739350.35,9755800.07],[739346.84,9755789.57],[739344.39,9755780.53],[739342.66,9755772.13],[739339.06,9755744.09],[739319.34,9755559.57],[739317.39,9755546.27],[739315.34,9755533.15],[739312.29,9755519.22],[739307.77,9755506.34],[739301.86,9755491.68],[739295.35,9755479.11],[739286.34,9755464.2],[739275.05,9755448.16],[739261.18,9755430.15],[739187.3,9755331.9],[739178.9,9755320.56],[739169.66,9755308.45],[739153.16,9755285.02],[739146.32,9755272.72],[739139.09,9755258.87],[739133.63,9755245.86],[739129.73,9755233.77],[739125.53,9755221.23],[739121.08,9755207.44],[739110.51,9755171.16],[739080.15,9755071.03],[739074.18,9755052.09],[739069.13,9755034.63],[739057.67,9754997.3],[739032.06,9754913.35],[739026.48,9754898.26],[739019.84,9754884.13],[739011.24,9754869.51],[739001.88,9754856.58],[738992.74,9754846.36],[738980.99,9754835.37],[738967.05,9754823.83],[738952.01,9754813.65],[738939.52,9754806.84],[738923.01,9754800.15],[738909.74,9754795.74],[738898.11,9754792.53],[738659.99,9754738.31],[738649.23,9754735.94],[738639.88,9754734.54],[738630.07,9754733.28],[738619.92,9754732.34],[738603.51,9754731.13],[738562.13,9754729.29],[738547.3,9754728.02],[738532.3,9754725.99],[738524.96,9754724.52],[738515.93,9754722.16],[738502.02,9754716.71],[738490.72,9754710.02],[738478.84,9754700.52],[738468.92,9754689.75],[738459.96,9754675.45],[738453.62,9754659.86],[738450.73,9754647.02],[738449.43,9754633.27],[738450.26,9754620.27],[738452.45,9754608.49],[738456.55,9754597.56],[738462.25,9754585.14],[738472.22,9754572],[738480.49,9754563.59],[738487.94,9754557.45],[738497.68,9754551.46],[738508.82,9754546.36],[738515.31,9754544.05],[738528.53,9754541.05],[738536.48,9754540.16],[738543.63,9754539.86],[738551.89,9754540.3],[738566.93,9754542.41],[738581.07,9754544.95],[738603.95,9754550.32],[739167.86,9754679.44],[739191.59,9754685.01],[739206.43,9754688.92],[739222.87,9754694.74],[739236.97,9754701.45],[739248.48,9754707.94],[739260.01,9754715.87],[739269.45,9754724.05],[739280.94,9754735.35],[739289.84,9754745.9],[739298.4,9754758.27],[739305.16,9754770.55],[739310.77,9754782.05],[739316.58,9754795.2],[739342.28,9754854.66],[739395.3,9754978.63],[739401.98,9754992.6],[739409.73,9755006.41],[739422.13,9755023.19],[739434.64,9755035.16],[739447.93,9755044.85],[739466.08,9755054.2],[739483.57,9755059.77],[739499.81,9755062.16],[739514.21,9755062.36],[739526.08,9755061.84],[739541.51,9755058.88],[739555.01,9755054.69],[739568.29,9755048.27],[739576.9,9755043.13],[739588.93,9755033.88],[739598.31,9755024.85],[739607.02,9755014.35],[739614.46,9755002.96],[739621.08,9754989.8],[739625.49,9754978.08],[739628.82,9754964.72],[739630.67,9754951.67],[739630.68,9754937.98],[739629.17,9754923.21],[739626.17,9754909.72],[739622.39,9754897.95],[739617.49,9754885.38],[739609.36,9754866.75],[739465.3,9754531.85],[739456.03,9754510.96],[739448.61,9754495.15],[739441.02,9754481.86],[739433.41,9754470.61],[739423.31,9754457.83],[739414,9754447.63],[739403.94,9754438.05],[739392.16,9754428.16],[739380.85,9754420.31],[739370.94,9754414.32],[739355.32,9754405.81],[739326.69,9754391.76],[739315.38,9754386.53],[739304.26,9754381.01],[739293.42,9754375.96],[739103.01,9754283.95],[739088.59,9754277.02],[739075.83,9754271.05],[739058.09,9754262.45],[739041.14,9754254.47],[739027.37,9754248.45],[739013.72,9754242.89],[738999.27,9754237.45],[738984.68,9754232.42],[738964.08,9754226.12],[738955.64,9754223.67],[738945.88,9754221.09],[738934.9,9754218.24],[738907.52,9754212.19],[738891.03,9754209.34],[738870.51,9754206.48],[738849.21,9754204.16],[738827.17,9754202.72],[738793.83,9754201.46],[738672.23,9754200.12],[738650.29,9754199.77],[738634.48,9754199.21],[738616.57,9754196.47],[738605.18,9754191.74],[738595.14,9754184.9],[738586.3,9754175.35],[738582.38,9754168.91],[738578.86,9754159.88],[738576.89,9754153.52],[738576.27,9754145.04],[738576.54,9754135.04],[738577.68,9754128.65],[738579.79,9754121.77],[738584.54,9754111.58],[738590.34,9754103.13],[738596.42,9754096.73],[738603.67,9754090.95],[738612.15,9754085.75],[738623.17,9754081.52],[738632.63,9754079],[738645.83,9754076.67],[738657.43,9754075.27],[738673.16,9754074.77],[738691.19,9754075.78],[738807.29,9754082.91],[738822.54,9754083.41],[738837.12,9754083.2],[738850.01,9754082.36],[738862.34,9754081.19],[738873.37,9754079.94],[738897.77,9754074.53],[738909.96,9754071.42],[738920.23,9754068.24],[738930.56,9754064.46],[738939.76,9754061.23],[738950.3,9754056.49],[738963.88,9754050.37],[738976.21,9754044.34],[739081.97,9753991.78],[739093.84,9753984.77],[739103.09,9753978.48],[739112.37,9753970.77],[739120.42,9753963.79],[739129.51,9753954.27],[739135.4,9753947.27],[739144.47,9753933.95],[739151.75,9753920.83],[739159,9753903.68],[739163.25,9753889.42],[739166.31,9753874.04],[739168.14,9753858.59],[739168.96,9753845.35],[739169.9,9753822.7],[739176.12,9753652.28],[739176.98,9753641.36],[739178.52,9753630.54],[739181.76,9753617.93],[739186.39,9753606.77],[739192,9753597.03],[739197.71,9753589.43],[739205.42,9753581.28],[739214.13,9753574.51],[739221.88,9753569.03],[739229.42,9753565.19],[739238.96,9753561.58],[739249.09,9753558.61],[739260.44,9753556.44],[739273.71,9753554.78],[739299.65,9753551.95],[739417.11,9753539.61],[739428.14,9753538.51],[739439.66,9753537.47],[739452.69,9753536.48],[739463.7,9753535.92],[739476.21,9753535.73],[739487.38,9753535.69],[739498.77,9753535.97],[739511.56,9753536.44],[739523.96,9753537.03],[739554.8,9753538.77],[739660.43,9753544.38],[739675.19,9753544.92],[739688.35,9753545.14],[739702.06,9753544.7],[739718.76,9753543.95],[739734.2,9753543.06],[739747.48,9753542.01],[739923.98,9753530.48],[739943.93,9753529.47],[739955.8,9753529.31],[739970.15,9753529.74],[739982.81,9753530.98],[739995.42,9753532.8],[740005.07,9753534.81],[740016.18,9753537.32],[740028.14,9753540.42],[740041.98,9753544.52],[740113.4,9753564.34],[740125.49,9753566.6],[740135.25,9753567.77],[740144.06,9753567.72],[740154.59,9753567.02],[740163.79,9753566.01],[740176.85,9753563.99],[740190.3,9753561.36],[740205.07,9753558.01],[740216.44,9753555.97],[740243.34,9753551.86],[740326.81,9753538.48],[740340.2,9753536.17],[740350.67,9753534.19],[740360.79,9753531.89],[740372.79,9753528.72],[740386.27,9753524.73],[740397.24,9753520.78],[740407.37,9753516.78],[740416.99,9753512.29],[740425.57,9753508.08],[740439.03,9753501.32],[740530.34,9753453.66],[740540.55,9753449.27],[740551.98,9753445.64],[740567.04,9753443.09],[740574.4,9753442.61],[740583.5,9753442.7],[740593.86,9753444.38],[740601.11,9753445.98],[740616.19,9753451.56],[740653.18,9753466.8],[740671.8,9753474.65],[740692.13,9753482.99],[740770.64,9753515.91],[740786.42,9753521.49],[740809.37,9753528.98],[740828.32,9753533.58],[740841.95,9753536.3],[740857.61,9753538.02],[740870.66,9753538.84],[740886.61,9753539.02],[740900.31,9753538.38],[740913.05,9753537.28],[740926.11,9753535.8],[740939.17,9753533.46],[740950.01,9753531.15],[740973.25,9753524.59],[741016.2,9753511.45],[741028.95,9753507.63],[741041.25,9753504.88],[741055.39,9753503.02],[741072,9753502.04],[741087.64,9753503.2],[741098.94,9753504.93],[741110.62,9753507.78],[741124.49,9753512.64],[741137.13,9753518.07],[741148.87,9753524.7],[741163.09,9753533.48],[741195.56,9753554.73],[741210.9,9753563.68],[741230.94,9753574.07],[741245.39,9753580.73],[741260.79,9753586.95],[741278.12,9753593.03],[741292.87,9753597.2],[741312.29,9753601.84],[741328.71,9753604.83],[741339.23,9753606.36],[741356.46,9753608.35],[741372.3,9753609.81],[741623.77,9753634.77],[741639.92,9753636],[741656.57,9753635.99],[741668.51,9753634.95],[741677.4,9753633.81],[741685.06,9753632.58],[741690.88,9753631.36],[741697.7,9753629.58],[741705.43,9753627.02],[741711.51,9753624.38],[741733.94,9753612.79],[741743.72,9753606.39],[741750.5,9753601.23],[741757.78,9753594.61],[741762.51,9753590.47],[741773.37,9753578.57],[741781.57,9753567.83],[741789.71,9753554.65],[741796.34,9753541.28],[741802.03,9753528.16],[741807.71,9753512.66],[741814.7,9753492.8],[741894.65,9753270.38],[741900.59,9753255.62],[741906.52,9753242.48],[741913.24,9753230.52],[741917.47,9753223.27],[741923.77,9753214.13],[741930.52,9753205.29],[741938.64,9753195.73],[741942.73,9753191.47],[741951.34,9753183.8],[741959.01,9753177.38],[741971.96,9753167.23],[741986.26,9753158.69],[741998.87,9753152.01],[742014.7,9753144.97],[742029.56,9753140.13],[742052.3,9753135.16],[742066.37,9753132.95],[742081.92,9753132.1],[742097.07,9753132.53],[742112.51,9753133.73],[742158.62,9753139.41],[742285.36,9753154.68],[742300.3,9753156.93],[742316.27,9753159.55],[742328.82,9753162.08],[742344.43,9753165.64],[742358.97,9753169.43],[742375.51,9753174.41],[742396.2,9753181.48],[742414.02,9753188.51],[742428.57,9753194.66],[742447.08,9753203.55],[742463.18,9753211.46],[742655.78,9753308.91],[742670.85,9753316.27],[742682.46,9753321.15],[742693.06,9753324.28],[742700.74,9753325.46],[742706.09,9753325.65],[742712.88,9753325.43],[742717.48,9753324.89],[742730.7,9753322.14],[742741.42,9753318.34],[742756.63,9753312.38],[742826.35,9753283.1],[742843.96,9753275.17],[742855.78,9753269.45],[742869.86,9753260.87],[742880.45,9753253.09],[742894.31,9753241.47],[742907.78,9753228.05],[742914.99,9753220.32],[742922.85,9753210.76],[742951.11,9753176.73],[742960.11,9753167.16],[742968.31,9753159.16],[742978.08,9753151.12],[742990.42,9753142.47],[743000.05,9753137.13],[743010.16,9753132.3],[743025.13,9753126.84],[743038.56,9753123.58],[743051.73,9753121.73],[743069.03,9753120.56],[743086.12,9753121.77],[743105.2,9753125],[743120.58,9753128.95],[743143.71,9753135.99],[743210.99,9753156],[743226.24,9753160.64],[743239.32,9753163.58],[743250.72,9753165.26],[743266.17,9753165.81],[743275.42,9753164.59],[743282.49,9753162.85],[743292.29,9753159.28],[743305.2,9753153.54],[743334.86,9753139.6],[743507.68,9753055.09],[743530.83,9753043.93],[743542.21,9753039.05],[743549.43,9753036.82],[743561.91,9753033.77],[743576.19,9753032.13],[743583.79,9753032.3],[743594.95,9753033.09],[743607.95,9753034.88],[743621.38,9753037.31],[743896.09,9753089.04],[743906.85,9753091.25],[743917.27,9753093.52],[743932.89,9753097.19],[743948.77,9753101.21],[743962.56,9753105.3],[743982.62,9753111.69],[744028.82,9753127.73],[744350.41,9753240.25],[744363.32,9753244.63],[744379.87,9753248.55],[744389.88,9753249.53],[744401.17,9753249.44],[744410.35,9753248.28],[744418.42,9753246.4],[744434.55,9753240.38],[744444.85,9753234.28],[744454.75,9753227.07],[744465.26,9753218.67],[744478.34,9753207.54],[744510.32,9753180.77],[744521.5,9753171.96],[744531.87,9753164.79],[744541.19,9753159.68],[744552.41,9753155.03],[744564.35,9753151.63],[744576.37,9753149.72],[744591.94,9753149.22],[744608.07,9753149.89],[744625.03,9753150.74],[744820.94,9753162.34],[744865.17,9753164.73],[744927.47,9753168.25],[744960.7,9753170.43],[745029.91,9753174.34],[745045.94,9753175.18],[745055.82,9753174.55],[745066.72,9753172.08],[745071.86,9753169.67],[745077.81,9753166.48],[745082.18,9753162.78],[745085.29,9753159.17],[745088.69,9753153.72],[745091.02,9753149.16],[745092.8,9753143.76],[745093.92,9753138.73],[745094,9753132.93],[745093.67,9753126.98],[745092.38,9753121.23],[745090.02,9753116.38],[745088.33,9753112.6],[745084.68,9753107.68]]]}},{"type":"Feature","properties":{"NOMBRE":"GUAMOTE-SOCAVÓN (VIA RIOBAMBA-CEBADAS)"},"geometry":{"type":"MultiLineString","coordinates":[[[755712.61,9787431.37],[755713.24,9787430.61],[755713.93,9787430.12],[755717.3,9787428.33],[755718.13,9787427.97],[755718.9,9787427.85],[755720.28,9787427.96],[755724.39,9787428.65],[755731.12,9787430.29],[755736,9787432],[755744.71,9787437.46],[755752.9,9787444.11],[755765.72,9787456.87],[755767,9787458.37],[755768,9787460],[755769.31,9787462.65],[755778,9787487],[755787,9787511],[755801,9787558],[755821,9787619],[755857,9787725],[755879,9787799],[755897.77,9787873.99],[755898.91,9787880.37],[755900,9787900],[755901.45,9787911.34],[755906.37,9787925.13],[755928,9787984],[755957,9788031],[755983,9788070],[756001,9788101],[756023,9788141],[756033,9788177],[756038,9788205],[756049,9788248],[756075,9788326],[756088,9788364],[756108,9788418],[756119,9788452],[756129,9788479],[756137,9788499],[756148,9788524],[756165,9788571],[756182,9788621],[756195,9788658],[756211,9788714],[756234,9788801],[756245,9788889],[756245,9788907],[756246,9788938],[756245,9788976],[756244,9789004],[756235,9789070],[756228,9789117],[756216,9789152],[756200,9789200],[756193,9789230],[756187,9789259],[756181,9789296],[756179,9789321],[756177,9789336],[756173,9789360],[756164,9789429],[756156,9789475],[756154.56,9789485.71],[756154.68,9789495.73],[756159.97,9789506.36],[756165.48,9789511.66],[756214,9789527],[756269,9789547],[756296.49,9789568.27],[756316.88,9789579.89],[756325.83,9789583.69],[756336.21,9789585.72],[756353.13,9789585.85],[756427.59,9789577.39],[756453,9789571],[756496.88,9789548.66],[756519.58,9789537.85],[756527.91,9789534.28],[756537.21,9789531.68],[756544.67,9789530.39],[756554.51,9789530.06],[756565.1,9789532.01],[756574,9789537],[756599,9789553],[756625.11,9789576.23],[756652.02,9789597.33],[756680.32,9789620.06],[756698.2,9789638.94],[756764,9789723],[756780.91,9789739.93],[756796.55,9789754.21],[756810.14,9789770.46],[756818.11,9789785.17],[756825.45,9789804.97],[756833.28,9789830.82],[756837.57,9789868.7],[756840.11,9789882.54],[756842.71,9789890.97],[756845.95,9789899.89],[756854.17,9789913.3],[756863,9789923],[756888.55,9789952.87],[756907.65,9789974.86],[756913.8,9789989.53],[756918,9790006],[756933,9790085],[756937.53,9790104.84],[756942.61,9790117.71],[756950,9790128],[756964.61,9790138.79],[756976.34,9790148.52],[756986.4,9790161.06],[757003,9790195],[757046,9790282],[757084.57,9790360.44],[757096,9790395],[757121,9790465],[757123.71,9790473.21],[757129.99,9790488.13],[757134.49,9790496.32],[757140.33,9790501.63],[757157,9790516],[757197.7,9790546.73],[757220.75,9790563.98],[757236.97,9790577.71],[757244.48,9790586.67],[757250.43,9790595.44],[757262.81,9790614.15],[757275.25,9790632.58],[757286.6,9790648.69],[757291.79,9790657.72],[757298.71,9790678.05],[757329.48,9790729.93],[757343.26,9790745.79],[757353.64,9790755.08],[757366.29,9790761.14],[757381.53,9790765.14],[757402.29,9790765.03],[757437.11,9790762.76],[757451.38,9790763.52],[757460.57,9790765.03],[757467.7,9790768.01],[757475.65,9790772.82],[757531.71,9790818.8],[757587,9790880],[757597.02,9790891.7],[757650,9790973],[757711,9791053],[757769.39,9791145.27],[757775.47,9791153.41],[757800.74,9791181.15],[757834.45,9791215.95],[757850.35,9791230.82],[757859.81,9791238.23],[757869,9791244],[757916,9791264],[757922.76,9791267.96],[757931.22,9791274.31],[757945.72,9791287.28],[757950.52,9791292.1],[757978.04,9791328.75],[758020,9791397],[758074,9791491],[758116,9791562],[758121,9791569],[758134,9791583],[758201,9791617],[758232,9791631],[758236,9791633],[758237,9791633],[758267,9791649],[758310,9791673],[758368,9791713],[758381,9791725],[758392,9791737],[758427.15,9791767.5],[758474.72,9791797.9],[758491.24,9791804.48],[758534.83,9791818.47],[758554.41,9791828.52],[758576,9791843],[758665.07,9791905.23],[758689.73,9791928.26],[758696.65,9791935.29],[758701.46,9791938.75],[758708.86,9791943.13],[758718.73,9791947.06],[758736.76,9791953.18],[758778.71,9791968.75],[758789.63,9791972.65],[758800.33,9791973.62],[758837.15,9791972.43],[758876.51,9791968.97],[758907.35,9791966.9],[758940.44,9791961.99],[758985.72,9791956.69],[759000.95,9791956.32],[759008.69,9791956.44],[759017.28,9791957.29],[759023.07,9791958.43],[759026.93,9791959.94],[759030.69,9791961.94],[759035.28,9791964.97],[759039.68,9791968.28],[759095,9792007.49],[759167.92,9792057.98],[759188,9792071],[759214.2,9792084.63],[759241.06,9792096.71],[759267.07,9792107.01],[759291.66,9792116.25],[759314.26,9792127.07],[759339,9792140],[759365.57,9792147.45],[759393.79,9792150.38],[759416.06,9792149.61],[759437.31,9792143.61],[759452.72,9792137.15],[759467.39,9792129.21],[759476.72,9792123.37],[759481.38,9792120.57],[759485.9,9792118.6],[759497.11,9792115.02],[759512.89,9792112.99],[759520.99,9792111.69],[759528.54,9792109.5],[759543.7,9792104.15],[759551.24,9792102.45],[759558,9792102],[759568.03,9792102.37],[759575.28,9792104.92],[759581.1,9792108.13],[759586.96,9792112.22],[759590.89,9792116.96],[759592.23,9792122.84],[759591.87,9792127.34],[759591.06,9792132.17],[759589.48,9792136.71],[759589.48,9792138.94],[759590.53,9792140.8],[759595.48,9792143.97],[759620.94,9792155.16],[759656.42,9792170.48],[759738.16,9792204.86],[759799.83,9792233.33],[759818.32,9792236.57],[759844.59,9792236.57],[759869.57,9792230.08],[759887.41,9792221.33],[759905.25,9792208.35],[759922.44,9792191.16],[759940.76,9792165.05],[759954.71,9792144.94],[759970.28,9792128.88],[759982.77,9792120.29],[759998.01,9792113.96],[760012.45,9792110.56],[760028.51,9792109.42],[760044.25,9792112.56],[760120.79,9792149.97],[760131.98,9792154.34],[760143.17,9792155.8],[760220.85,9792157.91],[760320.92,9792162.7],[760350.52,9792163.99],[760371.04,9792163.19],[760386.93,9792159.78],[760404.45,9792153.29],[760424.88,9792144.53],[760466.72,9792129.61],[760482.46,9792123.77],[760497.61,9792117.57],[760507.13,9792112.82],[760559.09,9792076.5],[760572.71,9792070.09],[760587.79,9792066.85],[760609.69,9792065.87],[760648.94,9792066.36],[760663.86,9792064.9],[760678.82,9792062],[760705.14,9792053.52],[760717.53,9792049.13],[760727.8,9792044.16],[760830.99,9791984.3],[760848.61,9791973.85],[760863.18,9791964.67],[760877.05,9791954.7],[760887.51,9791943.51],[760895.13,9791933.29],[760909.94,9791907.44],[760923.67,9791889.18],[760935.18,9791875.7],[760947.35,9791863.63],[760962.32,9791853.38],[760978.15,9791844.14],[760996.02,9791838.21],[761015.77,9791836.4],[761042.66,9791839.65],[761067.51,9791844.73],[761085.26,9791850.35],[761130.94,9791871.42],[761153.8,9791879.98],[761173.27,9791881.92],[761193.16,9791878.89],[761217.06,9791872.26],[761236.36,9791863.15],[761271.22,9791842.02],[761287.77,9791832.19],[761298.15,9791826.78],[761309.28,9791822.99],[761319.88,9791820.62],[761330.8,9791820.4],[761341.72,9791822.45],[761354.11,9791825.68],[761410.87,9791853.58],[761489.37,9791890.55],[761503.9,9791897.49],[761519.21,9791899.96],[761533.75,9791899.76],[761548.08,9791895.74],[761555.91,9791893.17],[761563.69,9791889.17],[761602.08,9791865.81],[761617.43,9791860.62],[761634.3,9791859.32],[761650.58,9791860.71],[761719.34,9791880.82],[761731.18,9791882.68],[761743.5,9791883.33],[761863.73,9791874.46],[761880.38,9791874.46],[761890.93,9791875.31],[761905.47,9791878.14],[761916.93,9791882.03],[761976.89,9791906.77],[762015.75,9791921.39],[762031.06,9791926.88],[762051.22,9791927.44],[762070.63,9791924.45],[762092.95,9791918.36],[762113.45,9791908.88],[762142.74,9791895.98],[762157.23,9791892.84],[762172.69,9791892.3],[762184.42,9791893.65],[762196.16,9791896.23],[762289.58,9791919.26],[762346.02,9791934.83],[762364.5,9791945.61],[762381.7,9791959],[762440.14,9792020.63],[762506.74,9792069.28],[762554.1,9792101.67],[762593.67,9792119.56],[762748.98,9792178.82],[762783.8,9792193.75],[762797.64,9792200.88],[762809.1,9792210.18],[762831.27,9792229.84],[762856.56,9792255.27],[762890.63,9792285.63],[762900.78,9792291.6],[762909.87,9792294.84],[762919.81,9792295.7],[762969.45,9792295.36],[763027.83,9792296.57],[763040.49,9792298.93],[763069.35,9792309.65],[763094.65,9792321.31],[763115.24,9792330.41],[763127.41,9792333.55],[763137.46,9792334.35],[763148.71,9792335.44],[763159.34,9792332.84],[763170.56,9792325.85],[763177.36,9792318.19],[763191.9,9792295.06],[763202.28,9792280.78],[763205.09,9792277.59]]]}},{"type":"Feature","properties":{"NOMBRE":"BALBANERA-PALLATANGA"},"geometry":{"type":"MultiLineString","coordinates":[[[748966.25,9809134.49],[748914.47,9809127.79],[748897.37,9809126.53],[748887.25,9809126.69],[748877.38,9809127.95],[748865.97,9809131.37],[748853.95,9809137.3],[748846.4,9809142.77],[748840.48,9809148.55],[748835.08,9809154.87],[748828.58,9809164.38],[748820.85,9809176.72],[748760.78,9809276.03],[748708.43,9809362.41],[748695.11,9809383],[748689.74,9809390.46],[748682.27,9809400],[748673.52,9809409.5],[748669.73,9809413.22],[748664.77,9809417.8],[748658.9,9809422.94],[748647.34,9809431.92],[748642.2,9809435.5],[748637.4,9809438.69],[748627.86,9809444.41],[748623.59,9809446.77],[748621.15,9809447.89],[748615.61,9809450.84],[748607.96,9809454.17],[748601.12,9809457.28],[748590.96,9809461.02],[748577.77,9809465.73],[748571.49,9809468.09],[748531.92,9809482.12],[748493.96,9809495.37],[748380.53,9809535.69],[748335.14,9809551.67],[748320.79,9809556.37],[748313.93,9809558.17],[748302.78,9809560.45],[748297.6,9809560.95],[748290.54,9809561.23],[748283.91,9809560.75],[748278,9809559.97],[748270.31,9809558.34],[748265.65,9809556.8],[748259.14,9809554.19],[748253.9,9809551.58],[748248.88,9809548.59],[748244.13,9809545.33],[748239.73,9809541.73],[748236.82,9809539.12],[748234.96,9809537.28],[748232.93,9809535.11],[748225.41,9809525.64],[748222.1,9809520],[748219.3,9809513.86],[748216.27,9809506.53],[748214.79,9809500.52],[748214.14,9809498.44],[748213.14,9809490.83],[748212.79,9809487.52],[748212.8,9809478.52],[748213.07,9809473.84],[748213.85,9809467.98],[748216.31,9809459.36],[748218.65,9809452.36],[748221.18,9809446.56],[748224.84,9809439.58],[748229.11,9809432.5],[748232.04,9809427.86],[748266.84,9809376.11],[748270.48,9809370.44],[748277.18,9809359.06],[748280.83,9809352.14],[748284.7,9809343.22],[748287.42,9809335.42],[748289.06,9809330.17],[748289.71,9809326.02],[748290.58,9809321.27],[748291.12,9809317.09],[748291.21,9809309.59],[748291.21,9809300.5],[748290.24,9809292.92],[748288.86,9809284.45],[748285.92,9809274.45],[748282.57,9809266.41],[748278.75,9809258.22],[748274.23,9809251.36],[748269.04,9809244.48],[748267.27,9809242.5],[748264.77,9809239.98],[748262.14,9809237.05],[748259.3,9809234.06],[748250.03,9809226.61],[748243.74,9809222.5],[748238.87,9809219.58],[748234.01,9809217.2],[748229.99,9809215.44],[748216.79,9809211.12],[748210.98,9809209.97],[748206.04,9809209.36],[748199.37,9809208.66],[748194.06,9809208.19],[748178.55,9809208.77],[748157.51,9809211.55],[748108.21,9809219.19],[748032.41,9809229.62],[748023.43,9809229.52],[748018.18,9809229.12],[748012.06,9809228.33],[748004.82,9809226.83],[747998.54,9809225],[747990.5,9809222.16],[747983.88,9809219.3],[747977.05,9809215.37],[747971.34,9809211.77],[747967.32,9809208.89],[747963.3,9809205.44],[747958.56,9809200.97],[747953.73,9809196],[747950.41,9809192.09],[747946.14,9809186.31],[747942.48,9809180.72],[747939.41,9809175.81],[747914.86,9809130.94],[747887.94,9809080.37],[747855.95,9809019.48],[747842.27,9808987.67],[747837.38,9808974.24],[747833.36,9808961.82],[747829.7,9808949.12],[747825.99,9808933.37],[747823.07,9808919.78],[747821.15,9808908.39],[747819.04,9808894.3],[747817.86,9808883.33],[747816.65,9808870.27],[747816.03,9808854.34],[747815.91,9808839.26],[747816.09,9808829.69],[747816.54,9808820.41],[747817.6,9808806.64],[747818.69,9808796.84],[747820.5,9808782.12],[747826.37,9808739.33],[747839.98,9808641.46],[747841.45,9808627.81],[747841.98,9808616.66],[747842.36,9808600.2],[747842.07,9808585.34],[747840.63,9808569.62],[747838.87,9808555.19],[747837.41,9808548.41],[747835.78,9808539.84],[747833.98,9808532.09],[747830.99,9808520.41],[747828.83,9808513.34],[747823.26,9808496.75],[747817.68,9808482.61],[747813.45,9808473.64],[747806.6,9808460.36],[747801.05,9808450.15],[747798.13,9808445.3],[747792.85,9808437.07],[747787.41,9808428.94],[747781.67,9808421.07],[747775.45,9808413.02],[747771.63,9808408.3],[747763.33,9808398.85],[747739.11,9808374.8],[747666.67,9808305.71],[747636.69,9808277.22],[747630.71,9808271.73],[747624.4,9808265.19],[747617.43,9808256.93],[747614.31,9808252.88],[747608.31,9808243.68],[747606.52,9808240.37],[747605.01,9808237.07],[747602.1,9808229.84],[747600.91,9808225.74],[747600.02,9808222.24],[747598.57,9808214.62],[747598.08,9808209.95],[747597.94,9808205.41],[747598.07,9808201.69],[747598.37,9808197.87],[747598.83,9808194.14],[747599.55,9808190.13],[747600.51,9808186.34],[747603.69,9808176.86],[747606.23,9808171.13],[747607.97,9808167.73],[747609.75,9808164.76],[747612.58,9808160.47],[747617.32,9808154.33],[747623.13,9808147.83],[747629.87,9808140.96],[747660.09,9808114.42],[747683.84,9808093.79],[747689.99,9808088.34],[747694.37,9808083.7],[747697.73,9808079.6],[747701.58,9808074.48],[747705.07,9808069.29],[747708.81,9808062.37],[747711.81,9808055.91],[747714.16,9808049.2],[747715.91,9808042.84],[747717.41,9808036.24],[747719.31,9808026.11],[747726.01,9807982.74],[747729.57,9807960.91],[747738.19,9807906.74],[747742.29,9807881.62],[747743.31,9807874.52],[747744.3,9807866.09],[747744.39,9807850.54],[747743.96,9807844.5],[747742.77,9807837.83],[747740.63,9807828.94],[747737.52,9807819.52],[747734.71,9807813.39],[747730.52,9807804.95],[747722.4,9807792.99],[747716.05,9807785.27],[747664.65,9807723.64],[747654.57,9807710.17],[747649.64,9807702.09],[747647.25,9807697.48],[747645.07,9807692.66],[747642.33,9807685.19],[747640.05,9807676.41],[747638.42,9807666.5],[747637.64,9807655.96],[747637.49,9807647.36],[747638.44,9807557.2],[747638.87,9807523.48],[747638.44,9807510.69],[747638.01,9807505.1],[747637.51,9807500.23],[747636.77,9807495.23],[747636,9807491.53],[747634.57,9807486.07],[747632.94,9807481.03],[747631.07,9807476.05],[747625.56,9807465.67],[747622.12,9807460.45],[747617.12,9807453.79],[747613.25,9807449.42],[747603.08,9807439.04],[747577.43,9807414.53],[747571.49,9807408.69],[747564.36,9807401.27],[747560.03,9807396.64],[747555.3,9807390.98],[747552.28,9807386.74],[747550,9807383.02],[747546.87,9807377.36],[747544.46,9807372.03],[747542.86,9807367.68],[747541.69,9807363.8],[747540.39,9807359.02],[747539.8,9807355.58],[747539.36,9807352.41],[747539.11,9807350.03],[747538.87,9807345.66],[747538.7,9807340.5],[747538.78,9807337.9],[747538.96,9807334.98],[747539.85,9807328.48],[747540.7,9807324.89],[747542.26,9807318.97],[747543.41,9807315.29],[747545.54,9807310.55],[747548.57,9807304.09],[747552.15,9807298.41],[747556.06,9807293.02],[747558.12,9807290.58],[747561.01,9807287.48],[747567.96,9807280.98],[747569.65,9807279.64],[747573.66,9807276.9],[747577.17,9807274.73],[747581.38,9807272.44],[747588.14,9807269.31],[747598.94,9807265.16],[747607.88,9807262.22],[747624.33,9807257.67],[747671.59,9807243.84],[747732.05,9807226.02],[747740.64,9807223.81],[747744.84,9807222.19],[747753.9,9807219.12],[747758.98,9807217.09],[747768.43,9807212.94],[747773.58,9807210.4],[747777.65,9807208.1],[747783.35,9807204.61],[747787.88,9807201.7],[747795.92,9807195.8],[747799.13,9807193.06],[747803.33,9807189.3],[747806.57,9807186.27],[747812.41,9807180.4],[747819.06,9807172.66],[747825.72,9807163.66],[747826.96,9807161.84],[747831.62,9807153.94],[747834.93,9807147.82],[747836.38,9807144.87],[747841.24,9807133.75],[747843.27,9807128.48],[747844.66,9807124.45],[747846.76,9807116.48],[747847.54,9807113.81],[747849.24,9807106.35],[747850.31,9807101.2],[747858.38,9807058.39],[747867.22,9807009.94],[747869.93,9806996.76],[747871.04,9806991.83],[747872.54,9806985.56],[747877.59,9806966.1],[747880.87,9806955.65],[747888.72,9806932.39],[747900.3,9806903.75],[747904.66,9806894.17],[747912.16,9806879.44],[747917.3,9806869.11],[747921.56,9806861.36],[747928.81,9806848.87],[747990.73,9806747.36],[748003.19,9806726],[748010.56,9806711.42],[748012.88,9806704.09],[748014.57,9806698.06],[748015.96,9806692.38],[748017.29,9806684.2],[748017.75,9806676.51],[748017.84,9806668.1],[748017.32,9806662.03],[748016.33,9806655.16],[748015.14,9806649.38],[748013.15,9806643.13],[748011.09,9806637.46],[748008.2,9806630.47],[748005.9,9806626.21],[748000.73,9806617.56],[747995.74,9806610.74],[747990.34,9806604.82],[747983.95,9806598.82],[747977.09,9806593.37],[747968.09,9806587.5],[747962.92,9806584.86],[747954.85,9806581.32],[747948.25,9806578.99],[747940.44,9806576.83],[747935.64,9806575.9],[747926.07,9806574.84],[747919.08,9806574.74],[747908.81,9806575.17],[747896.69,9806577.19],[747885.15,9806580.92],[747874.59,9806584.98],[747860.16,9806592.29],[747695.99,9806686.73],[747559.28,9806765.57],[747528.3,9806783.18],[747523,9806785.81],[747513.53,9806790.29],[747505.65,9806793.79],[747497.05,9806797.23],[747488.8,9806800.4],[747478.95,9806803.98],[747463,9806808.77],[747290.27,9806853.41],[747190.8,9806879.24],[747114.85,9806898.77],[747100.15,9806903.5],[747069.64,9806915.29],[746953.96,9806963.5],[746944.56,9806966.46],[746937.88,9806968.35],[746931.46,9806969.4],[746921.61,9806970.61],[746910.14,9806970.25],[746902.91,9806969.01],[746895.23,9806967.11],[746886.42,9806963.75],[746872.21,9806955.31],[746864.84,9806949.3],[746860.17,9806944.62],[746855.79,9806939.19],[746852.58,9806934.55],[746850.71,9806931.66],[746846.61,9806923.66],[746843.28,9806914.12],[746840.94,9806902.59],[746840.49,9806897.92],[746840.42,9806892.17],[746840.74,9806883.84],[746841.24,9806879.46],[746842.52,9806871.33],[746846.68,9806859.89],[746850.44,9806850.41],[746853.71,9806842.77],[746950.81,9806631.99],[746967.04,9806595.75],[746969.76,9806590.3],[746978.54,9806574.41],[746989.35,9806556.85],[746999,9806544.74],[747015,9806527.82],[747125.88,9806435.14],[747129.71,9806431.87],[747139.76,9806422.56],[747162.96,9806397.72],[747167.48,9806392.05],[747177.8,9806378.37],[747184.21,9806368.69],[747187.53,9806363.46],[747192.83,9806354.87],[747197.84,9806346.05],[747200.93,9806339.95],[747207.48,9806326.22],[747209.79,9806320.84],[747212.97,9806313.02],[747216.85,9806302.53],[747262.52,9806183.37],[747270.27,9806162.02],[747271.34,9806158.47],[747272.27,9806154.97],[747274.03,9806147.78],[747275.46,9806139.58],[747275.86,9806136.62],[747276.39,9806132.17],[747276.72,9806126.81],[747276.71,9806122.83],[747276.43,9806113.08],[747275.79,9806107.66],[747274.16,9806097.72],[747272.44,9806090.33],[747270.88,9806085.11],[747267.96,9806076.92],[747265.98,9806072.36],[747263.34,9806067.61],[747260.12,9806061.41],[747256.06,9806055.09],[747252.76,9806050.2],[747246.73,9806042.89],[747241.69,9806037.39],[747236.48,9806032.5],[747229.96,9806027.03],[747217.21,9806018.98],[747207.33,9806013.72],[747198.8,9806010.22],[747190.66,9806007.64],[747183.66,9806005.62],[747173.11,9806004.05],[747160.92,9806002.91],[747152.52,9806003.03],[747143.65,9806003.48],[747136.48,9806004.67],[747128.94,9806006.3],[747118.29,9806009.31],[747112.08,9806011.98],[747103.23,9806015.41],[747095.03,9806019.87],[747083.55,9806026.59],[746854.71,9806170.62],[746775.77,9806220.59],[746764.83,9806227.11],[746753.94,9806233.77],[746738.72,9806242.48],[746718.95,9806252.74],[746696.52,9806262.97],[746667.69,9806274.3],[746655.64,9806278.41],[746640.91,9806283.13],[746629.28,9806286.05],[746618.85,9806289.01],[746609.45,9806291.08],[746573.99,9806299.42],[746543.16,9806306.94],[746342.68,9806354.67],[746309.41,9806362.8],[746302.71,9806364.88],[746294.13,9806367.69],[746288.19,9806369.89],[746282.19,9806372.3],[746275.24,9806375.52],[746267.43,9806379.28],[746256.3,9806385.52],[746245.65,9806392.77],[746239.4,9806397.41],[746234.48,9806401.51],[746227.21,9806407.74],[746218.28,9806416.11],[746213.33,9806421.45],[746207.31,9806428.28],[746200.13,9806437.15],[746174.97,9806471.8],[746113.88,9806555.05],[746108.43,9806560.95],[746101.99,9806567.7],[746096.94,9806571.84],[746092.88,9806574.94],[746088.74,9806577.74],[746085.23,9806579.84],[746082.55,9806581.34],[746076.78,9806584.2],[746072.96,9806585.85],[746067.66,9806587.73],[746065.32,9806588.46],[746062.42,9806589.28],[746056.58,9806590.75],[746050.41,9806591.8],[746038.84,9806593.1],[746034.3,9806593.4],[746020.73,9806593.71],[745907.27,9806595.27],[745861.64,9806595.44],[745853.89,9806595.29],[745842.64,9806594.23],[745837.59,9806593.4],[745832.99,9806592.49],[745827.3,9806590.94],[745821.92,9806589.16],[745813.55,9806585.77],[745809.3,9806583.52],[745804.66,9806580.93],[745798.37,9806576.81],[745794.75,9806573.97],[745790.78,9806570.68],[745786.54,9806566.9],[745782.99,9806562.88],[745775.57,9806553.76],[745772.48,9806549.7],[745768.03,9806543.42],[745761.59,9806534],[745733.37,9806491.89],[745712.19,9806460.09],[745700.89,9806443.31],[745693.63,9806433.98],[745690.48,9806430.31],[745687.32,9806426.81],[745679.53,9806419.3],[745673.33,9806414.3],[745665.64,9806409.09],[745663.68,9806407.86],[745657.33,9806404.66],[745653.89,9806403.17],[745647.99,9806400.84],[745640.2,9806398.45],[745634.87,9806397.28],[745628.39,9806396.14],[745620.55,9806395.52],[745612.34,9806395.34],[745602.32,9806396.2],[745595.5,9806397.53],[745584.3,9806400.59],[745576.32,9806403.8],[745567.38,9806407.84],[745559.49,9806412.45],[745540.55,9806423.83],[745481.34,9806461.73],[745276,9806592.5],[745271.21,9806595.39],[745259.61,9806602.89],[745248.28,9806609.87],[745239.43,9806614.7],[745230.25,9806619.42],[745223.78,9806621.91],[745219.02,9806623.59],[745212.85,9806625.33],[745207.38,9806626.52],[745199.34,9806627.75],[745192.92,9806628.19],[745188.08,9806628.28],[745182.89,9806627.98],[745171.47,9806626.61],[745166.86,9806625.59],[745160.95,9806623.91],[745154.65,9806621.92],[745149.56,9806619.7],[745141.81,9806615.73],[745134.62,9806611.48],[745126.57,9806605.61],[745119.19,9806599.19],[745109.41,9806589.75],[745098.75,9806578.84],[745088.79,9806568.81],[745042.49,9806521.03],[745027.89,9806506.44],[745019.61,9806498.64],[745009.73,9806491.29],[745003,9806487.12],[744996.87,9806483.97],[744986.17,9806479.69],[744975.04,9806476.48],[744963.33,9806474.37],[744903.69,9806465.58],[744696.48,9806434.7],[744675.42,9806429.85],[744671.09,9806428.67],[744661.71,9806425.85],[744647.9,9806421.06],[744638.89,9806417.54],[744621.54,9806409.55],[744591.26,9806395.15],[744535.86,9806368.7],[744507.25,9806354.9],[744500.61,9806352.01],[744494.32,9806349.12],[744484.76,9806345.09],[744472.14,9806341],[744465.26,9806339.37],[744458.41,9806338.2],[744449.8,9806337.55],[744439.93,9806337.52],[744434.44,9806338],[744428.11,9806338.79],[744419.95,9806340.71],[744411.54,9806343.15],[744405.46,9806345.47],[744402.02,9806347.02],[744393.85,9806350.98],[744386.38,9806354.85],[744359.29,9806369.91],[744305.88,9806399.29],[744295.85,9806404.31],[744283.09,9806409.7],[744270.6,9806413.91],[744263.07,9806415.7],[744255.57,9806417.27],[744249.3,9806418.3],[744241.85,9806419.06],[744234.31,9806419.47],[744228.29,9806419.58],[744221.33,9806419.48],[744215.22,9806418.79],[744207.03,9806417.64],[744199.13,9806416.11],[744190.15,9806414.05],[744180.41,9806410.92],[744172.88,9806407.89],[744163.14,9806403.5],[744158.37,9806400.91],[744150.05,9806395.84],[744139.5,9806388.52],[744133.06,9806383.17],[744126.34,9806376.96],[744122.38,9806372.82],[744118.41,9806368.53],[744114.69,9806363.64],[744110.59,9806358.65],[744105.02,9806350.47],[744097.66,9806337.57],[744094.99,9806331.94],[744092.46,9806326.16],[744088.02,9806313.46],[744085.27,9806304.67],[744082.19,9806294.12],[744076.6,9806273.19],[744065.19,9806231.35],[744063.07,9806225.17],[744060.84,9806218.9],[744058.82,9806213.92],[744056.88,9806209.25],[744054.66,9806204.69],[744052.24,9806200.34],[744049.48,9806195.77],[744046.8,9806191.72],[744043.93,9806187.9],[744040.72,9806183.94],[744038.39,9806181.25],[744035.21,9806177.83],[744031.55,9806174.25],[744028.31,9806171.38],[744023.15,9806167.12],[744018.24,9806163.37],[744013.02,9806159.83],[744000.61,9806151.94],[743913.64,9806098.52],[743907.05,9806094.3],[743897.03,9806087.21],[743889.77,9806081.48],[743884.69,9806077.23],[743880.68,9806073.6],[743876.3,9806069.01],[743872.13,9806064.37],[743868.11,9806059.68],[743864.66,9806055.19],[743861.97,9806051.53],[743858.93,9806047.01],[743855.73,9806042.05],[743852.92,9806037.03],[743849.88,9806031.37],[743848.13,9806027.64],[743846.19,9806023.44],[743843.97,9806017.89],[743841.2,9806010.41],[743840.45,9806007.47],[743839.12,9806003.13],[743837.39,9805996.25],[743835.96,9805988.96],[743835.38,9805985.45],[743834.79,9805980.95],[743834.29,9805976.07],[743833.89,9805970.85],[743833.75,9805967.18],[743833.72,9805961.54],[743833.83,9805955.86],[743834.21,9805949.62],[743834.86,9805943.59],[743835.7,9805937.51],[743836.2,9805934.52],[743836.79,9805931.46],[743839.13,9805921.7],[743842.59,9805910.7],[743845.68,9805902.47],[743847.79,9805897.59],[743852.69,9805887.44],[743856.91,9805879.54],[743908.49,9805786.52],[743931.14,9805745.91],[743950.7,9805710.54],[743973,9805670.66],[743998.16,9805625.28],[744009.69,9805604.91],[744010.7,9805602.45],[744014.64,9805594.53],[744018,9805587.02],[744020.84,9805578.5],[744022.35,9805572.31],[744023.36,9805564.97],[744023.84,9805558.83],[744023.97,9805553.97],[744023.68,9805548.62],[744023.35,9805544.81],[744022.52,9805540.37],[744021.5,9805536.33],[744018.83,9805528.03],[744017.14,9805523.83],[744015.65,9805520.62],[744013.93,9805517.31],[744011.91,9805513.87],[744008.1,9805508.5],[744005.55,9805505.34],[744003.03,9805502.48],[743999.55,9805499.02],[743995.53,9805495.31],[743987.31,9805489.53],[743980.68,9805485.59],[743975.53,9805483.25],[743970.79,9805481.31],[743961.7,9805478.91],[743957.69,9805478.06],[743947.13,9805477.31],[743941.14,9805477.52],[743935.29,9805477.94],[743928.28,9805479.11],[743922.42,9805480.81],[743913.34,9805484.12],[743902.6,9805489.08],[743895.13,9805493.31],[743879.24,9805502.69],[743844.47,9805523.3],[743837.79,9805527.36],[743831.08,9805530.88],[743828.19,9805532.27],[743824.31,9805534.27],[743814.58,9805538.28],[743811.9,9805539.09],[743808.91,9805540.14],[743803.07,9805541.91],[743795.11,9805543.77],[743790.5,9805544.58],[743782.16,9805545.67],[743777.23,9805546.08],[743770.79,9805546.37],[743765.31,9805546.41],[743678.36,9805546.14],[743671.42,9805546.48],[743665.17,9805546.96],[743656.86,9805547.79],[743649.94,9805548.8],[743643.37,9805550.05],[743634.91,9805552.28],[743627.65,9805554.34],[743620.45,9805556.73],[743611.7,9805560.21],[743453.71,9805632.47],[743435.29,9805640.52],[743429.49,9805642.49],[743415.87,9805646.8],[743409.62,9805648.19],[743404.33,9805649.32],[743398.78,9805650.15],[743391.78,9805650.95],[743385.24,9805651.47],[743379.23,9805651.65],[743372.06,9805651.59],[743368.62,9805651.44],[743362.64,9805650.99],[743356.87,9805650.34],[743350.72,9805649.42],[743344.04,9805648.13],[743335.69,9805646.13],[743330.02,9805644.59],[743314.99,9805639.74],[743257.75,9805619.54],[743162.61,9805590.41],[743153.28,9805589.02],[743145.17,9805588.12],[743136.76,9805587.28],[743121.27,9805586.31],[743111.97,9805586.26],[743102.62,9805586.34],[743091.78,9805586.87],[743082.8,9805587.62],[743074.07,9805588.54],[743061.03,9805590.44],[743055.4,9805591.44],[743041.24,9805594.44],[743032.76,9805596.55],[743028.9,9805597.69],[742988.23,9805610.05],[742950.99,9805621.14],[742904.33,9805635.29],[742883.37,9805640.79],[742877.87,9805642.05],[742870.22,9805643.58],[742863.2,9805644.83],[742856.22,9805645.84],[742850.39,9805646.49],[742845.94,9805646.98],[742838.59,9805647.55],[742831.96,9805647.87],[742826.5,9805648.01],[742819.63,9805648],[742807.97,9805647.62],[742802.15,9805647.23],[742795.34,9805646.59],[742786.27,9805645.45],[742779.45,9805644.4],[742771.84,9805642.97],[742762.67,9805640.98],[742756.3,9805639.36],[742745.53,9805636.23],[742740.09,9805634.45],[742733.16,9805632.06],[742717.34,9805626.09],[742621.87,9805587.37],[742583.84,9805572.36],[742574.46,9805569.44],[742564.82,9805567.11],[742557.69,9805565.84],[742550.49,9805565.25],[742536.68,9805565.12],[742519.9,9805568.05],[742512.85,9805570.49],[742507.77,9805572.43],[742503.6,9805574.2],[742499.39,9805576.34],[742495.09,9805578.76],[742490.04,9805581.89],[742483.52,9805586.63],[742479.98,9805589.59],[742468.58,9805600.09],[742461.73,9805607.5],[742430.05,9805641.12],[742409.42,9805663.19],[742396.34,9805676.03],[742388.45,9805682.85],[742380.85,9805689.04],[742361.97,9805700.94],[742352.99,9805705.31],[742339.99,9805710.54],[742329.91,9805713.56],[742320.3,9805715.71],[742311.21,9805717.3],[742276.33,9805721.44],[742250.6,9805724.23],[742228.14,9805727.06],[742155.99,9805735.2],[742120.62,9805739.28],[742086.96,9805743.02],[742056.04,9805746.69],[742024.84,9805750.22],[741979.15,9805755.65],[741964.63,9805758.62],[741947.71,9805764.12],[741937.8,9805768.94],[741932.72,9805771.87],[741927.04,9805775.82],[741921.65,9805779.94],[741916.3,9805784.6],[741910.63,9805790.89],[741904.76,9805798.12],[741883.62,9805832.97],[741850.14,9805891.19],[741847.19,9805895.77],[741841.71,9805902.65],[741837.64,9805907.32],[741834.41,9805910.59],[741830.61,9805914.13],[741825.56,9805918.3],[741819.45,9805922.58],[741814.12,9805926.01],[741801.21,9805932.37],[741792.23,9805935.59],[741783.11,9805937.99],[741774.8,9805939.54],[741740.89,9805944.04],[741701.52,9805949.19],[741472.9,9805978.72],[741444.08,9805982.15],[741433.12,9805982.95],[741424.62,9805983.16],[741414.42,9805982.81],[741405.35,9805982.28],[741398.31,9805981.52],[741390.73,9805980.47],[741374.4,9805977.77],[741353.46,9805973.8],[741327.33,9805969.32],[741289.2,9805963.1],[741287.19,9805962.87],[741279.29,9805962.5],[741274.91,9805962.67],[741272.04,9805962.92],[741268.73,9805963.33],[741261.65,9805964.74],[741256.64,9805966.37],[741251.11,9805968.46],[741245.75,9805970.97],[741241.07,9805973.81],[741235.65,9805977.9],[741230.92,9805982.21],[741224.36,9805989.41],[741221.34,9805993.77],[741218.15,9805999.38],[741215.58,9806004.76],[741212.64,9806013.89],[741210.95,9806021.72],[741210.34,9806031.79],[741210.38,9806037.28],[741211.96,9806054.99],[741222.9,9806145.35],[741226.22,9806181.52],[741225.9,9806193.41],[741225.04,9806200.05],[741223.02,9806208.97],[741220.46,9806216],[741216.37,9806224.78],[741212.76,9806231.19],[741207.73,9806237.06],[741198.64,9806246.48],[741192.71,9806251.16],[741187.05,9806254.81],[741178.84,9806258.66],[741172.42,9806261.34],[741164.13,9806263.77],[741151.39,9806265.75],[741143.43,9806265.61],[741133.61,9806264.45],[741125.64,9806262.42],[741115.58,9806259.06],[741108.39,9806255.48],[741101.41,9806250.97],[741092.93,9806244.31],[741087.27,9806238.87],[741081.66,9806232.23],[741058.38,9806201.69],[741024.88,9806156.81],[740997.02,9806120.02],[740989.86,9806111.89],[740983.6,9806106.25],[740976.34,9806099.91],[740970.93,9806095.58],[740960.58,9806089.02],[740953.08,9806084.73],[740945.47,9806081],[740932.1,9806074.7],[740919.62,9806069.18],[740804.94,9806017.37],[740705.92,9805972.73],[740700.2,9805970.55],[740691.42,9805966.74],[740683.01,9805963.45],[740670.88,9805959.59],[740662.42,9805957.46],[740655.18,9805955.74],[740646.49,9805954.09],[740643.17,9805953.69],[740628.25,9805952.29],[740614.41,9805951.87],[740610.8,9805951.66],[740560.98,9805952.36],[740532.59,9805952.59],[740527.9,9805952.37],[740524.24,9805952.02],[740520.73,9805951.58],[740516.91,9805950.91],[740512.34,9805949.95],[740508.43,9805948.85],[740382.27,9805909.73],[740338.53,9805896.32],[740283.4,9805879.16],[740259.27,9805871.27],[740251.96,9805868.34],[740245.39,9805865.27],[740242.75,9805863.49],[740237.89,9805860.51],[740233.97,9805857.7],[740227.49,9805851.81],[740224.58,9805848.52],[740222.38,9805845.95],[740219.32,9805841.86],[740217.61,9805839.24],[740215.79,9805835.99],[740213.24,9805831.05],[740212.22,9805828.66],[740210.26,9805823.41],[740209.38,9805820.47],[740208.01,9805814.43],[740207.37,9805810.56],[740206.76,9805803.35],[740206.76,9805798.57],[740206.92,9805795.26],[740209.13,9805782.95],[740210.47,9805778.12],[740212.8,9805771.77],[740215.01,9805767.16],[740227.86,9805744.94],[740245.31,9805717.52],[740263.93,9805687.84],[740268.82,9805678.7],[740271.09,9805673.84],[740274.5,9805665.05],[740276.19,9805659.34],[740277.21,9805653.61],[740278.05,9805647.83],[740278.34,9805642.8],[740278.17,9805637.12],[740277.57,9805631.67],[740276.96,9805627.08],[740275.28,9805620.36],[740273.43,9805614.22],[740269.26,9805604.5],[740263.3,9805594.67],[740253.83,9805580.15],[740042.27,9805276.18],[739939.46,9805129.12],[739919.81,9805101.75],[739896.04,9805072.42],[739869.74,9805041.11],[739852.73,9805021.19],[739586.47,9804713.87],[739547.64,9804668.26],[739537.81,9804655.2],[739532.71,9804647.41],[739525.94,9804635.78],[739523.43,9804631.25],[739519.17,9804622.95],[739511.69,9804607.41],[739493.37,9804567.92],[739479.45,9804537.39],[739469.69,9804516.93],[739460.66,9804495.94],[739454.87,9804480.02],[739449.38,9804462.29],[739447.07,9804454.09],[739444.78,9804444.52],[739435.83,9804405.38],[739424.69,9804355.65],[739413.81,9804310.57],[739407.08,9804291.96],[739399.8,9804276.55],[739392.66,9804263.72],[739379.57,9804243.16],[739372.47,9804231.67],[739336.49,9804175.98],[739327.49,9804163.05],[739318.29,9804151.36],[739310.13,9804142.48],[739303.78,9804136.02],[739291.89,9804125.33],[739279.15,9804115.05],[739268.71,9804106.74],[739230.79,9804076.83],[739200.75,9804053.51],[739193.04,9804048.12],[739184.98,9804043.27],[739176.51,9804038.72],[739165.6,9804033.97],[739157.08,9804030.9],[739148.74,9804028.42],[739139.26,9804026.27],[739125.23,9804023.78],[739078.46,9804016.26],[739027.19,9804008.28],[738996.13,9804004.69],[738985.24,9804005.08],[738975.11,9804006.55],[738966.11,9804008.92],[738956.36,9804013.16],[738950.23,9804016.43],[738943.28,9804021.39],[738937.68,9804026.14],[738933.74,9804030.23],[738930.1,9804034.48],[738925.6,9804040.88],[738923.22,9804044.73],[738918.59,9804054.83],[738916.14,9804062.69],[738914.48,9804069.52],[738913.43,9804076.05],[738912.72,9804083.59],[738912.25,9804092.25],[738911.99,9804133.79],[738911.64,9804141.84],[738911.53,9804149.31],[738911.14,9804155.41],[738909.89,9804166.19],[738909.1,9804171.75],[738908.28,9804176.32],[738907.21,9804181.48],[738905.81,9804187.52],[738904.14,9804193.75],[738899.36,9804209.78],[738879.52,9804271.23],[738858.39,9804337.71],[738856.18,9804344.3],[738850.59,9804363.36],[738847.38,9804374.87],[738842.42,9804396.34],[738840.85,9804404.48],[738838.63,9804415.29],[738835.15,9804439.17],[738833.67,9804452.55],[738832.57,9804469.15],[738831.86,9804478.27],[738831.6,9804484.06],[738831.46,9804490.82],[738831.29,9804511.55],[738832.11,9804533.65],[738835.39,9804610.84],[738836.08,9804634.79],[738835.94,9804640.78],[738835.66,9804645.44],[738835.09,9804650.43],[738834.5,9804654.39],[738833.32,9804660.84],[738831.79,9804665.77],[738830.24,9804670.21],[738828.71,9804673.69],[738827.16,9804676.99],[738825.15,9804680.65],[738823.29,9804683.79],[738821.16,9804686.87],[738816.49,9804692.77],[738814.41,9804695.04],[738811.48,9804698.02],[738802.52,9804705.52],[738793.13,9804712.5],[738731.93,9804754.82],[738727.8,9804758.17],[738723.27,9804762.6],[738719.56,9804766.69],[738717.13,9804769.68],[738713.9,9804774.08],[738712.67,9804776.34],[738711.03,9804779.03],[738709.1,9804783.35],[738705.77,9804792.56],[738704.5,9804797.87],[738703.77,9804801.66],[738702.84,9804807.16],[738701.61,9804817.7],[738697.68,9804862.21],[738696.4,9804874.42],[738695.41,9804882.98],[738693.33,9804893.12],[738691.72,9804899.08],[738689.56,9804905.03],[738686.55,9804911.14],[738682.35,9804917.98],[738675.95,9804926.28],[738672.66,9804929.89],[738664.23,9804937.42],[738654.02,9804943.75],[738643.56,9804948.33],[738634.27,9804950.81],[738623.27,9804952.81],[738611.42,9804953.25],[738603.94,9804952.84],[738599.39,9804952.02],[738595.15,9804950.94],[738589.4,9804949.14],[738584.64,9804947.41],[738575.04,9804942.37],[738570.72,9804939.45],[738562.52,9804933],[738558.88,9804929.56],[738554.05,9804924.16],[738550.59,9804919.05],[738546.91,9804913.28],[738544.36,9804908.45],[738541.88,9804902.77],[738539.11,9804894.39],[738537.92,9804887.98],[738537.16,9804881.8],[738537.1,9804867.48],[738537.52,9804864.19],[738538.29,9804859.52],[738539.34,9804854.36],[738541.54,9804846.7],[738543.69,9804840.34],[738563.31,9804794.05],[738616.3,9804670.77],[738619.95,9804662.16],[738621.95,9804656.84],[738623.45,9804653.18],[738624.62,9804649.74],[738626.3,9804644.36],[738627.56,9804639.86],[738628.7,9804634.34],[738629.54,9804628.41],[738629.78,9804619.1],[738628.95,9804611.17],[738628.47,9804607.87],[738627.12,9804601.77],[738624.95,9804595.05],[738622.54,9804588.91],[738620.32,9804584.3],[738606.86,9804561.12],[738590.38,9804533.74],[738577.57,9804512.77],[738568.93,9804498.04],[738565.36,9804490.96],[738560.63,9804480.91],[738558.7,9804476.62],[738556.58,9804471.46],[738553.83,9804464.02],[738551.99,9804458.67],[738549.65,9804450.94],[738547.85,9804444.47],[738545.64,9804435.34],[738544.56,9804430.08],[738542.81,9804420.54],[738541.41,9804409.66],[738539.83,9804380.5],[738540.26,9804370.19],[738547.03,9804293.37],[738555.69,9804198.09],[738559.79,9804144.56],[738559.54,9804134.1],[738559.28,9804129.43],[738558.97,9804126.14],[738557.42,9804115.56],[738555.85,9804108.71],[738554,9804101.76],[738551.77,9804095.13],[738547.86,9804084.91],[738544.78,9804077.23],[738503.16,9803982.09],[738500.94,9803976.37],[738498.98,9803971.74],[738495.47,9803961.47],[738494.04,9803956.98],[738492.86,9803952.9],[738489.27,9803939.78],[738487.56,9803932.58],[738481.98,9803902.71],[738467.73,9803822.34],[738464.27,9803804.2],[738452.3,9803758.04],[738410.63,9803606.04],[738381.24,9803505.66],[738359.4,9803445.52],[738346.24,9803413.54],[738333.18,9803383.48],[738322.39,9803360.51],[738308.36,9803332.18],[738294.73,9803306.84],[738276.98,9803275.69],[738260.12,9803248.29],[738233.4,9803207.82],[738162.77,9803114.11],[738070.14,9802996.04],[738063.01,9802987.09],[738058.59,9802981.82],[738053.54,9802976.69],[738048.38,9802971.59],[738039.97,9802964.48],[738031.65,9802958.6],[738020.88,9802951.83],[737950.36,9802909.81],[737885.47,9802872.5],[737866.59,9802863.58],[737807.68,9802838.35],[737778.78,9802825.55],[737765.75,9802818.71],[737760.54,9802815.15],[737755.9,9802811.36],[737749.95,9802805.99],[737744.66,9802800.86],[737740.93,9802796.99],[737734.22,9802788.86],[737727.78,9802780.04],[737718.69,9802768.2],[737686.05,9802724.45],[737633.14,9802653.15],[737624.19,9802641.36],[737616.58,9802631.84],[737611.05,9802625.41],[737604.25,9802618.22],[737596.24,9802610.77],[737590.73,9802606.19],[737581.78,9802599.37],[737575.32,9802594.91],[737570.71,9802591.89],[737555.23,9802582.52],[737501.89,9802550.62],[737455.05,9802521.66],[737443.53,9802513.87],[737432.8,9802506.12],[737423.7,9802499.04],[737417.15,9802493.82],[737360.04,9802447.49],[737348.95,9802437.72],[737341.21,9802429.41],[737336.77,9802424],[737332.25,9802417.46],[737329.36,9802412.63],[737326.34,9802406.71],[737323.55,9802400.31],[737321.93,9802396.29],[737319.65,9802388.03],[737317.94,9802379.7],[737316.09,9802366.2],[737315.75,9802358.5],[737315.72,9802345.61],[737315.88,9802295.61],[737315.71,9802278],[737315.41,9802263.34],[737313.5,9802248.49],[737310.32,9802235.63],[737303.44,9802218.98],[737301.11,9802213.52],[737296.99,9802207.59],[737292.03,9802201.05],[737288.26,9802197.02],[737283.3,9802191.95],[737273.96,9802183.92],[737267.43,9802179.27],[737250.59,9802165.62],[737215.86,9802139.08],[737193.22,9802120.94],[737157.57,9802090.19],[737124.25,9802059.51],[736998.03,9801939.47],[736962.93,9801905.99],[736957.19,9801900.28],[736953.21,9801896.12],[736950.09,9801892.19],[736948.22,9801890.34],[736946.76,9801888.22],[736942.79,9801883.33],[736938.83,9801877.9],[736936.43,9801874.23],[736935.22,9801871.95],[736931.77,9801865.95],[736928.86,9801860.44],[736920.45,9801841.61],[736906.85,9801809.73],[736867.1,9801715.73],[736825.52,9801617.68],[736813.57,9801590.13],[736806.99,9801576.52],[736798.67,9801561.58],[736787.19,9801543.49],[736780.71,9801534.55],[736771.31,9801522.16],[736751.42,9801497.23],[736733.5,9801474.46],[736728.66,9801466.99],[736726.64,9801463.54],[736724.5,9801459.39],[736722.39,9801454.98],[736719.68,9801448.3],[736717.59,9801441.26],[736716.67,9801437.41],[736715.88,9801433.66],[736715.17,9801429.6],[736714.52,9801424.77],[736712.72,9801406.66],[736709.7,9801370.85],[736708.84,9801363.16],[736708.59,9801359.07],[736708.13,9801356.36],[736707.78,9801352.96],[736707.22,9801349.19],[736706.45,9801344.9],[736704.07,9801334.13],[736700.33,9801323.41],[736698.39,9801318.86],[736694.35,9801310.54],[736692.71,9801307.69],[736691.01,9801305.05],[736689.38,9801302.34],[736682.58,9801292.99],[736679.52,9801289.19],[736673.08,9801282.06],[736651.82,9801259.73],[736614.91,9801221.32],[736608.47,9801214.49],[736601.18,9801205.86],[736595.51,9801198.37],[736591.87,9801193.22],[736589.04,9801188.63],[736586.14,9801183.5],[736585.23,9801182.17],[736541.58,9801099.44],[736536.99,9801091.15],[736534.94,9801087.95],[736530.83,9801081.98],[736526.08,9801076.32],[736523.35,9801073.29],[736519.99,9801070.01],[736513.2,9801064.29],[736507.83,9801060.41],[736504.43,9801058.14],[736499.53,9801055.54],[736494.9,9801053.24],[736461.75,9801038.37],[736416.5,9801018.45],[736413.72,9801017.05],[736407.82,9801013.68],[736402.18,9801010.12],[736399.87,9801008.29],[736397.22,9801005.41],[736394.14,9801002.63],[736391.71,9800999.88],[736389.09,9800996.29],[736387.48,9800993.68],[736385.92,9800990.91],[736383.83,9800985.98],[736382.93,9800983.16],[736381.27,9800977.35],[736380.76,9800974.8],[736379.8,9800966.88],[736379.45,9800965.23],[736377.76,9800934.62],[736373.17,9800846.21],[736371.68,9800834.01],[736370.71,9800828.46],[736369.85,9800824.19],[736368.59,9800818.3],[736367.67,9800814.71],[736366.2,9800810.25],[736364.91,9800805.96],[736361.12,9800795.91],[736357.88,9800788.84],[736354.88,9800782.84],[736339.09,9800752.66],[736300.88,9800680.02],[736271.67,9800624.64],[736236.07,9800556.69],[736233.49,9800551.62],[736231.55,9800547.52],[736228.46,9800540.4],[736227.28,9800537.37],[736226.08,9800533.98],[736213.64,9800494.6],[736199.13,9800447.41],[736181.02,9800397.89],[736177.37,9800389.22],[736126.93,9800274.89],[736102.26,9800218.55],[736056.8,9800116.86],[736054.33,9800111.2],[736049.33,9800099.16],[736043.92,9800083.82],[736042.15,9800079.37],[736039.24,9800069.76],[736036.14,9800058.2],[736032.92,9800045.68],[736031.43,9800038.64],[736029.59,9800028.77],[736027.62,9800017.46],[736025.16,9800001.53],[735997.08,9799794.69],[735995.83,9799784.49],[735994.68,9799770.73],[735994.42,9799763.68],[735994.47,9799755.65],[735995.03,9799741.02],[736001.04,9799663.62],[736002.07,9799651.91],[736003.16,9799635.05],[736003.43,9799622.19],[736003.26,9799617.52],[736001.93,9799604.21],[735999.33,9799592.8],[735993.52,9799578.09],[735990.36,9799571.69],[735987.05,9799565.68],[735982.83,9799558.41],[735978.22,9799551.23],[735955.67,9799516.32],[735907.94,9799442.02],[735877.05,9799394.25],[735861.15,9799369.34],[735857.57,9799364.19],[735852.27,9799356.2],[735841.47,9799341.27],[735830.77,9799327.8],[735817.74,9799312.14],[735811.96,9799305.64],[735806.95,9799299.77],[735800.92,9799293.19],[735788.45,9799278.29],[735781.14,9799269.28],[735777.58,9799264.55],[735771.99,9799257.41],[735769.55,9799254.06],[735766.61,9799250.21],[735758.26,9799237.85],[735638.18,9799054.56],[735632.75,9799046.92],[735623.64,9799035.18],[735617.72,9799028.88],[735611.65,9799023.11],[735609.49,9799021.37],[735603.9,9799017.12],[735597.37,9799012.69],[735587.48,9799007.09],[735581.22,9799004.3],[735579.2,9799003.49],[735570.98,9799000.62],[735562.13,9798998.51],[735558.11,9798997.87],[735549.49,9798996.79],[735545.02,9798996.37],[735537.07,9798996.32],[735527.8,9798996.98],[735518.96,9798998.23],[735515.14,9798999.34],[735511.21,9799000.24],[735502.32,9799003.12],[735490.1,9799007.98],[735483.05,9799011.46],[735372.6,9799070.57],[735358.7,9799076.89],[735353.58,9799078.32],[735347.23,9799079.91],[735341.1,9799080.48],[735337.03,9799080.48],[735330.8,9799079.3],[735323.8,9799077.13],[735320.45,9799075.6],[735317.73,9799073.73],[735311.82,9799069.26],[735307.84,9799064.76],[735305.14,9799060.7],[735303.43,9799057.21],[735301.32,9799051.23],[735300.22,9799046.63],[735299.6,9799042.68],[735299.71,9799036.82],[735300.62,9799031.3],[735301.58,9799027.46],[735303.45,9799022.33],[735305.04,9799019.55],[735308.72,9799013.81],[735310.7,9799011.22],[735313.38,9799008.46],[735321.51,9799000.7],[735407.82,9798930.92],[735418.53,9798921.27],[735427.51,9798912.22],[735433.2,9798905.8],[735437.8,9798900.3],[735442.85,9798893.71],[735450.21,9798883.42],[735455.64,9798874.68],[735459.16,9798868.73],[735463.86,9798859.93],[735469.13,9798848.18],[735500.27,9798775.75],[735516.77,9798737],[735520.65,9798728.4],[735526.73,9798716.5],[735529.21,9798712.28],[735535.99,9798701.52],[735568.67,9798652.84],[735574.77,9798642.73],[735580.9,9798631.01],[735586.22,9798619.66],[735589.89,9798610.44],[735593.62,9798599.22],[735596.52,9798588.62],[735598.57,9798579.51],[735600.52,9798568.29],[735601.66,9798557.94],[735602.27,9798549.44],[735603.48,9798464.27],[735604.95,9798402.52],[735606.73,9798322.39],[735607.72,9798226.83],[735607.56,9798122.27],[735607.01,9798047.58],[735606.42,9798002.67],[735606.28,9797997.26],[735605.98,9797992.43],[735605.51,9797987.87],[735604.65,9797983.25],[735603.57,9797978.12],[735601.96,9797971.94],[735599.57,9797964.49],[735597.18,9797958.86],[735594.56,9797953.48],[735590.16,9797945.56],[735573.11,9797916.43],[735557.67,9797889.68],[735555.33,9797884.87],[735553.06,9797879.56],[735551.87,9797876.42],[735549.5,9797869.77],[735548.3,9797865.93],[735547.15,9797860.86],[735545.93,9797856.52],[735544.69,9797848.89],[735543.66,9797834.87],[735543.57,9797827.77],[735551.47,9797664.83],[735551.3,9797656.58],[735551.35,9797651.77],[735550.3,9797643.24],[735549.02,9797635.77],[735543.98,9797622.16],[735535.52,9797608.01],[735531.74,9797602.62],[735530.13,9797600.59],[735510.19,9797576.38],[735506.46,9797572.08],[735504.82,9797569.94],[735497.62,9797559.83],[735494.96,9797555.31],[735493.38,9797552.78],[735491.43,9797549.23],[735489.1,9797544.62],[735486.47,9797539.34],[735484.77,9797535.3],[735482.07,9797528.28],[735480.26,9797522.91],[735477.68,9797514.94],[735468.24,9797482.06],[735466.68,9797477.23],[735465.84,9797474.9],[735464.73,9797470.88],[735463.44,9797467.05],[735461.93,9797463.47],[735460.62,9797459.91],[735458.84,9797456.16],[735456.2,9797449.71],[735453.37,9797443.98],[735452.33,9797442.41],[735449.36,9797436.73],[735446.92,9797432.41],[735445.3,9797429.93],[735443.77,9797427.27],[735441.37,9797423.4],[735438.42,9797418.89],[735420.52,9797394.93],[735400.1,9797368.5],[735395.59,9797362.08],[735393.38,9797358.77],[735391.19,9797355.73],[735390,9797353.77],[735384.83,9797344.59],[735382.93,9797340.98],[735380.48,9797335.66],[735379.48,9797333.2],[735376.24,9797324.13],[735373.81,9797316.23],[735361.59,9797269.59],[735357.29,9797252.34],[735351.53,9797231.17],[735346.75,9797216.18],[735342,9797203.38],[735332.35,9797182.16],[735319.68,9797157.51],[735297.38,9797114.48],[735294.69,9797109.09],[735291.41,9797101.55],[735290.47,9797099],[735286.83,9797087.33],[735284.53,9797077.16],[735282.95,9797069.23],[735281.58,9797060.38],[735280.95,9797054.04],[735280.65,9797047.85],[735280.6,9797044.13],[735282.16,9797008.84],[735282.95,9796977.17],[735282.97,9796973.02],[735282.69,9796965.97],[735282.11,9796960.47],[735280.99,9796953.97],[735279.88,9796949.28],[735277.71,9796943],[735275.5,9796938.56],[735272.82,9796934.59],[735269.03,9796929.66],[735265.64,9796926.17],[735260.53,9796922.03],[735257.6,9796920.42],[735254.2,9796918.94],[735250.71,9796917.81],[735244.34,9796916.53],[735240.13,9796916.41],[735233.95,9796917.12],[735229,9796918.25],[735223.89,9796920.23],[735217.17,9796923.45],[735212.37,9796926.31],[735177.45,9796951.73],[735168.7,9796956.53],[735161.66,9796959.91],[735153.04,9796962.03],[735145.04,9796962.27],[735139.99,9796961.59],[735134.99,9796960.19],[735131.04,9796958.91],[735124.75,9796954.98],[735121.6,9796952.56],[735117.85,9796948.5],[735114.27,9796943.64],[735111.87,9796939.56],[735110.19,9796935.09],[735109.2,9796929.47],[735108.32,9796923.27],[735108.97,9796916.67],[735111.08,9796909.14],[735114.57,9796901.58],[735117.63,9796897.3],[735132.05,9796881.36],[735187.84,9796828.19],[735195.39,9796820.03],[735198.67,9796815.69],[735200.16,9796813.43],[735202.86,9796808.78],[735204.12,9796806.35],[735205.94,9796801.19],[735208.13,9796792.77],[735208.71,9796788.7],[735209.05,9796783.26],[735208.74,9796775.6],[735207.88,9796770.87],[735206.34,9796764.48],[735204.93,9796760.05],[735203.3,9796755.67],[735202.24,9796753.08],[735191.76,9796733.52],[735147.31,9796668.09],[735093.35,9796589.55],[735076.07,9796561.29],[735073.53,9796556.44],[735071.28,9796552.1],[735068.15,9796545.57],[735065.59,9796539.07],[735061.97,9796529.36],[735059.07,9796520.32],[735057.44,9796514.36],[735054.61,9796503.04],[735053.96,9796499.94],[735052.91,9796494.2],[735051.54,9796484.84],[735051.02,9796480.53],[735050.84,9796476.73],[735050.54,9796474.66],[735047.98,9796450.89],[735046.03,9796429.92],[735042.79,9796397.3],[735039.62,9796361.33],[735034.7,9796310.44],[735031.92,9796290.55],[735030.3,9796280.52],[735023.73,9796247.59],[735011.36,9796186.82],[734999.83,9796132.21],[734998.67,9796125.67],[734996.67,9796117.77],[734992.69,9796104.81],[734987.33,9796091.49],[734983.29,9796082.32],[734978.27,9796073.22],[734957.44,9796037.63],[734922.1,9795978.23],[734899.85,9795941.58],[734891.38,9795929.58],[734881.85,9795916.77],[734865.88,9795896.91],[734847.33,9795873.21],[734839.98,9795863.43],[734833.51,9795854.08],[734826.72,9795842.45],[734823.1,9795836.07],[734819.66,9795829.04],[734815.74,9795820.25],[734803.01,9795792.45],[734798.16,9795783.08],[734793.25,9795774.1],[734782.8,9795757.66],[734777.52,9795749.9],[734738.01,9795696.45],[734734.8,9795691.25],[734731.23,9795684.45],[734728.51,9795676.03],[734727.91,9795673.18],[734727.07,9795668.29],[734726.71,9795665.49],[734723.25,9795634.65],[734721.73,9795621.84],[734720.66,9795614.88],[734719.3,9795608.38],[734717.68,9795602.99],[734714.08,9795595.18],[734710.92,9795589.71],[734708.2,9795585.49],[734705.1,9795581.34],[734701.03,9795576.43],[734694.68,9795570.29],[734687.77,9795565.01],[734681.19,9795561.03],[734674.9,9795557.91],[734667.32,9795555.2],[734654.52,9795552.36],[734594.19,9795541.56],[734582.58,9795539.77],[734569.13,9795536.82],[734544.87,9795530.53],[734533.39,9795526.52],[734522.27,9795522.28],[734510.11,9795517.42],[734496.07,9795511.38],[734484.92,9795505.52],[734387.5,9795456.29],[734380.91,9795452.14],[734369.85,9795444.51],[734363.33,9795438.8],[734358.64,9795434.07],[734350.66,9795424.18],[734346.98,9795418.49],[734341.39,9795408.63],[734337.6,9795399.96],[734318.71,9795345.63],[734311.53,9795327.82],[734307.52,9795319.12],[734303.16,9795310.4],[734295.03,9795296.51],[734248.42,9795225.27],[734245.53,9795219.81],[734241.64,9795212.8],[734238.12,9795204.68],[734234.97,9795196.47],[734232.02,9795185.25],[734229.99,9795177.83],[734228.24,9795167.35],[734227.54,9795161.3],[734227.11,9795153.02],[734226.92,9795135.12],[734227.77,9795079.14],[734228.07,9795068.41],[734227.81,9795062.61],[734227.14,9795054.36],[734226.15,9795045.39],[734224.53,9795036.31],[734222.88,9795029],[734221.29,9795023.16],[734219.57,9795017.84],[734216.19,9795008.45],[734213.65,9795001.94],[734210.22,9794993.94],[734089.71,9794729.7],[734081.71,9794712.59],[734078.58,9794707.21],[734072.12,9794697.12],[734064.86,9794686.38],[734060.51,9794680.93],[734056.48,9794676.4],[734049.08,9794669.5],[734037.42,9794658.8],[734009.68,9794632.62],[734002.71,9794624.55],[734000.53,9794621.59],[733994.73,9794612.67],[733992.52,9794608.78],[733990.3,9794605.18],[733986.82,9794598.28],[733985.3,9794594.65],[733983.27,9794588.94],[733980.66,9794580.76],[733977.91,9794569.62],[733976.77,9794564.24],[733964.98,9794503.56],[733963.88,9794498.08],[733962.17,9794490.69],[733959.21,9794480.38],[733957.35,9794474.43],[733955.92,9794470.66],[733952.71,9794462.7],[733948.43,9794453.78],[733945.13,9794448.15],[733942.28,9794442.74],[733938.4,9794436.29],[733932.68,9794428.07],[733928.47,9794422.64],[733886.62,9794366.68],[733878.72,9794355.18],[733876.78,9794352.21],[733870.68,9794341.19],[733867.67,9794334.45],[733865.38,9794328.58],[733863.25,9794322.54],[733861.55,9794317.31],[733860.01,9794311.08],[733859,9794306.23],[733856.29,9794290.11],[733846.55,9794189.21],[733845.71,9794181.33],[733845.28,9794178.37],[733843.71,9794171.38],[733842.49,9794167.05],[733840.02,9794160.76],[733839.21,9794158.94],[733836.59,9794154.23],[733831.99,9794148.34],[733828.28,9794144.16],[733823.69,9794140.05],[733815.56,9794133.14],[733808.45,9794127.72],[733743.37,9794080.11],[733735.52,9794073.73],[733729.86,9794068.8],[733726.69,9794065.59],[733721,9794059.11],[733717.96,9794054.87],[733713.28,9794047.05],[733712.17,9794044.61],[733708.61,9794035.66],[733706.55,9794029.22],[733705.11,9794022.61],[733704.11,9794016.94],[733703.19,9794010.95],[733690.94,9793890.14],[733689.39,9793878.56],[733688.31,9793873.56],[733686.3,9793863.51],[733684.31,9793854.8],[733683.55,9793851.09],[733681.53,9793842.83],[733677.2,9793826.63],[733665.03,9793789.63],[733662.55,9793781.74],[733659.81,9793773.97],[733653.93,9793755.07],[733652.33,9793748.9],[733648.37,9793732.97],[733645.25,9793719.55],[733630.5,9793643.16],[733628.97,9793637.37],[733627.29,9793631.88],[733625.88,9793626.85],[733623.23,9793617.96],[733621.51,9793612.87],[733618.68,9793605.39],[733617.2,9793601.84],[733614.53,9793594.61],[733612.95,9793591.12],[733582.6,9793521.8],[733556.56,9793462.64],[733553.63,9793455.75],[733552.04,9793451.63],[733549.72,9793444.36],[733548.19,9793437.93],[733547.54,9793433.75],[733547,9793429.25],[733546.55,9793421.66],[733546.67,9793401.93],[733546.94,9793385.35],[733547.12,9793353.98],[733546.75,9793343.07],[733545.6,9793327.91],[733543.33,9793314.46],[733542.27,9793309.17],[733538.07,9793291.02],[733536.57,9793285.21],[733534.79,9793279.64],[733531.24,9793269.61],[733527.43,9793259.27],[733524.45,9793252.19],[733520.93,9793244.48],[733513.97,9793230.99],[733421.62,9793054.96],[733413.32,9793038.69],[733410.18,9793029.57],[733408.02,9793020.95],[733407.21,9793012.98],[733407.25,9793008.67],[733407.87,9793000.94],[733408.2,9792998.06],[733409.88,9792990.78],[733411.83,9792984.91],[733413.71,9792980.27],[733420.88,9792966.08],[733422.67,9792962.36],[733424.4,9792957.36],[733425.57,9792952.93],[733426.62,9792948.54],[733427.4,9792942.58],[733427.7,9792939.43],[733427.74,9792933.16],[733427.63,9792930.71],[733427.06,9792926.09],[733426.23,9792921.58],[733424.16,9792913.68],[733422.97,9792910.34],[733421.16,9792906.16],[733418.15,9792900.51],[733414.3,9792894.59],[733411.35,9792890.79],[733406.09,9792885.14],[733355.03,9792839.75],[733348.53,9792833.63],[733340.25,9792823.8],[733336.16,9792817.71],[733333.49,9792812.46],[733330.56,9792804.05],[733329.51,9792798.56],[733328.7,9792789.23],[733328.63,9792786.27],[733330.66,9792753.94],[733332.79,9792727.3],[733333.49,9792720.18],[733333.94,9792713.78],[733334.12,9792702.28],[733333.76,9792696.67],[733332.96,9792687.18],[733331.57,9792675.61],[733330.46,9792668.04],[733329.1,9792662.12],[733327.85,9792655.33],[733325.94,9792647],[733324.87,9792641.72],[733313.51,9792595.28],[733311.79,9792588.81],[733308.76,9792579.93],[733307.25,9792576.26],[733303.49,9792567.88],[733300.71,9792562.6],[733296.74,9792555.77],[733291.09,9792547.77],[733289.25,9792544.97],[733287.78,9792542.98],[733285,9792539.54],[733281.62,9792536.03],[733279.85,9792533.87],[733257.87,9792511.17],[733225.41,9792478.06],[733220.18,9792472.05],[733213.54,9792463.76],[733206.12,9792453.62],[733204.42,9792450.78],[733195.1,9792436.16],[733183.01,9792416.66],[733179.43,9792411.52],[733173.22,9792403.8],[733167.71,9792398.3],[733160.19,9792391.86],[733155.76,9792388.44],[733150.81,9792385.19],[733145.71,9792382.23],[733140.7,9792379.58],[733118.23,9792368.5],[733114.88,9792366.77],[733107.61,9792363.27],[733095.73,9792356.52],[733092.51,9792354.42],[733085.78,9792349.4],[733079.97,9792344.5],[733074.91,9792339.93],[733066.5,9792331.13],[733062.55,9792326.23],[733057.37,9792319.46],[732992.54,9792230.98],[732986.32,9792221.79],[732976.11,9792203.07],[732972.22,9792192.87],[732970.5,9792187.77],[732969.41,9792184.19],[732968.35,9792180.3],[732965.94,9792168.78],[732964.7,9792157.48],[732964.22,9792148.18],[732964.2,9792142.16],[732964.56,9792134.07],[732965.81,9792123.76],[732966.48,9792119.27],[732967.93,9792112.69],[732970.53,9792099.71],[732993.79,9791999.2],[732995,9791992.66],[732995.8,9791983.5],[732995.82,9791979.59],[732995.65,9791977.6],[732995.23,9791974.47],[732994.45,9791970.57],[732992.82,9791965.54],[732991.12,9791961.87],[732989.25,9791958.33],[732986.4,9791953.5],[732984.61,9791950.98],[732982.22,9791947.98],[732980.84,9791945.86],[732978.52,9791942.65],[732975.69,9791939.09],[732913.99,9791858.16],[732900.02,9791841.34],[732874.22,9791813.13],[732853.99,9791792.99],[732845.17,9791784.69],[732835.92,9791775.36],[732832.67,9791771.87],[732831.19,9791770.19],[732827.7,9791765.67],[732826.61,9791764.09],[732824.56,9791760.78],[732820.88,9791753.44],[732819.93,9791751.08],[732816.49,9791740.59],[732805.21,9791704.19],[732790.84,9791656.84],[732789.77,9791653.62],[732789.02,9791650.77],[732788.28,9791647.09],[732787.97,9791645.37],[732787.36,9791640.3],[732786.95,9791634.1],[732786.88,9791630.19],[732787.04,9791627.75],[732787.51,9791623.53],[732788.24,9791618.64],[732800.26,9791554.92],[732800.79,9791551.61],[732801.12,9791549.32],[732801.4,9791542.16],[732800.89,9791537.26],[732797.79,9791528.04],[732796.27,9791525.33],[732792.77,9791520.59],[732786.32,9791514.42],[732784.93,9791513.19],[732744.96,9791481.21],[732740.47,9791477.41],[732737.41,9791474.23],[732735.11,9791471.5],[732732.71,9791467.51],[732729.42,9791461.09],[732727.98,9791457.2],[732727.24,9791453.91],[732726.85,9791451.39],[732726.54,9791448.14],[732726.43,9791444.63],[732726.26,9791402.59],[732725.43,9791384.59],[732723.34,9791361.75],[732720.91,9791345.85],[732709.26,9791281.98],[732707.77,9791275.05],[732704.58,9791261.7],[732702.38,9791253.79],[732697.86,9791239.62],[732697.15,9791237.93],[732693.76,9791228.98],[732690.97,9791222.19],[732687.38,9791214.05],[732684.83,9791208.54],[732681.58,9791201.98],[732679.49,9791198],[732675.98,9791191.59],[732671.97,9791184.5],[732665.61,9791174.56],[732661.25,9791168.29],[732641.24,9791141.44],[732591.7,9791077.09],[732586.69,9791070.69],[732580.69,9791062.82],[732577,9791057.56],[732575.32,9791054.72],[732573.54,9791052.03],[732569.29,9791043.9],[732568.46,9791042.03],[732566.97,9791038.33],[732565.49,9791034.06],[732563.36,9791024.37],[732562.88,9791016.69],[732562.88,9791012.91],[732563.2,9791006.92],[732563.43,9791004.87],[732564.56,9790998.86],[732566.69,9790991.07],[732567.49,9790988.81],[732569.41,9790984.19],[732618.88,9790892.78],[732623.85,9790883.89],[732626.71,9790878.5],[732628.26,9790874.68],[732630.28,9790869.3],[732632.55,9790862.84],[732634.2,9790856.92],[732635.15,9790852.92],[732636.54,9790844.8],[732636.85,9790842.48],[732637.08,9790839.58],[732642.82,9790785.72],[732643.58,9790773.62],[732643.69,9790764.34],[732643.13,9790756.11],[732641.96,9790750.74],[732640.15,9790743.43],[732638.16,9790738.09],[732636.07,9790733.43],[732633.5,9790728.59],[732631.16,9790724.91],[732628.82,9790721.45],[732626.05,9790717.61],[732622.89,9790713.94],[732619.78,9790709.91],[732604.97,9790692.91],[732600.43,9790687.93],[732594.41,9790680.49],[732590.59,9790675.58],[732586.47,9790670.16],[732583.35,9790665.9],[732578.75,9790659.2],[732575.95,9790653.98],[732572.32,9790647.8],[732570.27,9790644.03],[732568.96,9790640.93],[732567.45,9790637.75],[732564.32,9790630.48],[732562.89,9790626.67],[732560.38,9790620.59],[732559.23,9790617.5],[732528.57,9790504.48],[732526.17,9790492.92],[732524.75,9790485.69],[732523.87,9790479.16],[732522.63,9790467.88],[732522.22,9790455.84],[732522.4,9790444.55],[732522.83,9790437.59],[732523.88,9790426.96],[732525.34,9790417.37],[732533.24,9790375.02],[732534.79,9790367.3],[732535.71,9790360.72],[732536.67,9790351.05],[732536.83,9790346.16],[732536.74,9790341.8],[732536.47,9790335.44],[732535.55,9790328.78],[732535.13,9790326.57],[732533.38,9790319.18],[732531.86,9790314.02],[732530.43,9790309.94],[732528.58,9790305.3],[732505,9790251.3],[732498.67,9790236.37],[732495.35,9790227.38],[732493.21,9790220.64],[732491.18,9790212.52],[732489.43,9790203.5],[732488.78,9790197.56],[732488.05,9790189.33],[732487.89,9790185.3],[732487.81,9790179.53],[732487.98,9790174.32],[732488.22,9790168.45],[732491.39,9790112.89],[732495.64,9790030.73],[732495.72,9790022.51],[732495.44,9790018.14],[732494.85,9790012.8],[732493.05,9790004.44],[732491.9,9790000.27],[732475.21,9789947.1],[732440.5,9789838.84],[732435.48,9789824.13],[732431.94,9789815.06],[732427.85,9789806.05],[732426.24,9789802.69],[732424.98,9789799.68],[732420.81,9789791.58],[732413.56,9789779.73],[732404.51,9789766.84],[732394.07,9789754.02],[732370.72,9789725.91],[732363.22,9789715.64],[732358.34,9789708.47],[732355.16,9789702.99],[732351.42,9789694.77],[732348.25,9789687],[732345.52,9789676.98],[732343.95,9789667.88],[732343.55,9789661.31],[732343.13,9789656.27],[732343.06,9789648.1],[732343.77,9789641.08],[732344.65,9789635.96],[732345.46,9789631.98],[732346.08,9789629.44],[732347.47,9789624.69],[732348.8,9789620.35],[732350.86,9789614.94],[732353.54,9789608.78],[732356.84,9789603.04],[732361.29,9789595.79],[732369.5,9789584.16],[732375.14,9789577.49],[732419.79,9789523.37],[732428.38,9789510.29],[732431.5,9789504.27],[732436.65,9789491.74],[732439.44,9789480.13],[732440.38,9789470.97],[732440.59,9789462.48],[732440.2,9789450.85],[732438.79,9789443.14],[732437.24,9789438.22],[732435.53,9789434.66],[732433.13,9789430.09],[732430.53,9789426.5],[732424.85,9789419.81],[732420.84,9789416.73],[732417.52,9789414.62],[732413.81,9789412.63],[732406.5,9789409.46],[732402.24,9789408.3],[732394.32,9789406.41],[732376.94,9789403.62],[732253.62,9789388.07],[732242.07,9789386.7],[732229.26,9789385.01],[732216.58,9789382.64],[732205.14,9789379.41],[732195.56,9789375.68],[732191.81,9789373.81],[732185.87,9789371.23],[732179.33,9789367.37],[732171.39,9789362.27],[732168.61,9789360.19],[732164.18,9789356.74],[732161.94,9789354.9],[732157.93,9789351.29],[732152.83,9789346.17],[732143.72,9789335.19],[732139.31,9789329.34],[732134.14,9789321.23],[732131.09,9789315.44],[732128.35,9789309.39],[732126.49,9789305.07],[732123.67,9789295.7],[732120.5,9789284.22],[732118.48,9789270.91],[732115.54,9789249.66],[732102.08,9789125.16],[732100.59,9789113.66],[732099.08,9789105.55],[732095.99,9789092.36],[732093.05,9789082.22],[732087.61,9789066.78],[732084.61,9789059.75],[732079.76,9789049.08],[732064.21,9789022.84],[732060.06,9789016.98],[732053.05,9789007.68],[732050.49,9789004.89],[732041.71,9788994.9],[732035.96,9788989.27],[732030.38,9788984.18],[732020.42,9788975.42],[731985.1,9788946.55],[731977.98,9788940.46],[731968.26,9788931.27],[731960.72,9788923.18],[731953.11,9788914.07],[731949.08,9788908.9],[731946.58,9788905.85],[731941.33,9788898.02],[731934.44,9788887.06],[731928.47,9788875.34],[731923.26,9788863.31],[731920.98,9788858.51],[731918.85,9788851.99],[731915.59,9788841.3],[731913.97,9788835.1],[731911.55,9788823.88],[731910.71,9788818.53],[731909.12,9788807.08],[731908.94,9788803.2],[731908.57,9788798.87],[731907.78,9788783.98],[731907.3,9788725.02],[731906.84,9788719],[731905.53,9788709.25],[731903.45,9788702.15],[731902.11,9788697.97],[731899.97,9788693.12],[731896.53,9788687.87],[731893.98,9788684.44],[731888.26,9788678.66],[731884.14,9788675.35],[731877.73,9788671.14],[731869.23,9788667.42],[731863.63,9788665.97],[731854.4,9788664.23],[731851.37,9788663.9],[731801.6,9788660.79],[731791.88,9788659.94],[731785.21,9788658.91],[731776.89,9788656.83],[731771.88,9788655.16],[731768.21,9788653.59],[731762.89,9788650.78],[731756.18,9788646.48],[731747.56,9788639.08],[731743.65,9788635.21],[731701.31,9788591.21],[731693.45,9788582.8],[731687.78,9788575.6],[731683.32,9788569.02],[731679.44,9788561.29],[731678.02,9788557.7],[731676.53,9788552.59],[731675.37,9788546.58],[731674.77,9788539.33],[731675.22,9788532.06],[731677.42,9788521.05],[731678.61,9788517],[731679.7,9788513.7],[731683.05,9788505.82],[731708.67,9788453.53],[731713.66,9788444.06],[731715.97,9788440.34],[731722.77,9788431.05],[731725.53,9788427.58],[731729.14,9788423.52],[731733.54,9788419.11],[731740.93,9788412.39],[731742.98,9788410.64],[731745.42,9788408.87],[731763.67,9788395.08],[731830.42,9788345.71],[731834.11,9788342.9],[731840.21,9788338.55],[731857.39,9788327.96],[731865.32,9788323.84],[731869.74,9788321.72],[731878.09,9788318.12],[731887.65,9788314.37],[731894.96,9788311.88],[731989.8,9788283.1],[732009.67,9788276.6],[732015.53,9788274.52],[732033.54,9788266.65],[732041.78,9788262.11],[732049.54,9788256.77],[732054.46,9788252.75],[732061.21,9788246.82],[732066.65,9788240.84],[732071.4,9788235.06],[732076.35,9788227.48],[732081.53,9788217.6],[732083.98,9788211.58],[732086.85,9788203.52],[732088.77,9788195.35],[732089.49,9788191.39],[732090.64,9788182.09],[732091.14,9788175.55],[732090.58,9788162.68],[732090.3,9788158.77],[732088.86,9788150.55],[732086.81,9788142.84],[732082.39,9788130.27],[732079.83,9788124.65],[732078.46,9788122.12],[732075.32,9788115.94],[732073.75,9788113.45],[732069.76,9788107.73],[732068.23,9788105.76],[732063.67,9788100.4],[732059.81,9788096.44],[732052.9,9788090.63],[732045.74,9788085.27],[732035.77,9788078.51],[732032.25,9788076.31],[732002.07,9788058.62],[731986.64,9788049.62],[731972.37,9788041.49],[731961.93,9788035.91],[731948.52,9788029.62],[731934.37,9788023.55],[731866.91,9787995.01],[731845.68,9787987.44],[731830.19,9787982.97],[731821.92,9787980.73],[731810.81,9787978.09],[731803.08,9787976.45],[731757.1,9787968.84],[731733.95,9787965.66],[731727.25,9787964.87],[731717.43,9787963.34],[731706.49,9787961.86],[731695.75,9787960.2],[731681.93,9787957.56],[731672.78,9787955.26],[731663.69,9787952.51],[731656.82,9787950.12],[731649.59,9787946.58],[731636.96,9787938.58],[731631.28,9787934.09],[731622,9787924.91],[731617.71,9787919.69],[731612.47,9787912.19],[731609.27,9787906.58],[731607.37,9787902.94],[731605.34,9787898.68],[731602.83,9787892.19],[731600.52,9787884.44],[731599.07,9787878.51],[731598.5,9787874.57],[731597.42,9787865.33],[731597.18,9787857.16],[731597.56,9787849.81],[731598.84,9787840.66],[731600.48,9787834.29],[731602.36,9787827.68],[731605.32,9787820.48],[731607.15,9787816.3],[731610.5,9787809.55],[731612.44,9787806.3],[731616.21,9787800.74],[731618.8,9787797.86],[731622.29,9787793.54],[731628.89,9787786.33],[731631.81,9787783.48],[731642.74,9787773.82],[731661.62,9787757.83],[731672.71,9787747.24],[731676.69,9787742.58],[731681.33,9787735.65],[731684.6,9787729.76],[731687.41,9787722.22],[731688.83,9787716.65],[731690.12,9787710.24],[731690.92,9787698.92],[731690.99,9787695.33],[731690.54,9787688.69],[731676.94,9787576.3],[731674.96,9787561.81],[731670.97,9787541.71],[731666.47,9787525.67],[731663.09,9787517.61],[731660.4,9787510.52],[731652.22,9787494.18],[731648.15,9787487.26],[731640.25,9787475.02],[731638.89,9787473.09],[731631.83,9787464.12],[731626.88,9787458.38],[731614.94,9787445.91],[731607.84,9787439.5],[731601.2,9787433.88],[731480.83,9787341.46],[731473.69,9787335.64],[731470.29,9787333.02],[731460.28,9787323.9],[731452.69,9787315.39],[731447.62,9787308.21],[731443.63,9787300.8],[731441.06,9787294.27],[731439.02,9787288.33],[731436.23,9787272.73],[731435.88,9787269.35],[731436.25,9787260.51],[731437.09,9787253.09],[731439.24,9787244.5],[731441.52,9787237.75],[731443.73,9787233],[731446.24,9787228.34],[731451.12,9787220.6],[731455.84,9787213.94],[731463.94,9787204.89],[731467.66,9787201.45],[731479.79,9787189.41],[731485.04,9787183.73],[731490.04,9787178.53],[731493.83,9787174.07],[731497.48,9787169.43],[731503.2,9787161.66],[731506.74,9787156.16],[731511.63,9787148.09],[731518.23,9787135.62],[731549.47,9787073.33],[731553.96,9787065.32],[731557.79,9787059.29],[731559.96,9787056.37],[731565.42,9787049.13],[731571.91,9787042.16],[731576.68,9787037.52],[731585.19,9787030.27],[731737.39,9786912.61],[731747.62,9786903.96],[731752.64,9786898.93],[731756.22,9786893.62],[731758.51,9786889.77],[731761.95,9786880.34],[731762.99,9786874.49],[731762.94,9786867.52],[731761.44,9786859.37],[731759.48,9786853.64],[731758.1,9786850.87],[731754.82,9786845.54],[731752.98,9786843.2],[731750.06,9786839.85],[731746.95,9786836.79],[731745.71,9786835.68],[731742.39,9786833.08],[731735.39,9786828.26],[731695.67,9786808.06],[731691.94,9786806.24],[731684.41,9786802.72],[731672.93,9786797.95],[731663.58,9786794.33],[731653.72,9786791.31],[731645.38,9786789.09],[731632.87,9786786.45],[731624.3,9786784.88],[731615.33,9786783.64],[731611.53,9786783.34],[731546.37,9786775.86],[731532.59,9786774.07],[731522.46,9786771.79],[731513.49,9786767.99],[731509.26,9786765.27],[731505.57,9786762.36],[731501.66,9786758.42],[731496.55,9786751.99],[731493.54,9786746.92],[731490.05,9786740.04],[731441.04,9786636.41],[731437.17,9786627.45],[731434.85,9786621.81],[731432.76,9786615.98],[731430.89,9786609.6],[731429.81,9786604.86],[731428.67,9786598.74],[731428.05,9786594.13],[731427.55,9786589.51],[731427.24,9786581.05],[731427.35,9786576.5],[731427.63,9786570.58],[731427.99,9786567.27],[731433.43,9786525.68],[731433.86,9786521.85],[731434.84,9786515.16],[731435.69,9786507.94],[731436.17,9786502.09],[731435.99,9786497.74],[731435.6,9786492.78],[731434.17,9786486.58],[731432.26,9786481.38],[731429.21,9786476.17],[731426.79,9786473.02],[731421.16,9786467.83],[731414.92,9786463.99],[731412.12,9786462.62],[731404.28,9786459.62],[731400,9786458.34],[731396.66,9786457.44],[731341.97,9786441.15],[731328.89,9786436.76],[731313.17,9786430.41],[731307.34,9786427.84],[731299.21,9786423.73],[731236.83,9786389.42],[731071.6,9786297.52],[730986.37,9786249.62],[730971.1,9786238.88],[730967.75,9786236.3],[730964.76,9786233.72],[730958.52,9786227.62],[730953.37,9786221.98],[730946.77,9786213.79],[730939.67,9786201.9],[730937.23,9786197.38],[730932.96,9786187.63],[730931.38,9786183.84],[730929.44,9786176.18],[730928.65,9786172.6],[730927.16,9786164.69],[730926.35,9786157.61],[730925.76,9786150.7],[730925.87,9786142.16],[730926.59,9786133.77],[730927.43,9786127.93],[730929.68,9786117.64],[730934.55,9786101.03],[730936.83,9786094.57],[731007.15,9785915.92],[731016.46,9785890.56],[731021.57,9785873.88],[731027.55,9785850.73],[731038.06,9785799.7],[731056.6,9785710.72],[731069.1,9785649.19],[731073.25,9785629.41],[731075.86,9785619.84],[731077.63,9785613.75],[731079.63,9785607.62],[731082.62,9785599.25],[731088.07,9785586.5],[731090.46,9785581.18],[731107.71,9785546.19],[731113.16,9785535.64],[731115.13,9785530.66],[731119.01,9785520.42],[731120.64,9785510.25],[731120.74,9785506.55],[731120.38,9785498.48],[731119.82,9785494.16],[731119.24,9785490.49],[731117.89,9785483.9],[731114.03,9785469.52],[731112.44,9785464.34],[731110.2,9785455.63],[731108.83,9785451.57],[731044.06,9785273.71],[731038.37,9785258.54],[731035.91,9785248.94],[731034.76,9785242.52],[731034.29,9785234.58],[731034.3,9785228.94],[731035.4,9785219.78],[731036.55,9785214.6],[731038.46,9785208.88],[731039.95,9785204.81],[731069.73,9785140.92],[731074.47,9785132.4],[731080.01,9785124.24],[731084.09,9785118.59],[731087.51,9785114.17],[731090.9,9785110.16],[731096.96,9785103.63],[731100.5,9785100.41],[731105.25,9785095.73],[731111.8,9785090.02],[731117.1,9785085.72],[731122.81,9785081.48],[731128.79,9785077.77],[731137.67,9785072.55],[731141.16,9785071.05],[731146.89,9785068.02],[731156.51,9785063.78],[731218.57,9785041.68],[731225.24,9785038.8],[731230.73,9785036.05],[731242,9785029.65],[731249.97,9785024.7],[731440.45,9784903.27],[731464.37,9784887.44],[731476.47,9784878.94],[731486.65,9784870.77],[731520.33,9784839.83],[731636.54,9784727.26],[731646.61,9784717.87],[731669.19,9784699.12],[731699.18,9784674.86],[731783.65,9784608.51],[731813.91,9784582.04],[731820.17,9784575.98],[731822.88,9784573.17],[731830.94,9784565.28],[731840.41,9784554.77],[731846.79,9784547.57],[731854.03,9784539.07],[731859.96,9784531.81],[731869.73,9784519.23],[731873.57,9784513.99],[731879.89,9784504.96],[731895.57,9784481.48],[731943.26,9784407.9],[731947.78,9784400.18],[731951.95,9784392.43],[731954.07,9784386.76],[731955.68,9784381.71],[731956.6,9784376.12],[731956.63,9784371.19],[731956.35,9784369.42],[731955.44,9784364.94],[731954.29,9784360.84],[731953.2,9784358.41],[731950.87,9784354.05],[731948.51,9784350.9],[731945.53,9784347.53],[731941.49,9784343.96],[731938.67,9784341.98],[731933.98,9784339.65],[731931.93,9784338.89],[731927.8,9784337.85],[731921.56,9784337.04],[731914.1,9784337.3],[731907.24,9784338.69],[731898.95,9784341.23],[731892.74,9784343.58],[731887.08,9784345.92],[731864.62,9784355.92],[731852.45,9784361.47],[731835.13,9784369.73],[731796.33,9784389.52],[731775.73,9784401.3],[731764.39,9784408.63],[731751.77,9784417.54],[731743.36,9784424.1],[731734.65,9784430.71],[731726.28,9784437.3],[731717.7,9784443.82],[731701.43,9784455.84],[731690.63,9784462.44],[731683.58,9784466.43],[731671.97,9784472.4],[731667.16,9784474.69],[731655.73,9784479.67],[731619.18,9784493.96],[731532.15,9784522.73],[731472.35,9784541.37],[731454.71,9784546.49],[731445.2,9784548.92],[731435.93,9784550.95],[731426.75,9784552.55],[731412.95,9784554.53],[731403.55,9784555.55],[731395.98,9784556],[731386.29,9784556.44],[731380.68,9784556.59],[731365.8,9784556.54],[731362.18,9784556.42],[731346.26,9784555.52],[731293.24,9784550.76],[731277.42,9784549.46],[731252.73,9784549.57],[731243.86,9784550.62],[731240.81,9784551.09],[731233.82,9784552.29],[731228.47,9784553.34],[731221.07,9784554.97],[731106.83,9784585.84],[731097.95,9784588.02],[731094.06,9784588.87],[731085.13,9784589.92],[731077.13,9784590.22],[731067.73,9784590.4],[731032.99,9784587.44],[731021.3,9784587.38],[731014.37,9784587.84],[730998.98,9784591.06],[730992.79,9784592.86],[730982.02,9784596.79],[730973.84,9784600.64],[730967.4,9784604.4],[730936.29,9784626.27],[730932.65,9784628.4],[730924.31,9784632.77],[730915,9784635.09],[730907.54,9784635.1],[730901.82,9784634.2],[730893.41,9784631.88],[730860.17,9784619.09],[730847.1,9784614.95],[730838.85,9784613.23],[730830.45,9784611.68],[730823.36,9784610.68],[730805.32,9784608.98],[730653.35,9784597.63],[730643.17,9784596.58],[730631.03,9784594.43],[730625.12,9784592.87],[730612.07,9784588.74],[730602.3,9784584.93],[730590.03,9784578.71],[730573.42,9784569.66],[730564.52,9784566.03],[730558.21,9784564.2],[730544.1,9784561.32],[730517.14,9784559.88],[730511.11,9784559.86],[730503.69,9784559.08],[730501.36,9784558.91],[730496.08,9784557.86],[730493.11,9784557.37],[730482.96,9784553.56],[730478.7,9784551.32],[730475.92,9784549.64],[730472.84,9784547.61],[730466.34,9784542.73],[730458.84,9784535.99],[730418.53,9784499.07],[730414.51,9784496.11],[730409.99,9784493.27],[730404.75,9784490.59],[730401.98,9784489.46],[730392.8,9784487.27],[730385.66,9784487.31],[730382.36,9784487.73],[730379.15,9784488.86],[730371.85,9784492.15],[730366.51,9784496.89],[730362.86,9784501.57],[730358.57,9784509.68],[730356.51,9784515.42],[730354.96,9784520.4],[730353.32,9784527.82],[730326.55,9784674.98],[730325.53,9784678.16],[730323.63,9784683.12],[730321.46,9784687.16],[730317,9784693.52],[730313.18,9784697.62],[730310.76,9784699.73],[730306.18,9784702.86],[730300.54,9784705.55],[730298.73,9784706.3],[730291.23,9784707.87],[730286.36,9784708.05],[730280.97,9784707.82],[730275.97,9784706.96],[730270.92,9784705.69],[730265.76,9784703.75],[730261.26,9784701.75],[730256.73,9784699.41],[730226.3,9784680.67],[730216.33,9784674.66],[730213.17,9784672.37],[730207.8,9784668.02],[730197.1,9784658.53],[730187.74,9784648.41],[730182.67,9784642.05],[730176.39,9784632.98],[730146.92,9784580.88],[730143.02,9784575.16],[730135.9,9784566.03],[730130.84,9784561.27],[730122.81,9784554.84],[730120.88,9784553.62],[730116.71,9784551.33],[730113.95,9784549.91],[730107.27,9784547.41],[730098.96,9784545.33],[730093.85,9784544.53],[730088.12,9784544.09],[730081.92,9784544.05],[730076.74,9784544.23],[730071.86,9784544.52],[730064.19,9784545.46],[729910.56,9784566.59],[729895.11,9784569.04],[729888.23,9784570.81],[729882.16,9784572.59],[729879.69,9784573.8],[729876.26,9784575.31],[729870.56,9784578.78],[729868.8,9784579.94],[729865.93,9784582.23],[729862.53,9784585.91],[729859.56,9784589.78],[729856.8,9784594.35],[729854.26,9784600.78],[729852.73,9784605.45],[729851.81,9784611.48],[729851.57,9784616.89],[729851.98,9784626.42],[729864.42,9784705.91],[729865.45,9784711.98],[729867.2,9784719.43],[729867.84,9784722.44],[729870.79,9784733.59],[729873.37,9784742.11],[729876.95,9784752.52],[729878.62,9784757.14],[729884.48,9784770.98],[729886.95,9784776.02],[729891.16,9784784.11],[729911.61,9784825.37],[729974.2,9784947.87],[729976.05,9784951.34],[729983.64,9784963.62],[729990,9784973.18],[729995.35,9784980.58],[730001.55,9784989.39],[730016.84,9785011.37],[730020.63,9785016.47],[730028.39,9785028.76],[730032.85,9785037.01],[730040.94,9785053.68],[730108.59,9785231.93],[730111.62,9785240.69],[730113.44,9785248.83],[730115.47,9785259.06],[730116.67,9785267.62],[730116.94,9785273.21],[730118.46,9785355.56],[730118.35,9785363.33],[730117.96,9785368.71],[730117.3,9785375.75],[730114.56,9785387.58],[730112.58,9785394.46],[730109.25,9785402.91],[730036.02,9785580.89],[730034.13,9785585.09],[730030.88,9785591.93],[730027.89,9785597.12],[730024.38,9785602.16],[730023.04,9785604.23],[730013,9785615],[730000.92,9785624.18],[729967.34,9785644.7],[729950.49,9785652.56],[729945.11,9785654.52],[729935.35,9785656.89],[729926.03,9785658.41],[729918.63,9785658.64],[729911.19,9785658.21],[729904.95,9785657.27],[729899.51,9785656.03],[729892.44,9785653.82],[729882.29,9785649.16],[729873.95,9785643.87],[729868.81,9785639.87],[729863.02,9785634.27],[729858.1,9785628.34],[729853.36,9785621.64],[729823.88,9785569.24],[729818.15,9785560.62],[729814.62,9785556.44],[729807.19,9785548.27],[729803.25,9785544.59],[729793.22,9785536.97],[729784.88,9785531.29],[729716.45,9785488.94],[729701.46,9785480.37],[729689.47,9785474.91],[729678.89,9785470.88],[729640.2,9785458.91],[729633.53,9785456.34],[729626.26,9785452.84],[729620.07,9785448.85],[729614.28,9785443.84],[729608.94,9785438.37],[729604.27,9785432.21],[729600.55,9785426.65],[729576.85,9785390.3],[729576.27,9785389.3],[729574.92,9785387.39],[729568.47,9785375.49],[729567.41,9785373.34],[729564.09,9785365.64],[729561.57,9785357.7],[729559.74,9785350.49],[729558.23,9785343.8],[729557.43,9785337.78],[729556.59,9785328.81],[729554.47,9785295.94],[729553.45,9785290.38],[729551.23,9785281.05],[729549.11,9785276.28],[729545.78,9785270.91],[729541.94,9785265.41],[729536.34,9785259.94],[729530.17,9785254.77],[729522.67,9785248.66],[729495.98,9785229.41],[729493.03,9785227.15],[729489.92,9785224.99],[729480.63,9785219.49],[729474.83,9785216.56],[729465.1,9785212.52],[729453.07,9785208.83],[729447.52,9785207.98],[729417.33,9785201.35],[729408.45,9785199.49],[729404.05,9785198.03],[729399.53,9785196.19],[729395.64,9785194.38],[729391.22,9785191.73],[729389.1,9785190.28],[729366.11,9785170.88],[729364.13,9785168.95],[729358.47,9785164.44],[729353.98,9785161.2],[729351.72,9785159.76],[729347.31,9785157.56],[729343.34,9785156],[729341.19,9785155.42],[729338.37,9785154.89],[729332.29,9785154.26],[729323.91,9785154.89],[729320.56,9785155.46],[729314.7,9785156.31],[729284.31,9785161.88],[729274.93,9785163],[729269.31,9785163.05],[729264.09,9785162.49],[729255.1,9785160.61],[729246.65,9785156.94],[729240.44,9785152.8],[729235.69,9785148.72],[729230.82,9785142.75],[729224.63,9785134.31],[729140.48,9784995.62],[729134.61,9784983.6],[729130.37,9784974.4],[729126.29,9784964.31],[729124.67,9784959.48],[729122.92,9784954.81],[729108.06,9784906.02],[729104.64,9784897.66],[729100.39,9784889.62],[729093.46,9784881.5],[729087.89,9784876.84],[729078.25,9784871.76],[729070.61,9784869.47],[729063.05,9784868.49],[729055.58,9784868.77],[729050.22,9784869.47],[729043.53,9784871.41],[729039.92,9784872.69],[728943.44,9784913.09],[728934.73,9784916.41],[728924.67,9784919.02],[728919.71,9784920.12],[728910.18,9784921.64],[728905.87,9784921.78],[728897.35,9784922.29],[728885.59,9784921.82],[728868.36,9784919.54],[728766.2,9784903.48],[728762.29,9784902.44],[728752.23,9784899.26],[728742.34,9784894.37],[728737.38,9784891.47],[728733.99,9784889.28],[728709.57,9784869.42],[728706.65,9784867.4],[728691.2,9784855.19],[728685.05,9784850.69],[728675.87,9784845.55],[728670.35,9784843.32],[728667.64,9784842.41],[728661.94,9784840.99],[728658.17,9784840.38],[728650.86,9784839.44],[728647.13,9784839.59],[728639.2,9784840.13],[728629.91,9784841.12],[728537.44,9784854.56],[728519.07,9784856.3],[728511.04,9784856.85],[728502.87,9784856.85],[728493.26,9784856.73],[728414.38,9784851.02],[728398.27,9784849.63],[728392.28,9784848.8],[728383.42,9784846.9],[728377.63,9784845.03],[728368.61,9784841.27],[728362.31,9784838],[728355.75,9784833.59],[728289.26,9784780.04],[728283.35,9784776.15],[728278.57,9784773.64],[728263.45,9784767.1],[728213.47,9784750.37],[728201.41,9784745.72],[728195,9784741.59],[728190.23,9784737.25],[728188.03,9784734.63],[728185.71,9784731.62],[728182.81,9784726.65],[728179.4,9784717.22],[728178.21,9784708.13],[728178.25,9784706.44],[728179.25,9784694.62],[728187.6,9784642.35],[728188.76,9784631.14],[728188.87,9784621.97],[728188.1,9784616.15],[728186.53,9784608.59],[728184.2,9784601.05],[728181.34,9784593.95],[728173.91,9784581.19],[728169.75,9784575.84],[728165.09,9784570.94],[728154.43,9784562.1],[728145.99,9784556.77],[728132.6,9784549.4],[728078.94,9784524.85],[728054.54,9784515.23],[728022.75,9784503.32],[728014.59,9784499.8],[728010.22,9784497.75],[728001.67,9784492.33],[727997.34,9784488.82],[727993.56,9784485.08],[727989.28,9784480.02],[727984.96,9784473.86],[727981.05,9784466.9],[727974.92,9784455.43],[727942.91,9784388.28],[727941.76,9784386.53],[727937.73,9784381.23],[727931.03,9784374.97],[727927.14,9784372.36],[727920.34,9784368.87],[727913.08,9784366.6],[727905.03,9784364.66],[727900.36,9784363.67],[727889.72,9784361.76],[727868.2,9784359.74],[727861.48,9784359.55],[727851.44,9784359.75],[727840.28,9784361.46],[727830.75,9784364.21],[727824.76,9784366.65],[727814.9,9784371.12],[727806.6,9784375.13],[727803.6,9784376.42],[727799.27,9784378.61],[727790.26,9784381.97],[727782.74,9784383.8],[727776.02,9784384.86],[727772.02,9784384.84],[727768.31,9784384.59],[727764.04,9784383.94],[727757.76,9784382.3],[727754.59,9784381.3],[727747.78,9784378.59],[727743.48,9784376.64],[727634.13,9784322.64],[727632.05,9784321.39],[727624.31,9784315.65],[727620.74,9784312.41],[727617.39,9784308.53],[727615.75,9784306.29],[727613.44,9784302.43],[727610.77,9784296.25],[727609.7,9784292.49],[727608.58,9784287.37],[727607.88,9784282.1],[727607,9784268.27],[727602.16,9784225.8],[727601.41,9784222.76],[727598.59,9784214.08],[727596.03,9784208.26],[727591.88,9784199.8],[727587.02,9784191.77],[727582.62,9784186.02],[727576.37,9784178.48],[727569.76,9784171.73],[727566.48,9784169.06],[727558.69,9784162.97],[727550.42,9784157.91],[727536.98,9784150.49],[727416.35,9784087.17],[727411.99,9784085.44],[727404.71,9784082.24],[727402.15,9784081.51],[727394.46,9784079.01],[727384.91,9784077.09],[727382.14,9784076.71],[727377.75,9784076.29],[727371.45,9784075.99],[727366.27,9784075.91],[727358.09,9784076.69],[727355.66,9784077.02],[727347.64,9784078.69],[727343.22,9784079.52],[727332.58,9784082.66],[727326.81,9784084.77],[727267.21,9784107.97],[727255.9,9784113.03],[727248.25,9784117.25],[727240.05,9784123.11],[727234.85,9784127.25],[727229.11,9784132.42],[727224.56,9784137.39],[727219.46,9784143.47],[727197.32,9784170.86],[727192.78,9784175.8],[727187.77,9784180.34],[727182.62,9784184.26],[727177.14,9784187.21],[727171.78,9784189.24],[727169.13,9784189.91],[727163.15,9784190.68],[727157,9784190.63],[727153.73,9784190.27],[727149.29,9784189.23],[727142.22,9784186.17],[727139.21,9784184.48],[727134.65,9784181.27],[727128.85,9784175.95],[727124.91,9784171.97],[727123.18,9784170.09],[727117.09,9784162.99],[727113.29,9784158.02],[727040.04,9784069.47],[727019.32,9784048.93],[727001.55,9784037.26],[726990.14,9784031.04],[726977.2,9784025.93],[726967.32,9784023.38],[726960.54,9784022.27],[726917.18,9784020.73],[726906.72,9784020.63],[726895.81,9784021.23],[726883.71,9784022.77],[726872.84,9784024.72],[726858.68,9784029.2],[726846.55,9784034.26],[726835.61,9784039.57],[726823.43,9784046.73],[726812.3,9784053.62],[726805.21,9784058.83],[726790.7,9784072.26],[726781.96,9784081.74],[726773.04,9784092.44],[726764.91,9784100.73],[726756.53,9784108.04],[726734.74,9784126.48],[726718.07,9784138.66],[726700.19,9784150.71],[726663.14,9784172.78],[726600.32,9784210.97],[726579.59,9784221.62],[726567.11,9784227.03],[726552,9784234.12],[726538.13,9784242.04],[726529.72,9784247.59],[726521.57,9784253.76],[726510.54,9784262.64],[726496.76,9784273.46],[726490.08,9784279.86],[726482.61,9784287.18],[726475.4,9784295.29],[726469.52,9784302.74],[726463.59,9784312.71],[726449.6,9784335.84],[726428.48,9784369.96],[726415.96,9784387.98],[726408.22,9784397.07],[726402.83,9784403.04],[726393.09,9784412.68],[726387.21,9784418.95],[726367.67,9784439.24],[726351.43,9784456.73],[726341.63,9784467.88],[726320.66,9784495.06],[726301.36,9784519.49],[726288.29,9784536.23],[726279.46,9784547.25],[726269.05,9784558.15],[726261.64,9784564.6],[726254.33,9784569.77],[726247.29,9784574],[726235.58,9784579.12],[726226.64,9784582.43],[726216.35,9784585.59],[726206.57,9784588.25],[726153.28,9784602.17],[726128.02,9784607.71],[726113.22,9784610.14],[726105.31,9784610.58],[726097.69,9784610.84],[726088.39,9784610.17],[726079.07,9784608.91],[726062.93,9784605.96],[726022.38,9784598.9],[726012.73,9784597.82],[726004.17,9784597.19],[725994.87,9784597.61],[725986.92,9784599.4],[725980.7,9784602.62],[725974.81,9784607.31],[725969.3,9784613.17],[725966.66,9784617.88],[725963.67,9784623.81],[725960.72,9784637.3],[725958.83,9784648.64],[725955.06,9784679.36],[725953.58,9784692.87],[725952.42,9784700.86],[725951.1,9784708.57],[725949.86,9784714.76],[725945.96,9784727.41],[725943.33,9784734.35],[725939.76,9784741.59],[725925.14,9784770.86],[725915.76,9784788.05],[725908.41,9784800.69],[725896.79,9784815.98],[725884.78,9784827.65],[725878.44,9784833.09],[725869.2,9784840.52],[725857.85,9784848.83],[725848.66,9784854.07],[725836.93,9784858.62],[725831.45,9784859.96],[725817.18,9784859.3],[725808.51,9784856.17],[725802.04,9784851.53],[725796.86,9784846.76],[725792.55,9784841.04],[725789.65,9784835.08],[725787.17,9784826.39],[725786.76,9784820.92],[725787.47,9784814.2],[725789.56,9784806.94],[725792.74,9784800.17],[725800.2,9784789.36],[725828.45,9784760.17],[725844.29,9784744.43],[725847.6,9784739.52],[725851.65,9784732.74],[725854.42,9784722.23],[725854.83,9784714.06],[725853.67,9784705.91],[725850.98,9784698.25],[725844.92,9784690.19],[725836.21,9784680.95],[725822.13,9784666.99],[725806.71,9784651.23],[725797.19,9784641.11],[725782.41,9784622.64],[725776.44,9784613.56],[725772.99,9784607.71],[725765.42,9784593.41],[725759.36,9784579.82],[725754.87,9784567.33],[725751.47,9784555.51],[725748.6,9784543.68],[725746.88,9784534.53],[725744.61,9784520.44],[725741.52,9784496.38],[725721,9784349.96],[725716.31,9784314.65],[725713.92,9784291.89],[725713.09,9784276.45],[725712.9,9784261.01],[725713.39,9784248.81],[725714.22,9784233.6],[725718.27,9784183],[725719.82,9784167.24],[725721,9784156.93],[725722.61,9784148.03],[725724.25,9784140.47],[725727.76,9784131.83],[725731.04,9784124.95],[725737.81,9784114.29],[725746.93,9784101.93],[725756.69,9784088.14],[725764.18,9784076.52],[725768.91,9784068.48],[725772.7,9784059.68],[725775.76,9784050.32],[725777.39,9784042.23],[725778.27,9784033.82],[725778.13,9784024.18],[725777.03,9784014.73],[725774.31,9784004.47],[725769.61,9783993.47],[725753.35,9783965.86],[725746.4,9783955.63],[725740.37,9783949.63],[725734.24,9783944.34],[725728.01,9783941.4],[725721.59,9783939.18],[725717.31,9783938.37],[725711.46,9783937.98],[725705.32,9783938.31],[725695.05,9783939.48],[725610.88,9783947.05],[725598.78,9783948.36],[725590.28,9783949.56],[725582.85,9783951.57],[725576.38,9783954.16],[725570.69,9783957.61],[725564.72,9783962.76],[725559.33,9783969.16],[725552.19,9783978.64],[725529.76,9784010.51],[725515.14,9784032.08],[725506.64,9784045.9],[725498.11,9784062.24],[725494.12,9784072.25],[725490.17,9784083.68],[725486.27,9784097.07],[725480.77,9784115.36],[725475.68,9784137.17],[725468.81,9784165.69],[725465.25,9784178.73],[725460.37,9784191.96],[725445.42,9784227.72],[725431.23,9784259.48],[725424.5,9784273.69],[725420.44,9784279.46],[725415.76,9784284.3],[725411.76,9784287.04],[725408.11,9784288.78],[725403.63,9784290.66],[725398.44,9784292.45],[725390.41,9784293.7],[725382.11,9784293.38],[725375.55,9784291.84],[725368.34,9784288.49],[725362.19,9784284.63],[725355.92,9784279.95],[725342.45,9784268.77],[725332.35,9784260.77],[725321.96,9784253.11],[725310.93,9784245.49],[725302.18,9784240.22],[725290.5,9784233.66],[725277.47,9784226.75],[725261.02,9784217.46],[725251.51,9784211.61],[725241.48,9784203.55],[725234.93,9784197.13],[725226.99,9784187.87],[725220.98,9784179.64],[725216.23,9784172.2],[725211.02,9784162.64],[725206.84,9784154.54],[725203.89,9784145.6],[725200.64,9784135.37],[725198.85,9784122.95],[725197.98,9784110.15],[725198.42,9784101.68],[725200.28,9784083.52],[725202.08,9784068.85],[725206.8,9784044.31],[725211.78,9784021.39],[725223.49,9783965.27],[725229.64,9783934.51],[725231.62,9783925.4],[725233.42,9783914.64],[725233.99,9783907.38],[725234.21,9783901.19],[725233.97,9783893.48],[725233.67,9783889.1],[725232.87,9783883.54],[725231.01,9783873.56],[725227.9,9783860.81],[725221.34,9783837.59],[725212.31,9783804.85],[725199.21,9783756.91],[725193.18,9783735.79],[725191.85,9783729.47],[725190.36,9783723.03],[725188.83,9783713.56],[725188.39,9783707.86],[725188.33,9783700.89],[725189.02,9783694.04],[725190.14,9783688.41],[725191.89,9783682.64],[725194.27,9783676.18],[725197.55,9783670.04],[725203.11,9783661.37],[725209.64,9783653.74],[725220,9783642.72],[725239.16,9783623.56],[725250.76,9783611.41],[725254.71,9783605.28],[725258.36,9783598.43],[725260.28,9783593.13],[725261.63,9783587.42],[725262.36,9783581.37],[725262.2,9783575.58],[725261.82,9783568.43],[725260.52,9783550.87],[725257.38,9783511.53],[725256.31,9783487.32],[725256.35,9783477.44],[725257.34,9783468.12],[725258.73,9783459.48],[725261.39,9783450.9],[725266.39,9783439.4],[725271.95,9783429.83],[725278.96,9783420.28],[725288.23,9783409.44],[725313.25,9783381.53],[725327.05,9783365.45],[725333.9,9783357.25],[725338.71,9783350.94],[725343.61,9783343.86],[725349.73,9783333.68],[725354.65,9783324.29],[725360.02,9783312.13],[725363.86,9783301.65],[725367.02,9783291.19],[725370.58,9783274.49],[725371.89,9783264.6],[725372.73,9783253.65],[725374.66,9783224.09],[725375.93,9783201.3],[725376.41,9783194.84],[725377.63,9783187.42],[725379.34,9783179.8],[725382.52,9783172.73],[725387.86,9783164.93],[725394.32,9783158.4],[725409.06,9783147.86],[725434.64,9783130.76],[725441.01,9783125.3],[725447.01,9783118.95],[725450.5,9783113.7],[725453.77,9783108.18],[725457.14,9783100.22],[725460.1,9783091.15],[725472.66,9783051.13],[725476.2,9783040.44],[725479.95,9783028.52],[725483.58,9783018.49],[725488.11,9783009.7],[725494.29,9783000.63],[725503.93,9782990.39],[725518.83,9782975.54],[725527.66,9782966.84],[725533.88,9782959.56],[725538.24,9782952.84],[725541.76,9782944.85],[725543.16,9782938.14],[725543.13,9782932.98],[725542.28,9782927.02],[725540.26,9782921.27],[725537.41,9782915.94],[725532.45,9782910.16],[725527.01,9782906.11],[725520.6,9782902.77],[725510.79,9782900.14],[725500.47,9782897.91],[725484.06,9782896.78],[725454.7,9782893.92],[725414.23,9782890.1],[725400.79,9782888.22],[725387.76,9782885.58],[725377.17,9782881.98],[725368.8,9782877.21],[725361.69,9782871.68],[725355.43,9782864.67],[725351.42,9782857.55],[725348.98,9782850.9],[725347.29,9782841.52],[725347.45,9782832.78],[725349.23,9782824.36],[725352.34,9782816.7],[725356.72,9782809.44],[725361.15,9782804.26],[725367.72,9782798.18],[725380.3,9782789.59],[725393.96,9782782.76],[725445.45,9782758.54],[725468.13,9782747.74],[725478.04,9782742.57],[725484.49,9782738.66],[725491.15,9782733],[725495.48,9782727.2],[725498.74,9782720.47],[725500.45,9782715.03],[725501.76,9782708.72],[725502.56,9782696.79],[725502.88,9782651.89],[725503.13,9782640.74],[725504.18,9782632.12],[725505.16,9782626.4],[725507.09,9782619.9],[725510.83,9782613.2],[725517.4,9782604.35],[725544.14,9782575.82],[725561.43,9782558.59],[725577.76,9782542.1],[725587.15,9782533.98],[725594.06,9782528.78],[725601.65,9782523.62],[725610.85,9782518.53],[725622.3,9782513.35],[725635.04,9782509.65],[725647.84,9782507.05],[725658.47,9782505.33],[725687.87,9782501.77],[725699.69,9782498.72],[725705.53,9782495.91],[725711.8,9782491.66],[725717.05,9782485.93],[725721.07,9782479.62],[725723.92,9782473.27],[725727.02,9782463.79],[725731.04,9782449.8],[725736.93,9782431.43],[725739.5,9782425.99],[725743.78,9782418.75],[725749.37,9782412.15],[725754.47,9782407.76],[725761.27,9782403.07],[725772.6,9782397.52],[725791.15,9782390.37],[725826,9782376.5],[725842.95,9782370.08],[725852.26,9782365.66],[725861.31,9782360.23],[725866.67,9782356.08],[725871.74,9782351.13],[725876.49,9782345.68],[725880.76,9782339.53],[725884.4,9782333.26],[725887.04,9782327.96],[725889.75,9782319.78],[725891.28,9782312.99],[725892.46,9782305.3],[725892.85,9782297.62],[725892.18,9782289.69],[725891,9782282.49],[725886.03,9782265.93],[725880.92,9782251.24],[725861.23,9782195.9],[725850.07,9782163.83],[725846.71,9782152.7],[725844.94,9782145.88],[725844.19,9782137.65],[725844.32,9782129.96],[725845.49,9782122.58],[725848.22,9782115.25],[725852.34,9782108.59],[725857.89,9782102.22],[725863.96,9782097.09],[725872.08,9782093.47],[725880.72,9782091.02],[725889.7,9782090.7],[725898.49,9782091.55],[725907.91,9782094.11],[725922.76,9782099.55],[725957.7,9782113.52],[725977.59,9782121.7],[725987.27,9782125.07],[725996.24,9782127.17],[726004.83,9782128.28],[726012.6,9782128.09],[726027.75,9782125.33],[726034.98,9782122.6],[726047.13,9782117.66],[726087.42,9782098.34],[726105.53,9782090.29],[726116.98,9782084.37],[726125.7,9782078.54],[726132.24,9782072.89],[726137.2,9782067.61],[726139.77,9782064.12],[726144.48,9782056.79],[726147.59,9782049.12],[726149.95,9782042.21],[726151.48,9782034.85],[726151.86,9782026.93],[726151.89,9782019.13],[726151.36,9782008.4],[726147.29,9781969.98],[726145.02,9781947.74],[726142.99,9781937.03],[726141.11,9781930.33],[726138.54,9781923.62],[726134.68,9781916.11],[726130.79,9781910.51],[726126.07,9781905.69],[726121.2,9781901.81],[726116.29,9781898.8],[726108.72,9781895.4],[726100.68,9781893.83],[726084.95,9781892.92],[726071.5,9781893.71],[726056.43,9781894.42],[726045.17,9781895.26],[726034.12,9781895.49],[726021.17,9781895.45],[726011.26,9781894.66],[726002.17,9781893],[725992.5,9781889.94],[725983.37,9781886.84],[725973.45,9781882.99],[725958.82,9781877.05],[725899.74,9781853.47],[725873.84,9781842.65],[725862.7,9781837.53],[725855.47,9781833.73],[725847.95,9781829.07],[725840.79,9781824.14],[725836.05,9781819.52],[725831.95,9781815.35],[725827.94,9781810.77],[725823.18,9781804.67],[725818.92,9781797.93],[725816.05,9781792.06],[725812.22,9781781.01],[725810.69,9781772.78],[725810.08,9781765.01],[725810.25,9781756.5],[725811.43,9781748.14],[725812.77,9781742.35],[725815.1,9781734.56],[725822.03,9781720.09],[725827.2,9781712.88],[725833.66,9781705.84],[725839.49,9781700.14],[725846.02,9781694.64],[725853.06,9781689.52],[725864.14,9781681.88],[725922.14,9781644.89],[725987.34,9781603.58],[725998.81,9781596.76],[726010.31,9781590.95],[726020.29,9781587.33],[726029.45,9781585.24],[726039.5,9781583.92],[726048.95,9781583.63],[726057.78,9781584.19],[726068.35,9781585.32],[726095.27,9781589.89],[726146.5,9781599.27],[726195.5,9781607.6],[726233.18,9781613.71],[726254.88,9781617.63],[726263.14,9781619.03],[726273.85,9781619.98],[726281.07,9781619.94],[726289.09,9781618.98],[726296.56,9781617.56],[726305.55,9781614.48],[726310.47,9781612.01],[726316.37,9781608.54],[726322.51,9781603.41],[726328.11,9781598.18],[726332.85,9781592.33],[726337.17,9781584.78],[726340.25,9781578.42],[726342.54,9781572.43],[726343.82,9781566.79],[726344.92,9781560.95],[726345.39,9781554.57],[726345.55,9781548.48],[726344.96,9781538.68],[726340.01,9781485.67],[726339.26,9781473.01],[726338.24,9781462.22],[726338.15,9781456.53],[726338.92,9781449.97],[726341.06,9781440.05],[726343.28,9781434.42],[726346.7,9781427.74],[726351.23,9781420.88],[726357.98,9781413.5],[726363.07,9781408.17],[726379.34,9781393.27],[726385.99,9781385.99],[726390.55,9781379.37],[726393.67,9781373.69],[726394.93,9781370.08],[726396.54,9781363.85],[726397.32,9781356.38],[726396.97,9781348.32],[726395.31,9781342.04],[726392.52,9781335.68],[726388.54,9781329.36],[726381.88,9781321.98],[726376.88,9781317.66],[726369.4,9781311.86],[726360.62,9781306.34],[726309.53,9781273.41],[726280.58,9781255.03],[726270.94,9781248.67],[726264.57,9781245.38],[726257.81,9781242.62],[726249.03,9781239.32],[726240.97,9781236.92],[726230.8,9781234.81],[726211.57,9781231.93],[726197.38,9781229.72],[726187.03,9781228],[726178.73,9781225.88],[726171.16,9781223.37],[726165.19,9781220.28],[726159.06,9781216.32],[726154.66,9781212.05],[726150.47,9781207.07],[726148.01,9781202.82],[726146.05,9781198.53],[726144.76,9781195.91],[726144.01,9781193.16],[726143.39,9781190.01],[726142.78,9781186.13],[726142.76,9781180.55],[726143.68,9781172.72],[726146.08,9781165.67],[726149.34,9781159.19],[726152.84,9781154.34],[726158,9781148.71],[726163.04,9781144.11],[726170.34,9781139.02],[726178.77,9781133.5],[726196.51,9781122.88],[726240.82,9781096.06],[726271.17,9781077.79],[726278.2,9781073.43],[726288.4,9781068.14],[726298.94,9781063.06],[726308.05,9781059.46],[726317.47,9781056.72],[726326.38,9781054.63],[726336.2,9781053.01],[726344.73,9781051.83],[726362.74,9781050.61],[726425.78,9781046.97],[726439.45,9781046.26],[726446.2,9781045.59],[726452.06,9781044.82],[726461.97,9781042.21],[726471.44,9781038.09],[726478.08,9781033.81],[726483.48,9781029.62],[726486.79,9781026.24],[726490.7,9781021.62],[726495.66,9781013.76],[726500.27,9781003.73],[726535.71,9780908.14],[726546.27,9780879.31],[726550.58,9780868.1],[726553.36,9780859.59],[726555.27,9780851.28],[726556.02,9780843.68],[726555.5,9780837.83],[726553.66,9780829.85],[726549.63,9780822.33],[726544.23,9780816.48],[726539.4,9780812.65],[726534.28,9780809.82],[726525.95,9780806.43],[726516.25,9780803.5],[726504.66,9780800.23],[726487.59,9780795.78],[726472.96,9780791.54],[726463.89,9780788.36],[726454.57,9780784.65],[726445.15,9780779.85],[726436.68,9780774.79],[726429.42,9780769.44],[726421.51,9780762.88],[726414.74,9780756.62],[726409.14,9780750.68],[726404.51,9780744.91],[726400.16,9780738.13],[726395.68,9780731.45],[726390.86,9780722.11],[726382.47,9780703.95],[726362.22,9780657.48],[726354.78,9780639.45],[726351.79,9780631.92],[726349.83,9780626.68],[726347.99,9780620.53],[726346.46,9780612.61],[726345.47,9780602.59],[726345.28,9780591.7],[726345.67,9780581.61],[726347.07,9780567.05],[726350.04,9780540.36],[726352.05,9780531.13],[726354.71,9780523.74],[726358.81,9780514.05],[726363.92,9780505.79],[726369.89,9780497.58],[726380.39,9780485.75],[726392.84,9780472.09],[726398.02,9780466.62],[726400.71,9780463.43],[726403.78,9780458.84],[726408.78,9780449.31],[726411.54,9780441],[726413.55,9780432.95],[726414.17,9780425.23],[726414.18,9780415.77],[726414.74,9780402.11],[726415.19,9780363.03],[726415.66,9780342.8],[726415.35,9780327.48],[726413.86,9780317],[726411.99,9780310.46],[726408.83,9780303.89],[726403.97,9780297.4],[726400.43,9780293.79],[726394.51,9780290.48],[726388.79,9780287.57],[726383.58,9780286.05],[726377.86,9780285.13],[726371.26,9780285.33],[726363.36,9780287.31],[726358.74,9780288.96],[726352.38,9780292.85],[726346.52,9780297.44],[726327.98,9780316.29],[726241.56,9780408.68],[726234.75,9780415.36],[726228.93,9780420.87],[726221.56,9780426.99],[726214.78,9780431.95],[726207.74,9780435.95],[726200.64,9780439.75],[726193.39,9780442.47],[726185.91,9780445.17],[726179.38,9780446.81],[726171.8,9780448.33],[726156.79,9780449.85],[726139.87,9780450.91],[726134.82,9780451.01],[726126.75,9780450.3],[726120.53,9780449.27],[726113.81,9780446.92],[726107.85,9780443.75],[726102.68,9780440.03],[726097.8,9780434.25],[726094.36,9780427.75],[726092.45,9780421.93],[726091.34,9780414.09],[726091.92,9780407.58],[726093.67,9780400.76],[726097.43,9780392.9],[726101.63,9780386.69],[726109.17,9780378.07],[726127.9,9780360.08],[726134.58,9780353.11],[726140.02,9780346.56],[726144.28,9780339.96],[726148.73,9780332.24],[726152.21,9780325.91],[726179.79,9780256.35],[726195.13,9780217.23],[726205.14,9780191.31],[726222.01,9780148.81],[726227.93,9780134.88],[726233.42,9780123.98],[726239.15,9780114.5],[726242.73,9780109.58],[726247.26,9780103.86],[726252.21,9780098.45],[726260.99,9780090.29],[726268.5,9780084.15],[726277.34,9780078.1],[726286.04,9780073.05],[726296.97,9780067.71],[726314.3,9780060.95],[726349.84,9780047.46],[726367.26,9780040.41],[726376.51,9780036.03],[726383.84,9780031.38],[726391.65,9780024.9],[726396.51,9780019.2],[726401.16,9780012.56],[726404.54,9780005.62],[726406.72,9779999.77],[726408.76,9779992.47],[726409.86,9779985.47],[726410.07,9779980.28],[726409.52,9779973.15],[726408.24,9779965.29],[726406.42,9779959.52],[726404.29,9779954.38],[726401.09,9779948.13],[726396.05,9779940.72],[726389.53,9779933.37],[726381.61,9779925.53],[726365.62,9779910.46],[726362.98,9779907.43],[726358.76,9779902.31],[726354.77,9779896.42],[726351.9,9779889.87],[726350.62,9779885.29],[726349.76,9779879.31],[726349.74,9779874.91],[726350.09,9779871.53],[726351.13,9779866.82],[726354.63,9779858.43],[726360.22,9779850.15],[726365.15,9779844.75],[726401.69,9779810.06],[726406.27,9779803.87],[726412.54,9779793.87],[726415.51,9779785.77],[726417.15,9779777.29],[726417.73,9779771.15],[726417.26,9779763.98],[726416.46,9779757.87],[726415.05,9779752.62],[726412.93,9779746.86],[726410.13,9779741.29],[726406.75,9779736.5],[726401.69,9779730.47],[726395.67,9779724.81],[726388.37,9779719.5],[726379.34,9779713.67],[726370.44,9779708.36],[726353.82,9779698.72],[726334.97,9779687.58],[726325.88,9779682.07],[726315.68,9779675.29],[726306.82,9779668.79],[726294.98,9779659.36],[726254.71,9779623.3],[726244.7,9779613.87],[726234.59,9779603.77],[726226.56,9779593.21],[726220.8,9779583.29],[726217.66,9779574.63],[726215.51,9779565.4],[726215.25,9779552.35],[726217.27,9779540.05],[726222.7,9779526.91],[726227.15,9779520.52],[726234.19,9779512.01],[726244.54,9779503.66],[726256.09,9779497.39],[726269.45,9779492.41],[726287.43,9779486.45],[726330.48,9779472.9],[726349.01,9779467.56],[726361.93,9779462.26],[726371.56,9779457.08],[726378.78,9779451.69],[726386.8,9779443.31],[726392.02,9779436.13],[726395.99,9779429.22],[726398.94,9779422.66],[726402.66,9779411.53],[726405.35,9779402.79],[726408.43,9779392.36],[726413.72,9779376.4],[726424.02,9779343.87],[726425.93,9779334.82],[726427.63,9779324.14],[726428.03,9779313.79],[726427.92,9779304.31],[726425.62,9779291.93],[726423.18,9779282.65],[726418.37,9779270.86],[726413.09,9779261.58],[726405.56,9779250.51],[726395.13,9779239.73],[726381.02,9779229.11],[726371.53,9779222.93],[726355.92,9779214]]]}},{"type":"Feature","properties":{"NOMBRE":"PENIPE-PUELA - CAHUAJÍ BAJO"},"geometry":{"type":"MultiLineString","coordinates":[[[774206.38,9826435.87],[774209.13,9826434.12],[774213.49,9826430.97],[774218.4,9826426.07],[774221.38,9826422.39],[774226.14,9826415.3],[774227.6,9826412.23],[774229.39,9826409.06],[774231.03,9826405.45],[774233.1,9826399.05],[774233.95,9826395.89],[774234.67,9826391.79],[774235.81,9826384.61],[774237.35,9826365.88],[774259.81,9826148.81],[774260.55,9826132.21],[774259.86,9826112.02],[774257.29,9826095.62],[774253.38,9826081.52],[774243.25,9826056.69],[774238.87,9826048.55],[774227.71,9826032.01],[774214.48,9826016.35],[774154.42,9825950.83],[774148.82,9825943.69],[774145.83,9825939.75],[774144.26,9825936.56],[774142.99,9825933.74],[774142.16,9825931.16],[774141.59,9825928.82],[774140.74,9825922.81],[774141.02,9825918.78],[774141.43,9825915.25],[774142.41,9825911.64],[774143.6,9825908.6],[774145.11,9825905.61],[774146.83,9825902.91],[774148.92,9825900.45],[774151.13,9825898.23],[774153.58,9825896.26],[774156.75,9825894.25],[774160.67,9825892.57],[774164.79,9825891.1],[774168.54,9825890.47],[774172.42,9825890.15],[774176.25,9825890.36],[774179.53,9825891.14],[774183.16,9825892.15],[774186.65,9825893.56],[774189.85,9825895.21],[774193.42,9825897.61],[774196.42,9825900.35],[774199.62,9825903.45],[774203.03,9825906.9],[774223.08,9825929.6],[774237.53,9825946.4],[774242.09,9825952.13],[774255.07,9825968.12],[774267.28,9825984.94],[774270.17,9825989],[774289.55,9826019.17],[774314.53,9826062.23],[774328.57,9826092.52],[774338.74,9826121.12],[774347.79,9826162.58],[774350.94,9826184.37],[774353,9826207.38],[774353.67,9826230.79],[774348.22,9826454.08],[774347.98,9826457.98],[774348.02,9826462.27],[774348.77,9826471.62],[774349.03,9826477.98],[774350.06,9826486.5],[774351.91,9826496.32],[774352.78,9826500.49],[774353.82,9826504.78],[774354.57,9826507.18],[774355.12,9826509.41],[774355.76,9826511.18],[774356.34,9826513.12],[774357.64,9826516.73],[774360.48,9826524.14],[774361.59,9826526.25],[774362.78,9826529.03],[774368.7,9826540.25],[774371.62,9826544.78],[774373.02,9826547.13],[774375.71,9826550.73],[774377.66,9826553.78],[774380.12,9826556.66],[774382.39,9826559.65],[774385.31,9826562.87],[774387.91,9826566.04],[774391.05,9826569.68],[774397.97,9826577.09],[774434.44,9826613.13],[774461.84,9826642.02],[774475.49,9826661.25],[774476.59,9826662.96],[774477.7,9826665.14],[774484.25,9826677.2],[774491.33,9826697.93],[774494.15,9826710.52],[774496.18,9826724.12],[774496.85,9826732.43],[774500.9,9826801.19],[774508.58,9826940.88],[774508.77,9826945.3],[774508.98,9826947.86],[774513.61,9826973.82],[774514.45,9826976.93],[774514.94,9826979.78],[774515.93,9826982.82],[774518.25,9826991.82],[774519.11,9826994.48],[774520,9826996.87],[774528.86,9827017.2],[774535.7,9827030.95],[774544.5,9827045.38],[774553.61,9827057.51],[774561.49,9827067.05],[774567.71,9827074.4],[774574.9,9827081.52],[774576.9,9827083.6],[774594.34,9827097.87],[774606.29,9827107.93],[774624.74,9827122.34],[774719.32,9827195.32],[774861.66,9827304.88],[774865.4,9827308.1],[774868.07,9827310.2],[774874.07,9827315.37],[774889.48,9827330.48],[774891.95,9827333.12],[774894.26,9827335.67],[774900.72,9827343.55],[774906.09,9827351],[774910.41,9827356.77],[774915.41,9827364.6],[774921.62,9827376.41],[774930.67,9827396.56],[774937.12,9827414.38],[774941.63,9827432.21],[774944.7,9827461.77],[774945.25,9827469.19],[774944.9,9827480.84],[774943.39,9827501.63],[774941.69,9827512.77],[774939.32,9827523.43],[774931.48,9827548.3],[774890.14,9827654.81],[774875.71,9827686.4],[774872.05,9827693.61],[774866.92,9827703.08],[774856.61,9827721.85],[774853.46,9827727.26],[774850.67,9827731.43],[774846.78,9827737.79],[774834.87,9827755.78],[774820.36,9827775.13],[774749.24,9827872.12],[774743.99,9827879.18],[774738.46,9827886.95],[774733.17,9827894.14],[774714.86,9827918.52],[774709.85,9827925.81],[774701.32,9827936.9],[774696.33,9827943.87],[774684.41,9827960.07],[774679.94,9827966.39],[774676.36,9827971.57],[774673.04,9827976.98],[774667.06,9827988.12],[774664.07,9827993.38],[774658.93,9828002.82],[774650.84,9828015.26],[774646.48,9828021.18],[774641.39,9828027.33],[774637.52,9828031.84],[774633.58,9828035.98],[774620.75,9828047.96],[774562.89,9828099.31],[774537.98,9828120.02],[774532.84,9828123.93],[774525.6,9828129.93],[774512.34,9828139.96],[774508.22,9828142.52],[774492.01,9828153.76],[774487.74,9828156.57],[774485.39,9828158.32],[774482.25,9828160.38],[774467.68,9828169.57],[774462.39,9828172.73],[774431.35,9828190.48],[774428.02,9828192.02],[774424.77,9828193.69],[774422.85,9828194.84],[774419.71,9828196.35],[774411.92,9828200.34],[774401.46,9828205.5],[774346.03,9828232.33],[774337.47,9828236.38],[774330.8,9828239.9],[774326.41,9828242.56],[774320.33,9828246.04],[774316.07,9828248.85],[774301.66,9828259.19],[774298.52,9828261.75],[774293.76,9828266.2],[774283.89,9828275.98],[774281.63,9828278.47],[774279.39,9828281.22],[774272.21,9828290.76],[774268.12,9828296.66],[774259,9828312.57],[774257.24,9828316.2],[774254.78,9828322.16],[774211.97,9828455.29],[774209.53,9828461.06],[774205.27,9828470.24],[774203.73,9828473.33],[774202.33,9828475.77],[774200.99,9828477.62],[774199.16,9828480.54],[774196.4,9828484.46],[774192.33,9828489.88],[774187.22,9828497.27],[774152.78,9828542.83],[774138.36,9828561.74],[774129.87,9828573.5],[774126.39,9828579.21],[774123.04,9828584.9],[774119.55,9828591.73],[774116.63,9828597.97],[774113.93,9828605.15],[774111.58,9828612.33],[774110.3,9828618.9],[774109.52,9828622.39],[774109.2,9828624.88],[774108.84,9828626.76],[774108.59,9828629.04],[774108.09,9828638.06],[774107.83,9828640.93],[774108.2,9828650.49],[774109.33,9828659.15],[774110.76,9828665.47],[774111.72,9828669.15],[774112.85,9828672.85],[774117.08,9828684.38],[774121.38,9828693.98],[774126.44,9828703.95],[774133.64,9828717.26],[774178.88,9828803.09],[774210.45,9828862.38],[774234.59,9828897.45],[774254.41,9828919.68],[774285.55,9828953.07],[774325.7,9828994.01],[774381.44,9829048.84],[774419.7,9829079.23],[774494,9829131.39],[774560.61,9829182.59],[774611.52,9829233.32],[774653.58,9829286.07],[774705.25,9829357.16],[774721.09,9829379.92],[774752.02,9829429.83],[774761.65,9829447.52],[774788.08,9829504.13],[774868.7,9829685.66],[774913.7,9829770.41],[774921.31,9829783.29],[774926.86,9829792.31],[774938.93,9829809.37],[774950.66,9829822.44],[774958.43,9829830.17],[774967.04,9829837.63],[774971.96,9829841.45],[774982.19,9829848.84],[774996.52,9829858.19],[775013.46,9829866.66],[775100.03,9829907.19],[775159.15,9829934.27],[775308.9,9830003.96],[775316.47,9830007.75],[775323.54,9830011.65],[775330.73,9830016.49],[775340.15,9830023.9],[775351.37,9830034.45],[775357.85,9830041.55],[775363.01,9830047.86],[775368.53,9830056.3],[775373.55,9830064.67],[775380.66,9830079.09],[775384.49,9830088.5],[775388.56,9830101.26],[775404.53,9830156.74],[775422,9830212.9],[775429.08,9830229.69],[775440.47,9830248.03],[775447.91,9830257.45],[775454.4,9830264.88],[775462.75,9830273.01],[775475.98,9830284.14],[775551.29,9830341],[775627.87,9830400.42],[775636.52,9830408.65],[775644.14,9830417.01],[775656.69,9830433.3],[775666.32,9830449.04],[775673.29,9830463.38],[775679.08,9830478.85],[775683.32,9830493.44],[775699,9830557.88],[775700.3,9830562.4],[775703.23,9830571.46],[775706.02,9830578.37],[775709.25,9830585.18],[775711.15,9830588.82],[775715.36,9830595.76],[775719.71,9830601.94],[775725.41,9830608.86],[775728.88,9830612.72],[775737.1,9830620.45],[775746.3,9830628.03],[775749.74,9830630.51],[775753.88,9830633.05],[775758.44,9830635.59],[775766.89,9830639.84],[775776.62,9830643.53],[775782.63,9830645.5],[775791.55,9830647.88],[775801.92,9830650.32],[775812.03,9830651.51],[775899.11,9830663.41],[775922.4,9830667.4],[775941.37,9830672.7],[775949.26,9830675.65],[775956.95,9830678.9],[775966.49,9830683.8],[775986.83,9830696.92],[776028.78,9830730.13],[776055.61,9830751.81],[776071.03,9830763.89],[776080.18,9830770.81],[776099.08,9830782.59],[776117.29,9830792.29],[776122.18,9830794.56],[776127.43,9830796.77],[776139.98,9830801.31],[776150.02,9830804.71],[776157.45,9830806.58],[776165.18,9830808.33],[776177.09,9830810.44],[776186.48,9830811.9],[776316.84,9830825.88],[776355.53,9830829.97],[776361.46,9830830.47],[776378.08,9830832.3],[776395.28,9830834.42],[776401.28,9830834.9],[776412.29,9830836.82],[776423.02,9830838.84],[776429.65,9830841.26],[776434.46,9830843.89],[776439.47,9830846.83],[776443.93,9830850.03],[776453.13,9830858.66],[776458.72,9830865.64],[776462.85,9830871.88],[776466.65,9830878.16],[776495.9,9830935.5],[776535.57,9831015.52],[776543.46,9831033.88],[776546.96,9831042.58],[776553.33,9831061.39],[776559.39,9831081.08],[776595.64,9831225.35],[776615.43,9831304.52],[776654.54,9831462.09],[776676.08,9831543.73],[776682.08,9831559.8],[776685.14,9831567.23],[776688.62,9831575.23],[776692.93,9831583.1],[776697.93,9831590.47],[776709.36,9831606.18],[776716.98,9831614.9],[776722.82,9831620.63],[776728.84,9831626.96],[776734.75,9831632.2],[776739.97,9831636.46],[776746.82,9831641.77],[776763.63,9831651.92],[776781.08,9831660.91],[776794.43,9831666.03],[776801.95,9831668.57],[776815.4,9831672.67],[776825.35,9831674.48],[776836.13,9831676.19],[776855.93,9831677.66],[777003.43,9831684.49],[777022.3,9831684.55],[777030.08,9831683.63],[777038.78,9831681.48],[777045.71,9831679.27],[777054.48,9831675.21],[777155.34,9831617.19],[777163.75,9831613.08],[777172.08,9831609.78],[777179.57,9831607.21],[777190.19,9831604.13],[777198.08,9831602.58],[777205.66,9831601.79],[777213.98,9831601.28],[777230.78,9831601.46],[777239.81,9831602.77],[777248.48,9831604.53],[777258.74,9831607.71],[777267.86,9831611.09],[777284.79,9831619.18],[777290.89,9831623.01],[777304.78,9831632.38],[777317.84,9831645.78],[777325.09,9831654.66],[777330.5,9831662.92],[777335.34,9831671.49],[777340.1,9831681.69],[777344.36,9831695.12],[777349.38,9831713.48],[777351.38,9831730.13],[777350.36,9831744.84],[777348.84,9831755.82],[777346.89,9831763.7],[777341.37,9831780.79],[777339.26,9831785.81],[777337.16,9831790.67],[777333.18,9831798.09],[777327.48,9831807.15],[777324.03,9831811.19],[777320.44,9831815.95],[777317.31,9831819.69],[777312.73,9831823.9],[777308.46,9831827.53],[777300.67,9831834.71],[777295.7,9831838.38],[777278.09,9831848.59],[777266.54,9831853.08],[777256.92,9831856.43],[777241.74,9831860.03],[777216.83,9831864.48],[777191.73,9831869.83],[777157.12,9831883.02],[777127.44,9831897.91],[777023.04,9831952.2],[776805.43,9832077.09],[776749.27,9832109.52],[776704.94,9832133.61],[776658.5,9832154.21],[776620.43,9832168.12],[776574.62,9832181.37],[776286.54,9832261.05],[776195.49,9832287.45],[776190.87,9832289.22],[776186.52,9832291.14],[776174.36,9832297.37],[776169.35,9832300.1],[776156.2,9832309.36],[776145.1,9832318.6],[776143.28,9832320.25],[776128.82,9832335.91],[776100.64,9832370.55],[776060.31,9832421.78],[776042.78,9832449.22],[776041.32,9832452.12],[776036.05,9832463.46],[776034.02,9832468.05],[776032.85,9832471.88],[776028.56,9832487.43],[776028,9832491.01],[776025.42,9832516.81],[776025.43,9832520.73],[776025.84,9832531.69],[776026.08,9832535.36],[776026.69,9832539.72],[776027.88,9832545.43],[776031.05,9832558.98],[776033.53,9832568.08],[776039.51,9832584.22],[776047.33,9832603.56],[776074.84,9832666.16],[776077.01,9832672.69],[776084.68,9832694.95],[776086.95,9832703.72],[776088.28,9832710.7],[776089.07,9832720.96],[776090.55,9832734.67],[776089.38,9832749.33],[776083.74,9832771.27],[776074.96,9832791.64],[776063.44,9832812.72],[776027.71,9832871.8],[776016.68,9832895.01]]]}},{"type":"Feature","properties":{"NOMBRE":"SOCAVÓN (VÍA RIOBAMBA-CEBADAS)-EL ATILLO-KM 54.6 (VIA CEBADAS - ALSHI)"},"geometry":{"type":"MultiLineString","coordinates":[[[763205.09,9792277.59],[763196.69,9792267.66],[763188.96,9792256.68],[763157.05,9792163.02],[763151.69,9792149.03],[763149.79,9792141.16],[763149.1,9792133.78],[763149.23,9792126.96],[763154.35,9792112.19],[763160.92,9792104.79],[763170.32,9792098.38],[763179.25,9792094.88],[763190.52,9792094.23],[763199.41,9792096.14],[763207.62,9792099.95],[763213.74,9792104.15],[763226.18,9792116.66],[763265.45,9792158.32],[763275.21,9792166.99],[763284.51,9792172.85],[763294.16,9792176.27],[763310.87,9792179.83],[763323.04,9792178.68],[763335.37,9792175.34],[763347.08,9792169.18],[763356.87,9792160.48],[763364.54,9792151.18],[763371.22,9792140.53],[763389.27,9792107.08],[763397.68,9792092.79],[763407.85,9792079.17],[763433.48,9792051.27],[763449.32,9792034.29],[763456.27,9792024.45],[763461.39,9792013.1],[763462.86,9792002.11],[763460.79,9791990.25],[763455.17,9791979.44],[763446.19,9791970.94],[763435.69,9791966.25],[763425.18,9791964.84],[763416.93,9791965.31],[763407.69,9791967.89],[763399.7,9791973.25],[763393.46,9791979.57],[763387.22,9791988.24],[763379.51,9792004.44],[763357.15,9792053.23],[763351.48,9792065.04],[763345.77,9792072.42],[763339.65,9792078.6],[763330.1,9792083.59],[763319.64,9792085.85],[763308.91,9792084.64],[763300.83,9792081.66],[763293.38,9792075.92],[763285.4,9792068.09],[763250.81,9792020.6],[763242.67,9792010.9],[763233.74,9792001.56],[763225.47,9791993.72],[763212.71,9791983.45],[763193.34,9791970.09],[763148.66,9791940.28],[763137.45,9791931.91],[763118.79,9791917.01],[763105.23,9791904.71],[763063.04,9791864.2],[762902.07,9791708.83],[762876.83,9791686.6],[762859.11,9791672.11],[762825.66,9791646.44],[762710.04,9791560.14],[762699.12,9791551.27],[762689.75,9791543.11],[762681.43,9791534.62],[762672.7,9791525.09],[762664.49,9791515.04],[762655.43,9791502.37],[762636.53,9791474.52],[762618.43,9791448.53],[762609.82,9791434.53],[762603.29,9791422.55],[762594.42,9791405.76],[762588.14,9791391.62],[762581.91,9791376.67],[762573.2,9791353.21],[762544.66,9791269.21],[762499.76,9791134.83],[762418.04,9790883.76],[762384.83,9790782.16],[762380.44,9790769.23],[762374.64,9790753.82],[762369.89,9790742.13],[762365.41,9790732.24],[762359.31,9790719.63],[762351.07,9790704.31],[762343.17,9790690.53],[762314.36,9790647.27],[762310,9790640.47],[762306.86,9790634.7],[762303.26,9790627.35],[762299.6,9790617.52],[762296.83,9790605.84],[762295.5,9790595.39],[762290.06,9790536.61],[762288.85,9790524.76],[762287.37,9790514.9],[762284.94,9790503.62],[762282.05,9790492.44],[762278.86,9790483.67],[762275.7,9790474.35],[762267.81,9790457.22],[762257.79,9790437.56],[762233.64,9790391.51],[762228.9,9790382.75],[762223.94,9790372.73],[762219.56,9790362.41],[762215.16,9790350.9],[762211.97,9790341.16],[762208.88,9790331.12],[762205.84,9790319.12],[762202.99,9790304.63],[762201.12,9790291.35],[762200.01,9790280.57],[762199.51,9790270.92],[762199.33,9790259.93],[762199.74,9790250.61],[762200.52,9790238.17],[762203.42,9790207.11],[762207.74,9790159.52],[762213.02,9790104.45],[762213.97,9790091.19],[762214.42,9790076.76],[762214.29,9790066],[762213.78,9790050.88],[762211.96,9790031.21],[762206.42,9789988.14],[762200.69,9789954.17],[762197.61,9789945.72],[762192.63,9789938.28],[762185.85,9789931.56],[762177.51,9789926.35],[762170.63,9789923.87],[762156.05,9789920.97],[762120.25,9789918.68],[762098.95,9789916.09],[762088.44,9789912.96],[762076.97,9789907.79],[762069.37,9789901.95],[762062.63,9789895.59],[762054.38,9789886.62],[762046.5,9789877.19],[762031.74,9789858.9],[762019.74,9789842.78],[762010.72,9789830.01],[762002.7,9789817.95],[761996.11,9789807.05],[761990.19,9789797.02],[761982.5,9789783.61],[761974.57,9789768.5],[761965.36,9789749.79],[761960.07,9789738.64],[761954.8,9789725.82],[761948.89,9789710.26],[761939.6,9789685.19],[761905.09,9789587.9],[761900.76,9789574.89],[761898.25,9789565.85],[761895.82,9789553.74],[761894.61,9789540.59],[761894.57,9789529.16],[761897.49,9789502.72],[761899.07,9789487.21],[761914.05,9789357.45],[761917.23,9789326.28],[761917.62,9789315.61],[761917.64,9789305.05],[761916.43,9789292.93],[761915.07,9789283.29],[761913.08,9789273.35],[761910.61,9789263.94],[761907.27,9789253.84],[761901.33,9789239.2],[761893.85,9789223.86],[761879.28,9789194.83],[761871.94,9789179.27],[761869.8,9789173.05],[761868.48,9789167.41],[761867.88,9789160.85],[761868.49,9789149.81],[761870.43,9789137.97],[761882.9,9789066.38],[761885.17,9789052],[761886.45,9789037.68],[761887.2,9789020.28],[761886.39,9789005.74],[761884.59,9788991.33],[761882.46,9788979.31],[761879.24,9788964.01],[761871.61,9788932.08],[761862.58,9788893.72],[761856.15,9788867.09],[761850.93,9788848.68],[761846.6,9788836.67],[761842.54,9788826.6],[761837.52,9788814.95],[761831.07,9788804.16],[761823.52,9788792.45],[761807.8,9788772.6],[761792.99,9788754.45],[761784.41,9788743.66],[761778.99,9788735.6],[761774.21,9788726.52],[761771.88,9788718.9],[761770.08,9788709.4],[761768.94,9788699.15],[761767.21,9788666.58],[761766.24,9788638.84],[761766.38,9788626.66],[761767.4,9788616.11],[761770.31,9788605.14],[761773.2,9788595.96],[761795.42,9788544.06],[761813.62,9788501.22],[761820.61,9788483.67],[761827.25,9788464.97],[761830.2,9788455.02],[761832.72,9788443.32],[761833.59,9788433.38],[761833.83,9788425.72],[761832.74,9788417.29],[761830.33,9788410.22],[761826.76,9788402.09],[761821.25,9788393.43],[761809.85,9788377.5],[761796.27,9788357.11],[761793.59,9788351.6],[761791.13,9788343.35],[761789.34,9788336.17],[761789.33,9788328.3],[761791.16,9788318.76],[761796.05,9788308.39],[761799.64,9788302.8],[761808.68,9788292.93],[761837.82,9788264.34],[761887.65,9788215.7],[761896.86,9788207.06],[761904.37,9788200.29],[761911.01,9788194.92],[761921.3,9788187.39],[761931.01,9788181.63],[761942.64,9788175.68],[761951.67,9788171.99],[761962.64,9788168],[761981.3,9788163.52],[762061.24,9788150.37],[762229.88,9788123.61],[762242.66,9788120.83],[762252.26,9788118.94],[762271.08,9788113.92],[762280.32,9788111.13],[762296.73,9788105.78],[762318.18,9788098.3],[762341.84,9788089.34],[762361.66,9788083.87],[762383.78,9788081.1],[762402.57,9788081.14],[762492.42,9788088.43],[762506.58,9788088.6],[762517.46,9788088.29],[762529.36,9788086.83],[762544.61,9788084.13],[762552.96,9788082.21],[762560.78,9788079.24],[762586,9788070.1],[762608.97,9788061.49],[762625.61,9788054.78],[762635.6,9788049.83],[762646.85,9788043.45],[762668.73,9788030.35],[762680.18,9788023.14],[762687.55,9788017.54],[762693.58,9788011.4],[762698.66,9788004.52],[762703.33,9787996.61],[762706.91,9787989.17],[762709.51,9787981.19],[762711.57,9787971.93],[762712.13,9787966.27],[762712.01,9787957.75],[762710.86,9787949.51],[762707.94,9787940.32],[762703.82,9787931.19],[762700.44,9787925.06],[762696.46,9787918.88],[762691.85,9787913.29],[762682.67,9787903.29],[762634.32,9787853.03],[762614.65,9787832.13],[762601.59,9787817.42],[762593.54,9787807.05],[762585.66,9787795.93],[762575.27,9787780.13],[762568.57,9787768.63],[762564.07,9787759.8],[762559.81,9787751.15],[762554.76,9787739.73],[762549.76,9787727.56],[762546.13,9787717.47],[762541.49,9787702.58],[762536.36,9787683.94],[762528.84,9787653.45],[762502.57,9787549.98],[762491.67,9787505.52],[762488.38,9787489.9],[762486.35,9787478.4],[762484.54,9787464.13],[762483.44,9787451.72],[762479.29,9787410.1],[762471.12,9787332.02],[762467.56,9787297.23],[762465.5,9787282.28],[762463.87,9787272.58],[762461.38,9787259.83],[762458.31,9787245.23],[762448.14,9787200.38],[762438.89,9787159.8],[762427.82,9787113.77],[762396.84,9787010.18],[762391.45,9786991.07],[762388.39,9786978.11],[762385.74,9786965.08],[762383.47,9786951.72],[762381.26,9786937.05],[762378.11,9786911.33],[762376.21,9786892.32],[762375.09,9786878.86],[762375.02,9786871.67],[762376.18,9786865.64],[762379.08,9786858.01],[762383.43,9786851.59],[762390.06,9786844.64],[762430.06,9786809.52],[762488.31,9786749.09],[762499.01,9786736.27],[762506.25,9786725.81],[762513.28,9786712.7],[762517.22,9786701.96],[762523.6,9786683.95],[762539.7,9786637.88],[762544.37,9786626.19],[762550.2,9786613.83],[762558.56,9786600.11],[762565.68,9786589.63],[762576,9786577.77],[762585.53,9786567.97],[762611.92,9786545.59],[762652.49,9786510.98],[762659.49,9786503.75],[762667.07,9786494.81],[762675.13,9786484.45],[762681.38,9786474.96],[762687.66,9786463.52],[762713.15,9786412.65],[762726.88,9786384.9],[762736.39,9786366.54],[762746.58,9786348.31],[762757.93,9786329.84],[762780.2,9786296.78],[762847.17,9786212.13],[762854.11,9786202.39],[762863.67,9786187.6],[762871.72,9786173.96],[762880.58,9786156.52],[762898.69,9786112.7],[762920.76,9786057.64],[762924.82,9786046.79],[762927.63,9786037.7],[762930.04,9786026.63],[762931.42,9786016.07],[762931.43,9786005.62],[762930.29,9785993.56],[762928.16,9785983.63],[762924.89,9785973.49],[762919.92,9785961.6],[762912.75,9785949.62],[762893.36,9785922.36],[762883.21,9785907.72],[762876.23,9785896.08],[762869.2,9785883.37],[762861.63,9785867.36],[762822.03,9785768.61],[762783.38,9785670.81],[762779.82,9785660.91],[762776.52,9785650.62],[762773.12,9785638.45],[762771.16,9785628.57],[762769.5,9785619.32],[762767.87,9785602.99],[762767.79,9785577.98],[762775.58,9785501.57],[762777.19,9785492.4],[762779.9,9785483.55],[762786.11,9785472.4],[762792.24,9785465.17],[762803.43,9785455.67],[762812.31,9785451.07],[762822.75,9785447.69],[762834.33,9785445.93],[762844.31,9785446.38],[762855.93,9785448.84],[762863.82,9785452.23],[762874.47,9785458.45],[762884.75,9785466.42],[762914.15,9785489.46],[762922.78,9785494.2],[762930.83,9785496.68],[762939.57,9785496.68],[762952.22,9785492.72],[762959.64,9785487.74],[762966.35,9785479.99],[762970.41,9785470.15],[762970.95,9785457.81],[762968.77,9785447.52],[762961.32,9785432.37],[762938.39,9785393.9],[762933.49,9785384.63],[762930.75,9785378.11],[762929.33,9785372.29],[762928.35,9785364.34],[762929.06,9785355.7],[762931.36,9785347.63],[762936.6,9785338.31],[762943.75,9785329.42],[762982.49,9785292.09],[763012.9,9785262.98],[763031.62,9785244.56],[763041.84,9785233.35],[763054.01,9785218.13],[763062.36,9785205.79],[763098.49,9785144.28],[763122.1,9785103.36],[763163.02,9785031.83],[763173.13,9785009.75],[763178.92,9784991.96],[763182.82,9784974.81],[763185.43,9784956.82],[763186.97,9784938.85],[763186.53,9784926.29],[763184.98,9784908.04],[763182.68,9784887.01],[763175.39,9784823.15],[763156.05,9784655.78],[763131.07,9784440.89],[763129.49,9784425.84],[763129.22,9784414.28],[763131.27,9784404.13],[763136.87,9784393.39],[763143.92,9784385.4],[763154.64,9784378.51],[763169.41,9784370.94],[763179.36,9784365.22],[763187.51,9784359.25],[763193.94,9784349.54],[763195.78,9784339.47],[763194.67,9784331.49],[763190.36,9784322.7],[763184.3,9784315.93],[763175.12,9784311.34],[763129.95,9784299.31],[763120.27,9784296.55],[763111.1,9784291.75],[763104.41,9784285.77],[763100.23,9784278.26],[763097.67,9784271.64],[763096.97,9784264.76],[763098.6,9784243.03],[763112.47,9784125.5],[763120.2,9784057.19],[763125.88,9784003.75],[763127.8,9783984.44],[763129,9783963.96],[763128.89,9783918.67],[763129.58,9783905.41],[763132.43,9783893.33],[763138.03,9783881.33],[763145.73,9783871.35],[763153.78,9783864.13],[763164.74,9783857.26],[763175.93,9783853.67],[763204.23,9783846.87],[763217.19,9783844.34],[763227.83,9783843.94],[763238.97,9783845.07],[763249.78,9783848.72],[763265.52,9783855.98],[763285.69,9783865.52],[763296.5,9783867.63],[763303.32,9783866.81],[763310.72,9783863.95],[763315.94,9783859.04],[763321.09,9783851.6],[763323.61,9783841.86],[763323.01,9783834.75],[763317.7,9783824.08],[763306.57,9783809.99],[763279.38,9783777.05],[763266.64,9783760.92],[763260.83,9783752.89],[763256.14,9783743.96],[763250.45,9783729.75],[763248.15,9783722.5],[763246.38,9783715.42],[763240.88,9783674.78],[763235.71,9783632.9],[763233.77,9783614.84],[763232.84,9783602.34],[763232.85,9783590.06],[763233.12,9783577.55],[763235.16,9783559.9],[763239.6,9783524.88],[763241.26,9783509.62],[763242.13,9783497.31],[763241.75,9783489.9],[763240.25,9783482.45],[763238.18,9783475.29],[763232.42,9783464.7],[763226.43,9783457.46],[763214.89,9783447.03],[763152.1,9783395.63],[763146.5,9783390.59],[763139.67,9783383.29],[763134.64,9783375.88],[763129.98,9783367.52],[763126.76,9783360.31],[763119.15,9783342.67],[763106.67,9783312.98],[763092.56,9783280.27],[763088.75,9783270.47],[763081.29,9783248.73],[763076.1,9783230.46],[763069.83,9783205.52],[763066.74,9783189.13],[763061.3,9783148.84],[763020.93,9782837.82],[763006.96,9782709.33],[762995.51,9782612.53],[762986.13,9782530.94],[762984.88,9782515.61],[762984.32,9782502.28],[762984.6,9782486.25],[762986.33,9782465.35],[762988.14,9782452.48],[762996.53,9782413.65],[763007.97,9782362.22],[763018.53,9782316.07],[763021.3,9782304.77],[763024.46,9782293.95],[763031.16,9782274.43],[763037.61,9782257.83],[763045.07,9782241.58],[763065.89,9782202.81],[763101.08,9782136.75],[763124.9,9782090.37],[763130.08,9782077.69],[763135.67,9782060.72],[763139.93,9782044.33],[763142.21,9782032.92],[763143.72,9782023.62],[763145.06,9782011.84],[763145.81,9781993.3],[763145.58,9781976.92],[763144.25,9781961.74],[763138.14,9781917.5],[763118.95,9781780.95],[763095.58,9781619.53],[763087.12,9781562.48],[763081.18,9781521.42],[763070.89,9781451.76],[763069.07,9781436.01],[763067.83,9781423.2],[763067.23,9781407.31],[763067.47,9781392.44],[763068.51,9781377.2],[763073.07,9781336.6],[763084.14,9781254.82],[763091.33,9781230.94],[763096.66,9781219.86],[763103.77,9781209.76],[763113.28,9781199.44],[763124.56,9781189.52],[763201.39,9781131.6],[763269,9781086.63],[763291.46,9781071.2],[763300.51,9781063.96],[763312.3,9781051.42],[763318.95,9781041.74],[763324.1,9781032.26],[763328.28,9781022.5],[763335.1,9781006.45],[763358.39,9780949.17],[763390.98,9780870.05],[763398.63,9780849.8],[763401.96,9780839.23],[763405.75,9780824.72],[763409.84,9780808.6],[763412.37,9780794.26],[763417.91,9780765.13],[763435.13,9780671.6],[763448.38,9780607.88],[763451.8,9780592.04],[763454.88,9780581.32],[763458.4,9780571.35],[763464.53,9780556.84],[763469.5,9780547.98],[763479.9,9780532.2],[763488.97,9780518.77],[763499,9780503.73],[763505.84,9780492.88],[763510.7,9780482.55],[763516.33,9780467.71],[763518.65,9780459.52],[763519.87,9780452.41],[763521.72,9780435.3],[763523.23,9780408.93],[763524.15,9780390.44],[763524.14,9780370.26],[763522.96,9780346.15],[763521.94,9780328.69],[763521.5,9780312.11],[763521.92,9780301.51],[763523.51,9780291.01],[763525.76,9780279.66],[763529.67,9780267.82],[763534.43,9780257.17],[763540.36,9780247.07],[763545.42,9780239.45],[763552.86,9780230.11],[763594.94,9780183.95],[763640.19,9780133.65],[763651.14,9780120.12],[763661.12,9780106.96],[763673.1,9780088.55],[763684.3,9780069.72],[763700.24,9780041.68],[763715.85,9780015.57],[763736.32,9779983.68],[763748.07,9779967.02],[763758.19,9779952.98],[763780,9779922.25],[763801.24,9779893.05],[763820.14,9779866.84],[763831.65,9779852.44],[763847.71,9779833.65],[763867.85,9779809.78],[763877.83,9779796.8],[763883.79,9779788.61],[763887.92,9779780.43],[763891.47,9779771.53],[763893.74,9779762.06],[763895.5,9779752.6],[763895.7,9779741.7],[763895.07,9779732.5],[763893.08,9779719.51],[763869.99,9779605.86],[763867.31,9779590.42],[763865.44,9779578.14],[763863.76,9779567.88],[763862.73,9779556.44],[763860.69,9779518.06],[763859.27,9779503.73],[763857.45,9779492.2],[763855.27,9779481.77],[763852.79,9779472.42],[763848.88,9779458.87],[763844.86,9779447.07],[763835.07,9779420.21],[763831.75,9779408.99],[763829.25,9779397.26],[763828.39,9779387.12],[763828.46,9779376.57],[763829.85,9779365.98],[763831.81,9779353.65],[763837.52,9779324.48],[763840.99,9779307.73],[763843.03,9779296.42],[763844.04,9779287.62],[763844.28,9779277.63],[763843.4,9779270.77],[763841.47,9779260.91],[763838.5,9779250.55],[763833.98,9779240.06],[763831.23,9779234.35],[763811.15,9779205.13],[763765.4,9779143.05],[763759.75,9779134.74],[763755.18,9779127.55],[763751.27,9779120.84],[763747.07,9779112.35],[763743.78,9779104.79],[763739.22,9779091.73],[763736,9779078.87],[763734.17,9779068.99],[763732.33,9779053.73],[763726.34,9778987.35],[763724.24,9778969.8],[763720.55,9778946.48],[763711.81,9778903.22],[763695.95,9778821.01],[763695.11,9778810.12],[763695.32,9778802.26],[763695.94,9778792.99],[763698.21,9778780.32],[763701,9778769.73],[763705.54,9778757.48],[763711.45,9778744.79],[763717.68,9778735.33],[763733.44,9778717.27],[763745.21,9778707.35],[763760.03,9778698.02],[763775.49,9778690.9],[763796.41,9778684.76],[763813.84,9778683.05],[763824.52,9778682.94],[763848.68,9778685.45],[763931.42,9778696.06],[763941.41,9778696.86],[763950.02,9778696.24],[763959.33,9778693.94],[763966.05,9778689.83],[763971.53,9778685.7],[763976.52,9778680.99],[763981.89,9778673.65],[763985,9778667.34],[763987.6,9778659.46],[763988.97,9778651.11],[763988.47,9778642.51],[763986.83,9778634.93],[763983.25,9778626.65],[763977.9,9778618.1],[763971.99,9778612.49],[763965.16,9778607.61],[763914.69,9778575.99],[763905.6,9778568.19],[763899.95,9778559.64],[763897.21,9778551.69],[763896.97,9778542.36],[763898.35,9778533.26],[763901.63,9778522.72],[763913.28,9778489.09],[763915.8,9778476.75],[763917.17,9778464.76],[763917.39,9778453.6],[763908.9,9778378.86],[763904.86,9778348.33],[763901.67,9778325.63],[763899.8,9778313.74],[763894.47,9778291.33],[763887.82,9778265.71],[763884.35,9778254.51],[763880.83,9778245.59],[763875.39,9778235.96],[763868.8,9778226.61],[763859.18,9778217.78],[763837.11,9778202.17],[763824,9778193.16],[763813.16,9778184.99],[763802.55,9778175.73],[763789.49,9778163.7],[763754.87,9778130.98],[763711,9778085.55],[763672.4,9778045.29],[763664.82,9778036.96],[763660.78,9778030.73],[763658.36,9778023.85],[763657.44,9778016.12],[763658.79,9778008.6],[763662.46,9778001.59],[763668.28,9777995.48],[763676.44,9777991.34],[763685.18,9777990.03],[763692.32,9777989.76],[763733.83,9777990.41],[763743.73,9777990.01],[763751.42,9777988.95],[763759.2,9777987.13],[763767,9777984.29],[763775.9,9777979.88],[763783.47,9777975.11],[763794.62,9777965.66],[763810.12,9777951.25],[763847.53,9777916.16],[763859.04,9777905.1],[763866.31,9777898.28],[763872.18,9777891.69],[763877.41,9777883.54],[763879.84,9777874.14],[763877.86,9777864.39],[763872.52,9777858.21],[763863.55,9777854.02],[763854.43,9777853.86],[763835.51,9777858.3],[763783.83,9777871.79],[763773.32,9777874.11],[763764.68,9777874.54],[763755.77,9777872.87],[763748.44,9777870.03],[763741.61,9777865.47],[763736.4,9777860.16],[763731.11,9777852.28],[763728.02,9777843.32],[763727.13,9777835.37],[763728.02,9777826.25],[763731.61,9777815.9],[763735.87,9777808.52],[763769.49,9777765],[763833.65,9777682.27],[763841.17,9777671.41],[763845.81,9777663.79],[763850.22,9777655.34],[763854.63,9777645.65],[763857.59,9777637.88],[763859.53,9777631.06],[763861.77,9777622.31],[763871.05,9777571.34],[763873.45,9777558.96],[763876.32,9777546.45],[763879.52,9777536.57],[763889.79,9777507.98],[763903.17,9777475.52],[763908.47,9777462.31],[763911.92,9777452.72],[763914.46,9777444.5],[763916.49,9777437.02],[763918.79,9777426.8],[763920.83,9777417],[763923.04,9777402.32],[763924.86,9777388.48],[763927.19,9777371.91],[763930.09,9777356.38],[763933.36,9777342.12],[763938.45,9777324.57],[763943.04,9777309.41],[763951.83,9777282.67],[763962.96,9777248.02],[763969.99,9777225.69],[763975.67,9777204.92],[763978.89,9777189.98],[763980.63,9777178.73],[763982.87,9777163.1],[763984.2,9777143.88],[763984.59,9777130.72],[763984.44,9777116.23],[763983.06,9777093.62],[763979.44,9777058.61],[763976.08,9777029.84],[763970.1,9776976.7],[763966.82,9776943.28],[763965.47,9776928.09],[763964.81,9776914.92],[763964.99,9776895.87],[763967.53,9776864.85],[763982.9,9776719.25],[763991.18,9776640.03],[763993.37,9776624.84],[763995.59,9776614.66],[763998.17,9776608.52],[764003.05,9776600.98],[764010,9776593.08],[764018.07,9776586.78],[764027.06,9776582.33],[764034.53,9776580.09],[764053.45,9776578.23],[764170.3,9776573.98],[764183.72,9776572.79],[764193.64,9776570.65],[764201.48,9776567.92],[764209.58,9776563.1],[764215.47,9776557.07],[764220.87,9776548.9],[764224.66,9776539.58],[764226.13,9776531.53],[764226.07,9776524.49],[764224.43,9776515.24],[764220.02,9776504.93],[764214.5,9776498.05],[764204.07,9776488.33],[764167.78,9776460.2],[764157.26,9776451.74],[764149.72,9776443.95],[764142.49,9776434.38],[764133.71,9776419.06],[764130.13,9776409.13],[764125.01,9776388.79],[764123.5,9776375.07],[764114.97,9776252.91],[764115.25,9776238.68],[764115.84,9776230.02],[764117.67,9776218.55],[764120.34,9776206.47],[764123.51,9776196.82],[764129.04,9776183.96],[764134.52,9776172.84],[764186.54,9776077.63],[764216.24,9776022.73],[764226.55,9776004.5],[764236.96,9775987.25],[764247.62,9775972.28],[764274.35,9775936.03],[764300.15,9775901.72],[764324.72,9775870.37],[764335.11,9775858.22],[764347.68,9775845.29],[764358.82,9775834.45],[764509.91,9775704.81],[764515.41,9775699.63],[764520.47,9775694.42],[764525.17,9775686.92],[764528.43,9775678.86],[764529.22,9775672.16],[764527.89,9775665.48],[764525.7,9775658.37],[764520.68,9775650.48],[764513.32,9775643.72],[764498.01,9775635.88],[764423.99,9775614.59],[764377.87,9775601.19],[764365.24,9775597.6],[764356.69,9775593.9],[764349.84,9775588.92],[764344.51,9775582.2],[764341.41,9775575.63],[764339.84,9775568.75],[764339.56,9775561.52],[764341.31,9775552.54],[764344.66,9775542.9],[764365.46,9775485.08],[764371.32,9775469.38],[764377.48,9775450.51],[764381.41,9775437.66],[764384,9775428.45],[764387.2,9775415.59],[764389.51,9775404.03],[764393.55,9775381.31],[764395.34,9775365.3],[764397.01,9775349.52],[764399.11,9775325.85],[764401.11,9775302.62],[764403.31,9775273.56],[764405.44,9775255.74],[764407.08,9775238.4],[764408.16,9775230.09],[764409.57,9775223.34],[764413.19,9775213.94],[764417.23,9775206.5],[764422.85,9775199.1],[764430.11,9775191.28],[764436.97,9775186.12],[764446.35,9775180.82],[764455.45,9775177.71],[764465.2,9775175.69],[764475.34,9775174.86],[764483.09,9775175.32],[764492.41,9775177.44],[764505.99,9775181.23],[764532.71,9775189.21],[764541.6,9775191.25],[764548.31,9775191.44],[764555.28,9775189.88],[764562.04,9775186.59],[764568.77,9775181.45],[764573.41,9775175.28],[764576.59,9775166.78],[764577.01,9775159.97],[764576.37,9775152.19],[764573.97,9775143.55],[764565.77,9775122.51],[764553.73,9775092.07],[764551.67,9775084.75],[764550.41,9775076.6],[764551.33,9775068.63],[764553.29,9775059.88],[764556.66,9775053.05],[764564.9,9775041.57],[764597,9774999.94],[764607.71,9774985.1],[764613.62,9774975.23],[764619.22,9774965.22],[764625.39,9774952.83],[764630.61,9774940.79],[764649.35,9774896.34],[764652.87,9774885.42],[764656.17,9774872.79],[764657.94,9774861.99],[764659.71,9774848.49],[764659.91,9774836.87],[764659.75,9774821.43],[764658.83,9774784.72],[764656.25,9774696.87],[764656.37,9774677.86],[764657.04,9774664.8],[764658.22,9774655.71],[764661.32,9774642.8],[764665.16,9774630.6],[764669.7,9774619.3],[764677.23,9774604.75],[764686.71,9774590.27],[764697.22,9774577.4],[764722.61,9774554.68],[764833.24,9774469.18],[764842.93,9774461.42],[764850.84,9774452.46],[764855.31,9774442.67],[764856.86,9774434.32],[764855.42,9774422.68],[764851.99,9774415.93],[764846.34,9774409.1],[764833.38,9774398.13],[764797.37,9774368.98],[764792.25,9774363.83],[764789.42,9774358.2],[764787.78,9774351.4],[764787.79,9774340.95],[764790.95,9774332.54],[764801.41,9774316.97],[764826.04,9774282.42],[764900.63,9774178.11],[764959.8,9774095.52],[764966.34,9774085.8],[764972.08,9774076.77],[764981.19,9774061.35],[764992.52,9774041.09],[765001.36,9774027.06],[765009.88,9774015.74],[765019.54,9774005.48],[765029.17,9773996.93],[765068.02,9773966.78],[765078.67,9773958.16],[765092.33,9773945.03],[765105.69,9773931.05],[765133.75,9773899.8],[765142.14,9773891.81],[765152.37,9773884.1],[765164.86,9773877.22],[765186.16,9773868.21],[765242.16,9773846.03],[765256.02,9773839.91],[765265.78,9773834.2],[765274.08,9773828.36],[765282.02,9773821.73],[765290.92,9773812.72],[765299.11,9773803.17],[765324.66,9773772.22],[765382.24,9773702.1],[765391.2,9773691.45],[765398.72,9773684.77],[765408.34,9773678.24],[765417.94,9773673.67],[765483.68,9773648.54],[765494.69,9773642.72],[765501.49,9773637.58],[765506.48,9773631.74],[765511.09,9773624.91],[765514.15,9773616.98],[765515.81,9773610.64],[765516.79,9773602.06],[765516.1,9773593.41],[765513.58,9773583.9],[765509.86,9773576.14],[765501.86,9773566.09],[765489.96,9773556.07],[765475.12,9773544.55],[765460.17,9773534.06],[765420.58,9773508.52],[765370.91,9773479.9],[765357.37,9773471.14],[765347.77,9773464.47],[765337.45,9773456.09],[765327.96,9773446.91],[765319.81,9773437.99],[765305.52,9773420.28],[765238.06,9773333.86],[765217.85,9773307.61],[765208.69,9773294.59],[765197.48,9773277.16],[765162.59,9773219.61],[765109.87,9773133.24],[765077.47,9773079.9],[765047.47,9773033.32],[765031.86,9773012.76],[765015.97,9772993.94],[764988.94,9772965.06],[764937.54,9772911.52],[764930.99,9772903.42],[764927.31,9772897.88],[764923.31,9772891.1],[764920.77,9772885.14],[764918.28,9772875.72],[764916.99,9772864.1],[764917.02,9772853.27],[764919.37,9772843.14],[764923.03,9772832.39],[764930.97,9772818.77],[764967.66,9772767.39],[764980.91,9772748.53],[764988.66,9772735.52],[764994.36,9772720.8],[764998.51,9772707.91],[764999.64,9772698.46],[765000.02,9772687.2],[764999.4,9772674.91],[764996.59,9772652.73],[764991.87,9772620.51],[764990.59,9772607.77],[764990.81,9772598.81],[764991.65,9772590.7],[764994.04,9772579.68],[764996.96,9772571.87],[765002.88,9772560.63],[765007.88,9772553],[765015.01,9772545.15],[765021.82,9772538.85],[765030.65,9772532.71],[765046.35,9772523.17],[765097.68,9772492.89],[765107.98,9772487.21],[765118.87,9772481.52],[765136.33,9772473.47],[765165.77,9772461.25],[765199.61,9772449.82],[765242.44,9772439.02],[765269.04,9772434.13],[765293.95,9772430.47],[765338.85,9772427.56],[765434.89,9772428.85],[765519.61,9772429.74],[765615.19,9772431.08],[765647.59,9772430.8],[765659.5,9772430.19],[765670.38,9772429.26],[765681.22,9772427.87],[765693.14,9772425.96],[765704.9,9772423.81],[765731.9,9772416.53],[765744.25,9772412.59],[765757.82,9772407.52],[765770.55,9772402.29],[765789.33,9772393.23],[765996.79,9772286.43],[766025.67,9772270.24],[766061.52,9772249.31],[766093.4,9772231.26],[766120.03,9772217.48],[766135.88,9772210.57],[766158.77,9772202.4],[766182.33,9772195.12],[766218.33,9772184.96],[766238.81,9772180.24],[766249.07,9772179.02],[766266.97,9772178.92],[766283.85,9772180.91],[766297.73,9772184],[766309.41,9772187.54],[766322.31,9772193.17],[766417,9772236.54],[766427.75,9772241.56],[766436,9772244.09],[766444.16,9772244.61],[766451.48,9772242.15],[766458.11,9772237.81],[766462.31,9772231.23],[766465.07,9772222.46],[766465.3,9772215.42],[766463.72,9772206.1],[766455.1,9772183.73],[766445.46,9772159.55],[766432.53,9772126.21],[766411.01,9772072.06],[766406.53,9772060.39],[766404.24,9772052.74],[766403.15,9772044.52],[766402.92,9772038.23],[766404.13,9772027.45],[766407.75,9772016.36],[766411.69,9772009.4],[766414.9,9772004.6],[766420.79,9771998.2],[766425.8,9771993.88],[766434.34,9771988.78],[766443.28,9771984.96],[766450.82,9771983.03],[766461.29,9771982.11],[766471.98,9771982.77],[766479.29,9771985.11],[766487.3,9771988.36],[766532.6,9772011.67],[766543.48,9772016.84],[766551.1,9772019.78],[766557.83,9772021.15],[766565.39,9772021.78],[766572.92,9772020.43],[766578.76,9772018.44],[766585.8,9772014.88],[766592.41,9772009.58],[766597.21,9772003.76],[766602.16,9771995.68],[766604.28,9771988.09],[766606.08,9771978.88],[766609.39,9771947.12],[766614.08,9771895.79],[766615.89,9771878.8],[766618.05,9771868.44],[766620.46,9771858.26],[766623.76,9771848.28],[766629.41,9771836.01],[766636.43,9771822.92],[766659.85,9771787.81],[766665,9771779.58],[766669.13,9771770.93],[766672.09,9771763.67],[766674.98,9771751.17],[766675.72,9771741.67],[766675.29,9771730.72],[766670.06,9771674.15],[766669.34,9771660.47],[766669.34,9771651.48],[766669.72,9771641.84],[766670.22,9771632.74],[766672.46,9771617.38],[766675.6,9771602.9],[766678.54,9771591.87],[766683.83,9771576.38],[766690.95,9771559.95],[766716.24,9771513.17],[766725.04,9771497.77],[766729,9771488.13],[766731.2,9771480.19],[766732.21,9771474.18],[766732.09,9771464.72],[766727.33,9771397.47],[766725.59,9771389.17],[766723.83,9771381.87],[766720.89,9771374.17],[766717.04,9771366.26],[766713.41,9771360.28],[766705.76,9771350.01],[766687.09,9771330.12],[766679.14,9771315.2],[766677.48,9771303.01],[766677.99,9771293.4],[766682.16,9771264.87],[766682.9,9771254.48],[766681.92,9771243.48],[766680.18,9771235.6],[766678.15,9771229.53],[766667.35,9771203.43],[766662.29,9771190.59],[766657.41,9771176.85],[766653.88,9771165.79],[766651.21,9771155.4],[766648.25,9771142.22],[766646.02,9771129.85],[766644.32,9771113.55],[766643.59,9771102.83],[766643.2,9771091.93],[766643.45,9771075.05],[766644.07,9771061.82],[766644.8,9771055.24],[766646.36,9771042.35],[766648.47,9771033.7],[766651.92,9771023.08],[766655.84,9771013.97],[766660.87,9771004.58],[766667.41,9770994.47],[766675.89,9770984.1],[766687.37,9770971.53],[766724.78,9770931.46],[766795.31,9770856.31],[766818.07,9770833.43],[766829.57,9770823.32],[766843.01,9770812.58],[766874.02,9770788.04],[766894.53,9770770.21],[766908,9770755.91],[766927.57,9770733.06],[766938.72,9770720.76],[766949.31,9770710.97],[766956.38,9770704.83],[766968.21,9770697.96],[766980.21,9770693.02],[767027.56,9770678.11],[767036.19,9770674.2],[767042.22,9770670.24],[767048.11,9770664.05],[767052.53,9770656.22],[767056.17,9770646.87],[767060.16,9770638.86],[767063.78,9770633.49],[767070.91,9770626.6],[767079.06,9770621.3],[767089.79,9770616.92],[767098.16,9770614.63],[767105.71,9770614.02],[767114.49,9770614.77],[767127.55,9770617.82],[767173.11,9770634.99],[767189.86,9770640.47],[767206.18,9770644.84],[767221.93,9770648.28],[767254.7,9770653.85],[767274.79,9770656.71],[767289.12,9770655.17],[767299.43,9770649.9],[767305.86,9770643.54],[767311.07,9770635.16],[767313.6,9770623.19],[767312.44,9770614.45],[767309.75,9770606.27],[767305.04,9770597.78],[767279.03,9770555.86],[767271.26,9770542.35],[767266.49,9770533.69],[767252.27,9770503.36],[767241.71,9770478.33],[767233.64,9770458.45],[767227.3,9770443.29],[767223.96,9770433.68],[767221.71,9770425.11],[767219.82,9770415.55],[767219.12,9770407.57],[767219.12,9770398.73],[767219.8,9770390.47],[767221.51,9770380.99],[767225.47,9770365.33],[767230.62,9770347.96],[767255.6,9770265.8],[767298.29,9770117.46],[767306.44,9770090.76],[767333.05,9770008.09],[767337.26,9769993.25],[767341.74,9769974.95],[767347.77,9769945.25],[767362.86,9769862.94],[767379.42,9769771.36],[767380.92,9769758.96],[767382.34,9769745.36],[767383.5,9769728.01],[767383.55,9769707.21],[767382.86,9769690.28],[767381.45,9769673.63],[767378.48,9769652.51],[767345.04,9769497.06],[767332.28,9769438.88],[767329.07,9769422.73],[767327.7,9769410.78],[767327.95,9769401.13],[767329.17,9769390.12],[767332.12,9769376.4],[767340.9,9769356.03],[767346.56,9769344.83],[767355.33,9769328.07],[767364.97,9769312.04],[767377.03,9769295.68],[767404.78,9769263.46],[767485.62,9769172.06],[767500.32,9769156.25],[767514.32,9769140.25],[767523.97,9769127.84],[767532.94,9769115.32],[767543.2,9769100.52],[767551.13,9769087.96],[767558.93,9769073.47],[767565.09,9769057.37],[767567.82,9769045.22],[767570.47,9769029.07],[767570.72,9769012.74],[767568.69,9768979.37],[767565.81,9768944.65],[767556.64,9768821.8],[767554.12,9768789.53],[767551.53,9768776.44],[767548.65,9768765.63],[767544.77,9768754.72],[767537.3,9768736.56],[767527.84,9768719.39],[767519,9768701.85],[767514.94,9768693.29],[767511.56,9768685.8],[767503.76,9768667.49],[767471.62,9768584.1],[767462.84,9768564.19],[767455.68,9768549.29],[767451.73,9768540.45],[767449.52,9768533.99],[767447.2,9768525.57],[767445.29,9768517.35],[767444.28,9768509.43],[767444.03,9768500.34],[767444.3,9768491.96],[767445.94,9768481.79],[767450.36,9768460.18],[767460.83,9768414.29],[767472.11,9768363.78],[767473.47,9768355.94],[767472.97,9768349.08],[767471.38,9768343.3],[767467.58,9768337.61],[767461.08,9768332.31],[767454.36,9768329.78],[767446.06,9768329.19],[767389.55,9768329.27],[767381.15,9768328.31],[767370.4,9768325.63],[767362.76,9768322.93],[767353.28,9768317.87],[767346.21,9768312.49],[767338.29,9768304.79],[767331.39,9768296.41],[767193.43,9768091.48],[767168.55,9768054.23],[767163.62,9768047.17],[767159.83,9768041.16],[767157.36,9768035.83],[767154.89,9768027.62],[767154.04,9768015.85],[767155.83,9768006.87],[767160.04,9767997.22],[767165.63,9767989.62],[767172.52,9767983.89],[767182.69,9767978.47],[767284.24,9767933.71],[767300.73,9767926.08],[767309.64,9767920.99],[767318.18,9767915.68],[767328.59,9767907.45],[767336.18,9767901.14],[767349.18,9767888.17],[767356.69,9767878.96],[767363.42,9767869.51],[767370.71,9767857.45],[767381.06,9767835.34],[767415.16,9767753.59],[767423.97,9767733.52],[767428.4,9767724.27],[767433.42,9767714.37],[767439.66,9767703.38],[767452.11,9767683.9],[767462.67,9767668.45],[767470.36,9767658.33],[767480.72,9767645.64],[767489.28,9767636.01],[767545.11,9767577.25],[767666.87,9767449.49],[767679.3,9767436.55],[767689.18,9767426.49],[767697.87,9767418.71],[767707.42,9767411.47],[767723.41,9767401.97],[767768.35,9767377.27],[767820.33,9767348.37],[767859.38,9767325.13],[767869.38,9767320.36],[767880.59,9767316.49],[767891.9,9767313.74],[767901.53,9767312.78],[767910.95,9767312.62],[767920.55,9767313.19],[767958.24,9767316.33],[767980.58,9767317.41],[767988.84,9767316.78],[767998.01,9767314.5],[768005.33,9767311.55],[768013.78,9767307.16],[768022.41,9767301.24],[768029.64,9767294.37],[768056.83,9767265.46],[768120.29,9767196.5],[768128.43,9767186.63],[768134.24,9767178.18],[768140.71,9767167.62],[768146.45,9767156.43],[768150.96,9767145.53],[768157.62,9767126.49],[768168.47,9767093.96],[768172.55,9767079.85],[768173.82,9767068.62],[768173.45,9767061.39],[768172.7,9767055.31],[768170.82,9767048.88],[768166.54,9767038.52],[768161.82,9767030.56],[768150.87,9767017.24],[768110.15,9766970.97],[768103.89,9766964.19],[768097.84,9766956.87],[768092.79,9766949.68],[768086.63,9766939.64],[768082.59,9766931.81],[768078.92,9766922.49],[768076.84,9766915.35],[768074.99,9766906.46],[768072.96,9766894.94],[768069.93,9766874.23],[768062.62,9766825.46],[768039.25,9766675.74],[768036.7,9766658.84],[768036.08,9766648.72],[768036.69,9766636.69],[768037.64,9766629.11],[768039.73,9766620.56],[768043.54,9766609.35],[768049.42,9766597.31],[768058.2,9766584.03],[768074.25,9766561.65],[768086.77,9766545.3],[768095.75,9766535.25],[768104.59,9766526.99],[768114.48,9766519.84],[768124,9766513.65],[768147.82,9766502.65],[768213.12,9766475.43],[768240.66,9766463.21],[768259.16,9766453.65],[768273.76,9766444.84],[768287.34,9766434.48],[768294.57,9766427.71],[768326.36,9766394.21],[768386.44,9766339.58],[768418.25,9766312.26],[768447.89,9766287.7],[768460.77,9766273.81],[768465.69,9766265.16],[768469.71,9766254.86],[768470.89,9766244.91],[768470.79,9766232.93],[768469.29,9766225.49],[768466.6,9766216.43],[768459.79,9766195.56],[768457.18,9766186.87],[768455.23,9766180.04],[768453.39,9766171.83],[768451.56,9766161.91],[768450.5,9766151.65],[768449.92,9766143.94],[768449.78,9766131.71],[768450.36,9766120.86],[768452,9766108.37],[768455.82,9766090.58],[768461.76,9766072.8],[768465.45,9766064.29],[768469.79,9766055.21],[768476.28,9766044.13],[768483.97,9766032.84],[768494.63,9766019.75],[768514.51,9766000.4],[768549.65,9765968.91],[768625.42,9765900.7],[768635.99,9765891.29],[768646.63,9765882.71],[768659.35,9765874.14],[768699.16,9765851.93],[768709.47,9765845.87],[768718.83,9765840.53],[768726.9,9765835.01],[768736.55,9765826.43],[768744.18,9765817.74],[768750.94,9765808.06],[768756.55,9765797.35],[768760.98,9765785.43],[768763.35,9765776.18],[768765.1,9765765.75],[768766.63,9765749.46],[768770.95,9765700.03],[768772.11,9765687.91],[768773.66,9765677.83],[768776.67,9765668.27],[768780.4,9765660.1],[768787.17,9765649.8],[768792.69,9765643.27],[768797.74,9765638.56],[768804.43,9765633.4],[768814.04,9765628.13],[768826.32,9765623],[768851.65,9765614.03],[768858.74,9765611.11],[768864.77,9765608.37],[768873.01,9765603.61],[768973.22,9765533.46],[768984.36,9765525.39],[768991.05,9765519.68],[768997.99,9765512.1],[769002.85,9765505.14],[769007.97,9765495.77],[769011.77,9765486.84],[769014.9,9765478.57],[769018.99,9765466.98],[769022.85,9765448.65],[769022.98,9765439.01],[769022.12,9765429.24],[769020.18,9765417.73],[769018.35,9765407.49],[769009.08,9765360.71],[769008.02,9765354.41],[769007.2,9765348.43],[769006.5,9765340.08],[769006.95,9765331.46],[769008.53,9765322.04],[769010.87,9765313.71],[769017.34,9765296.49],[769028.77,9765267.34],[769032.96,9765255.24],[769035.28,9765248.13],[769039.06,9765232.22],[769041.75,9765215.26],[769051.57,9765155.98],[769056.3,9765128.09],[769061.93,9765100.32],[769065.97,9765079.62],[769068.84,9765068.39],[769078.36,9765034.13],[769114.1,9764908.1],[769157.63,9764748.07],[769173.49,9764682.56],[769180.12,9764653.97],[769184.42,9764634.8],[769188.36,9764616.55],[769191.37,9764599.28],[769200.5,9764534.96],[769214.83,9764425.03],[769225.51,9764345.32],[769234.61,9764272.44],[769236.01,9764255.35],[769237.03,9764241.38],[769238.67,9764200.32],[769238.56,9764175.53],[769237.76,9764121.07],[769235.7,9763993],[769232.75,9763776.13],[769230.03,9763591.63],[769230.59,9763572.05],[769231.7,9763560.65],[769232.64,9763554.23],[769234.77,9763542.05],[769239.69,9763521.2],[769245.87,9763499.71],[769297.14,9763316.13],[769397.25,9762959.08],[769430.26,9762849.92],[769450.51,9762792.24],[769476.08,9762720.89],[769486.17,9762694.86],[769495.08,9762673.02],[769509.45,9762635.61],[769517.39,9762613.97],[769527.47,9762582.95],[769537.75,9762549.85],[769580.98,9762416.24],[769609.92,9762332.72],[769619.27,9762306.59],[769635.8,9762260.9],[769646.82,9762233.51],[769662.74,9762196.91],[769679.94,9762157.83],[769720.75,9762066.3],[769731.54,9762042.8],[769741.03,9762023.94],[769752.49,9762002.52],[769766.88,9761977.06],[769780.91,9761954.25],[769789.98,9761940.58],[769802.51,9761922.08],[769839.47,9761873.44],[769870.4,9761833.66],[769878.46,9761823.16],[769929.72,9761757.69],[770015.28,9761647.88],[770023.84,9761638.44],[770031.55,9761629.56],[770040.08,9761620.8],[770049.31,9761611.73],[770060.29,9761601.73],[770067.83,9761595.07],[770076.25,9761588.14],[770085.46,9761581.23],[770098.01,9761572.43],[770117.46,9761559.81],[770147.47,9761542.67],[770186.81,9761521.1],[770250.49,9761485.96],[770300.45,9761457.92],[770328.84,9761442.37],[770353.96,9761428.15],[770370.88,9761418.07],[770384.71,9761409.12],[770401.53,9761397.51],[770416.74,9761386.54],[770441.15,9761367.37],[770467.18,9761344.87],[770508.33,9761308.23],[770525.06,9761293.83],[770567.79,9761260.75],[770633.09,9761215.73],[770784.84,9761112.66],[770826.49,9761084.14],[770886.68,9761043.69],[770948.18,9761001.95],[771052.29,9760931.01],[771113.59,9760889.52],[771154.13,9760861.68],[771173.87,9760847.34],[771193.63,9760831.48],[771208.11,9760819.41],[771239.8,9760790.48],[771263.37,9760767.03],[771291.45,9760737.77],[771431.89,9760591.89],[771461.8,9760562.12],[771496.2,9760530.89],[771572.87,9760459.98],[771604.65,9760429.79],[771618.26,9760416.99],[771633.59,9760403],[771648.58,9760390.59],[771664.18,9760378.34],[771687.02,9760362.53],[771705.61,9760351.27],[771729.45,9760338.51],[771778.04,9760315.86],[771817.58,9760298.08],[771832.41,9760290.9],[771844.22,9760283.8],[771859.25,9760272.82],[771872.07,9760260.73],[771880.97,9760250.79],[771887.68,9760241.21],[771896.58,9760227.09],[771904.64,9760210.05],[771910.01,9760195.17],[771929.5,9760144.48],[771939.63,9760116.85],[771956.96,9760070.48],[771962.7,9760055.7],[771968.65,9760041.12],[771974.85,9760027.19],[771986.7,9760003.8],[771994.23,9759990.18],[772020.05,9759946.53],[772031.53,9759925.8],[772039.56,9759910.56],[772045.2,9759898.96],[772050.02,9759888.8],[772058.09,9759870.17],[772084.3,9759808.71],[772099.36,9759773.62],[772105.68,9759759.09],[772110.38,9759749.79],[772115.41,9759742.13],[772120.61,9759735.35],[772127.06,9759728.7],[772135.89,9759721.18],[772145.16,9759715.02],[772158.51,9759708.39],[772171.7,9759702.54],[772250.99,9759668.16],[772285.62,9759652.66],[772296.56,9759646.31],[772305.46,9759639.82],[772315.43,9759630.93],[772322.79,9759622.74],[772329.96,9759612.96],[772337.01,9759601.69],[772387.55,9759514.81],[772393.76,9759504.71],[772400.16,9759494.98],[772407.31,9759485.26],[772417.45,9759472.67],[772426.84,9759461.33],[772438.92,9759448.37],[772447.48,9759440.06],[772458.51,9759429.58],[772496.64,9759396.55],[772507.56,9759386.19],[772527.14,9759366.53],[772537.09,9759355.17],[772551.52,9759337.1],[772557.14,9759329.52],[772564.28,9759318.72],[772573.89,9759303.5],[772584.54,9759285.2],[772596.04,9759266.11],[772621.27,9759226.54],[772655.65,9759178.13],[772714.31,9759098.48],[772741.33,9759062.47],[772784.36,9759004.68],[772810.23,9758966.98],[772855.66,9758900.35],[772861.89,9758890.29],[772866.83,9758881.28],[772871.81,9758870.11],[772874.91,9758861.13],[772877.16,9758851.87],[772878.32,9758845.17],[772879.21,9758834.43],[772882.04,9758744.92],[772882.82,9758738.03],[772884.16,9758729.35],[772885.92,9758721.16],[772888.25,9758713.78],[772890.85,9758706.27],[772894.02,9758698.39],[772900.15,9758687.45],[772905.79,9758678.81],[772912.55,9758669.88],[772970.68,9758602.42],[772977.41,9758593.63],[772984.5,9758583.68],[772991.23,9758573.25],[772995.65,9758565.85],[773001.01,9758556.32],[773004.96,9758548.02],[773009.66,9758537.31],[773014.41,9758525.89],[773017.79,9758515.9],[773020.66,9758506.26],[773023.53,9758494.9],[773026.33,9758481.53],[773030.48,9758455.71],[773048.24,9758337.55],[773051.94,9758317.52],[773053.5,9758311.09],[773056.17,9758301.88],[773059.72,9758291.15],[773078.06,9758249.09],[773085.56,9758232.09],[773091.82,9758218.58],[773095.84,9758210.35],[773100.43,9758202.84],[773106.01,9758195.61],[773110.94,9758190.58],[773117.55,9758184.52],[773126.8,9758178.04],[773136.51,9758173.03],[773145.72,9758169.61],[773221.71,9758145.51],[773265.12,9758131.56],[773310.27,9758117.21],[773330.12,9758111.79],[773341.07,9758109.45],[773352.89,9758107.74],[773364.83,9758106.2],[773380.94,9758105.41],[773397.17,9758105.36],[773412.37,9758106.52],[773435.43,9758109.76],[773479.19,9758118.74],[773550.25,9758133.6],[773573.17,9758138.31],[773587.01,9758140.44],[773599.48,9758142.02],[773611.91,9758143.35],[773623.66,9758144.05],[773754.17,9758148.13],[773775.29,9758148.99],[773792.11,9758149.44],[773803.03,9758149.57],[773816.72,9758149.22],[773828.33,9758148.61],[773840.62,9758147.55],[773854.09,9758146.21],[773868.88,9758143.79],[773884.07,9758140.83],[773919.76,9758132.24],[773938.88,9758127.5],[774018.47,9758108.39],[774057.91,9758098.73],[774089.3,9758091.54],[774117.01,9758085.96],[774143.39,9758081.25],[774184.31,9758074.87],[774320.24,9758054.03],[774342.91,9758050.28],[774365.08,9758046.9],[774380.17,9758044.07],[774396.43,9758040.76],[774412.72,9758036.36],[774428.06,9758031.67],[774440.51,9758027.43],[774458.1,9758020.86],[774470.68,9758015.39],[774495.68,9758003.78],[774503.51,9757999.61],[774517.26,9757991.79],[774529.94,9757984.07],[774547.48,9757972.55],[774631.58,9757916.41],[774654.3,9757901.51],[774668.82,9757893.69],[774679.35,9757889.03],[774692.41,9757883.97],[774705.83,9757879.57],[774718.63,9757876.39],[774736.84,9757873.1],[774752.44,9757871.69],[774770.27,9757871.39],[774783.94,9757872.09],[774797.28,9757873.45],[774809.96,9757875.57],[774825.17,9757879.47],[774837.02,9757882.99],[774932.76,9757915.16],[775000.29,9757938.02],[775014.32,9757942.87],[775027.09,9757946.87],[775041.51,9757951.62],[775052.7,9757955.16],[775062.71,9757957.76],[775072.82,9757960.14],[775086.44,9757962.43],[775101.27,9757964.02],[775114.99,9757964.86],[775129.17,9757964.49],[775144.66,9757963.41],[775182.76,9757958.73],[775224.82,9757953.23],[775291.39,9757944.39],[775303.03,9757942.96],[775318.86,9757940.85],[775336.62,9757939],[775357.1,9757938.11],[775378.89,9757938.1],[775400.61,9757939.1],[775426.32,9757942.31],[775452.48,9757946.81],[775520.58,9757957.7],[775549.16,9757962.17],[775592.49,9757968.45],[775613.71,9757970.7],[775638.87,9757973.18],[775672.39,9757975.58],[775702.66,9757977.11],[775747.82,9757979.09],[775762.73,9757980.01],[775778.5,9757982.51],[775794.12,9757986.23],[775805.22,9757989.37],[775815.36,9757993.69],[775827.34,9757999.21],[775842.64,9758007.76],[775858.55,9758019.05],[775866.71,9758025.87],[775888.81,9758048.37],[775952.62,9758114.97],[775966.18,9758128.75],[775975.13,9758136.43],[775983.43,9758142.3],[775994.8,9758147.36],[776002.78,9758149.82],[776011.16,9758151.15],[776021.4,9758151.33],[776032.74,9758150.55],[776046.83,9758148.79],[776125.94,9758137.97],[776137.49,9758136.92],[776147.32,9758137.16],[776155.31,9758138.19],[776167.43,9758140.86],[776181.12,9758145.97],[776195.44,9758152.98],[776297.89,9758208.51],[776316.04,9758219.36],[776328.33,9758227.87],[776334.35,9758233.03],[776340.55,9758237.87],[776375.8,9758268.37],[776380.95,9758273.29],[776386.65,9758279.39],[776392.62,9758286.33],[776398.36,9758293.57],[776408.51,9758308.08],[776417.45,9758322.6],[776435.63,9758351.73],[776454.06,9758382.45],[776475.32,9758416.12],[776488.89,9758438.02],[776495.77,9758448.66],[776501.85,9758457.28],[776510.51,9758467.7],[776518.37,9758475.98],[776526.75,9758483.68],[776535.9,9758491.32],[776651.65,9758577.25],[776700.16,9758614.7],[776714.88,9758625.28],[776722.91,9758630.55],[776728.63,9758633.15],[776735.5,9758634.51],[776742.47,9758634.34],[776748.44,9758632.61],[776753.86,9758629.62],[776759.57,9758624.37],[776764.11,9758617.62],[776766.28,9758611.1],[776773.53,9758570.51],[776776.37,9758559.75],[776779.58,9758551.04],[776784.1,9758542.93],[776789.52,9758536.51],[776797.01,9758530.23],[776804.66,9758526.3],[776814.92,9758522.92],[776825.32,9758522.11],[776834.29,9758523.27],[776841.61,9758525.72],[776849.18,9758529.73],[776855.31,9758534.35],[776861.13,9758540.14],[776865.96,9758546.89],[776871.97,9758558.19],[776887.39,9758591.68],[776892.08,9758600.26],[776897.48,9758607.11],[776902.78,9758612.06],[776910.94,9758617.16],[776921.97,9758621.09],[776932.41,9758622.45],[776956.72,9758619.99],[776966.98,9758617.78],[776973.73,9758614.7],[776980.96,9758608.95],[776984.54,9758604.21],[776988.08,9758596.81],[776989.86,9758588.8],[776989.62,9758580.52],[776987.71,9758572.53],[776984.5,9758563.17],[776970.74,9758524.11],[776966.79,9758512.06],[776964.79,9758502.59],[776964.68,9758492.66],[776966.85,9758484.99],[776970.96,9758477.75],[776976.98,9758471.05],[776983.48,9758466.65],[776991.83,9758463.83],[776999.59,9758462.87],[777006.09,9758463.25],[777013.46,9758464.98],[777034.58,9758472.42],[777041.96,9758475.67],[777047.72,9758479.22],[777053.22,9758483.59],[777058.24,9758488.21],[777064.19,9758494.95],[777068.43,9758501.57],[777071.87,9758508.24],[777082.34,9758533.24],[777085.99,9758542.35],[777090.33,9758550.77],[777095.29,9758558.01],[777103.57,9758565.77],[777111.67,9758570.53],[777119.87,9758573.83],[777130.96,9758576.56],[777193.42,9758586.61],[777203.47,9758588.61],[777214.56,9758591.41],[777227.35,9758595.87],[777287.93,9758623.49],[777310.66,9758634.66],[777332.35,9758647.18],[777347.59,9758658.05],[777358.37,9758666.08],[777378.48,9758682.58],[777388.14,9758691.31],[777397.83,9758701.04],[777404.97,9758710.38],[777409.48,9758718.55],[777413.58,9758727.79],[777416.55,9758736.67],[777418.5,9758745.37],[777419.53,9758754.34],[777419.53,9758763.89],[777418.4,9758774.81],[777415.42,9758786.87],[777410.88,9758798.71],[777406.28,9758806.77],[777401.47,9758814.88],[777382.54,9758845.69],[777372.77,9758863.93],[777364.1,9758881.72],[777354.12,9758902.5],[777346.06,9758921.52],[777339.08,9758941.2],[777334.27,9758957.88],[777326.34,9758986.77],[777320.48,9759008.6],[777317.71,9759020.34],[777315.53,9759030.91],[777314.25,9759041.05],[777313.44,9759052.9],[777313.41,9759060.92],[777314.06,9759069.69],[777315.45,9759082.97],[777317.25,9759092.82],[777319.3,9759102.4],[777322.46,9759111.75],[777325.8,9759118.76],[777331.35,9759127.1],[777338.69,9759135.48],[777346.96,9759141.99],[777356.48,9759147.98],[777409.4,9759170.58],[777422.38,9759177.86],[777434.03,9759185.94],[777444.3,9759194.19],[777504.97,9759252.31],[777518,9759265.07],[777527.31,9759273.66],[777535.66,9759280.25],[777545.77,9759286.67],[777556.12,9759291.58],[777570.14,9759295.73],[777581.19,9759297],[777601.89,9759297.81],[777641.29,9759298.74],[777653.1,9759297.75],[777661.93,9759295.84],[777668.65,9759293.54],[777675.04,9759290.41],[777681.62,9759286.01],[777687.48,9759280.96],[777692.51,9759275.72],[777703.06,9759261.12],[777708.3,9759254],[777713.45,9759248.34],[777718.99,9759244.71],[777721.2,9759243.7]]]}},{"type":"Feature","properties":{"NOMBRE":"PASO LATERAL DE AMBATO"},"geometry":{"type":"MultiLineString","coordinates":[[[756011.89,9836091.9],[755998.92,9836068.78],[755973.31,9836023.47],[755956.98,9835994.28],[755923.66,9835935.61],[755916.32,9835921.66],[755905.7,9835902.61],[755882.42,9835861.38],[755871.94,9835842.44],[755860.36,9835821.79],[755826.03,9835759.16],[755816.63,9835742.38],[755811.32,9835733.23],[755802.13,9835716.85],[755790.9,9835696.31],[755779.29,9835677.58],[755765.5,9835652.5],[755762.51,9835647.5],[755754.94,9835633.98],[755745.88,9835617.75],[755742.93,9835612.2],[755733.9,9835596],[755729.67,9835587.86],[755724,9835576.43],[755717.13,9835562.19],[755706.97,9835539.84],[755700.03,9835523.72],[755694.64,9835509.02],[755690.75,9835496.78],[755686.22,9835480.53],[755681.71,9835466.14],[755671.59,9835427.16],[755664.8,9835399.67],[755656.81,9835368.99],[755650.1,9835343.77],[755644.86,9835322.39],[755635.67,9835286.87],[755624.52,9835246.28],[755616.47,9835214.96],[755611.87,9835196.46],[755607.01,9835178.07],[755599.03,9835147.16],[755596.04,9835136.02],[755586.87,9835100.6],[755583.67,9835090.15],[755577.33,9835071.86],[755573.75,9835063.48],[755567.3,9835048.95],[755559.92,9835033.72],[755549.79,9835014.42],[755537.77,9834993.04],[755523.78,9834970.1],[755479.25,9834901.83],[755451.18,9834860.41],[755400.94,9834788.66],[755372.99,9834749.19],[755363.13,9834734.65],[755356.22,9834725.05],[755347.7,9834712.24],[755342.06,9834704.54],[755335.29,9834694.16],[755329.11,9834683.66],[755323.19,9834674.47],[755308.92,9834648.36],[755295.63,9834619.63]]]}},{"type":"Feature","properties":{"NOMBRE":" "},"geometry":{"type":"MultiLineString","coordinates":[[[751415.39,9817571.27],[751414.74,9817744.97],[751413.68,9817798.73],[751413.52,9817826.22],[751414.98,9817852.09],[751416.85,9817869.69],[751422.08,9817904.9],[751433.06,9817944.13],[751451.12,9817986.36],[751470.31,9818029.28],[751480.79,9818060.05],[751484.11,9818078.21],[751484.76,9818099.05],[751482.43,9818117.54],[751477.3,9818133.92],[751467.61,9818152.86],[751455.08,9818170.59],[751381.46,9818259.44],[751360.93,9818285.16],[751344.96,9818310.86],[751334.07,9818331.37],[751323.71,9818354.98],[751316.31,9818382.98],[751290.07,9818514.99],[751268.9,9818623.39],[751265.65,9818635.07],[751259.16,9818645.28],[751246.19,9818657.77],[751233.21,9818666.53],[751218.15,9818673.22],[751201.71,9818676.67],[751181.84,9818675.61],[751163.6,9818670.79],[751147.87,9818661.42],[751107.32,9818625.58],[751055.68,9818585.22],[751043.1,9818577.74],[751029.07,9818572.14],[751015.61,9818568.65],[751000.77,9818567.11],[750980.17,9818568.33],[750965.17,9818571.49],[750951.22,9818576.19],[750937.64,9818582.57],[750894.82,9818616.55],[750797.18,9818679.04],[750726.52,9818720.5],[750685.48,9818732.35],[750640.21,9818728.54],[750597.91,9818712.46],[750535.29,9818679.46],[750426.13,9818619.38],[750335.59,9818571.15],[750267.05,9818509.38],[750217.98,9818450.15],[750179.05,9818389.22],[750124.9,9818291.07],[750073.28,9818214.07],[750042.82,9818155.68],[750013.2,9818124.37],[749976.82,9818104.06],[749930.28,9818093.91],[749877.81,9818099.83],[749824.51,9818124.37],[749668.81,9818254.68],[749603.66,9818278.38],[749455.58,9818299.53],[749339.65,9818326.61],[749172.11,9818384.99],[748997.06,9818436.45],[748950.01,9818448.95]]]}},{"type":"Feature","properties":{"NOMBRE":" "},"geometry":{"type":"MultiLineString","coordinates":[[[745914.34,9820383.61],[745908.41,9820401],[745904.57,9820433.87],[745904.57,9820463.39],[745905.07,9820496.04],[745919.02,9820569.78],[745932.91,9820696.62],[745943.53,9820740.55],[745951.89,9820774.21],[745955.95,9820795.89],[745958.36,9820818.27],[745980.59,9821035.76],[745994.66,9821120.17],[746000.23,9821188.14],[746010.39,9821252.74],[746026.29,9821309.97],[746049.36,9821458.86],[746059.3,9821560.95],[746066.18,9821621.04],[746075.22,9821679.77],[746098.26,9821760.63],[746117.69,9821803.78],[746236.43,9822069.28],[746268.8,9822162.59],[746301.1,9822251.36],[746417.31,9822546.23],[746468.32,9822616.47],[746504.28,9822673.31],[746517.84,9822697.48],[746523.6,9822721.31],[746532.07,9822761.97],[746544.03,9822912.83],[746566.03,9823187.84],[746569.26,9823255.13],[746581.88,9823364.96],[746601.99,9823471.85],[746622.38,9823538.76],[746652.65,9823599.22],[746668.67,9823647.11],[746690.86,9823760.15],[746710.97,9823834.91],[746739.14,9823886.58],[746770.71,9823925.66],[746788.78,9823949.38],[746793.24,9823955.36],[746795.56,9823963.38],[746796.91,9823971.01],[746796.73,9823979.43],[746789.23,9824018.95],[746736.94,9824268.15],[746722.26,9824327],[746716.5,9824347.04],[746702.62,9824378.31],[746554.69,9824626.73],[746523.48,9824658.87],[746490.61,9824686.25],[746435.29,9824717.76],[746347.76,9824742.27],[746300.99,9824754.37],[746258.82,9824769.58],[746221.25,9824788.76],[746186,9824811.6],[746102.31,9824894.78],[745881.38,9825108.51],[745743.43,9825229.65],[745656.6,9825291.28],[745506.04,9825395.27],[745485.03,9825412.07],[745414.31,9825476.5],[745368.94,9825519.99],[745326.78,9825568.93],[745215,9825719],[745108.05,9825859.27],[745083.65,9825890.44],[745056.55,9825918.68],[744997.82,9825967.47],[744913.56,9826028.68],[744801.98,9826108.87],[744765.16,9826134.62],[744732.41,9826163.53],[744721.79,9826176.86],[744714.34,9826193.12],[744706.2,9826216.62],[744701.69,9826241.46],[744685.2,9826345.14],[744680.23,9826389.42],[744678.87,9826414.26],[744674.58,9826438.21],[744666.67,9826463.96],[744649.06,9826513.65],[744627.37,9826563.8],[744611.56,9826596.1],[744608.4,9826608.52],[744604.78,9826627.95],[744600.04,9826674.71],[744596.2,9826698.31],[744591.12,9826720.22],[744585.02,9826734.79],[744577.68,9826749.02],[744557.97,9826768.65],[744533.86,9826785.27],[744493.87,9826809.11],[744446.55,9826835.76],[744375.85,9826873.14],[744278.95,9826917.08],[744229.32,9826939.84],[744192.21,9826957.74],[744157.76,9826981],[744134.16,9827000.99],[744112.25,9827026.97],[744101.18,9827039.62],[744091.69,9827059.5],[744084.69,9827080.95],[744046.97,9827207.67],[744033.41,9827258.5],[744025.73,9827311.58],[744014.21,9827354.27],[744004.73,9827399.45],[744005.18,9827428.81],[744014.21,9827459.99],[744046.74,9827518.94],[744070.8,9827568.86],[744087.06,9827605.68],[744105.13,9827660.34],[744114.39,9827689.03],[744141.72,9827795.42],[744147.6,9827813.72],[744154.15,9827827.27],[744166.39,9827840.66],[744180.46,9827853.13],[744194.69,9827861.83],[744215.14,9827875.72],[744226.2,9827883.63],[744233.88,9827895.15],[744237.72,9827903.96],[744238.63,9827917.51],[744233.94,9828030.06],[744232.47,9828041.24],[744226.47,9828066.55],[744206.38,9828124.93],[744175.89,9828198.34],[744165.95,9828217.09],[744151.61,9828238.66],[744136.7,9828255.37],[744127.44,9828274.57],[744122.24,9828289.03],[744110.95,9828325.28],[744097.28,9828363.46],[744087.68,9828387.74],[744082.03,9828397.11],[744075.48,9828402.76],[743996.09,9828445.79],[743934.08,9828480.92],[743879.98,9828521.91],[743818.99,9828570.14],[743809.73,9828581.21],[743805.67,9828594.54],[743775.06,9828720.01],[743769.75,9828728.6],[743765.91,9828732.66],[743760.83,9828735.71],[743754.05,9828736.5],[743746.15,9828735.71],[743737.56,9828732.32],[743686.74,9828697.43],[743674.43,9828693.25],[743659.18,9828692],[743643.82,9828694.94],[743629.37,9828701.27],[743588.54,9828720.3],[743576.57,9828725.6],[743565.16,9828732.27],[743551.72,9828744.01],[743538.96,9828757.57],[743493.55,9828815.05],[743473.68,9828837.3],[743448.26,9828863.84],[743422.85,9828883.83],[743385.36,9828913.54],[743254.91,9828996.66],[743186.24,9829038.45],[743152.36,9829057.93],[743142.76,9829062.39],[743102.78,9829079.34],[742898.44,9829178.94],[742831.1,9829207.64],[742805.35,9829223],[742787.5,9829237.45],[742751.59,9829274.27],[742717.25,9829315.61],[742692.86,9829344.52],[742677.95,9829369.82],[742667.56,9829397.38],[742656.04,9829443.57],[742645.42,9829483.1],[742631.87,9829520.71],[742592.57,9829609.59],[742549.65,9829698.59],[742537.45,9829725.7],[742528.87,9829755.51],[742519.38,9829787.36],[742511.25,9829820.34],[742504.47,9829870.26],[742499.22,9829922.67],[742494.98,9829950.34],[742490.69,9829973.27],[742483.92,9829993.14],[742471.49,9830027.48],[742461.78,9830050.97],[742449.58,9830071.41],[742436.26,9830090.27],[742428.24,9830101],[742419.31,9830109.81],[742380.91,9830142.45],[742251.71,9830254.83],[742139.9,9830353.88],[742102.85,9830383.69],[741967.44,9830482.52],[741915.03,9830522.27],[741895.49,9830537.41],[741873.75,9830557.85],[741785.04,9830646.56],[741736.92,9830691.97],[741702.14,9830725.85],[741671.87,9830745.27],[741642.05,9830752.5],[741611.78,9830752.95],[741581.97,9830744.82],[741552.6,9830731.5],[741517.03,9830714.1],[741485.86,9830698.74],[741467.56,9830685.75],[741450.05,9830670.28],[741381.49,9830584.34],[741356.31,9830550.11],[741330.45,9830510.58],[741310.01,9830475.68],[741297.81,9830445.42],[741294.76,9830437.4],[741292.61,9830427.12],[741268.33,9830313.95],[741258.17,9830278.71],[741246.65,9830244.38],[741229.93,9830211.4],[741206.89,9830180.68],[741197.63,9830168.94],[741184.61,9830158.46],[741171.99,9830148.83],[741150.19,9830129.86],[741142.97,9830121.5],[741124.9,9830098.01],[741046.29,9830008.79],[740981.01,9829936.73],[740968.36,9829924.5],[740954.13,9829913.32],[740939.22,9829906.21],[740922.05,9829903.72],[740896.3,9829903.72],[740872.13,9829908.47],[740853.61,9829917.95]]]}},{"type":"Feature","properties":{"NOMBRE":" "},"geometry":{"type":"MultiLineString","coordinates":[[[740853.61,9829917.95],[740841.44,9829927.57],[740827.18,9829939.86],[740811.37,9829962],[740749.48,9830078.89],[740721.92,9830142.59],[740709.5,9830178.06],[740699.56,9830213.74],[740693.01,9830252.37],[740686.91,9830295.97],[740682.05,9830428.56],[740681.94,9830490.68],[740680.36,9830536.98],[740667.26,9830639.53],[740639.02,9830859.2],[740615.98,9831034.49],[740605.14,9831128.68],[740602.43,9831142.23],[740595.88,9831164.94],[740586.53,9831188.91],[740572.5,9831215.65],[740554.2,9831242.58],[740533.65,9831268.33],[740509.7,9831291.82],[740474.69,9831323],[740346.28,9831435.03],[740314.54,9831456.95],[740301.22,9831467],[740272.08,9831483.82],[740235.03,9831500.99],[740186.69,9831520.42],[740035.01,9831579.94],[739909.76,9831630.2],[739840.19,9831658.66],[739773.33,9831685.31],[739544.74,9831767.76],[739475.16,9831794.64],[739289.49,9831874.6],[739170.9,9831931.41],[739071.74,9831974.78],[739017.07,9831999.74],[738965,9832026.38],[738903.34,9832075.27],[738835.65,9832142.2],[738723.6,9832275.31],[738616.81,9832407.67],[738580.9,9832452.41],[738563.5,9832471.38],[738540.24,9832486.63],[738517.38,9832493.75],[738491.78,9832496.12],[738460.05,9832489.57],[738434.41,9832476.69],[738426.37,9832470.58],[738419.12,9832462.34],[738368.68,9832398.31],[738323.95,9832337.32],[738285.16,9832285.09],[738255.07,9832242.97],[738242.07,9832224.49],[738230.17,9832201.46],[738212.14,9832162.26],[738198.48,9832134.37],[738192.15,9832119.23],[738187.75,9832102.4],[738179.5,9832073.27],[738101.66,9831803.78],[738074.98,9831704.68],[738071.57,9831695.48],[738067.18,9831684.86],[738060.63,9831672.32],[738052.33,9831662.16],[738038.95,9831646.01],[738021.78,9831634.71],[737999.87,9831624.1],[737977.51,9831620.26],[737960.68,9831622.18],[737944.3,9831625.9],[737929.06,9831631.55],[737913.7,9831640.02],[737900.99,9831650.98],[737864.11,9831691.07],[737749.48,9831821.86],[737670.45,9831910.1],[737651.9,9831926.67],[737614.85,9831958.86],[737493.84,9832052.2],[737477.57,9832068.92],[737463.66,9832089.34],[737458.26,9832098.73],[737450.92,9832124.94],[737450.22,9832140.22],[737450.02,9832153.51],[737451.6,9832167.63],[737458.11,9832182.45],[737466.17,9832196.43],[737475.99,9832207.72],[737547.03,9832275.37],[737569.73,9832301.46],[737581.31,9832317.67],[737588.93,9832334.33],[737596.67,9832358.44],[737599.83,9832383.18],[737599.29,9832405.41],[737600.11,9832474.04],[737600.84,9832517.13],[737601.98,9832527.76],[737603.9,9832538.64],[737606.38,9832547.17],[737609.15,9832554.9],[737615.59,9832569.47],[737623.34,9832583.22],[737635.41,9832602.17],[737657.77,9832624.08],[737716.27,9832676.6],[737739.31,9832700.54],[737755.8,9832729.45],[737761.9,9832747.75],[737764.16,9832765.59],[737762.13,9832785.25],[737757.16,9832802.64],[737722.15,9832870.18],[737670.65,9832968.66],[737643.09,9833004.8],[737625.82,9833024.61],[737604.91,9833045.46],[737573.74,9833066.7],[737548.1,9833079.68],[737528.45,9833089.31],[737508.15,9833097.78],[737481.24,9833106.17],[737451.65,9833114.36],[737326.85,9833145.08],[737177.91,9833179.1],[737161.99,9833181.92],[737145.95,9833186.44],[737130.98,9833191.41],[737116.25,9833197.74],[737077.28,9833218.52],[737047.8,9833239.07],[737033.04,9833249.55],[737020.25,9833263.58],[736993.31,9833295.99],[736984.84,9833307.35],[736974.79,9833323.95],[736965.67,9833342.24],[736930.97,9833415.54]]]}},{"type":"Feature","properties":{"NOMBRE":" "},"geometry":{"type":"MultiLineString","coordinates":[[[776068.95,9833720.45],[776082.08,9833713.04],[776096.72,9833703.8],[776107,9833697.62],[776120.21,9833689.38]]]}},{"type":"Feature","properties":{"NOMBRE":" "},"geometry":{"type":"MultiLineString","coordinates":[[[775286.35,9834596.42],[775297.02,9834607.96],[775310.56,9834617],[775326.44,9834625.3],[775345.65,9834630.99],[775362.48,9834633.12],[775388.79,9834632.41],[775406.99,9834626.96],[775425.78,9834617.71],[775437.63,9834610.19],[775473.13,9834581.57],[775484.77,9834574.03],[775498.74,9834567.01],[775510.56,9834562.5],[775528.07,9834559.28],[775544.91,9834560.46],[775559.72,9834563.9],[775574.9,9834569.59],[775606.67,9834583.81],[775925.89,9834737.32],[775954.57,9834749.76],[776038.02,9834776.2],[776060.92,9834785.21],[776080.22,9834793.21],[776108.73,9834804.77],[776131.84,9834818.4],[776153.3,9834834.64],[776167.29,9834846.97],[776178.9,9834859.29],[776191.59,9834877.19],[776204.15,9834902.62],[776219.09,9834939.31],[776226.91,9834975.28],[776232.01,9835021.51],[776233.46,9835033.01],[776234.88,9835040],[776239.92,9835054.58],[776243.24,9835062.91],[776249.4,9835080.84],[776251.89,9835094.59],[776254.86,9835120.79],[776257.23,9835146.39],[776257.7,9835162.75],[776260.9,9835188.83],[776266.12,9835221.31],[776271.57,9835275.6],[776275.84,9835300.73],[776285.08,9835328.88],[776288.11,9835340.85],[776290.42,9835361.36],[776289.94,9835369.36],[776288.16,9835379.55],[776285.2,9835388.92],[776282.36,9835397.45],[776270.5,9835416.89],[776258.26,9835431.03],[776243.8,9835444.66],[776218.55,9835474.18],[776205.87,9835494.92],[776197.99,9835512.58],[776191.76,9835532.91],[776188.27,9835556.08],[776187.56,9835584.06],[776186.49,9835601.72],[776182.87,9835626.08],[776180.68,9835634.32],[776178.07,9835642.26],[776170.37,9835660.04],[776137.3,9835729.74],[776131.25,9835749.89],[776126.95,9835771.23],[776121.41,9835831.21],[776119.75,9835860.61],[776120.49,9835890.86],[776126.15,9835958.52],[776127.58,9836017.08],[776128.35,9836043.92],[776126.75,9836152.39],[776112.43,9836276.58],[776111.81,9836290.07],[776111.99,9836298.48],[776113.23,9836306.78],[776124.02,9836358.88],[776128.32,9836382.32],[776130.13,9836424.19],[776131.37,9836435.99],[776142.51,9836483.16],[776158.13,9836561.31],[776164.38,9836578.65],[776170.55,9836592.28],[776190.11,9836620.49],[776216.42,9836649.65],[776233.96,9836670.04],[776247.95,9836691.37],[776254.94,9836705.72],[776261.73,9836725.35],[776265.38,9836740.66],[776266.44,9836751.8],[776265.88,9836762.05],[776264.43,9836773.29],[776262.77,9836779.67],[776259.95,9836786.87],[776252.28,9836798.73],[776234.35,9836821.34],[776230.66,9836830.24],[776227.59,9836842.79],[776227.83,9836850.35],[776230.44,9836863.06],[776246.02,9836892.93],[776248.51,9836901.47],[776249.34,9836910.9],[776249.7,9836921.07],[776256.63,9836982.35]]]}},{"type":"Feature","properties":{"NOMBRE":" "},"geometry":{"type":"MultiLineString","coordinates":[[[775391.48,9833717.92],[775385.07,9833730.88],[775380,9833743.33],[775377.27,9833751.61],[775376.44,9833754.72],[775375.6,9833758.15],[775374.15,9833765.66],[775372.57,9833774.91],[775370.72,9833793.38],[775369.41,9833815.19],[775370.72,9833837],[775378.15,9833882.68],[775381.21,9833911.32],[775383.46,9833940.13],[775385.59,9833970.23],[775389.39,9834006.51],[775396.08,9834034.13],[775408.47,9834068.5],[775423.88,9834103.83],[775434.55,9834131.8],[775437.04,9834146.86],[775436.78,9834162.11],[775431.7,9834178.27],[775423.29,9834196.52],[775416.06,9834209.09],[775352.19,9834298.05],[775313.19,9834349.71],[775300.01,9834378],[775294.91,9834392.2],[775289.93,9834407.83],[775287.95,9834414.48],[775284.55,9834429.36],[775278.68,9834461.84],[775274.94,9834486.05],[775270.45,9834513.64],[775268.87,9834523.9],[775267.32,9834536.96],[775267.35,9834544.28],[775268.06,9834551.27],[775270.97,9834563.76],[775274.75,9834575.56],[775280.01,9834586.46],[775286.35,9834596.42]]]}},{"type":"Feature","properties":{"NOMBRE":" "},"geometry":{"type":"MultiLineString","coordinates":[[[775391.48,9833717.92],[775399.62,9833701.87],[775405.52,9833690.84],[775416.13,9833668.92],[775423.88,9833643.16],[775427.91,9833618.58],[775429.72,9833593.14],[775430.36,9833554.65],[775428.78,9833524.78],[775426.09,9833467.81],[775428.06,9833449.63],[775430.2,9833438.33],[775434.94,9833426.08],[775439.05,9833416.44],[775446.51,9833405.56],[775461.18,9833394.94],[775476.9,9833389.02],[775494.16,9833383.79],[775513.68,9833382.81],[775539.51,9833388.43],[775561.14,9833396.01],[775603.82,9833413.14],[775668.8,9833441.7],[775739.23,9833468.82],[775783.08,9833487.61],[775821.04,9833505.02],[775846.5,9833520.75],[775855.63,9833527.44],[775863.72,9833535.16],[775870.51,9833542.83],[775875.95,9833549.8],[775880.41,9833556.11],[775884.28,9833562.81],[775897.25,9833594.59],[775903.19,9833616.03],[775908.62,9833647.85],[775913.49,9833688.29],[775916.48,9833711.13],[775922.8,9833736.64],[775926.97,9833745.39],[775933.1,9833752.92],[775941.1,9833761.21],[775952.38,9833767.97],[775964.49,9833771.97],[775976.35,9833773.8],[775986.71,9833773.21],[775999.52,9833769.22],[776006.58,9833765.58],[776013.5,9833761.4],[776024.54,9833752.08],[776032.68,9833744.88],[776039.89,9833739.76],[776068.95,9833720.45]]]}},{"type":"Feature","properties":{"NOMBRE":" "},"geometry":{"type":"MultiLineString","coordinates":[[[762024.3,9811830.6],[761979.96,9811799.17],[761945.79,9811775.34],[761934.47,9811767.33],[761912.43,9811751.57],[761890.79,9811735.93],[761880.58,9811727.89],[761864.55,9811712.37],[761855.63,9811702.96],[761846.89,9811692.85],[761838.36,9811680.83],[761830.58,9811666.88],[761820.2,9811648.88],[761807.55,9811623.74],[761794.08,9811601.19],[761783.95,9811581.65],[761772.92,9811561.38],[761761.4,9811539.65],[761746.63,9811514.47],[761743.56,9811509.88],[761739.63,9811505.63],[761735.37,9811502.37],[761730.1,9811499.87],[761724.43,9811498.21],[761714.61,9811497.03],[761709.91,9811497.11],[761704.56,9811498.73],[761694.75,9811502.79],[761684.69,9811509.03],[761650.07,9811535.71],[761639.56,9811542.12],[761631.5,9811545.57],[761621.2,9811547.59],[761613.82,9811548.81],[761606.52,9811548.44],[761601.53,9811546.94],[761596.67,9811544.75],[761593.42,9811542.85],[761590.59,9811540.05],[761587.46,9811536.16],[761585.07,9811531.94],[761582.7,9811522.23],[761582.86,9811513.96],[761583.83,9811508.32],[761586.43,9811499.85],[761592.11,9811487.77],[761601.03,9811473.82],[761610.27,9811461.98],[761627.87,9811440.25],[761641.17,9811422.16],[761649.76,9811410.08],[761656.49,9811399.62],[761662.57,9811389.65],[761667.68,9811378.94],[761673.36,9811365.51],[761678.95,9811345.78],[761680.58,9811333.45],[761680.61,9811321.78],[761679.44,9811299.55],[761673.9,9811276.36],[761663.41,9811245.84],[761651.8,9811213.79],[761641.05,9811182.52],[761630.64,9811153.95],[761614.81,9811102.91],[761596.97,9811049.14],[761582.36,9811006.26],[761580.75,9810995.38],[761581.52,9810986.62],[761582.82,9810978.88],[761586.88,9810972.76],[761598.23,9810963.11],[761652.56,9810927.02],[761688.73,9810897.66],[761721,9810870.9],[761753.11,9810842.68],[761862.34,9810739.7],[761877.75,9810723.12],[761886.51,9810710.47],[761896.56,9810688.89],[761899.32,9810680.14],[761901.67,9810670.89],[761904.67,9810655.32],[761923.32,9810561.74],[761926.24,9810541.15],[761927.86,9810521.2],[761930.46,9810498.01],[761935.73,9810477.57]]]}},{"type":"Feature","properties":{"NOMBRE":" "},"geometry":{"type":"MultiLineString","coordinates":[[[761935.73,9810477.57],[761943.84,9810464.27],[761953.41,9810454.86],[761963.79,9810448.54],[761976.84,9810442.86],[762000.77,9810434.92],[762018.44,9810428.43],[762036.49,9810420.86],[762054.85,9810409.49],[762071.88,9810395.47],[762081.17,9810386.63],[762089.72,9810376.81],[762102.65,9810356.77],[762117.7,9810328.48],[762121.84,9810318.43],[762124.51,9810309.67],[762125.16,9810302.82],[762125.16,9810296.86],[762124.07,9810290.7],[762120.17,9810281.05],[762115.71,9810273.91],[762109.55,9810266.85],[762102.78,9810261.5],[762095.97,9810258.58],[762080.8,9810254.08],[762062.42,9810249.35],[762043.12,9810244.2],[762024.23,9810237.78],[762006.79,9810229.36],[761990.9,9810218.42],[761978.35,9810205.85],[761968.18,9810192.08],[761960.25,9810172.59],[761957,9810160.12],[761947.39,9810124.43],[761936.28,9810087.62],[761924.44,9810046.75],[761914.14,9810011.64],[761891.11,9809927.39],[761877.65,9809877.43],[761853.89,9809801.77],[761834.26,9809729.52],[761816.18,9809663.68],[761804.5,9809621.51],[761793.8,9809584.21],[761781.96,9809541.07],[761771.09,9809496.79],[761764.61,9809473.44],[761744.5,9809408.24],[761732.41,9809370.04],[761722.97,9809337.65],[761715.43,9809309.1],[761708.41,9809283.4],[761698.76,9809252.5],[761686.6,9809210.25],[761676.06,9809172.46],[761664.14,9809124.46],[761655.38,9809094.29],[761640.46,9809043.61],[761636.48,9809033.64],[761629.75,9809021.23],[761617.35,9808996.33],[761597.88,9808954.81],[761583.61,9808925.78],[761569.1,9808894.44],[761553.85,9808855.36],[761550.69,9808843.8],[761547.93,9808832.65],[761544.44,9808814.49],[761541.28,9808791.78],[761538.69,9808767.13],[761528.96,9808654.74],[761524.82,9808619.14],[761521.66,9808604.38],[761517.85,9808593.67],[761510.22,9808576.48],[761500.01,9808554.1],[761493.84,9808536.42],[761489.71,9808517.85],[761488.17,9808507.15],[761487.6,9808496.04],[761488.9,9808483.79],[761491.19,9808475.18],[761495.95,9808463.77],[761500.9,9808453.87],[761509.78,9808438.42],[761516.32,9808427.77],[761522.16,9808419.71],[761529.22,9808410.39],[761535.54,9808402.6],[761547.87,9808389.14],[761562.79,9808372.44],[761572.12,9808364.41],[761582.01,9808358.41],[761593.2,9808355.57],[761603.99,9808353.87],[761628.15,9808352.89],[761649.76,9808350.74],[761667.03,9808347.26],[761678.06,9808344.58],[761684.75,9808342.23],[761701.42,9808334.61],[761725.66,9808324.79],[761744.31,9808315.87],[761753.64,9808310.68],[761760.86,9808305.25],[761766.94,9808299.33],[761771.97,9808291.95],[761774.76,9808285.55],[761777.2,9808276.79],[761778.9,9808267.06],[761779.22,9808257.12],[761778.17,9808245.73],[761776.63,9808233.53],[761769.57,9808202.23],[761752.63,9808128.41],[761682.97,9807799.69],[761672.1,9807750.38],[761652.32,9807662.8],[761645.99,9807617.31],[761644.04,9807594.93],[761644.45,9807573.12],[761646.8,9807552.6],[761650.05,9807538.49],[761665.61,9807488.05],[761696.51,9807398.28],[761719.78,9807331.38],[761728.06,9807305.92],[761733.65,9807283.46],[761738.6,9807257.43],[761744.44,9807209.34],[761744.33,9807180.49],[761742.29,9807156.83],[761738.67,9807135.43],[761730.3,9807100.2],[761717.94,9807064.28],[761705.42,9807026.54],[761692.63,9806988.31],[761665.53,9806909.9],[761656.32,9806883.77],[761638.26,9806831.77],[761620.78,9806779.76],[761608.1,9806741.11],[761571.19,9806629.81],[761558.17,9806592.29],[761549.29,9806567.13],[761540.21,9806541.72],[761530.63,9806516.8],[761520.08,9806492.66],[761508.25,9806468.21],[761496.27,9806443.8],[761483.61,9806419.28],[761470.76,9806394.12],[761458.56,9806368.11],[761447.58,9806339.61],[761437.87,9806308.67],[761429.12,9806275.96],[761421.07,9806243.08],[761412.64,9806210.68],[761402.32,9806179.4],[761390.46,9806149.43],[761377.83,9806120.57],[761365.28,9806092.17],[761340.16,9806035.63],[761315.48,9805979.04],[761304.07,9805949.06],[761284.28,9805901.05],[761276.62,9805883.54],[761268.92,9805865.41],[761258.25,9805842.68],[761253.83,9805837.48],[761247.26,9805832.57],[761237.13,9805827.42],[761220.17,9805824.18],[761186.56,9805820.3],[761042.2,9805806.2],[761030.36,9805803.52],[761018.61,9805799.3],[761011.31,9805794.68],[761004.58,9805788.27],[760996.47,9805775.87],[760990.63,9805763.7],[760987.22,9805750.08],[760983.82,9805734.67],[760977.17,9805704.18],[760955.11,9805597.95],[760920.24,9805419.88],[760915.62,9805391.82],[760906.7,9805358.25],[760901.67,9805343.73],[760893.89,9805328.73],[760878.07,9805301.48],[760796.98,9805182.12],[760782.06,9805163.14],[760768.44,9805141.25],[760737.55,9805088.64],[760702.92,9805037.26],[760668.3,9804986.59],[760650.46,9804961.23],[760633.22,9804936.93],[760616.59,9804912.5],[760601.75,9804887.48],[760589.01,9804861.83],[760578.9,9804835.19],[760567.19,9804793.91],[760556.36,9804752.97],[760545.22,9804712.95],[760531.93,9804673.65],[760521.57,9804648.83],[760500.11,9804602.39],[760491.98,9804584.21],[760487.96,9804576.09],[760484.68,9804568.6],[760476.65,9804552.38],[760471.46,9804540.62],[760462.06,9804520.43],[760449.2,9804485.2],[760447.78,9804475.67],[760447.66,9804466.02],[760448.43,9804451.83],[760451.07,9804439.54],[760458.12,9804418.94],[760468.99,9804387.64],[760476.37,9804357.15],[760482.04,9804326.5],[760489.34,9804272.49],[760493.86,9804233.68],[760498.02,9804216.7],[760503.46,9804202.34],[760513.5,9804180.46],[760525.8,9804160.53],[760535.58,9804147.29],[760546.9,9804133.95],[760558.67,9804120.27],[760570.57,9804106.28],[760582.57,9804092.38],[760594.87,9804077.93],[760606.83,9804062.43],[760618.41,9804046.9],[760640.03,9804015.16],[760652.12,9803987.1],[760661.26,9803956.57],[760669.66,9803925.94],[760679.13,9803884.92],[760688.59,9803845.14],[760698.27,9803808.57],[760709.59,9803769.28],[760714.61,9803749.74],[760730.51,9803684.74],[760750.68,9803607.63],[760833.37,9803326.09],[760845.23,9803287.55],[760851.76,9803271.72],[760903.36,9803164.96],[760923.36,9803122.77],[760930.05,9803105.72],[760942.3,9803071.14],[760949.76,9803032.38],[760958.36,9802991.35],[760962.41,9802978.54],[760966.63,9802970.43],[760976.28,9802957.29],[760985.36,9802946.83],[761010.82,9802923.56],[761026.23,9802909.93],[761039.69,9802898.74],[761067.75,9802877.82],[761136.19,9802818.79],[761177.95,9802779.54],[761189.47,9802768.18],[761198.87,9802755.7],[761205.36,9802741.26],[761210.06,9802721.15],[761212.01,9802701.04],[761214.6,9802675.42],[761214.77,9802651.9],[761212.82,9802629.36],[761209.25,9802608.43],[761198.59,9802572.29],[761189.47,9802536.54],[761180.94,9802498.97],[761171.8,9802461.08],[761164.12,9802423.42],[761161.79,9802395.66],[761161.97,9802382.36],[761163.29,9802366.82],[761166.87,9802341.28],[761171.19,9802319.65],[761179.19,9802283.54],[761185.39,9802256.4],[761187.03,9802235.59],[761187.47,9802219.37],[761183.68,9802194.94],[761176.87,9802164.23],[761175.68,9802147.47],[761178.71,9802133.85],[761184.44,9802123.9],[761191.47,9802117.36],[761199.58,9802113.47],[761205.95,9802112.38],[761212.17,9802112.06],[761218.19,9802112.68],[761224.01,9802114.17],[761232.12,9802120.22],[761254.5,9802145.52],[761275.59,9802171.04],[761284.56,9802180.12],[761295.05,9802186.18],[761312.13,9802189.64],[761329.47,9802189.3],[761344.57,9802185.1],[761361,9802177.96],[761374.3,9802168.88],[761390.25,9802154.07],[761408.79,9802132.33],[761412.25,9802125.95],[761415.01,9802118.39],[761415.66,9802111.03],[761415.41,9802104.2],[761414.31,9802096.17],[761359.76,9801890.79],[761355.22,9801855.65],[761355.22,9801837.27],[761355.87,9801822.56],[761358.89,9801795.97],[761425.28,9801505.23],[761445.17,9801407],[761447.93,9801379.97],[761453.34,9801316.39],[761455.72,9801284.6],[761456.8,9801274.55],[761459.39,9801265.36],[761469.18,9801236.22],[761476.8,9801217.7],[761489.94,9801191.16],[761507.45,9801159.8],[761520.64,9801141.21],[761534.27,9801127.04],[761548.21,9801114.82],[761577.84,9801089.74],[761622.82,9801049.3],[761645.09,9801032.65],[761656.01,9801024.98],[761667.35,9801018.54],[761677.74,9801014.05],[761698.29,9801011.46],[761784.14,9801002.59],[761798.41,9800996.32],[761810.95,9800985.51],[761820.47,9800971.24],[761827.28,9800955.45],[761848.58,9800908.74],[761855.39,9800897.5],[761863.17,9800889.93],[761870.53,9800884.42],[761877.66,9800881.5],[761891.29,9800876.52],[761916.8,9800872.2],[761951.19,9800870.04],[761976.05,9800872.2],[761999.62,9800876.52],[762020.82,9800883.12],[762054.33,9800892.42],[762063.09,9800893.28],[762070.77,9800892.63],[762080.39,9800890.58],[762087.64,9800886.47],[762093.69,9800881.71],[762097.15,9800878.15],[762100.18,9800871.44],[762101.26,9800863.44],[762101.26,9800855.01],[762099.1,9800845.6],[762095.53,9800838.79],[762092.18,9800833.06],[762086.24,9800826.53],[762078.66,9800821.49],[762069.36,9800818.67],[762050.52,9800816.09],[762032.32,9800815.05],[762013.72,9800814.11],[761995.47,9800813.02],[761977.51,9800811.41],[761959.81,9800807.62],[761942.62,9800800.08],[761928.42,9800789.08],[761916.48,9800775.05],[761905.31,9800760.01],[761894.89,9800744.06],[761885.24,9800727.57],[761874.53,9800699.85],[761866.09,9800669.04],[761858.16,9800619.44],[761850.8,9800581.46],[761842.39,9800540.6],[761833.25,9800499.37],[761824.85,9800458.85],[761815.9,9800425.37],[761802.5,9800401.04],[761789.15,9800387.13],[761773.75,9800375.35],[761755.74,9800366.2],[761735.75,9800361.04],[761725.43,9800360],[761714.97,9800360.18],[761704.4,9800361.51],[761683.37,9800368.33],[761664.29,9800379.57],[761648.45,9800395.27],[761635.61,9800415.13],[761625,9800436.85],[761615.3,9800457.66],[761600.93,9800484.88],[761587.47,9800500.6],[761571.31,9800513.88],[761553.89,9800525.89],[761536.38,9800537.26],[761519.35,9800546.21],[761504.97,9800553.51],[761493.51,9800556.75],[761479.5,9800556.48],[761467.93,9800553.24],[761453.61,9800546.05],[761443.34,9800533.51],[761435.34,9800519.88],[761429.28,9800499.56],[761421.71,9800475.12],[761408.09,9800424.63],[761395.33,9800376.41],[761391.55,9800357.05],[761389.71,9800339.21],[761367.6,9800016.55],[761363.71,9799975.84],[761363.97,9799956.78],[761366.78,9799936.48],[761371.54,9799919.81],[761379.36,9799902.56],[761392.46,9799887.96],[761407.72,9799876.91],[761425.54,9799868.46],[761444.24,9799861.42],[761463.1,9799854.44],[761482.28,9799845.93],[761501.05,9799836.79],[761517.58,9799827.44],[761564.75,9799801.08],[761582.18,9799791.06],[761614.96,9799771.67],[761630.26,9799762.09],[761644.69,9799750.83],[761657.83,9799736.75],[761669.46,9799721.18],[761680.66,9799704.75],[761717.13,9799649.56],[761731.5,9799628.26],[761747.01,9799604.51],[761764.53,9799578.1],[761778.22,9799558.9],[761799.19,9799532.3],[761809.6,9799515.62],[761815.55,9799503.61],[761820.45,9799489.81],[761830.42,9799422.12],[761833.47,9799396.09],[761834.06,9799383.61],[761833.79,9799373.24],[761822.82,9799259.72],[761824.98,9799245.34],[761829.12,9799234.6],[761834.06,9799227.07],[761842.93,9799220.26],[761854.82,9799213.77],[762029.22,9799117.65],[762043.06,9799108.78],[762049.33,9799101.76],[762055.31,9799092.57],[762073.15,9799044.34],[762079.17,9799031.31],[762084.82,9799020.34],[762095.96,9799006.5],[762104.07,9798997.85],[762114.77,9798990.28],[762130.56,9798982.5],[762148.72,9798977.96],[762163.86,9798976.88],[762182.03,9798977.96],[762197.6,9798980.34],[762210.64,9798985.58],[762224.73,9798990.82],[762238.72,9798994.88],[762254.01,9799000.95],[762271.84,9799007.2],[762290.4,9799014.45],[762310.12,9799022.55],[762320.31,9799026.51],[762330.71,9799030.1],[762341.12,9799032.72],[762351.61,9799033.9],[762362.17,9799033.7],[762372.78,9799032.63],[762382.99,9799028.95],[762400.91,9799013.82],[762415.23,9798991.98],[762428.45,9798970.53],[762441.92,9798950.08],[762454.99,9798929.48],[762468.02,9798906.67],[762480.78,9798880.48],[762495.64,9798861.33],[762512.66,9798849.05],[762532.72,9798843.11],[762543.4,9798843.14],[762565.14,9798851.9],[762575.34,9798857.62],[762590.18,9798876.18],[762600.41,9798915.97],[762611.57,9798956.77],[762623.96,9798996.95],[762637.98,9799020.43],[762657.99,9799036.67],[762669.89,9799041.5],[762682.6,9799043.63],[762695.93,9799042.13],[762721.97,9799029.59],[762733.13,9799019.83],[762743.48,9799007.36],[762763.79,9798981.84],[762784.1,9798957.25],[762794.38,9798945.11],[762805.01,9798933.77],[762816.01,9798923.23],[762827.42,9798913.03],[762839.52,9798903.71],[762852.44,9798895.33],[762866.05,9798887.74],[762880.2,9798881.21],[762909.86,9798868.25],[762925.03,9798861.44],[762940.34,9798854.86],[762955.53,9798847.25],[762970.65,9798838.78],[762985.92,9798828.42],[763001.91,9798817.27],[763018.61,9798805.1],[763053.99,9798778.07],[763109.89,9798736.44],[763128.31,9798720.52],[763163.12,9798692.84],[763178.91,9798680.95],[763192.1,9798670.46],[763205.51,9798661.38],[763219.78,9798653.16],[763236.11,9798644.94],[763254.16,9798637.05],[763278.92,9798629.7],[763364.23,9798611.31],[763378.65,9798609.34],[763390.18,9798606.77],[763414.4,9798598.99],[763460.46,9798581.8],[763523.28,9798552.06],[763533.23,9798545.79],[763540.15,9798537.58],[763562.11,9798509.41],[763605.02,9798449.78],[763623.18,9798412.69],[763630.24,9798389.6],[763640.4,9798350.17],[763658.92,9798280.89],[763666.16,9798251.92],[763668.22,9798244.73],[763670.49,9798238.4],[763683.37,9798211.9],[763691.84,9798196.56],[763751.66,9798115.71],[763790.93,9798060.16],[763818.58,9798014.26],[763851.45,9797962.64],[763859.73,9797951.74],[763868.16,9797941.83],[763876.97,9797934.07],[763886.32,9797926.98],[763899.73,9797920.17],[763981.54,9797890.54],[764011.57,9797879.8],[764040.4,9797866.98],[764096.3,9797834.4],[764112.73,9797824.67],[764126.68,9797813],[764134.03,9797806.13],[764144.47,9797795.18],[764156.25,9797781.42],[764163.12,9797772.88],[764172.69,9797759.26],[764190.36,9797735.85],[764252.53,9797643.95],[764258.68,9797635.1],[764313.84,9797560.8],[764349.09,9797517.93],[764372.99,9797486.54],[764385.85,9797470.36],[764393.96,9797459.44],[764396.93,9797454.3],[764415.53,9797414.4],[764430.12,9797374.94],[764436.4,9797356.34],[764439.42,9797344.99],[764441.15,9797334.29],[764440.5,9797314.18],[764425.03,9797188.82],[764422.66,9797172.41],[764421.18,9797164.53],[764418.8,9797156.05],[764414.38,9797143.35],[764404.6,9797120.7],[764397.35,9797107.62],[764344.98,9797019.7],[764323.76,9796982.87],[764311.59,9796945.87],[764296.37,9796909.86],[764281.99,9796862.83],[764268.7,9796816.11],[764217.63,9796602.83],[764201.55,9796560.97],[764178.08,9796528.29],[764093.32,9796429.02],[764061.26,9796393.13],[764048.08,9796375.05],[764039.04,9796353.68],[764032.01,9796331.84],[764028.77,9796320.92],[764027.36,9796309.14],[764027.63,9796237.94],[764028.44,9796205.12],[764026.66,9796170.04],[764024.06,9796142.36],[764011.37,9796074.78],[764002.08,9796027.92],[763995.83,9796000.67],[763991.11,9795987.73],[763986.33,9795978.01],[763979.01,9795970.48],[763973.03,9795965.8],[763965.14,9795961.8],[763949.57,9795954.88],[763896.7,9795937.36],[763885.56,9795933.25],[763874.42,9795927.2],[763860.69,9795916.92],[763849.99,9795906.76],[763839.93,9795894.11],[763831.82,9795880.92],[763824.8,9795863.3],[763820.58,9795845.24],[763814.74,9795733.44],[763811.52,9795717.24],[763808.25,9795706.95],[763803.52,9795697.63],[763740.16,9795613.94],[763732.7,9795607.34],[763715.78,9795597.29],[763697.45,9795588.42],[763656.8,9795571.56],[763623.82,9795555.99],[763585.84,9795527.34],[763543.06,9795493.84],[763536.81,9795487.06],[763531.27,9795479.57],[763525.27,9795470],[763521.97,9795461.62],[763493.54,9795391.13],[763479.8,9795349.61],[763475.53,9795328.2],[763475.91,9795312.25],[763478.99,9795296.95],[763511.19,9795199.48],[763513.3,9795188.21],[763513.46,9795174.18],[763512.59,9795154.34],[763509.51,9795135.31],[763503.2,9795110.08],[763484.66,9795026.88],[763480.1,9794999.83],[763477.29,9794972.59],[763478.16,9794940.58],[763481.18,9794921.77],[763485.18,9794906.31],[763492.43,9794887.17],[763503.08,9794865.52],[763523.57,9794831.7],[763546.67,9794806.23],[763605.91,9794747.35],[763651.45,9794704.16],[763669.5,9794675.12],[763677.93,9794652],[763684.99,9794625.08],[763689.48,9794595.05],[763686.89,9794412.53],[763680.22,9794368],[763678.72,9794364.11],[763670.4,9794344.02],[763660.09,9794328.24],[763646.57,9794309.77],[763632.04,9794290.77],[763617.79,9794271.39],[763603.76,9794251.61],[763590.3,9794230.69],[763568.31,9794186.52],[763554.68,9794143.63],[763552.05,9794079.09],[763561.37,9794033.38],[763571.76,9793987.9],[763581.97,9793944.26],[763596.04,9793899.9],[763613.84,9793855.12],[763623.74,9793832.7],[763654.83,9793763.98],[763688.01,9793691.4],[763710.58,9793642.57],[763721.57,9793618.29],[763743.05,9793569.94],[763753.82,9793545.94],[763774.68,9793499.87],[763783.96,9793478.94],[763801.74,9793439.68],[763811.41,9793420.38],[763822.17,9793401.35],[763833.96,9793382.4],[763846.59,9793363.5],[763859.95,9793344.91],[763886.97,9793314.75],[763900.16,9793295.94],[763910.32,9793276.69],[763919.83,9793259.83],[763928.92,9793239.93],[763939.08,9793218.53],[763957.14,9793178.52],[763964.92,9793157.76],[763972.06,9793131.38],[763976.33,9793102.55],[763978,9793071.59],[763977.79,9793055.04],[763974.6,9793029.53],[763972.49,9793020.39],[763967.84,9793002.55],[763961.46,9792984.6],[763940.11,9792944.38],[763909.83,9792879.4],[763901.45,9792863.56],[763879.83,9792821.61],[763870.04,9792806.63],[763853.39,9792787.17],[763828.31,9792765.75],[763798.1,9792749.92],[763766.14,9792742.17],[763734.13,9792738.84],[763700.83,9792733.11],[763688.62,9792730.84],[763669.48,9792725.65],[763644.61,9792715.06],[763623.93,9792700.25],[763605.89,9792680.55],[763588.32,9792653.73],[763553.53,9792595.52],[763538.75,9792571.64],[763525.42,9792548.24],[763532.01,9792498.85],[763557.57,9792483.77],[763651.81,9792480.93],[763658.45,9792480.36],[763669.49,9792476.93],[763684.54,9792460.73],[763678.91,9792415.6],[763667.45,9792407.94],[763655.32,9792403.15],[763622,9792406.84],[763603.91,9792411.55],[763587.2,9792415.36],[763572.55,9792417.5],[763545.19,9792415.7],[763533.2,9792411.56],[763521.54,9792403.47],[763504.63,9792377.95],[763494.45,9792359.5],[763471.84,9792314.14],[763454.37,9792288.57],[763443.56,9792278.19],[763429.72,9792271.05],[763415.59,9792267.88],[763268.62,9792289.54],[763246.72,9792291.38],[763232.72,9792291.27],[763218.77,9792288.24],[763211.09,9792281.92],[763205.09,9792277.59]]]}},{"type":"Feature","properties":{"NOMBRE":" "},"geometry":{"type":"MultiLineString","coordinates":[[[762290.94,9812067.86],[762284.79,9812052.35],[762279.3,9812039.25],[762272.63,9812022.3],[762269.79,9812014.68],[762266.42,9812007.95],[762261.8,9812000.69],[762256.12,9811994.2],[762229.45,9811974.97],[762178.52,9811937.92],[762024.3,9811830.6]]]}}]}