{"type":"FeatureCollection","features":[{"type":"Feature","properties":{"DPA_DESPAR":"RIOBAMBA","DPA_PARROQ":"060150"},"geometry":{"type":"Polygon","coordinates":[[[-78.689204,-1.618923],[-78.689198,-1.619091],[-78.689259,-1.619418],[-78.689015,-1.619564],[-78.688965,-1.619663],[-78.688644,-1.620031],[-78.688524,-1.620067],[-78.687836,-1.62003],[-78.687706,-1.62016],[-78.687685,-1.620245],[-78.687785,-1.620482],[-78.68772,-1.620683],[-78.687549,-1.620799],[-78.687167,-1.6208],[-78.687049,-1.620898],[-78.687015,-1.62107],[-78.68713,-1.621356],[-78.687031,-1.621513],[-78.686892,-1.621551],[-78.686588,-1.62157],[-78.686389,-1.621482],[-78.686285,-1.621478],[-78.6861,-1.621538],[-78.686011,-1.621613],[-78.685816,-1.622121],[-78.685712,-1.622589],[-78.685676,-1.622637],[-78.68555,-1.62268],[-78.685449,-1.622678],[-78.685271,-1.622791],[-78.685252,-1.622835],[-78.685283,-1.623155],[-78.685235,-1.623256],[-78.685131,-1.623358],[-78.684188,-1.623422],[-78.684125,-1.623446],[-78.683979,-1.623647],[-78.683639,-1.623775],[-78.683329,-1.623995],[-78.682977,-1.624171],[-78.682635,-1.624522],[-78.682556,-1.624747],[-78.682555,-1.625024],[-78.682682,-1.625278],[-78.682567,-1.625335],[-78.682391,-1.625325],[-78.682296,-1.625388],[-78.682293,-1.625509],[-78.682362,-1.625699],[-78.68235,-1.625791],[-78.682182,-1.625912],[-78.681871,-1.625939],[-78.681433,-1.626086],[-78.681154,-1.626277],[-78.680918,-1.626488],[-78.680824,-1.626616],[-78.680662,-1.626952],[-78.679981,-1.627786],[-78.679591,-1.628067],[-78.679391,-1.628168],[-78.679257,-1.628347],[-78.678933,-1.628603],[-78.67882,-1.628802],[-78.678777,-1.629234],[-78.678475,-1.62961],[-78.678212,-1.630159],[-78.678072,-1.630277],[-78.678176,-1.630459],[-78.678171,-1.630631],[-78.67813,-1.630769],[-78.677829,-1.631309],[-78.67781,-1.631566],[-78.677394,-1.632002],[-78.677361,-1.632087],[-78.677356,-1.632557],[-78.677334,-1.632651],[-78.677235,-1.632751],[-78.677228,-1.632794],[-78.67727,-1.63299],[-78.67745,-1.63313],[-78.677502,-1.633214],[-78.677488,-1.633337],[-78.67695,-1.633777],[-78.67669,-1.634084],[-78.676443,-1.634268],[-78.676134,-1.634333],[-78.675786,-1.634322],[-78.675664,-1.634444],[-78.675229,-1.634687],[-78.675198,-1.634745],[-78.67521,-1.63491],[-78.675337,-1.635075],[-78.675362,-1.635258],[-78.675331,-1.635365],[-78.675211,-1.63552],[-78.675224,-1.636579],[-78.6752,-1.636662],[-78.675071,-1.636855],[-78.675062,-1.637369],[-78.674538,-1.637781],[-78.6744,-1.638054],[-78.674361,-1.638262],[-78.674277,-1.638329],[-78.674215,-1.638332],[-78.674111,-1.63831],[-78.673866,-1.63815],[-78.673633,-1.638174],[-78.67356,-1.638311],[-78.673623,-1.638514],[-78.673577,-1.638635],[-78.673479,-1.638638],[-78.673217,-1.638476],[-78.67312,-1.638478],[-78.672715,-1.638623],[-78.672282,-1.638871],[-78.67195,-1.638881],[-78.671816,-1.639033],[-78.671663,-1.639307],[-78.671542,-1.639368],[-78.671455,-1.639368],[-78.671346,-1.639306],[-78.671334,-1.639012],[-78.671187,-1.638985],[-78.67087,-1.638544],[-78.670765,-1.638481],[-78.670727,-1.638497],[-78.670659,-1.638636],[-78.670547,-1.638756],[-78.670457,-1.638676],[-78.670327,-1.638701],[-78.670054,-1.638663],[-78.669824,-1.638515],[-78.669401,-1.638413],[-78.669281,-1.638437],[-78.669081,-1.638648],[-78.668961,-1.638664],[-78.668391,-1.638429],[-78.66802,-1.638494],[-78.667888,-1.638486],[-78.667727,-1.63843],[-78.667489,-1.638476],[-78.667183,-1.638403],[-78.667049,-1.638401],[-78.66698,-1.638451],[-78.666922,-1.638585],[-78.666955,-1.638867],[-78.666889,-1.639078],[-78.666553,-1.639276],[-78.666429,-1.639441],[-78.666178,-1.639894],[-78.66575,-1.640169],[-78.665723,-1.640379],[-78.665628,-1.640503],[-78.665442,-1.640655],[-78.665304,-1.640846],[-78.665114,-1.641003],[-78.664977,-1.641354],[-78.664937,-1.641612],[-78.664869,-1.641743],[-78.664588,-1.642084],[-78.664328,-1.64259],[-78.66402,-1.642948],[-78.663669,-1.643204],[-78.663388,-1.643322],[-78.663328,-1.643304],[-78.66315,-1.643157],[-78.662943,-1.64316],[-78.662658,-1.643038],[-78.661933,-1.64321],[-78.661027,-1.643093],[-78.660768,-1.643092],[-78.660543,-1.643154],[-78.660052,-1.643359],[-78.659807,-1.643585],[-78.659677,-1.643838],[-78.659458,-1.644566],[-78.659213,-1.644803],[-78.658922,-1.644958],[-78.658404,-1.645479],[-78.658222,-1.645524],[-78.657868,-1.645496],[-78.657568,-1.645432],[-78.657286,-1.645432],[-78.656905,-1.645504],[-78.656731,-1.645753],[-78.656654,-1.646118],[-78.656598,-1.646216],[-78.656537,-1.646241],[-78.656276,-1.646195],[-78.656056,-1.646313],[-78.655765,-1.645983],[-78.655653,-1.645942],[-78.655535,-1.645942],[-78.655086,-1.646096],[-78.654815,-1.646142],[-78.654692,-1.646131],[-78.654513,-1.646234],[-78.654369,-1.64682],[-78.654241,-1.64718],[-78.654144,-1.647321],[-78.653762,-1.647706],[-78.653536,-1.647886],[-78.65331,-1.648166],[-78.652985,-1.648369],[-78.652514,-1.648479],[-78.652163,-1.648467],[-78.651924,-1.648209],[-78.65184,-1.648173],[-78.651596,-1.648315],[-78.651398,-1.648328],[-78.65128,-1.648266],[-78.6511,-1.64808],[-78.650684,-1.647961],[-78.650448,-1.64786],[-78.65018,-1.647639],[-78.650058,-1.64742],[-78.649761,-1.647165],[-78.649594,-1.646946],[-78.649503,-1.646876],[-78.649384,-1.646807],[-78.64896,-1.646728],[-78.648743,-1.646632],[-78.648602,-1.646487],[-78.648564,-1.646372],[-78.648329,-1.646264],[-78.648113,-1.646102],[-78.647869,-1.646084],[-78.647456,-1.645936],[-78.647367,-1.645947],[-78.647291,-1.646058],[-78.647208,-1.646066],[-78.647128,-1.645971],[-78.647001,-1.64594],[-78.646796,-1.645824],[-78.646565,-1.645479],[-78.646246,-1.645345],[-78.646139,-1.645173],[-78.646031,-1.644835],[-78.645879,-1.64472],[-78.645642,-1.644264],[-78.645468,-1.644031],[-78.645119,-1.643707],[-78.644988,-1.64348],[-78.644934,-1.642975],[-78.645292,-1.642306],[-78.645378,-1.642075],[-78.645375,-1.641868],[-78.645289,-1.641727],[-78.64477,-1.641428],[-78.64443,-1.641343],[-78.643793,-1.641258],[-78.643572,-1.641144],[-78.643251,-1.640582],[-78.643093,-1.640427],[-78.642577,-1.64017],[-78.642228,-1.639515],[-78.641976,-1.639291],[-78.641593,-1.639173],[-78.641488,-1.639112],[-78.641414,-1.639013],[-78.641233,-1.638595],[-78.641138,-1.638496],[-78.640991,-1.638431],[-78.640821,-1.638447],[-78.640642,-1.63855],[-78.640234,-1.63893],[-78.64001,-1.639198],[-78.639849,-1.63951],[-78.639729,-1.639571],[-78.639278,-1.639521],[-78.638775,-1.639595],[-78.638603,-1.639305],[-78.638483,-1.638981],[-78.638164,-1.638851],[-78.63799,-1.638847],[-78.637323,-1.639394],[-78.637085,-1.639424],[-78.635896,-1.639333],[-78.635767,-1.639242],[-78.635336,-1.639163],[-78.635102,-1.639022],[-78.635007,-1.638999],[-78.634302,-1.638959],[-78.634012,-1.638896],[-78.63375,-1.638917],[-78.633111,-1.639041],[-78.632627,-1.639046],[-78.631913,-1.639125],[-78.631508,-1.639064],[-78.631322,-1.639073],[-78.630425,-1.639403],[-78.629162,-1.639645],[-78.628943,-1.639664],[-78.628054,-1.639622],[-78.627333,-1.639811],[-78.627453,-1.63998],[-78.62738,-1.640092],[-78.627368,-1.640184],[-78.627473,-1.640519],[-78.627491,-1.64074],[-78.62741,-1.6414],[-78.627443,-1.642446],[-78.627385,-1.643394],[-78.627593,-1.644104],[-78.627579,-1.644254],[-78.627504,-1.644394],[-78.627502,-1.644498],[-78.627553,-1.644777],[-78.627551,-1.64498],[-78.627622,-1.645229],[-78.627804,-1.646729],[-78.626243,-1.647275],[-78.625647,-1.647422],[-78.625269,-1.647407],[-78.624622,-1.647473],[-78.624192,-1.647632],[-78.623746,-1.647739],[-78.623389,-1.647881],[-78.623067,-1.647893],[-78.622826,-1.648074],[-78.623336,-1.650325],[-78.622999,-1.650037],[-78.622505,-1.649681],[-78.622174,-1.649473],[-78.621667,-1.649217],[-78.620761,-1.648867],[-78.619354,-1.648429],[-78.619119,-1.648377],[-78.618602,-1.648344],[-78.61477,-1.648337],[-78.614821,-1.648365],[-78.614871,-1.648548],[-78.615089,-1.648963],[-78.615356,-1.649623],[-78.615409,-1.649869],[-78.615654,-1.650603],[-78.615774,-1.651202],[-78.615854,-1.651436],[-78.615915,-1.651488],[-78.616093,-1.651979],[-78.616433,-1.652634],[-78.616518,-1.653184],[-78.616624,-1.653492],[-78.617518,-1.655309],[-78.617792,-1.656676],[-78.617755,-1.65715],[-78.61776,-1.657582],[-78.617911,-1.658303],[-78.61792,-1.658516],[-78.618002,-1.658926],[-78.618059,-1.659122],[-78.618339,-1.659683],[-78.618691,-1.660183],[-78.61885,-1.660466],[-78.619425,-1.661884],[-78.619531,-1.662222],[-78.619733,-1.662912],[-78.619847,-1.663612],[-78.619906,-1.664818],[-78.620146,-1.666019],[-78.620299,-1.666444],[-78.618836,-1.665868],[-78.618113,-1.6654],[-78.617457,-1.665111],[-78.616581,-1.664607],[-78.616204,-1.664945],[-78.616042,-1.665305],[-78.615839,-1.665499],[-78.615752,-1.665731],[-78.615397,-1.66579],[-78.615065,-1.665888],[-78.61406,-1.666255],[-78.613111,-1.666539],[-78.61301,-1.666596],[-78.612267,-1.667349],[-78.611704,-1.66764],[-78.611587,-1.667777],[-78.611491,-1.667955],[-78.611539,-1.668187],[-78.611522,-1.668282],[-78.611368,-1.668552],[-78.611027,-1.668964],[-78.610726,-1.668925],[-78.6107,-1.66906],[-78.610743,-1.669221],[-78.611038,-1.669764],[-78.611578,-1.671333],[-78.611608,-1.671495],[-78.611517,-1.671898],[-78.611497,-1.672439],[-78.611411,-1.672819],[-78.61136,-1.67326],[-78.611237,-1.673612],[-78.611255,-1.673673],[-78.611548,-1.673991],[-78.611835,-1.673953],[-78.612051,-1.673991],[-78.612323,-1.673902],[-78.61282,-1.673488],[-78.613116,-1.673674],[-78.613301,-1.673645],[-78.613589,-1.673524],[-78.613597,-1.673603],[-78.613809,-1.673986],[-78.613886,-1.674293],[-78.614078,-1.674592],[-78.614231,-1.67472],[-78.614504,-1.674835],[-78.61461,-1.674915],[-78.614152,-1.675054],[-78.614106,-1.6752],[-78.614505,-1.675985],[-78.613554,-1.676687],[-78.613331,-1.677006],[-78.612837,-1.6776],[-78.612596,-1.677506],[-78.612061,-1.677143],[-78.611858,-1.677366],[-78.611661,-1.677672],[-78.611432,-1.678236],[-78.611423,-1.678583],[-78.611286,-1.679202],[-78.610671,-1.679782],[-78.610635,-1.679892],[-78.610699,-1.680049],[-78.610552,-1.680242],[-78.610533,-1.680505],[-78.610466,-1.680637],[-78.610361,-1.680608],[-78.610335,-1.680629],[-78.610285,-1.680803],[-78.610189,-1.680936],[-78.610291,-1.681113],[-78.610506,-1.68128],[-78.610698,-1.681378],[-78.610748,-1.681516],[-78.610833,-1.681578],[-78.610697,-1.681597],[-78.610559,-1.681465],[-78.610444,-1.681528],[-78.61058,-1.681652],[-78.610578,-1.681691],[-78.610423,-1.681656],[-78.610321,-1.68152],[-78.610044,-1.681527],[-78.609867,-1.681462],[-78.60982,-1.681349],[-78.609262,-1.681309],[-78.609298,-1.681191],[-78.609488,-1.681075],[-78.609659,-1.680831],[-78.609877,-1.680844],[-78.610096,-1.680581],[-78.610083,-1.680489],[-78.610286,-1.68036],[-78.610328,-1.680277],[-78.610138,-1.680238],[-78.610034,-1.680124],[-78.60999,-1.679951],[-78.609976,-1.679676],[-78.609845,-1.679568],[-78.609798,-1.679617],[-78.609632,-1.679626],[-78.609542,-1.679517],[-78.609471,-1.679659],[-78.609207,-1.679741],[-78.609111,-1.679741],[-78.608959,-1.679666],[-78.608823,-1.679508],[-78.60872,-1.679321],[-78.608627,-1.678992],[-78.608593,-1.678689],[-78.608544,-1.678579],[-78.60844,-1.678545],[-78.608284,-1.678307],[-78.608232,-1.678291],[-78.608113,-1.678153],[-78.607695,-1.677996],[-78.607433,-1.677809],[-78.607066,-1.677455],[-78.60681,-1.677337],[-78.606305,-1.67746],[-78.60613,-1.677463],[-78.605764,-1.677396],[-78.6055,-1.67725],[-78.60535,-1.677218],[-78.605133,-1.677261],[-78.604895,-1.677265],[-78.604812,-1.677353],[-78.604332,-1.677479],[-78.604007,-1.67743],[-78.603898,-1.67737],[-78.603653,-1.677448],[-78.60356,-1.677375],[-78.603509,-1.677384],[-78.603475,-1.677485],[-78.603377,-1.677557],[-78.603398,-1.677622],[-78.603351,-1.677737],[-78.603372,-1.677797],[-78.603279,-1.677816],[-78.603295,-1.677903],[-78.603157,-1.677994],[-78.603191,-1.678046],[-78.603334,-1.678102],[-78.60339,-1.678187],[-78.603271,-1.67829],[-78.603076,-1.678368],[-78.602534,-1.678468],[-78.602168,-1.678575],[-78.602129,-1.678621],[-78.602108,-1.678734],[-78.601933,-1.678878],[-78.601834,-1.678938],[-78.601627,-1.678991],[-78.601484,-1.67895],[-78.601223,-1.67871],[-78.601073,-1.678686],[-78.600869,-1.678736],[-78.600682,-1.67874],[-78.600381,-1.678825],[-78.600149,-1.67884],[-78.599998,-1.678809],[-78.599964,-1.678987],[-78.599826,-1.679118],[-78.599814,-1.679219],[-78.599462,-1.679348],[-78.599377,-1.679411],[-78.599316,-1.679514],[-78.599154,-1.6795],[-78.599136,-1.679446],[-78.599276,-1.679308],[-78.5994,-1.679061],[-78.599421,-1.678949],[-78.599373,-1.678786],[-78.599285,-1.678735],[-78.599078,-1.678893],[-78.598971,-1.678908],[-78.598924,-1.678863],[-78.598928,-1.678773],[-78.599043,-1.678622],[-78.598843,-1.67847],[-78.598628,-1.678384],[-78.598212,-1.6783],[-78.59808,-1.67844],[-78.59793,-1.678453],[-78.597585,-1.678627],[-78.597232,-1.678595],[-78.596859,-1.678409],[-78.596778,-1.678302],[-78.596725,-1.677888],[-78.596671,-1.677787],[-78.596592,-1.677732],[-78.596019,-1.677772],[-78.595734,-1.677607],[-78.595615,-1.677607],[-78.595694,-1.677734],[-78.595765,-1.678047],[-78.595738,-1.678657],[-78.59578,-1.678937],[-78.595899,-1.679205],[-78.596093,-1.679351],[-78.596743,-1.6795],[-78.597492,-1.679764],[-78.598383,-1.679933],[-78.598623,-1.680013],[-78.599736,-1.680506],[-78.600038,-1.680826],[-78.60037,-1.681709],[-78.600641,-1.681917],[-78.600736,-1.681929],[-78.601149,-1.681837],[-78.60151,-1.681803],[-78.601942,-1.681924],[-78.60222,-1.681964],[-78.602353,-1.681947],[-78.602621,-1.68183],[-78.60281,-1.681633],[-78.60303,-1.681263],[-78.603439,-1.680287],[-78.603503,-1.68022],[-78.603574,-1.680213],[-78.603727,-1.68032],[-78.604226,-1.681038],[-78.604483,-1.681284],[-78.604628,-1.681379],[-78.604797,-1.681441],[-78.604968,-1.681462],[-78.605486,-1.681475],[-78.605986,-1.681396],[-78.60635,-1.681378],[-78.60673,-1.68149],[-78.606958,-1.68163],[-78.607174,-1.681599],[-78.607371,-1.681618],[-78.607801,-1.681815],[-78.607927,-1.681918],[-78.608189,-1.682287],[-78.608265,-1.682552],[-78.608283,-1.683006],[-78.608168,-1.68386],[-78.608306,-1.68386],[-78.608364,-1.683923],[-78.608592,-1.684005],[-78.608703,-1.684118],[-78.608788,-1.684086],[-78.609025,-1.684123],[-78.609161,-1.683871],[-78.609559,-1.683675],[-78.609669,-1.683667],[-78.609927,-1.683741],[-78.610431,-1.683719],[-78.610847,-1.683634],[-78.611292,-1.683816],[-78.611446,-1.683914],[-78.611698,-1.683938],[-78.611919,-1.684026],[-78.612329,-1.684101],[-78.612431,-1.68344],[-78.612851,-1.683591],[-78.613044,-1.683626],[-78.614217,-1.683568],[-78.614647,-1.682842],[-78.614781,-1.68272],[-78.616181,-1.682785],[-78.617866,-1.682607],[-78.618471,-1.682469],[-78.61907,-1.682377],[-78.620493,-1.682255],[-78.620558,-1.682849],[-78.621102,-1.684655],[-78.621425,-1.685536],[-78.621887,-1.687584],[-78.622104,-1.688258],[-78.622155,-1.688606],[-78.622147,-1.689222],[-78.622304,-1.689739],[-78.62236,-1.690193],[-78.622788,-1.690063],[-78.625189,-1.689162],[-78.625865,-1.690157],[-78.628747,-1.693909],[-78.631975,-1.689381],[-78.632637,-1.689776],[-78.633182,-1.689969],[-78.633874,-1.690072],[-78.635191,-1.69013],[-78.63584,-1.69007],[-78.63636,-1.689941],[-78.63707,-1.689639],[-78.637449,-1.689407],[-78.637779,-1.68983],[-78.638474,-1.690526],[-78.638946,-1.691047],[-78.639393,-1.691611],[-78.639676,-1.691884],[-78.640111,-1.692433],[-78.641055,-1.693427],[-78.641647,-1.692711],[-78.641975,-1.692427],[-78.642331,-1.692249],[-78.643237,-1.691341],[-78.64392,-1.690533],[-78.644024,-1.69046],[-78.644015,-1.690265],[-78.644434,-1.690314],[-78.644581,-1.690442],[-78.64508,-1.691263],[-78.645525,-1.691711],[-78.645991,-1.692099],[-78.64611,-1.692274],[-78.647177,-1.692274],[-78.647086,-1.692486],[-78.647011,-1.692812],[-78.647014,-1.692973],[-78.647076,-1.69319],[-78.647335,-1.693482],[-78.64784,-1.693921],[-78.6479,-1.694124],[-78.6478,-1.694626],[-78.64772,-1.694793],[-78.647646,-1.69524],[-78.647695,-1.695599],[-78.647575,-1.696203],[-78.647634,-1.696477],[-78.647808,-1.696765],[-78.64809,-1.697094],[-78.648189,-1.697406],[-78.648481,-1.697781],[-78.648639,-1.697809],[-78.64877,-1.697772],[-78.64911,-1.697437],[-78.649283,-1.697437],[-78.649403,-1.697508],[-78.649575,-1.697744],[-78.649858,-1.698385],[-78.64985,-1.698495],[-78.649728,-1.698742],[-78.650147,-1.698555],[-78.65056,-1.698479],[-78.653438,-1.698523],[-78.654264,-1.698622],[-78.655076,-1.699023],[-78.656346,-1.699261],[-78.65705,-1.699438],[-78.658381,-1.699414],[-78.658642,-1.699326],[-78.660936,-1.702407],[-78.661147,-1.702625],[-78.661776,-1.703092],[-78.661926,-1.704184],[-78.662027,-1.704464],[-78.66234,-1.704738],[-78.663291,-1.705003],[-78.663492,-1.705346],[-78.664039,-1.705709],[-78.664621,-1.705894],[-78.664704,-1.70602],[-78.664779,-1.706412],[-78.665038,-1.706579],[-78.665368,-1.706668],[-78.665969,-1.706494],[-78.667143,-1.706547],[-78.667419,-1.706687],[-78.667785,-1.70712],[-78.668055,-1.707301],[-78.668307,-1.707395],[-78.668691,-1.707364],[-78.668836,-1.707416],[-78.669066,-1.707611],[-78.669169,-1.707768],[-78.669437,-1.708611],[-78.669508,-1.708735],[-78.670032,-1.709139],[-78.674892,-1.709141],[-78.675175,-1.709406],[-78.675378,-1.709877],[-78.675524,-1.710082],[-78.675988,-1.710362],[-78.676102,-1.710469],[-78.676217,-1.710816],[-78.677292,-1.710806],[-78.677764,-1.710606],[-78.677984,-1.710452],[-78.6782,-1.710356],[-78.678613,-1.710073],[-78.678904,-1.709807],[-78.679425,-1.708719],[-78.679683,-1.70854],[-78.679885,-1.708497],[-78.680131,-1.70832],[-78.67997,-1.708044],[-78.679918,-1.707872],[-78.679923,-1.70776],[-78.680083,-1.707566],[-78.680254,-1.70726],[-78.680363,-1.706968],[-78.68036,-1.706777],[-78.680286,-1.706702],[-78.679841,-1.706744],[-78.679767,-1.706725],[-78.679666,-1.706634],[-78.679637,-1.706506],[-78.679711,-1.706321],[-78.679996,-1.706155],[-78.680198,-1.70612],[-78.68029,-1.706068],[-78.680272,-1.705887],[-78.680172,-1.705791],[-78.68001,-1.705758],[-78.679979,-1.705725],[-78.679982,-1.705628],[-78.680061,-1.705397],[-78.680366,-1.70477],[-78.680722,-1.704274],[-78.680733,-1.704218],[-78.680693,-1.704126],[-78.680552,-1.703969],[-78.680432,-1.703638],[-78.680317,-1.7035],[-78.680111,-1.703343],[-78.679772,-1.70274],[-78.679296,-1.702324],[-78.679219,-1.702181],[-78.679191,-1.702],[-78.679303,-1.701717],[-78.679359,-1.701742],[-78.679466,-1.701717],[-78.679602,-1.701568],[-78.679697,-1.701521],[-78.680282,-1.701411],[-78.680475,-1.701216],[-78.68068,-1.701166],[-78.680749,-1.70109],[-78.680961,-1.700969],[-78.681035,-1.700863],[-78.681152,-1.700774],[-78.681285,-1.700554],[-78.681528,-1.700363],[-78.681666,-1.700146],[-78.681586,-1.699827],[-78.681672,-1.699709],[-78.681679,-1.69958],[-78.681756,-1.699444],[-78.681727,-1.69937],[-78.681884,-1.699138],[-78.681752,-1.698588],[-78.681297,-1.69764],[-78.68125,-1.6973],[-78.681302,-1.697167],[-78.681574,-1.696904],[-78.681706,-1.696839],[-78.681945,-1.696789],[-78.682027,-1.696711],[-78.682083,-1.696612],[-78.682084,-1.696511],[-78.682344,-1.695907],[-78.683023,-1.694475],[-78.68814,-1.694626],[-78.688197,-1.694863],[-78.688107,-1.695227],[-78.688086,-1.69558],[-78.688121,-1.6957],[-78.688232,-1.695854],[-78.68847,-1.695954],[-78.688625,-1.696101],[-78.689092,-1.696264],[-78.689346,-1.696395],[-78.689339,-1.696504],[-78.689151,-1.696622],[-78.689106,-1.696716],[-78.68912,-1.69683],[-78.689445,-1.697056],[-78.689498,-1.697113],[-78.689536,-1.697254],[-78.689678,-1.697297],[-78.689718,-1.697326],[-78.689721,-1.697429],[-78.689811,-1.697448],[-78.689872,-1.698142],[-78.690035,-1.698507],[-78.690128,-1.698568],[-78.690229,-1.698573],[-78.690532,-1.698471],[-78.691024,-1.698425],[-78.691446,-1.698573],[-78.691914,-1.698902],[-78.692187,-1.699168],[-78.692376,-1.699276],[-78.692686,-1.699629],[-78.692901,-1.699799],[-78.693045,-1.699795],[-78.693134,-1.699676],[-78.693197,-1.699651],[-78.693314,-1.699773],[-78.693386,-1.699803],[-78.693753,-1.699727],[-78.693861,-1.699815],[-78.694065,-1.699887],[-78.694195,-1.69999],[-78.694596,-1.700039],[-78.694755,-1.700246],[-78.695046,-1.700225],[-78.695507,-1.699976],[-78.696208,-1.700004],[-78.696616,-1.699972],[-78.696822,-1.699995],[-78.69714,-1.700098],[-78.697462,-1.700052],[-78.697666,-1.700083],[-78.697823,-1.700043],[-78.697979,-1.700189],[-78.698048,-1.700215],[-78.698265,-1.700121],[-78.698334,-1.700135],[-78.698419,-1.700228],[-78.69849,-1.700254],[-78.69896,-1.700253],[-78.699136,-1.700293],[-78.699212,-1.700261],[-78.699299,-1.700131],[-78.699535,-1.699942],[-78.6999,-1.699787],[-78.700341,-1.699768],[-78.700617,-1.699792],[-78.701716,-1.700084],[-78.702107,-1.700015],[-78.702694,-1.699806],[-78.703074,-1.69949],[-78.703163,-1.699364],[-78.703329,-1.699303],[-78.703403,-1.699192],[-78.703443,-1.699165],[-78.703521,-1.699194],[-78.703624,-1.699163],[-78.703653,-1.699109],[-78.703629,-1.698894],[-78.703676,-1.698626],[-78.70381,-1.698444],[-78.704185,-1.698354],[-78.704304,-1.698273],[-78.704438,-1.698144],[-78.704603,-1.6979],[-78.704615,-1.69784],[-78.704532,-1.697649],[-78.703861,-1.697098],[-78.703832,-1.69699],[-78.703868,-1.696697],[-78.703999,-1.696303],[-78.704082,-1.696177],[-78.704459,-1.695957],[-78.705268,-1.694935],[-78.709582,-1.68549],[-78.708433,-1.682691],[-78.708546,-1.680386],[-78.709106,-1.679639],[-78.709175,-1.679655],[-78.709624,-1.679441],[-78.709865,-1.679453],[-78.710221,-1.67935],[-78.710304,-1.679376],[-78.710357,-1.679453],[-78.710358,-1.67967],[-78.710502,-1.679949],[-78.710612,-1.680022],[-78.710847,-1.680099],[-78.711278,-1.680388],[-78.711449,-1.680572],[-78.711699,-1.680724],[-78.711719,-1.680821],[-78.712009,-1.6811],[-78.712141,-1.681162],[-78.712285,-1.681289],[-78.712783,-1.681546],[-78.712923,-1.681477],[-78.713085,-1.681496],[-78.713258,-1.681592],[-78.713427,-1.681551],[-78.713525,-1.681579],[-78.71364,-1.681562],[-78.713757,-1.681614],[-78.714259,-1.681574],[-78.714522,-1.681728],[-78.714777,-1.681765],[-78.714971,-1.681869],[-78.715064,-1.681842],[-78.715195,-1.68186],[-78.715268,-1.681921],[-78.715487,-1.681972],[-78.715646,-1.681952],[-78.715832,-1.682112],[-78.715903,-1.68204],[-78.716136,-1.682024],[-78.716316,-1.682191],[-78.716342,-1.682126],[-78.716392,-1.682126],[-78.716549,-1.682253],[-78.716711,-1.682215],[-78.717111,-1.682264],[-78.717199,-1.682226],[-78.7172,-1.675274],[-78.717384,-1.675115],[-78.717873,-1.674802],[-78.71889,-1.674319],[-78.719044,-1.674181],[-78.71915,-1.673984],[-78.71806,-1.673102],[-78.717585,-1.672438],[-78.717407,-1.672268],[-78.717081,-1.672046],[-78.716888,-1.671976],[-78.716745,-1.671844],[-78.716472,-1.671668],[-78.715997,-1.671452],[-78.715825,-1.671298],[-78.715688,-1.671248],[-78.715662,-1.671187],[-78.715501,-1.671122],[-78.715293,-1.670879],[-78.715047,-1.67066],[-78.714883,-1.670587],[-78.714797,-1.670498],[-78.714692,-1.670479],[-78.714595,-1.670388],[-78.714435,-1.670341],[-78.714331,-1.670204],[-78.714131,-1.670129],[-78.713906,-1.669963],[-78.713788,-1.669929],[-78.713665,-1.669812],[-78.71354,-1.669786],[-78.713442,-1.669819],[-78.713304,-1.66969],[-78.712718,-1.669546],[-78.712506,-1.669537],[-78.712389,-1.669492],[-78.71228,-1.669525],[-78.711891,-1.669484],[-78.711733,-1.669528],[-78.711554,-1.669683],[-78.71122,-1.66967],[-78.711035,-1.669714],[-78.710703,-1.669652],[-78.710531,-1.669695],[-78.71034,-1.669633],[-78.71022,-1.669722],[-78.709912,-1.669702],[-78.709798,-1.66976],[-78.709591,-1.669765],[-78.709298,-1.669916],[-78.709184,-1.669931],[-78.709145,-1.669902],[-78.709125,-1.66978],[-78.708836,-1.669767],[-78.708619,-1.669569],[-78.708541,-1.669381],[-78.708292,-1.669351],[-78.708112,-1.669119],[-78.707951,-1.669126],[-78.707816,-1.669053],[-78.707624,-1.669051],[-78.707526,-1.6689],[-78.707275,-1.66866],[-78.707137,-1.668479],[-78.707028,-1.668427],[-78.706937,-1.66844],[-78.706895,-1.668285],[-78.706817,-1.66818],[-78.706592,-1.668087],[-78.706439,-1.668127],[-78.706303,-1.668228],[-78.706179,-1.668218],[-78.706129,-1.668101],[-78.706193,-1.667827],[-78.706143,-1.667764],[-78.705813,-1.667739],[-78.705534,-1.668032],[-78.7053,-1.668432],[-78.705188,-1.668537],[-78.704923,-1.668641],[-78.704451,-1.668728],[-78.704407,-1.668792],[-78.704273,-1.669328],[-78.703958,-1.6696],[-78.703703,-1.669667],[-78.703504,-1.669556],[-78.703164,-1.66961],[-78.703118,-1.6697],[-78.703086,-1.669981],[-78.703012,-1.67005],[-78.702788,-1.669997],[-78.702277,-1.669603],[-78.702207,-1.669649],[-78.702161,-1.669831],[-78.702081,-1.66991],[-78.701493,-1.670011],[-78.701061,-1.669939],[-78.700838,-1.669784],[-78.700669,-1.669707],[-78.699991,-1.669703],[-78.69962,-1.669493],[-78.699454,-1.669339],[-78.699211,-1.669028],[-78.698977,-1.668921],[-78.698766,-1.668933],[-78.698386,-1.669207],[-78.69824,-1.669233],[-78.698179,-1.669181],[-78.698157,-1.669099],[-78.698247,-1.668892],[-78.698233,-1.668735],[-78.698124,-1.668656],[-78.697875,-1.668644],[-78.697603,-1.668697],[-78.697362,-1.668817],[-78.696751,-1.669393],[-78.696596,-1.669631],[-78.696191,-1.669847],[-78.695989,-1.669907],[-78.695807,-1.669915],[-78.695452,-1.669871],[-78.694817,-1.669735],[-78.694537,-1.66973],[-78.694468,-1.669805],[-78.694435,-1.6699],[-78.694497,-1.67019],[-78.694488,-1.670271],[-78.69443,-1.670325],[-78.694275,-1.67036],[-78.693478,-1.670308],[-78.693279,-1.670352],[-78.692966,-1.670565],[-78.69262,-1.670544],[-78.692455,-1.670693],[-78.692268,-1.671018],[-78.692182,-1.671105],[-78.691705,-1.671427],[-78.691452,-1.671529],[-78.691347,-1.671536],[-78.691003,-1.671483],[-78.690737,-1.671265],[-78.690565,-1.671193],[-78.690231,-1.671218],[-78.690002,-1.671406],[-78.689859,-1.67143],[-78.689487,-1.671315],[-78.688873,-1.671212],[-78.688231,-1.67099],[-78.687804,-1.670965],[-78.687215,-1.670417],[-78.686584,-1.670047],[-78.686509,-1.669962],[-78.686502,-1.669895],[-78.686658,-1.669747],[-78.686678,-1.66969],[-78.686642,-1.669639],[-78.686569,-1.669612],[-78.686348,-1.669651],[-78.686049,-1.669852],[-78.685976,-1.669867],[-78.68593,-1.669829],[-78.685892,-1.66965],[-78.685824,-1.669599],[-78.685458,-1.669376],[-78.685291,-1.669369],[-78.68516,-1.669416],[-78.685029,-1.669689],[-78.684933,-1.66978],[-78.684748,-1.669873],[-78.684372,-1.66986],[-78.683668,-1.669591],[-78.683533,-1.669608],[-78.683457,-1.66968],[-78.682919,-1.669306],[-78.680743,-1.666667],[-78.680705,-1.666596],[-78.680653,-1.666278],[-78.680659,-1.665781],[-78.680711,-1.665404],[-78.680684,-1.665255],[-78.68047,-1.665067],[-78.680259,-1.664937],[-78.680126,-1.664906],[-78.679793,-1.664903],[-78.679938,-1.664727],[-78.680338,-1.664368],[-78.681734,-1.664303],[-78.682238,-1.664246],[-78.682911,-1.664247],[-78.683296,-1.66418],[-78.683558,-1.664063],[-78.6837,-1.663987],[-78.684398,-1.663368],[-78.685284,-1.663003],[-78.685505,-1.662806],[-78.685926,-1.662242],[-78.686275,-1.661977],[-78.687641,-1.661609],[-78.687991,-1.661546],[-78.688386,-1.661368],[-78.688883,-1.660787],[-78.689105,-1.660158],[-78.689371,-1.65973],[-78.689678,-1.659489],[-78.690797,-1.658832],[-78.692003,-1.660407],[-78.691637,-1.66096],[-78.691907,-1.661311],[-78.692156,-1.661895],[-78.692577,-1.661947],[-78.69288,-1.662062],[-78.693173,-1.662289],[-78.693354,-1.662369],[-78.694901,-1.658673],[-78.695302,-1.658657],[-78.695395,-1.65884],[-78.696377,-1.658927],[-78.696934,-1.658925],[-78.697277,-1.658788],[-78.69759,-1.658741],[-78.697737,-1.658214],[-78.69778,-1.657918],[-78.69788,-1.657655],[-78.696575,-1.655984],[-78.696323,-1.655445],[-78.695259,-1.655826],[-78.693892,-1.654258],[-78.694897,-1.653269],[-78.692452,-1.650673],[-78.692989,-1.650114],[-78.692189,-1.649934],[-78.692286,-1.649314],[-78.6923,-1.648998],[-78.690631,-1.648959],[-78.697474,-1.627366],[-78.694752,-1.625647],[-78.694385,-1.625783],[-78.693795,-1.625768],[-78.691861,-1.625813],[-78.691642,-1.625851],[-78.691495,-1.625851],[-78.691229,-1.625765],[-78.690901,-1.625726],[-78.690216,-1.625783],[-78.68947,-1.625704],[-78.689277,-1.624905],[-78.689229,-1.624478],[-78.68923,-1.624271],[-78.689595,-1.621704],[-78.689453,-1.621285],[-78.689359,-1.620262],[-78.689383,-1.620158],[-78.689508,-1.619966],[-78.6899,-1.619559],[-78.689229,-1.61887],[-78.689204,-1.618923]]]}},{"type":"Feature","properties":{"DPA_DESPAR":"CACHA","DPA_PARROQ":"060151"},"geometry":{"type":"Polygon","coordinates":[[[-78.731336,-1.679112],[-78.730324,-1.679994],[-78.72999,-1.680369],[-78.729891,-1.680437],[-78.729681,-1.680462],[-78.729548,-1.68052],[-78.729417,-1.680625],[-78.72931,-1.680788],[-78.72914,-1.6809],[-78.729103,-1.680994],[-78.728957,-1.681015],[-78.72857,-1.681237],[-78.728205,-1.681516],[-78.727719,-1.681694],[-78.72759,-1.681786],[-78.727274,-1.681775],[-78.727207,-1.681748],[-78.727015,-1.681773],[-78.726792,-1.681718],[-78.726536,-1.68179],[-78.726316,-1.68177],[-78.726206,-1.681813],[-78.726023,-1.681777],[-78.72589,-1.681828],[-78.725802,-1.681812],[-78.725737,-1.681866],[-78.725178,-1.682103],[-78.725054,-1.682218],[-78.724958,-1.682227],[-78.724794,-1.682327],[-78.724608,-1.682265],[-78.724405,-1.682269],[-78.724284,-1.682209],[-78.723931,-1.682321],[-78.723795,-1.682311],[-78.723667,-1.682375],[-78.723414,-1.68238],[-78.722495,-1.682781],[-78.722351,-1.682805],[-78.721563,-1.68279],[-78.72144,-1.682758],[-78.72138,-1.682702],[-78.72126,-1.682726],[-78.721112,-1.682644],[-78.720907,-1.682687],[-78.720733,-1.682638],[-78.720531,-1.682636],[-78.72039,-1.682567],[-78.719913,-1.682633],[-78.719714,-1.682516],[-78.719343,-1.682633],[-78.719039,-1.682677],[-78.718785,-1.682628],[-78.718534,-1.682658],[-78.717945,-1.682603],[-78.717813,-1.682512],[-78.717691,-1.682511],[-78.717588,-1.68238],[-78.717424,-1.682396],[-78.717241,-1.682285],[-78.717167,-1.682278],[-78.717059,-1.682326],[-78.716659,-1.682277],[-78.716496,-1.682315],[-78.71634,-1.682188],[-78.71629,-1.682188],[-78.716264,-1.682253],[-78.716084,-1.682086],[-78.715851,-1.682102],[-78.71578,-1.682174],[-78.715593,-1.682014],[-78.715435,-1.682034],[-78.715215,-1.681983],[-78.715142,-1.681923],[-78.715012,-1.681905],[-78.714919,-1.681931],[-78.714725,-1.681827],[-78.71447,-1.68179],[-78.714207,-1.681637],[-78.713705,-1.681676],[-78.713587,-1.681624],[-78.713472,-1.681641],[-78.713374,-1.681613],[-78.713206,-1.681654],[-78.713033,-1.681558],[-78.712871,-1.681539],[-78.712731,-1.681608],[-78.712232,-1.681351],[-78.712089,-1.681224],[-78.711957,-1.681162],[-78.711667,-1.680883],[-78.711647,-1.680787],[-78.711396,-1.680634],[-78.711226,-1.680451],[-78.710794,-1.680162],[-78.71056,-1.680084],[-78.71045,-1.680011],[-78.710305,-1.679732],[-78.710311,-1.679547],[-78.710252,-1.679439],[-78.710118,-1.679419],[-78.709737,-1.679526],[-78.709572,-1.679504],[-78.709123,-1.679717],[-78.709054,-1.679701],[-78.708494,-1.680448],[-78.70838,-1.682753],[-78.70953,-1.685552],[-78.705216,-1.694997],[-78.704407,-1.696019],[-78.70403,-1.696239],[-78.703947,-1.696365],[-78.703815,-1.696759],[-78.703779,-1.697052],[-78.703809,-1.69716],[-78.704355,-1.697585],[-78.70448,-1.697711],[-78.704563,-1.697902],[-78.704514,-1.698039],[-78.704252,-1.698335],[-78.704133,-1.698416],[-78.703757,-1.698506],[-78.703624,-1.698688],[-78.703576,-1.698956],[-78.703601,-1.699171],[-78.703571,-1.699225],[-78.703469,-1.699256],[-78.703391,-1.699227],[-78.703351,-1.699254],[-78.703276,-1.699365],[-78.703111,-1.699426],[-78.703021,-1.699552],[-78.702585,-1.699899],[-78.702055,-1.700078],[-78.701701,-1.700147],[-78.700565,-1.699854],[-78.700289,-1.69983],[-78.699848,-1.699849],[-78.699659,-1.699908],[-78.699338,-1.700112],[-78.699105,-1.700354],[-78.698862,-1.700312],[-78.698437,-1.700316],[-78.698367,-1.70029],[-78.698281,-1.700197],[-78.698212,-1.700183],[-78.697996,-1.700278],[-78.697927,-1.700251],[-78.69777,-1.700105],[-78.697614,-1.700145],[-78.69741,-1.700114],[-78.697088,-1.700161],[-78.69677,-1.700058],[-78.696564,-1.700034],[-78.696156,-1.700067],[-78.695454,-1.700038],[-78.694993,-1.700287],[-78.694703,-1.700308],[-78.694543,-1.700101],[-78.694143,-1.700053],[-78.694012,-1.699949],[-78.693808,-1.699878],[-78.693701,-1.699789],[-78.693334,-1.699865],[-78.693262,-1.699835],[-78.693145,-1.699713],[-78.693081,-1.699738],[-78.692993,-1.699857],[-78.692835,-1.699856],[-78.692633,-1.699691],[-78.692324,-1.699338],[-78.692091,-1.699195],[-78.691837,-1.698945],[-78.691433,-1.698653],[-78.691036,-1.698499],[-78.690856,-1.698487],[-78.69048,-1.698533],[-78.690177,-1.698635],[-78.690076,-1.698631],[-78.689983,-1.698569],[-78.68982,-1.698204],[-78.689759,-1.69751],[-78.689668,-1.697491],[-78.689666,-1.697388],[-78.689626,-1.69736],[-78.689483,-1.697316],[-78.689445,-1.697175],[-78.689393,-1.697118],[-78.689068,-1.696893],[-78.689054,-1.696778],[-78.689099,-1.696684],[-78.689287,-1.696566],[-78.689294,-1.696458],[-78.68904,-1.696326],[-78.688573,-1.696163],[-78.688418,-1.696016],[-78.68818,-1.695916],[-78.688069,-1.695762],[-78.688034,-1.695642],[-78.688055,-1.695289],[-78.688144,-1.694925],[-78.688088,-1.694689],[-78.68297,-1.694537],[-78.682291,-1.695969],[-78.682032,-1.696573],[-78.68203,-1.696675],[-78.681975,-1.696773],[-78.681893,-1.696851],[-78.681654,-1.696901],[-78.681522,-1.696966],[-78.68125,-1.697229],[-78.681197,-1.697362],[-78.681244,-1.697702],[-78.6817,-1.69865],[-78.681832,-1.6992],[-78.681675,-1.699432],[-78.681703,-1.699506],[-78.681627,-1.699642],[-78.68162,-1.699772],[-78.681534,-1.699889],[-78.681613,-1.700208],[-78.681475,-1.700425],[-78.681232,-1.700616],[-78.6811,-1.700836],[-78.680983,-1.700925],[-78.680909,-1.701032],[-78.680696,-1.701152],[-78.680627,-1.701229],[-78.680422,-1.701278],[-78.68023,-1.701473],[-78.679645,-1.701583],[-78.67955,-1.70163],[-78.679414,-1.701779],[-78.679307,-1.701804],[-78.67925,-1.701779],[-78.679139,-1.702062],[-78.679187,-1.702294],[-78.679282,-1.702433],[-78.679719,-1.702802],[-78.680058,-1.703405],[-78.680264,-1.703562],[-78.68038,-1.7037],[-78.6805,-1.704031],[-78.68064,-1.704188],[-78.68068,-1.70428],[-78.68067,-1.704336],[-78.680313,-1.704833],[-78.680008,-1.705459],[-78.67993,-1.70569],[-78.679926,-1.705787],[-78.679958,-1.70582],[-78.680119,-1.705853],[-78.68022,-1.705949],[-78.680238,-1.70613],[-78.680146,-1.706182],[-78.679944,-1.706217],[-78.679659,-1.706383],[-78.679584,-1.706568],[-78.679614,-1.706696],[-78.679715,-1.706787],[-78.679789,-1.706806],[-78.680234,-1.706764],[-78.680308,-1.706839],[-78.680311,-1.70703],[-78.680202,-1.707322],[-78.680031,-1.707628],[-78.679871,-1.707822],[-78.679866,-1.707934],[-78.679918,-1.708106],[-78.680079,-1.708382],[-78.679833,-1.708559],[-78.67963,-1.708603],[-78.679373,-1.708781],[-78.678851,-1.709869],[-78.678561,-1.710135],[-78.678147,-1.710418],[-78.677932,-1.710514],[-78.677712,-1.710668],[-78.677239,-1.710868],[-78.676165,-1.710879],[-78.676349,-1.711641],[-78.676422,-1.712191],[-78.676419,-1.712661],[-78.676332,-1.713384],[-78.676475,-1.715065],[-78.676439,-1.715714],[-78.676055,-1.716528],[-78.677833,-1.71777],[-78.678782,-1.718112],[-78.679742,-1.719],[-78.680622,-1.720066],[-78.681541,-1.720572],[-78.683249,-1.721107],[-78.684386,-1.721422],[-78.685728,-1.721601],[-78.686758,-1.72223],[-78.688374,-1.723008],[-78.690628,-1.72315],[-78.690702,-1.723566],[-78.690744,-1.724087],[-78.690922,-1.725065],[-78.690991,-1.726082],[-78.691037,-1.72625],[-78.691177,-1.726472],[-78.69137,-1.726598],[-78.691823,-1.726727],[-78.69267,-1.72711],[-78.693128,-1.727123],[-78.693321,-1.727198],[-78.693612,-1.727367],[-78.694549,-1.728048],[-78.695421,-1.728877],[-78.698677,-1.732205],[-78.700294,-1.733811],[-78.704791,-1.740433],[-78.704844,-1.740406],[-78.704935,-1.74043],[-78.705122,-1.740376],[-78.705366,-1.740468],[-78.705621,-1.740443],[-78.705849,-1.740522],[-78.705894,-1.740597],[-78.705862,-1.740646],[-78.705949,-1.740641],[-78.706048,-1.740727],[-78.706173,-1.740781],[-78.706384,-1.740802],[-78.706468,-1.740749],[-78.70675,-1.740749],[-78.706788,-1.740799],[-78.70678,-1.740919],[-78.706848,-1.741027],[-78.707122,-1.741149],[-78.707186,-1.741228],[-78.707314,-1.741218],[-78.707396,-1.741278],[-78.707589,-1.74129],[-78.708277,-1.741452],[-78.708443,-1.741527],[-78.708856,-1.741512],[-78.708939,-1.741536],[-78.709195,-1.741527],[-78.70958,-1.741434],[-78.710268,-1.741085],[-78.711163,-1.740741],[-78.711611,-1.740414],[-78.711948,-1.739989],[-78.712377,-1.739605],[-78.712403,-1.739804],[-78.712662,-1.740626],[-78.712962,-1.740713],[-78.713222,-1.740648],[-78.713463,-1.740755],[-78.713721,-1.740738],[-78.713891,-1.740775],[-78.714035,-1.740872],[-78.714361,-1.740862],[-78.714746,-1.740775],[-78.715459,-1.740681],[-78.715872,-1.740539],[-78.716225,-1.740496],[-78.71648,-1.740418],[-78.716804,-1.740425],[-78.717173,-1.740277],[-78.718048,-1.740112],[-78.718927,-1.739718],[-78.719633,-1.739346],[-78.720168,-1.739106],[-78.720354,-1.739032],[-78.720655,-1.738981],[-78.720695,-1.738465],[-78.720977,-1.738465],[-78.721251,-1.738362],[-78.721172,-1.736957],[-78.72212,-1.737139],[-78.722514,-1.737949],[-78.722538,-1.738213],[-78.72246,-1.738334],[-78.722769,-1.738264],[-78.722902,-1.738417],[-78.723476,-1.737988],[-78.723922,-1.737846],[-78.724169,-1.737711],[-78.725075,-1.737059],[-78.72535,-1.736766],[-78.72592,-1.735887],[-78.726439,-1.735496],[-78.726509,-1.735358],[-78.72652,-1.7352],[-78.726304,-1.734161],[-78.726267,-1.733798],[-78.726297,-1.733602],[-78.726793,-1.732661],[-78.727302,-1.732145],[-78.72749,-1.731857],[-78.727642,-1.731998],[-78.727962,-1.732163],[-78.728713,-1.732684],[-78.729074,-1.733226],[-78.729298,-1.733914],[-78.729243,-1.733995],[-78.728837,-1.734094],[-78.728803,-1.734141],[-78.728813,-1.734284],[-78.729164,-1.734421],[-78.72926,-1.734487],[-78.729628,-1.735095],[-78.729829,-1.735323],[-78.730269,-1.735534],[-78.731145,-1.735856],[-78.731429,-1.736045],[-78.731464,-1.735829],[-78.731457,-1.735233],[-78.731826,-1.734255],[-78.73197,-1.73336],[-78.732089,-1.733121],[-78.732165,-1.732753],[-78.732142,-1.732619],[-78.731762,-1.731863],[-78.731748,-1.731647],[-78.731787,-1.731317],[-78.731754,-1.731021],[-78.731645,-1.730542],[-78.73166,-1.729944],[-78.731723,-1.729313],[-78.731861,-1.729007],[-78.731917,-1.728449],[-78.732048,-1.728076],[-78.732112,-1.727576],[-78.732091,-1.727234],[-78.732034,-1.727055],[-78.732008,-1.726713],[-78.732082,-1.726276],[-78.73249,-1.725656],[-78.733375,-1.724478],[-78.733544,-1.724131],[-78.733662,-1.723995],[-78.733772,-1.723707],[-78.734097,-1.723134],[-78.734411,-1.722771],[-78.734736,-1.722488],[-78.735244,-1.72171],[-78.735558,-1.72131],[-78.735684,-1.721016],[-78.73581,-1.720853],[-78.736519,-1.720282],[-78.736616,-1.720132],[-78.736846,-1.719593],[-78.737062,-1.719261],[-78.737062,-1.713375],[-78.736754,-1.713361],[-78.736337,-1.713401],[-78.736196,-1.713376],[-78.735422,-1.713379],[-78.735193,-1.71334],[-78.735007,-1.713175],[-78.734895,-1.713002],[-78.734539,-1.712629],[-78.734191,-1.712405],[-78.733993,-1.71232],[-78.733655,-1.712006],[-78.733522,-1.711932],[-78.733433,-1.711807],[-78.733286,-1.71177],[-78.73316,-1.711638],[-78.733034,-1.711623],[-78.73296,-1.711579],[-78.732759,-1.711381],[-78.732582,-1.711277],[-78.732475,-1.711075],[-78.732424,-1.711036],[-78.732294,-1.711027],[-78.732103,-1.710924],[-78.731842,-1.710873],[-78.731187,-1.710881],[-78.731034,-1.710851],[-78.730882,-1.710886],[-78.730719,-1.710839],[-78.730272,-1.710507],[-78.729741,-1.709817],[-78.72967,-1.709809],[-78.729555,-1.709873],[-78.729367,-1.709898],[-78.729076,-1.710008],[-78.728925,-1.709974],[-78.72894,-1.709866],[-78.72914,-1.709619],[-78.729264,-1.709369],[-78.729712,-1.708812],[-78.729775,-1.708662],[-78.729929,-1.708476],[-78.729965,-1.708333],[-78.730094,-1.708214],[-78.73016,-1.708005],[-78.73028,-1.70789],[-78.730779,-1.707182],[-78.731257,-1.706756],[-78.731798,-1.70607],[-78.731761,-1.705811],[-78.731774,-1.705535],[-78.731943,-1.705092],[-78.732023,-1.704985],[-78.732013,-1.704833],[-78.732191,-1.703968],[-78.732227,-1.703567],[-78.732093,-1.702149],[-78.732068,-1.701328],[-78.732027,-1.701192],[-78.732081,-1.701039],[-78.731979,-1.700911],[-78.731935,-1.700482],[-78.731895,-1.699962],[-78.731903,-1.699366],[-78.731854,-1.698553],[-78.731812,-1.698317],[-78.73189,-1.697733],[-78.731881,-1.697285],[-78.731952,-1.696808],[-78.732145,-1.696125],[-78.732091,-1.69587],[-78.732104,-1.694751],[-78.734993,-1.691298],[-78.734722,-1.690828],[-78.734407,-1.690467],[-78.73369,-1.689865],[-78.733397,-1.689714],[-78.733163,-1.689649],[-78.731859,-1.687913],[-78.731408,-1.687727],[-78.731252,-1.687541],[-78.731167,-1.687332],[-78.731146,-1.686758],[-78.730983,-1.686105],[-78.730969,-1.685424],[-78.731126,-1.685259],[-78.731825,-1.684937],[-78.732061,-1.684801],[-78.732154,-1.684679],[-78.732247,-1.684413],[-78.732525,-1.683985],[-78.732849,-1.683287],[-78.733098,-1.682379],[-78.733241,-1.68146],[-78.733213,-1.681145],[-78.733109,-1.680915],[-78.733027,-1.680593],[-78.733031,-1.680012],[-78.733003,-1.679793],[-78.732964,-1.679711],[-78.732359,-1.679028],[-78.732195,-1.678797],[-78.731336,-1.679112]]]}},{"type":"Feature","properties":{"DPA_DESPAR":"CALPI","DPA_PARROQ":"060152"},"geometry":{"type":"Polygon","coordinates":[[[-78.748427,-1.57211],[-78.74762,-1.573183],[-78.747379,-1.573449],[-78.746108,-1.575282],[-78.748378,-1.57832],[-78.737425,-1.589618],[-78.73684,-1.590014],[-78.736367,-1.590246],[-78.735752,-1.590264],[-78.734692,-1.590075],[-78.734512,-1.590013],[-78.733865,-1.589922],[-78.733277,-1.58989],[-78.732457,-1.589734],[-78.73207,-1.589715],[-78.731606,-1.589741],[-78.731223,-1.589714],[-78.729918,-1.589448],[-78.729919,-1.589546],[-78.729686,-1.589752],[-78.729622,-1.589862],[-78.729547,-1.590238],[-78.729407,-1.590468],[-78.729363,-1.590651],[-78.729168,-1.591018],[-78.7291,-1.591245],[-78.728942,-1.591423],[-78.728859,-1.591675],[-78.728736,-1.591791],[-78.72874,-1.592031],[-78.728699,-1.592195],[-78.728557,-1.592247],[-78.728529,-1.5923],[-78.728571,-1.592442],[-78.728562,-1.592552],[-78.728444,-1.592669],[-78.728263,-1.592769],[-78.728212,-1.593065],[-78.728176,-1.593126],[-78.727799,-1.593399],[-78.727614,-1.593427],[-78.72744,-1.593627],[-78.72725,-1.593693],[-78.727101,-1.593823],[-78.726845,-1.593947],[-78.726713,-1.59413],[-78.726199,-1.594451],[-78.7262,-1.599119],[-78.726054,-1.599461],[-78.72579,-1.599886],[-78.725422,-1.600094],[-78.725233,-1.600329],[-78.724711,-1.600675],[-78.724195,-1.60076],[-78.723678,-1.600938],[-78.723203,-1.601285],[-78.723063,-1.601607],[-78.722885,-1.601701],[-78.722775,-1.601716],[-78.72221,-1.601943],[-78.721885,-1.60221],[-78.721696,-1.602265],[-78.721499,-1.602259],[-78.721323,-1.602337],[-78.721043,-1.602324],[-78.720391,-1.60259],[-78.719859,-1.602769],[-78.719356,-1.602835],[-78.718998,-1.603041],[-78.718681,-1.60309],[-78.718578,-1.60318],[-78.718542,-1.603265],[-78.718485,-1.603667],[-78.718363,-1.603783],[-78.717796,-1.604015],[-78.716644,-1.604212],[-78.716451,-1.604298],[-78.716225,-1.604509],[-78.716103,-1.604698],[-78.715916,-1.604811],[-78.715787,-1.604959],[-78.715462,-1.604974],[-78.715289,-1.605041],[-78.715217,-1.605111],[-78.715201,-1.605281],[-78.715104,-1.605406],[-78.714549,-1.605824],[-78.714449,-1.60598],[-78.714425,-1.606154],[-78.714489,-1.606296],[-78.715072,-1.606826],[-78.715801,-1.607369],[-78.715861,-1.607441],[-78.715917,-1.607599],[-78.715976,-1.60798],[-78.715936,-1.608262],[-78.715507,-1.609462],[-78.71548,-1.609639],[-78.71558,-1.610234],[-78.715749,-1.610942],[-78.715911,-1.611478],[-78.716199,-1.612205],[-78.716368,-1.612444],[-78.716602,-1.612695],[-78.717044,-1.613416],[-78.717706,-1.61438],[-78.718066,-1.61575],[-78.718461,-1.616369],[-78.718665,-1.616863],[-78.719232,-1.617969],[-78.719498,-1.618427],[-78.719653,-1.618625],[-78.720181,-1.619095],[-78.72063,-1.619558],[-78.725087,-1.619348],[-78.733116,-1.616998],[-78.739153,-1.616321],[-78.739663,-1.619882],[-78.738816,-1.623246],[-78.737492,-1.629403],[-78.737025,-1.62954],[-78.734989,-1.630456],[-78.733826,-1.630837],[-78.733677,-1.630935],[-78.732879,-1.631655],[-78.733706,-1.632421],[-78.733911,-1.632508],[-78.734162,-1.632502],[-78.734257,-1.632531],[-78.734293,-1.632596],[-78.734309,-1.632852],[-78.734717,-1.63317],[-78.734157,-1.633484],[-78.733725,-1.633892],[-78.733544,-1.634246],[-78.733496,-1.634963],[-78.733365,-1.635119],[-78.732893,-1.635349],[-78.732723,-1.635478],[-78.732276,-1.635928],[-78.732106,-1.63599],[-78.731859,-1.636024],[-78.731762,-1.636078],[-78.731702,-1.636194],[-78.731719,-1.636655],[-78.731646,-1.637075],[-78.731421,-1.637406],[-78.731187,-1.637633],[-78.730948,-1.637747],[-78.730784,-1.637772],[-78.73047,-1.63776],[-78.730321,-1.637709],[-78.729802,-1.637364],[-78.729642,-1.637315],[-78.729142,-1.637347],[-78.728869,-1.637444],[-78.728595,-1.63759],[-78.728385,-1.637727],[-78.7282,-1.637913],[-78.727733,-1.638034],[-78.727202,-1.638415],[-78.726789,-1.63853],[-78.726484,-1.638713],[-78.726347,-1.638956],[-78.72625,-1.639628],[-78.726137,-1.63979],[-78.725994,-1.639884],[-78.725694,-1.639952],[-78.725405,-1.640062],[-78.725073,-1.640305],[-78.72496,-1.64046],[-78.724762,-1.641111],[-78.724667,-1.641894],[-78.724613,-1.642057],[-78.724238,-1.642437],[-78.723953,-1.6426],[-78.723616,-1.642654],[-78.722911,-1.642656],[-78.722447,-1.642572],[-78.72227,-1.642596],[-78.721941,-1.642721],[-78.721786,-1.642817],[-78.721662,-1.642946],[-78.721643,-1.643821],[-78.721589,-1.643971],[-78.721392,-1.644203],[-78.721347,-1.644339],[-78.721252,-1.644983],[-78.720952,-1.646014],[-78.720609,-1.646851],[-78.716631,-1.649523],[-78.720648,-1.654595],[-78.720802,-1.656192],[-78.721047,-1.656056],[-78.721271,-1.656012],[-78.721511,-1.656126],[-78.721671,-1.656301],[-78.721895,-1.656445],[-78.722328,-1.656534],[-78.722476,-1.656488],[-78.722807,-1.656215],[-78.722913,-1.656072],[-78.722907,-1.655939],[-78.72282,-1.655734],[-78.722811,-1.655531],[-78.723048,-1.654641],[-78.723172,-1.654499],[-78.723574,-1.65436],[-78.723767,-1.654367],[-78.723969,-1.654501],[-78.723982,-1.654656],[-78.723888,-1.655363],[-78.723898,-1.65551],[-78.72402,-1.655647],[-78.724251,-1.655701],[-78.72432,-1.655677],[-78.724465,-1.65549],[-78.72472,-1.655441],[-78.724982,-1.65547],[-78.725437,-1.655662],[-78.725698,-1.655673],[-78.726411,-1.655198],[-78.726555,-1.655142],[-78.726791,-1.655125],[-78.727329,-1.654717],[-78.727562,-1.654629],[-78.72792,-1.654884],[-78.728705,-1.655059],[-78.728857,-1.655164],[-78.728915,-1.655284],[-78.728914,-1.655724],[-78.728875,-1.655862],[-78.728829,-1.655913],[-78.728693,-1.655974],[-78.728231,-1.656033],[-78.728204,-1.65611],[-78.728241,-1.656345],[-78.728222,-1.656507],[-78.727931,-1.656728],[-78.727769,-1.656995],[-78.727808,-1.657075],[-78.728006,-1.657157],[-78.728096,-1.65723],[-78.728515,-1.657938],[-78.728566,-1.658134],[-78.728611,-1.658587],[-78.728774,-1.658795],[-78.728854,-1.659009],[-78.729053,-1.659131],[-78.729194,-1.659313],[-78.729258,-1.659329],[-78.729557,-1.659285],[-78.72961,-1.659234],[-78.729621,-1.659135],[-78.729679,-1.659054],[-78.729667,-1.658988],[-78.729824,-1.658971],[-78.730343,-1.659206],[-78.730499,-1.659352],[-78.730644,-1.659432],[-78.730707,-1.659392],[-78.730789,-1.659123],[-78.730735,-1.658753],[-78.730805,-1.658672],[-78.730912,-1.658617],[-78.730932,-1.658542],[-78.730604,-1.65802],[-78.730627,-1.657784],[-78.730223,-1.657625],[-78.730169,-1.657549],[-78.730152,-1.657428],[-78.730554,-1.65694],[-78.730779,-1.656341],[-78.730863,-1.656214],[-78.730949,-1.656168],[-78.731646,-1.656082],[-78.732,-1.65618],[-78.732159,-1.656185],[-78.732376,-1.656073],[-78.732516,-1.655869],[-78.732647,-1.655791],[-78.732797,-1.65583],[-78.732905,-1.656062],[-78.732982,-1.656079],[-78.733151,-1.655903],[-78.733442,-1.655492],[-78.733921,-1.655483],[-78.734237,-1.655308],[-78.73459,-1.655194],[-78.73469,-1.65522],[-78.734898,-1.655398],[-78.735039,-1.65563],[-78.735106,-1.655687],[-78.735287,-1.65575],[-78.735339,-1.655742],[-78.735403,-1.655677],[-78.735473,-1.65544],[-78.735569,-1.655324],[-78.735676,-1.655269],[-78.735786,-1.65529],[-78.735859,-1.655427],[-78.735902,-1.655641],[-78.735996,-1.655866],[-78.73602,-1.656065],[-78.736076,-1.656175],[-78.736729,-1.656416],[-78.736962,-1.656408],[-78.737376,-1.656323],[-78.737898,-1.656454],[-78.738125,-1.65645],[-78.738325,-1.656558],[-78.73844,-1.656561],[-78.738811,-1.656461],[-78.739168,-1.656463],[-78.739282,-1.656427],[-78.739515,-1.656245],[-78.739743,-1.65593],[-78.740308,-1.655944],[-78.74027,-1.655716],[-78.740292,-1.655654],[-78.740479,-1.655505],[-78.740717,-1.655431],[-78.740671,-1.654942],[-78.740735,-1.654875],[-78.740933,-1.654831],[-78.741033,-1.654642],[-78.741053,-1.654207],[-78.740998,-1.654031],[-78.741113,-1.653725],[-78.740993,-1.653122],[-78.741039,-1.652911],[-78.741245,-1.652841],[-78.741301,-1.652758],[-78.741247,-1.652406],[-78.741327,-1.652146],[-78.741442,-1.651959],[-78.741599,-1.651795],[-78.742041,-1.651419],[-78.742393,-1.651171],[-78.742963,-1.65058],[-78.744228,-1.650578],[-78.744668,-1.650735],[-78.745219,-1.651078],[-78.745639,-1.651068],[-78.745901,-1.651102],[-78.746216,-1.651278],[-78.746353,-1.651315],[-78.746604,-1.651309],[-78.747128,-1.651194],[-78.747312,-1.651089],[-78.747436,-1.651088],[-78.747554,-1.651129],[-78.747664,-1.651217],[-78.747711,-1.651342],[-78.747744,-1.651599],[-78.747849,-1.651705],[-78.748725,-1.651589],[-78.748901,-1.651647],[-78.749101,-1.651865],[-78.749243,-1.651903],[-78.749327,-1.651902],[-78.749407,-1.651854],[-78.749434,-1.651756],[-78.749528,-1.651678],[-78.749912,-1.651508],[-78.750432,-1.651508],[-78.750492,-1.651577],[-78.750579,-1.651788],[-78.750656,-1.651835],[-78.751178,-1.651824],[-78.751489,-1.651738],[-78.751556,-1.651744],[-78.751708,-1.651929],[-78.751753,-1.652057],[-78.751825,-1.652656],[-78.751886,-1.652728],[-78.752057,-1.652792],[-78.752118,-1.65294],[-78.752057,-1.653086],[-78.751845,-1.653299],[-78.751636,-1.653758],[-78.751584,-1.653926],[-78.751601,-1.654299],[-78.751544,-1.654547],[-78.751538,-1.654755],[-78.751314,-1.655037],[-78.751301,-1.655118],[-78.751719,-1.655224],[-78.751978,-1.655354],[-78.752308,-1.655659],[-78.752382,-1.655863],[-78.752352,-1.656106],[-78.752027,-1.656385],[-78.751994,-1.656503],[-78.751926,-1.656563],[-78.75185,-1.656736],[-78.751857,-1.656873],[-78.751619,-1.657116],[-78.751514,-1.657379],[-78.751339,-1.657456],[-78.751361,-1.657545],[-78.75149,-1.657673],[-78.751564,-1.657822],[-78.75166,-1.658342],[-78.751732,-1.658477],[-78.752082,-1.658916],[-78.752108,-1.659],[-78.752093,-1.659164],[-78.75218,-1.659498],[-78.7527,-1.660031],[-78.752868,-1.66014],[-78.753186,-1.660242],[-78.753409,-1.660228],[-78.75371,-1.660277],[-78.753902,-1.660214],[-78.754073,-1.660207],[-78.754457,-1.660292],[-78.754532,-1.660177],[-78.754607,-1.659832],[-78.754671,-1.659766],[-78.754788,-1.659732],[-78.754956,-1.659757],[-78.755076,-1.659969],[-78.755238,-1.660016],[-78.755439,-1.659887],[-78.755524,-1.6597],[-78.755705,-1.65968],[-78.755767,-1.659711],[-78.755825,-1.659797],[-78.755832,-1.65997],[-78.755796,-1.660026],[-78.755828,-1.660083],[-78.756489,-1.660179],[-78.756554,-1.660405],[-78.756549,-1.660662],[-78.756456,-1.66105],[-78.75645,-1.661246],[-78.756317,-1.661615],[-78.756457,-1.661979],[-78.756411,-1.662191],[-78.756417,-1.662307],[-78.756477,-1.66245],[-78.756438,-1.662596],[-78.756441,-1.662836],[-78.756411,-1.662877],[-78.756238,-1.662887],[-78.756074,-1.663004],[-78.755994,-1.663386],[-78.756003,-1.663582],[-78.756099,-1.663866],[-78.756192,-1.663871],[-78.756526,-1.663765],[-78.757,-1.663944],[-78.757084,-1.664022],[-78.757149,-1.66434],[-78.75714,-1.66457],[-78.757181,-1.664992],[-78.757256,-1.66507],[-78.757626,-1.665206],[-78.757721,-1.665279],[-78.757715,-1.665901],[-78.758703,-1.665898],[-78.758907,-1.665864],[-78.759113,-1.665987],[-78.759166,-1.665991],[-78.759212,-1.665917],[-78.759279,-1.66588],[-78.759428,-1.665923],[-78.759572,-1.665858],[-78.759752,-1.665893],[-78.760066,-1.665808],[-78.760215,-1.665879],[-78.760206,-1.666028],[-78.76025,-1.666075],[-78.760474,-1.666185],[-78.760781,-1.666264],[-78.76119,-1.666275],[-78.761555,-1.666203],[-78.761771,-1.666224],[-78.762105,-1.666419],[-78.762199,-1.666437],[-78.762491,-1.666678],[-78.762633,-1.666854],[-78.762772,-1.666907],[-78.762966,-1.667044],[-78.76303,-1.667051],[-78.763147,-1.667183],[-78.763282,-1.667242],[-78.763419,-1.667384],[-78.763579,-1.667485],[-78.763761,-1.667523],[-78.763993,-1.66762],[-78.764537,-1.667677],[-78.764675,-1.667751],[-78.764799,-1.667881],[-78.764874,-1.66787],[-78.764979,-1.667981],[-78.765075,-1.668016],[-78.765143,-1.668094],[-78.765193,-1.668241],[-78.765243,-1.668281],[-78.765606,-1.668315],[-78.765907,-1.668416],[-78.76621,-1.668197],[-78.766781,-1.667646],[-78.766918,-1.667568],[-78.768169,-1.667321],[-78.768801,-1.667054],[-78.771535,-1.66661],[-78.771889,-1.667194],[-78.772364,-1.668289],[-78.772683,-1.668931],[-78.773283,-1.67044],[-78.773546,-1.671245],[-78.775516,-1.671209],[-78.776072,-1.670945],[-78.776988,-1.670733],[-78.777105,-1.670806],[-78.777722,-1.670747],[-78.777963,-1.670809],[-78.778072,-1.6709],[-78.77818,-1.670918],[-78.778614,-1.670751],[-78.778805,-1.670802],[-78.778919,-1.670773],[-78.779005,-1.670813],[-78.779155,-1.670787],[-78.779233,-1.670812],[-78.779329,-1.670773],[-78.779434,-1.670803],[-78.77956,-1.670794],[-78.779644,-1.670735],[-78.779754,-1.670751],[-78.77983,-1.670727],[-78.780183,-1.670772],[-78.780576,-1.670723],[-78.780696,-1.670668],[-78.780936,-1.670698],[-78.781089,-1.670775],[-78.781618,-1.670699],[-78.78386,-1.669832],[-78.783728,-1.669322],[-78.783684,-1.668821],[-78.783696,-1.668641],[-78.78358,-1.668221],[-78.783544,-1.667751],[-78.78335,-1.666842],[-78.784109,-1.666586],[-78.785184,-1.666357],[-78.786163,-1.666464],[-78.786828,-1.666579],[-78.788121,-1.666552],[-78.788445,-1.666648],[-78.788939,-1.666677],[-78.789167,-1.66662],[-78.789414,-1.666477],[-78.789748,-1.666171],[-78.789938,-1.665951],[-78.790423,-1.665579],[-78.790671,-1.664967],[-78.790852,-1.664632],[-78.791138,-1.664269],[-78.791562,-1.66314],[-78.791759,-1.662895],[-78.791854,-1.662596],[-78.791986,-1.661765],[-78.791986,-1.661167],[-78.792082,-1.660265],[-78.792126,-1.659015],[-78.792411,-1.658555],[-78.792519,-1.658094],[-78.79259,-1.657927],[-78.792638,-1.657484],[-78.792735,-1.657044],[-78.793117,-1.656084],[-78.793155,-1.65602],[-78.793194,-1.656012],[-78.792981,-1.649464],[-78.791705,-1.647612],[-78.791117,-1.646991],[-78.790879,-1.646668],[-78.790684,-1.646515],[-78.79047,-1.646155],[-78.790192,-1.645897],[-78.789671,-1.645731],[-78.789533,-1.645639],[-78.789215,-1.645593],[-78.78879,-1.645404],[-78.7887,-1.645332],[-78.788459,-1.645266],[-78.788343,-1.645203],[-78.787477,-1.645042],[-78.787269,-1.644876],[-78.786981,-1.644699],[-78.78689,-1.644674],[-78.786741,-1.6445],[-78.786538,-1.644415],[-78.786048,-1.644283],[-78.78569,-1.643903],[-78.785594,-1.643601],[-78.785461,-1.643516],[-78.785065,-1.642943],[-78.785038,-1.642831],[-78.784861,-1.64259],[-78.784827,-1.64245],[-78.784747,-1.642339],[-78.784639,-1.642031],[-78.784502,-1.641902],[-78.784365,-1.641516],[-78.78423,-1.641275],[-78.784097,-1.641121],[-78.783924,-1.64103],[-78.783848,-1.641074],[-78.783619,-1.641092],[-78.78337,-1.641183],[-78.783039,-1.641174],[-78.782955,-1.641208],[-78.782967,-1.641541],[-78.783071,-1.641777],[-78.783017,-1.641857],[-78.782498,-1.641729],[-78.782442,-1.641762],[-78.782364,-1.641881],[-78.782088,-1.641883],[-78.781971,-1.641928],[-78.781768,-1.641936],[-78.781502,-1.64211],[-78.781198,-1.642161],[-78.780962,-1.642092],[-78.780888,-1.64187],[-78.780752,-1.641656],[-78.780695,-1.641616],[-78.78065,-1.641622],[-78.780525,-1.641734],[-78.780295,-1.641713],[-78.780015,-1.641851],[-78.779897,-1.641972],[-78.779807,-1.642145],[-78.779745,-1.642395],[-78.779746,-1.642488],[-78.779894,-1.642683],[-78.779891,-1.642961],[-78.779773,-1.643074],[-78.779618,-1.643073],[-78.779426,-1.643003],[-78.77936,-1.643037],[-78.779355,-1.643369],[-78.779517,-1.643912],[-78.779514,-1.644001],[-78.779262,-1.644162],[-78.779131,-1.644568],[-78.779032,-1.644722],[-78.7789,-1.644733],[-78.778589,-1.644637],[-78.778482,-1.644681],[-78.778331,-1.644663],[-78.778097,-1.644689],[-78.777945,-1.64476],[-78.777676,-1.644953],[-78.777468,-1.644995],[-78.777196,-1.644971],[-78.777038,-1.644998],[-78.776823,-1.645211],[-78.776791,-1.645377],[-78.776732,-1.64545],[-78.776628,-1.645456],[-78.776439,-1.645353],[-78.776337,-1.645341],[-78.776283,-1.645397],[-78.776247,-1.645504],[-78.776117,-1.645625],[-78.775875,-1.6457],[-78.775731,-1.645679],[-78.775608,-1.645788],[-78.774382,-1.645818],[-78.773925,-1.645761],[-78.77384,-1.645799],[-78.773533,-1.645823],[-78.773422,-1.645787],[-78.773249,-1.645631],[-78.773181,-1.645617],[-78.773101,-1.645686],[-78.773052,-1.645966],[-78.772909,-1.64619],[-78.772762,-1.646184],[-78.772546,-1.645928],[-78.772351,-1.645884],[-78.7721,-1.64601],[-78.77183,-1.64654],[-78.771625,-1.646628],[-78.771531,-1.646624],[-78.771394,-1.64655],[-78.771099,-1.646458],[-78.77094,-1.646294],[-78.770892,-1.646285],[-78.770823,-1.646302],[-78.770736,-1.64642],[-78.770748,-1.646603],[-78.770719,-1.646624],[-78.770464,-1.646387],[-78.770239,-1.64637],[-78.770087,-1.646265],[-78.769916,-1.646428],[-78.769845,-1.646562],[-78.769881,-1.646688],[-78.770042,-1.646818],[-78.770047,-1.646865],[-78.769991,-1.646934],[-78.769887,-1.646965],[-78.769598,-1.646914],[-78.769254,-1.646928],[-78.768947,-1.647181],[-78.768633,-1.647257],[-78.768518,-1.647361],[-78.76843,-1.647517],[-78.767468,-1.646916],[-78.767336,-1.64676],[-78.767244,-1.646749],[-78.767055,-1.646827],[-78.766957,-1.646992],[-78.766766,-1.647015],[-78.766732,-1.647103],[-78.766662,-1.647162],[-78.764828,-1.647294],[-78.764494,-1.647366],[-78.763785,-1.647649],[-78.763605,-1.647671],[-78.763523,-1.647075],[-78.762409,-1.641285],[-78.761986,-1.641397],[-78.760964,-1.640596],[-78.760312,-1.64013],[-78.759981,-1.639431],[-78.758623,-1.635889],[-78.773528,-1.623009],[-78.77363,-1.62262],[-78.773633,-1.622149],[-78.773707,-1.621581],[-78.773931,-1.620828],[-78.774038,-1.620353],[-78.774363,-1.619519],[-78.775046,-1.618289],[-78.775185,-1.617978],[-78.77523,-1.61776],[-78.775206,-1.617261],[-78.775133,-1.616854],[-78.77496,-1.616143],[-78.774824,-1.61573],[-78.774747,-1.615593],[-78.774591,-1.61549],[-78.774396,-1.615419],[-78.773871,-1.615333],[-78.773642,-1.615237],[-78.772992,-1.614631],[-78.772924,-1.614606],[-78.772465,-1.614613],[-78.772104,-1.614466],[-78.771818,-1.614002],[-78.771744,-1.61361],[-78.771757,-1.613414],[-78.771861,-1.613185],[-78.772113,-1.612825],[-78.772184,-1.612562],[-78.772174,-1.612437],[-78.771896,-1.611941],[-78.771984,-1.610639],[-78.772107,-1.609881],[-78.772035,-1.609215],[-78.771322,-1.607719],[-78.771287,-1.60758],[-78.7714,-1.607334],[-78.771707,-1.607009],[-78.772139,-1.606248],[-78.772708,-1.605474],[-78.772966,-1.604886],[-78.773109,-1.604739],[-78.773183,-1.6046],[-78.773233,-1.604361],[-78.77319,-1.60403],[-78.773259,-1.603849],[-78.773347,-1.603769],[-78.773616,-1.603734],[-78.773723,-1.603685],[-78.773775,-1.603621],[-78.77389,-1.603284],[-78.773968,-1.603191],[-78.774173,-1.603045],[-78.774768,-1.602782],[-78.77483,-1.602687],[-78.774778,-1.602569],[-78.774377,-1.602327],[-78.774233,-1.602168],[-78.774169,-1.602033],[-78.774158,-1.601822],[-78.774237,-1.601223],[-78.774285,-1.59986],[-78.774369,-1.599063],[-78.774394,-1.598454],[-78.77435,-1.598002],[-78.774029,-1.597288],[-78.773954,-1.597077],[-78.773924,-1.596868],[-78.773962,-1.596524],[-78.774076,-1.596296],[-78.774732,-1.595333],[-78.774903,-1.595018],[-78.77511,-1.594788],[-78.77566,-1.59439],[-78.775724,-1.594251],[-78.775748,-1.59383],[-78.775911,-1.592842],[-78.775938,-1.592401],[-78.775902,-1.592296],[-78.775417,-1.591546],[-78.775412,-1.5915],[-78.775823,-1.590952],[-78.776065,-1.590549],[-78.776157,-1.589991],[-78.775969,-1.588914],[-78.775754,-1.588226],[-78.775634,-1.587968],[-78.775342,-1.587511],[-78.775335,-1.587344],[-78.775403,-1.587144],[-78.7754,-1.587033],[-78.775079,-1.586607],[-78.775081,-1.586408],[-78.775243,-1.586088],[-78.775269,-1.58596],[-78.775167,-1.58581],[-78.775115,-1.585299],[-78.774934,-1.584789],[-78.774927,-1.584676],[-78.774976,-1.584451],[-78.77503,-1.584357],[-78.775159,-1.584276],[-78.775479,-1.584211],[-78.775546,-1.584141],[-78.77543,-1.583802],[-78.775413,-1.58336],[-78.775556,-1.582822],[-78.775735,-1.581637],[-78.775702,-1.581551],[-78.775373,-1.581235],[-78.774492,-1.580262],[-78.774383,-1.580084],[-78.774403,-1.579952],[-78.774515,-1.579752],[-78.7749,-1.579352],[-78.775022,-1.57909],[-78.774989,-1.578901],[-78.774844,-1.578776],[-78.774748,-1.578642],[-78.774544,-1.578101],[-78.774468,-1.576823],[-78.774309,-1.57638],[-78.774271,-1.576115],[-78.774317,-1.57565],[-78.774579,-1.574671],[-78.774541,-1.574472],[-78.774467,-1.574382],[-78.77391,-1.574017],[-78.773534,-1.573593],[-78.773435,-1.573421],[-78.773355,-1.572997],[-78.773065,-1.572224],[-78.772974,-1.571814],[-78.772764,-1.571168],[-78.772679,-1.570748],[-78.77252,-1.570442],[-78.772213,-1.570234],[-78.771892,-1.57009],[-78.771657,-1.570043],[-78.77129,-1.570028],[-78.770748,-1.570182],[-78.770613,-1.570181],[-78.77031,-1.569628],[-78.77011,-1.569458],[-78.769547,-1.569106],[-78.769492,-1.569056],[-78.769441,-1.56892],[-78.769448,-1.568762],[-78.769581,-1.568572],[-78.769983,-1.568226],[-78.770164,-1.567977],[-78.770438,-1.567294],[-78.770573,-1.566652],[-78.770713,-1.56643],[-78.770892,-1.566043],[-78.770967,-1.565769],[-78.771018,-1.565097],[-78.770981,-1.56488],[-78.770698,-1.564333],[-78.770456,-1.563697],[-78.770497,-1.563537],[-78.770592,-1.563419],[-78.770886,-1.563198],[-78.770995,-1.562994],[-78.771082,-1.562453],[-78.770991,-1.562185],[-78.748427,-1.57211]]]}},{"type":"Feature","properties":{"DPA_DESPAR":"CUBIJIES","DPA_PARROQ":"060153"},"geometry":{"type":"Polygon","coordinates":[[[-78.595813,-1.632542],[-78.595694,-1.632614],[-78.595659,-1.632763],[-78.59568,-1.63286],[-78.595816,-1.633039],[-78.595831,-1.633157],[-78.595788,-1.633221],[-78.595637,-1.633241],[-78.595596,-1.633276],[-78.595571,-1.63343],[-78.595591,-1.633648],[-78.595718,-1.633718],[-78.595802,-1.63386],[-78.595773,-1.633932],[-78.595617,-1.634027],[-78.59556,-1.634437],[-78.595469,-1.634493],[-78.595313,-1.634417],[-78.595234,-1.63397],[-78.595169,-1.633899],[-78.594998,-1.633828],[-78.594807,-1.633858],[-78.594638,-1.633991],[-78.594376,-1.634113],[-78.594332,-1.634174],[-78.594332,-1.634234],[-78.59441,-1.634343],[-78.594431,-1.63445],[-78.59436,-1.634653],[-78.594361,-1.635037],[-78.594422,-1.635201],[-78.594617,-1.635433],[-78.594629,-1.635515],[-78.594472,-1.635631],[-78.594339,-1.635662],[-78.594294,-1.635632],[-78.594246,-1.635472],[-78.594077,-1.635302],[-78.593912,-1.635242],[-78.593775,-1.63523],[-78.593559,-1.635231],[-78.593496,-1.635261],[-78.593515,-1.635389],[-78.593493,-1.635468],[-78.593388,-1.635572],[-78.593219,-1.635587],[-78.593095,-1.635518],[-78.593034,-1.635517],[-78.593012,-1.635614],[-78.59311,-1.635771],[-78.593246,-1.635841],[-78.593468,-1.635827],[-78.593591,-1.635976],[-78.593584,-1.636095],[-78.593502,-1.636186],[-78.59328,-1.63632],[-78.59325,-1.636426],[-78.59311,-1.636544],[-78.592977,-1.636517],[-78.592852,-1.636377],[-78.592761,-1.636359],[-78.592182,-1.636607],[-78.591926,-1.636889],[-78.591736,-1.637021],[-78.591687,-1.637122],[-78.5917,-1.637161],[-78.591877,-1.637245],[-78.591949,-1.637321],[-78.591917,-1.637698],[-78.591874,-1.637801],[-78.591748,-1.637861],[-78.591678,-1.637849],[-78.591678,-1.637684],[-78.591478,-1.637415],[-78.591363,-1.637322],[-78.591238,-1.637082],[-78.591071,-1.637239],[-78.590964,-1.637637],[-78.590846,-1.637746],[-78.590722,-1.637719],[-78.59042,-1.637552],[-78.590166,-1.637547],[-78.58996,-1.63767],[-78.589611,-1.637512],[-78.589525,-1.637542],[-78.589377,-1.637666],[-78.58911,-1.637735],[-78.588983,-1.637909],[-78.588998,-1.63802],[-78.589153,-1.638161],[-78.589362,-1.638191],[-78.589382,-1.63823],[-78.589291,-1.638394],[-78.589017,-1.638594],[-78.588955,-1.638574],[-78.588905,-1.638455],[-78.588779,-1.63834],[-78.588666,-1.638306],[-78.588252,-1.638278],[-78.588183,-1.638243],[-78.588066,-1.638107],[-78.587978,-1.638085],[-78.587925,-1.638107],[-78.587909,-1.638223],[-78.587995,-1.638323],[-78.588105,-1.638709],[-78.588166,-1.638817],[-78.588228,-1.638846],[-78.588544,-1.638846],[-78.588694,-1.638954],[-78.588711,-1.639025],[-78.587964,-1.639955],[-78.587828,-1.639975],[-78.587606,-1.639805],[-78.587532,-1.639786],[-78.587482,-1.639815],[-78.587442,-1.639944],[-78.587542,-1.640125],[-78.587554,-1.640227],[-78.587487,-1.640293],[-78.587316,-1.640656],[-78.587248,-1.640721],[-78.587041,-1.640818],[-78.586928,-1.640803],[-78.58679,-1.640725],[-78.586679,-1.64072],[-78.586546,-1.640828],[-78.586545,-1.64094],[-78.586735,-1.641051],[-78.586789,-1.641145],[-78.586674,-1.641358],[-78.586701,-1.641457],[-78.587274,-1.64151],[-78.587358,-1.641584],[-78.587405,-1.641724],[-78.587369,-1.641785],[-78.587023,-1.641863],[-78.586823,-1.642081],[-78.586723,-1.642144],[-78.586662,-1.64216],[-78.586427,-1.642096],[-78.586355,-1.642131],[-78.586303,-1.642216],[-78.586277,-1.642359],[-78.586292,-1.64248],[-78.586434,-1.642684],[-78.586536,-1.642899],[-78.586556,-1.643536],[-78.586521,-1.64366],[-78.586431,-1.6438],[-78.58644,-1.643887],[-78.586573,-1.644183],[-78.586823,-1.644334],[-78.586851,-1.64446],[-78.586741,-1.644965],[-78.586671,-1.644974],[-78.586527,-1.644886],[-78.586436,-1.644978],[-78.586396,-1.64573],[-78.58647,-1.645974],[-78.586427,-1.646044],[-78.586222,-1.646212],[-78.586118,-1.646142],[-78.585991,-1.646107],[-78.58588,-1.64615],[-78.58579,-1.646303],[-78.585815,-1.646572],[-78.585741,-1.646709],[-78.585667,-1.646723],[-78.58557,-1.646596],[-78.585326,-1.646492],[-78.585106,-1.646464],[-78.584959,-1.646504],[-78.584883,-1.646568],[-78.584819,-1.646707],[-78.584864,-1.647107],[-78.584846,-1.647192],[-78.584658,-1.647442],[-78.584566,-1.64748],[-78.584379,-1.647481],[-78.583804,-1.647349],[-78.583532,-1.647339],[-78.583192,-1.647108],[-78.583007,-1.647105],[-78.582958,-1.647152],[-78.582948,-1.647246],[-78.58308,-1.647415],[-78.583074,-1.647728],[-78.583115,-1.647922],[-78.583225,-1.648026],[-78.583223,-1.648128],[-78.583185,-1.648201],[-78.582988,-1.648267],[-78.582582,-1.648264],[-78.581746,-1.648599],[-78.58165,-1.648671],[-78.581074,-1.64937],[-78.58095,-1.64945],[-78.580841,-1.649478],[-78.58064,-1.649472],[-78.580511,-1.649415],[-78.580464,-1.649365],[-78.580275,-1.648921],[-78.580146,-1.648804],[-78.580035,-1.648752],[-78.579957,-1.648753],[-78.579539,-1.649068],[-78.57945,-1.649057],[-78.579344,-1.648927],[-78.579218,-1.648845],[-78.579009,-1.648842],[-78.578945,-1.648813],[-78.578858,-1.648739],[-78.578627,-1.648362],[-78.57823,-1.64795],[-78.57795,-1.647769],[-78.577619,-1.647409],[-78.577475,-1.647163],[-78.577355,-1.647071],[-78.577004,-1.647071],[-78.57743,-1.647982],[-78.577674,-1.64838],[-78.577809,-1.648851],[-78.577954,-1.649088],[-78.578056,-1.649193],[-78.57888,-1.649615],[-78.579575,-1.64991],[-78.58014,-1.650083],[-78.580602,-1.650278],[-78.581245,-1.65042],[-78.58143,-1.650499],[-78.581755,-1.650732],[-78.581986,-1.650944],[-78.582577,-1.65158],[-78.582824,-1.651889],[-78.582904,-1.652191],[-78.58292,-1.652392],[-78.582811,-1.652769],[-78.582775,-1.653061],[-78.58279,-1.653222],[-78.582865,-1.653429],[-78.583089,-1.6538],[-78.583399,-1.65417],[-78.583588,-1.654331],[-78.583774,-1.654432],[-78.584197,-1.65488],[-78.584593,-1.655166],[-78.585363,-1.655843],[-78.586476,-1.656968],[-78.586805,-1.657514],[-78.586969,-1.657996],[-78.58701,-1.658223],[-78.586994,-1.658418],[-78.586957,-1.658529],[-78.586811,-1.658752],[-78.58683,-1.658843],[-78.586922,-1.658956],[-78.58731,-1.65932],[-78.587651,-1.659567],[-78.588335,-1.65984],[-78.588445,-1.659914],[-78.58848,-1.659981],[-78.588482,-1.660219],[-78.588354,-1.660563],[-78.587948,-1.661182],[-78.587656,-1.661733],[-78.587037,-1.662582],[-78.586842,-1.662791],[-78.586472,-1.663052],[-78.585725,-1.663411],[-78.585645,-1.663773],[-78.585685,-1.663962],[-78.585764,-1.664032],[-78.586245,-1.664398],[-78.587111,-1.664899],[-78.58731,-1.665105],[-78.587476,-1.665655],[-78.587478,-1.665869],[-78.58778,-1.667534],[-78.587959,-1.668025],[-78.588206,-1.668201],[-78.588653,-1.668383],[-78.588936,-1.668461],[-78.589483,-1.668443],[-78.589763,-1.668466],[-78.590109,-1.668597],[-78.590463,-1.668798],[-78.59068,-1.668993],[-78.590959,-1.669357],[-78.591444,-1.670321],[-78.591718,-1.670707],[-78.59233,-1.670564],[-78.592813,-1.670377],[-78.59322,-1.670284],[-78.593497,-1.670276],[-78.594028,-1.670395],[-78.59443,-1.670587],[-78.594738,-1.670839],[-78.594814,-1.67103],[-78.594844,-1.671522],[-78.594811,-1.671835],[-78.594729,-1.672118],[-78.594378,-1.672839],[-78.593936,-1.673536],[-78.593466,-1.674202],[-78.592771,-1.675402],[-78.592278,-1.676374],[-78.592236,-1.676588],[-78.592228,-1.677055],[-78.592363,-1.677315],[-78.592646,-1.677694],[-78.593047,-1.677986],[-78.593298,-1.678098],[-78.593764,-1.678183],[-78.594311,-1.678181],[-78.594619,-1.678118],[-78.594865,-1.677982],[-78.595089,-1.677734],[-78.595266,-1.677595],[-78.595351,-1.677419],[-78.595435,-1.677415],[-78.595562,-1.677669],[-78.595682,-1.677669],[-78.595967,-1.677834],[-78.596346,-1.677819],[-78.596427,-1.67779],[-78.59654,-1.677794],[-78.596618,-1.677849],[-78.596672,-1.677951],[-78.596726,-1.678365],[-78.596806,-1.678471],[-78.597065,-1.678616],[-78.597366,-1.678693],[-78.597532,-1.678689],[-78.597878,-1.678516],[-78.598027,-1.678503],[-78.598127,-1.678374],[-78.598208,-1.67836],[-78.598728,-1.6785],[-78.59899,-1.678684],[-78.598876,-1.678836],[-78.598872,-1.678925],[-78.598919,-1.67897],[-78.599026,-1.678955],[-78.599233,-1.678797],[-78.599293,-1.678814],[-78.599368,-1.679011],[-78.599348,-1.679123],[-78.599223,-1.679371],[-78.599084,-1.679509],[-78.599102,-1.679562],[-78.599263,-1.679577],[-78.599325,-1.679473],[-78.599409,-1.67941],[-78.599762,-1.679281],[-78.599773,-1.67918],[-78.599912,-1.679049],[-78.599946,-1.678871],[-78.600097,-1.678903],[-78.600328,-1.678887],[-78.600629,-1.678803],[-78.600817,-1.678798],[-78.601021,-1.678748],[-78.60117,-1.678773],[-78.601432,-1.679012],[-78.601575,-1.679053],[-78.601781,-1.679],[-78.601881,-1.67894],[-78.602056,-1.678796],[-78.602076,-1.678683],[-78.602115,-1.678638],[-78.602482,-1.67853],[-78.603024,-1.67843],[-78.603219,-1.678352],[-78.603338,-1.678249],[-78.603282,-1.678164],[-78.603139,-1.678108],[-78.603105,-1.678056],[-78.603242,-1.677965],[-78.603227,-1.677878],[-78.60332,-1.677859],[-78.603298,-1.677799],[-78.603346,-1.677684],[-78.603325,-1.67762],[-78.603423,-1.677547],[-78.603457,-1.677446],[-78.603507,-1.677437],[-78.603601,-1.67751],[-78.603845,-1.677432],[-78.603954,-1.677492],[-78.60428,-1.677541],[-78.604759,-1.677415],[-78.604842,-1.677327],[-78.605081,-1.677323],[-78.605298,-1.67728],[-78.605447,-1.677312],[-78.605712,-1.677459],[-78.606078,-1.677525],[-78.606253,-1.677522],[-78.606758,-1.677399],[-78.607014,-1.677517],[-78.60738,-1.677871],[-78.607643,-1.678058],[-78.608061,-1.678215],[-78.608179,-1.678354],[-78.608231,-1.678369],[-78.608388,-1.678607],[-78.608491,-1.678641],[-78.608541,-1.678751],[-78.608575,-1.679055],[-78.608668,-1.679383],[-78.60877,-1.67957],[-78.608906,-1.679728],[-78.609059,-1.679803],[-78.609154,-1.679803],[-78.609419,-1.679721],[-78.60949,-1.679579],[-78.609579,-1.679688],[-78.609746,-1.67968],[-78.609792,-1.67963],[-78.609899,-1.679707],[-78.609939,-1.679778],[-78.609937,-1.680013],[-78.609982,-1.680186],[-78.610085,-1.6803],[-78.610276,-1.680339],[-78.610234,-1.680422],[-78.61003,-1.680551],[-78.610043,-1.680644],[-78.609825,-1.680906],[-78.609607,-1.680893],[-78.609436,-1.681137],[-78.609245,-1.681253],[-78.60921,-1.681372],[-78.609768,-1.681411],[-78.609815,-1.681525],[-78.609991,-1.681589],[-78.610268,-1.681582],[-78.61037,-1.681718],[-78.610526,-1.681753],[-78.610527,-1.681714],[-78.6104,-1.681579],[-78.610523,-1.681528],[-78.610645,-1.681659],[-78.610781,-1.681628],[-78.610696,-1.681578],[-78.610645,-1.68144],[-78.610454,-1.681342],[-78.610239,-1.681175],[-78.610137,-1.680998],[-78.610232,-1.680865],[-78.610283,-1.680691],[-78.610309,-1.68067],[-78.610414,-1.680699],[-78.61048,-1.680567],[-78.6105,-1.680304],[-78.610646,-1.680111],[-78.610583,-1.679954],[-78.610618,-1.679844],[-78.611234,-1.679264],[-78.611371,-1.678645],[-78.61138,-1.678298],[-78.611524,-1.677902],[-78.611693,-1.677587],[-78.612009,-1.677205],[-78.612544,-1.677568],[-78.612785,-1.677662],[-78.613279,-1.677068],[-78.613502,-1.676749],[-78.614452,-1.676047],[-78.614053,-1.675262],[-78.614099,-1.675116],[-78.614558,-1.674977],[-78.614451,-1.674898],[-78.614179,-1.674782],[-78.614026,-1.674654],[-78.613833,-1.674356],[-78.613756,-1.674048],[-78.613544,-1.673666],[-78.613536,-1.673586],[-78.613249,-1.673707],[-78.613064,-1.673736],[-78.612768,-1.67355],[-78.612271,-1.673964],[-78.611998,-1.674053],[-78.611783,-1.674016],[-78.611495,-1.674054],[-78.611203,-1.673735],[-78.611184,-1.673674],[-78.611308,-1.673322],[-78.611359,-1.672881],[-78.611445,-1.672501],[-78.611464,-1.67196],[-78.611556,-1.671557],[-78.611525,-1.671395],[-78.610986,-1.669826],[-78.610691,-1.669283],[-78.610647,-1.669123],[-78.610674,-1.668987],[-78.610974,-1.669026],[-78.611316,-1.668614],[-78.61147,-1.668344],[-78.611486,-1.668249],[-78.611439,-1.668017],[-78.611535,-1.667839],[-78.611651,-1.667702],[-78.612215,-1.667411],[-78.612957,-1.666658],[-78.613059,-1.666601],[-78.614007,-1.666317],[-78.615012,-1.66595],[-78.615345,-1.665852],[-78.6157,-1.665794],[-78.615787,-1.665561],[-78.61599,-1.665368],[-78.616152,-1.665007],[-78.616529,-1.664669],[-78.617404,-1.665173],[-78.61806,-1.665462],[-78.618784,-1.66593],[-78.620247,-1.666506],[-78.620094,-1.666081],[-78.619854,-1.66488],[-78.619795,-1.663674],[-78.619681,-1.662974],[-78.619479,-1.662284],[-78.619373,-1.661946],[-78.618798,-1.660528],[-78.618639,-1.660245],[-78.618287,-1.659745],[-78.618007,-1.659184],[-78.61795,-1.658988],[-78.617868,-1.658578],[-78.617859,-1.658365],[-78.617707,-1.657644],[-78.617702,-1.657212],[-78.617739,-1.656738],[-78.617466,-1.655371],[-78.616572,-1.653554],[-78.616465,-1.653246],[-78.61638,-1.652696],[-78.61604,-1.652041],[-78.615862,-1.65155],[-78.615802,-1.651498],[-78.615721,-1.651264],[-78.615601,-1.650665],[-78.615221,-1.649463],[-78.615036,-1.649025],[-78.614818,-1.64861],[-78.614769,-1.648427],[-78.614717,-1.648399],[-78.614614,-1.648202],[-78.614345,-1.647859],[-78.614173,-1.64757],[-78.61385,-1.646789],[-78.613831,-1.646586],[-78.613343,-1.64638],[-78.613086,-1.646097],[-78.612228,-1.645585],[-78.612092,-1.64555],[-78.611785,-1.645566],[-78.611626,-1.645644],[-78.611506,-1.645794],[-78.611456,-1.645914],[-78.611371,-1.646368],[-78.61131,-1.646535],[-78.611447,-1.646684],[-78.611402,-1.646941],[-78.611216,-1.647131],[-78.610941,-1.647316],[-78.610888,-1.647404],[-78.610128,-1.647178],[-78.608645,-1.647036],[-78.608209,-1.646936],[-78.607779,-1.646759],[-78.606712,-1.646108],[-78.606472,-1.645905],[-78.606223,-1.645625],[-78.605946,-1.645179],[-78.605771,-1.644737],[-78.604851,-1.64176],[-78.604751,-1.641517],[-78.604609,-1.641289],[-78.604265,-1.640895],[-78.603739,-1.640516],[-78.601852,-1.639298],[-78.597001,-1.6367],[-78.596678,-1.632865],[-78.596299,-1.632663],[-78.595813,-1.632542]]]}},{"type":"Feature","properties":{"DPA_DESPAR":"FLORES","DPA_PARROQ":"060154"},"geometry":{"type":"Polygon","coordinates":[[[-78.646342,-1.782257],[-78.646141,-1.782374],[-78.645615,-1.782814],[-78.645601,-1.782965],[-78.645539,-1.783038],[-78.64523,-1.783068],[-78.645179,-1.783108],[-78.645191,-1.783299],[-78.645011,-1.783473],[-78.644994,-1.783529],[-78.644922,-1.783546],[-78.644905,-1.783579],[-78.644903,-1.78374],[-78.644969,-1.783974],[-78.644862,-1.784278],[-78.644831,-1.784509],[-78.644372,-1.784804],[-78.644352,-1.78487],[-78.644373,-1.785002],[-78.644264,-1.785108],[-78.644256,-1.78525],[-78.644219,-1.785302],[-78.644042,-1.785386],[-78.643953,-1.785371],[-78.643894,-1.785407],[-78.64368,-1.785274],[-78.643275,-1.785203],[-78.643193,-1.785323],[-78.643089,-1.785354],[-78.643004,-1.785493],[-78.642901,-1.785587],[-78.642835,-1.785753],[-78.642978,-1.785955],[-78.642913,-1.786188],[-78.642705,-1.78647],[-78.642651,-1.786724],[-78.642437,-1.786869],[-78.642277,-1.787227],[-78.6424,-1.787599],[-78.642514,-1.787789],[-78.642534,-1.787931],[-78.6425,-1.787992],[-78.642311,-1.788126],[-78.642218,-1.788254],[-78.642324,-1.788435],[-78.642109,-1.788593],[-78.641994,-1.788855],[-78.641958,-1.789017],[-78.641771,-1.789176],[-78.641586,-1.789262],[-78.641381,-1.789213],[-78.6413,-1.789249],[-78.64102,-1.789534],[-78.640829,-1.789842],[-78.64065,-1.789841],[-78.640465,-1.789898],[-78.640236,-1.789888],[-78.640041,-1.790164],[-78.639778,-1.79016],[-78.63969,-1.790229],[-78.63966,-1.790323],[-78.639573,-1.790431],[-78.639365,-1.790612],[-78.639207,-1.79065],[-78.639033,-1.790771],[-78.63899,-1.790922],[-78.638913,-1.791002],[-78.63863,-1.791141],[-78.638548,-1.791218],[-78.638557,-1.791376],[-78.638486,-1.791445],[-78.638433,-1.791667],[-78.63822,-1.792065],[-78.638225,-1.792698],[-78.638293,-1.792987],[-78.638272,-1.793336],[-78.638335,-1.793808],[-78.63811,-1.794247],[-78.637907,-1.794958],[-78.6378,-1.795039],[-78.637671,-1.79508],[-78.637597,-1.795187],[-78.637481,-1.795627],[-78.637517,-1.795906],[-78.637501,-1.796188],[-78.637418,-1.796325],[-78.637319,-1.79662],[-78.637147,-1.796854],[-78.6371,-1.797165],[-78.636978,-1.797526],[-78.636982,-1.797638],[-78.637071,-1.797844],[-78.637067,-1.797935],[-78.636912,-1.798259],[-78.636715,-1.798476],[-78.636549,-1.798575],[-78.636466,-1.798724],[-78.636501,-1.799637],[-78.636352,-1.80007],[-78.636221,-1.800644],[-78.636162,-1.80107],[-78.636068,-1.801381],[-78.636065,-1.801568],[-78.636192,-1.801854],[-78.636193,-1.801949],[-78.636178,-1.802036],[-78.635977,-1.802334],[-78.635999,-1.802417],[-78.636097,-1.802518],[-78.636127,-1.802755],[-78.635917,-1.803229],[-78.635731,-1.803342],[-78.635753,-1.803656],[-78.635546,-1.803886],[-78.635379,-1.804515],[-78.635479,-1.805002],[-78.635351,-1.805543],[-78.635486,-1.805787],[-78.635448,-1.805908],[-78.635468,-1.806094],[-78.635424,-1.80635],[-78.635465,-1.806498],[-78.635639,-1.806723],[-78.635589,-1.807143],[-78.635504,-1.807383],[-78.63553,-1.807783],[-78.635509,-1.807899],[-78.63495,-1.808851],[-78.634639,-1.809168],[-78.634601,-1.80925],[-78.634602,-1.809689],[-78.634576,-1.809811],[-78.634363,-1.810388],[-78.634225,-1.810598],[-78.634215,-1.810787],[-78.634066,-1.811173],[-78.630778,-1.811412],[-78.629432,-1.813049],[-78.62972,-1.81357],[-78.629843,-1.814757],[-78.62986,-1.815049],[-78.629821,-1.815424],[-78.629629,-1.816504],[-78.630363,-1.818911],[-78.629784,-1.819141],[-78.629827,-1.819338],[-78.629868,-1.819874],[-78.63004,-1.820678],[-78.630204,-1.82287],[-78.630016,-1.823647],[-78.629911,-1.823936],[-78.629648,-1.824376],[-78.629029,-1.825196],[-78.628327,-1.826279],[-78.628022,-1.826615],[-78.626731,-1.827105],[-78.625894,-1.827632],[-78.625732,-1.827783],[-78.625135,-1.828581],[-78.624715,-1.829234],[-78.624212,-1.829921],[-78.623547,-1.830707],[-78.623428,-1.830894],[-78.623229,-1.831304],[-78.623114,-1.831649],[-78.62303,-1.831967],[-78.623023,-1.832176],[-78.623129,-1.833236],[-78.623232,-1.83361],[-78.623356,-1.833926],[-78.624083,-1.835227],[-78.624259,-1.835652],[-78.625035,-1.838677],[-78.625122,-1.838937],[-78.625247,-1.839156],[-78.626206,-1.840268],[-78.630283,-1.843713],[-78.632549,-1.84682],[-78.633895,-1.849602],[-78.634129,-1.850874],[-78.632872,-1.86167],[-78.631023,-1.866862],[-78.629692,-1.868886],[-78.63035,-1.877999],[-78.6307,-1.878052],[-78.630897,-1.878147],[-78.631169,-1.878368],[-78.63148,-1.878414],[-78.631565,-1.878525],[-78.631574,-1.878826],[-78.631619,-1.878861],[-78.631733,-1.878865],[-78.632068,-1.878637],[-78.632241,-1.878332],[-78.632312,-1.878285],[-78.632752,-1.878246],[-78.633068,-1.878269],[-78.633592,-1.878204],[-78.633959,-1.877849],[-78.634183,-1.877798],[-78.634126,-1.877746],[-78.634374,-1.877338],[-78.634477,-1.877224],[-78.634597,-1.877204],[-78.635017,-1.877487],[-78.635288,-1.877767],[-78.635381,-1.877817],[-78.635541,-1.877792],[-78.635717,-1.877612],[-78.635787,-1.877586],[-78.636282,-1.8777],[-78.636835,-1.877652],[-78.636911,-1.877765],[-78.636931,-1.878061],[-78.637004,-1.878211],[-78.637113,-1.878318],[-78.637363,-1.878432],[-78.638273,-1.87859],[-78.63863,-1.878914],[-78.638872,-1.879072],[-78.639866,-1.879339],[-78.640059,-1.87957],[-78.640241,-1.879718],[-78.640871,-1.880079],[-78.641223,-1.880491],[-78.641476,-1.880677],[-78.641573,-1.880826],[-78.641689,-1.880933],[-78.641956,-1.881041],[-78.643127,-1.881312],[-78.64351,-1.881329],[-78.64396,-1.881097],[-78.644508,-1.880988],[-78.64503,-1.881284],[-78.64581,-1.881492],[-78.646254,-1.881494],[-78.646782,-1.881396],[-78.647324,-1.881337],[-78.647913,-1.881564],[-78.648393,-1.881591],[-78.648663,-1.881539],[-78.649019,-1.881255],[-78.649166,-1.881201],[-78.649525,-1.881443],[-78.650102,-1.881702],[-78.65037,-1.881735],[-78.650753,-1.881908],[-78.650888,-1.881952],[-78.651011,-1.881953],[-78.65131,-1.881797],[-78.651738,-1.881515],[-78.652223,-1.881399],[-78.652583,-1.881411],[-78.652952,-1.881603],[-78.653256,-1.881708],[-78.653724,-1.881753],[-78.654015,-1.881734],[-78.654183,-1.881644],[-78.654485,-1.881401],[-78.654627,-1.881229],[-78.654821,-1.880886],[-78.655028,-1.880681],[-78.655263,-1.880502],[-78.656059,-1.88008],[-78.656362,-1.879857],[-78.656668,-1.879758],[-78.657687,-1.879677],[-78.657907,-1.879573],[-78.65835,-1.879239],[-78.658602,-1.879161],[-78.659015,-1.879147],[-78.659426,-1.878829],[-78.659534,-1.878836],[-78.659582,-1.878776],[-78.65959,-1.878489],[-78.659538,-1.878259],[-78.659586,-1.878192],[-78.659571,-1.878086],[-78.659682,-1.878003],[-78.659619,-1.877834],[-78.659678,-1.877577],[-78.659588,-1.877496],[-78.659548,-1.877266],[-78.659438,-1.877097],[-78.659478,-1.87689],[-78.65943,-1.876867],[-78.659404,-1.876799],[-78.659285,-1.876776],[-78.659193,-1.876619],[-78.659197,-1.876458],[-78.659278,-1.87633],[-78.659218,-1.876099],[-78.659223,-1.875971],[-78.659138,-1.875848],[-78.659181,-1.875541],[-78.65911,-1.875399],[-78.659112,-1.875232],[-78.65902,-1.875113],[-78.659113,-1.874866],[-78.659119,-1.874767],[-78.659097,-1.874708],[-78.659022,-1.874654],[-78.658827,-1.874622],[-78.65884,-1.874544],[-78.658968,-1.874454],[-78.658968,-1.874399],[-78.658942,-1.87434],[-78.658765,-1.874212],[-78.658718,-1.874052],[-78.658485,-1.873869],[-78.658436,-1.873781],[-78.658173,-1.873638],[-78.657861,-1.873278],[-78.657789,-1.873135],[-78.657797,-1.872991],[-78.657876,-1.872908],[-78.6579,-1.872826],[-78.657825,-1.872718],[-78.6578,-1.872587],[-78.657908,-1.872302],[-78.657881,-1.872214],[-78.657951,-1.872128],[-78.65795,-1.872096],[-78.657873,-1.87204],[-78.65789,-1.871844],[-78.657852,-1.871711],[-78.657967,-1.871325],[-78.657983,-1.871118],[-78.657929,-1.870891],[-78.657941,-1.870703],[-78.657887,-1.870463],[-78.657909,-1.870363],[-78.658041,-1.870159],[-78.658158,-1.869751],[-78.65826,-1.869586],[-78.658407,-1.869432],[-78.658451,-1.86933],[-78.658452,-1.869038],[-78.658595,-1.868766],[-78.658621,-1.86862],[-78.658571,-1.868104],[-78.658318,-1.867455],[-78.658175,-1.867363],[-78.658077,-1.867162],[-78.658084,-1.866684],[-78.657884,-1.866169],[-78.657526,-1.86578],[-78.657247,-1.86534],[-78.657077,-1.865159],[-78.665367,-1.848703],[-78.666049,-1.84844],[-78.666479,-1.848166],[-78.666797,-1.848069],[-78.666942,-1.848059],[-78.667266,-1.848185],[-78.669119,-1.848761],[-78.669656,-1.849146],[-78.669993,-1.849322],[-78.67002,-1.849394],[-78.6707,-1.849729],[-78.670897,-1.849786],[-78.671524,-1.849867],[-78.67201,-1.850015],[-78.67252,-1.850062],[-78.673309,-1.850506],[-78.674069,-1.850823],[-78.67419,-1.85082],[-78.674693,-1.850691],[-78.675907,-1.850323],[-78.676396,-1.850242],[-78.677038,-1.850081],[-78.677411,-1.849947],[-78.678028,-1.849838],[-78.679064,-1.849326],[-78.678998,-1.849133],[-78.678646,-1.848788],[-78.678957,-1.847543],[-78.679353,-1.847364],[-78.67926,-1.847094],[-78.679859,-1.846721],[-78.679508,-1.846459],[-78.679084,-1.846076],[-78.678895,-1.845968],[-78.679953,-1.84501],[-78.68054,-1.844396],[-78.680864,-1.844107],[-78.680918,-1.844111],[-78.681484,-1.844652],[-78.683339,-1.842782],[-78.683515,-1.841911],[-78.68351,-1.841477],[-78.68412,-1.83937],[-78.684099,-1.839274],[-78.683754,-1.838997],[-78.683798,-1.838117],[-78.683704,-1.837202],[-78.683735,-1.836963],[-78.683719,-1.835118],[-78.686546,-1.834665],[-78.687327,-1.834422],[-78.687237,-1.833027],[-78.686544,-1.832924],[-78.686436,-1.832947],[-78.686205,-1.833092],[-78.686383,-1.830285],[-78.68741,-1.830248],[-78.687479,-1.830125],[-78.687652,-1.829544],[-78.687911,-1.829016],[-78.687934,-1.828939],[-78.687912,-1.828701],[-78.687942,-1.828577],[-78.687932,-1.8285],[-78.687879,-1.828442],[-78.687461,-1.82821],[-78.687348,-1.827995],[-78.687338,-1.827905],[-78.68738,-1.827831],[-78.687582,-1.827678],[-78.686454,-1.820966],[-78.689012,-1.818924],[-78.688873,-1.818701],[-78.688511,-1.818276],[-78.688138,-1.817564],[-78.687826,-1.817184],[-78.687545,-1.817075],[-78.687005,-1.817253],[-78.68702,-1.817297],[-78.686237,-1.817614],[-78.686083,-1.817634],[-78.685913,-1.817603],[-78.685608,-1.817635],[-78.685531,-1.817478],[-78.685242,-1.817204],[-78.68497,-1.817052],[-78.684602,-1.816945],[-78.684276,-1.816758],[-78.684129,-1.816599],[-78.683864,-1.816412],[-78.683627,-1.816324],[-78.683459,-1.81621],[-78.68338,-1.816274],[-78.683185,-1.816277],[-78.682911,-1.816479],[-78.68246,-1.815886],[-78.682088,-1.816375],[-78.681974,-1.816445],[-78.681808,-1.816437],[-78.681571,-1.816308],[-78.681469,-1.8163],[-78.681308,-1.816422],[-78.68121,-1.816407],[-78.681158,-1.816362],[-78.680816,-1.816521],[-78.680534,-1.816868],[-78.67997,-1.816265],[-78.679827,-1.815855],[-78.679654,-1.815661],[-78.679546,-1.814922],[-78.679228,-1.813344],[-78.678578,-1.811264],[-78.67838,-1.810069],[-78.678333,-1.808871],[-78.678224,-1.80864],[-78.678187,-1.808215],[-78.678059,-1.807722],[-78.677845,-1.807309],[-78.677598,-1.806184],[-78.677246,-1.805796],[-78.67729,-1.805548],[-78.677477,-1.805403],[-78.677571,-1.805222],[-78.677661,-1.804949],[-78.677657,-1.804725],[-78.677783,-1.804351],[-78.678067,-1.804253],[-78.678357,-1.804066],[-78.67827,-1.80366],[-78.677981,-1.803335],[-78.677974,-1.802401],[-78.67843,-1.801552],[-78.679427,-1.800537],[-78.679903,-1.799864],[-78.679488,-1.799644],[-78.679078,-1.799276],[-78.678921,-1.798842],[-78.676815,-1.799031],[-78.676273,-1.79928],[-78.675653,-1.799869],[-78.675455,-1.800017],[-78.674791,-1.800159],[-78.674614,-1.800236],[-78.674184,-1.800597],[-78.667849,-1.799714],[-78.667091,-1.799673],[-78.666836,-1.800332],[-78.665818,-1.800035],[-78.665724,-1.800071],[-78.665514,-1.79998],[-78.665262,-1.799963],[-78.664997,-1.799875],[-78.664839,-1.799884],[-78.664661,-1.799995],[-78.664548,-1.799861],[-78.664403,-1.799819],[-78.664309,-1.80003],[-78.664306,-1.800173],[-78.664072,-1.800622],[-78.664037,-1.800787],[-78.664071,-1.801382],[-78.663979,-1.801829],[-78.664003,-1.801961],[-78.663897,-1.802067],[-78.66345,-1.802018],[-78.66322,-1.802271],[-78.663109,-1.802268],[-78.662879,-1.802481],[-78.662758,-1.802442],[-78.662635,-1.802446],[-78.66235,-1.802336],[-78.662355,-1.802882],[-78.661798,-1.803547],[-78.661465,-1.804064],[-78.661491,-1.804083],[-78.661143,-1.804471],[-78.659844,-1.803934],[-78.659354,-1.804221],[-78.659203,-1.804459],[-78.659029,-1.804574],[-78.65869,-1.804727],[-78.658334,-1.804795],[-78.657872,-1.804781],[-78.657889,-1.804487],[-78.657973,-1.804173],[-78.657717,-1.803725],[-78.657707,-1.80359],[-78.65755,-1.803019],[-78.657625,-1.802713],[-78.657977,-1.802092],[-78.657931,-1.8019],[-78.65774,-1.801691],[-78.657507,-1.801605],[-78.657351,-1.801447],[-78.65733,-1.801294],[-78.657199,-1.801012],[-78.657068,-1.800517],[-78.656566,-1.799362],[-78.656354,-1.799046],[-78.655919,-1.798845],[-78.65568,-1.798877],[-78.655406,-1.798822],[-78.655209,-1.798832],[-78.654913,-1.798797],[-78.65463,-1.798669],[-78.6539,-1.798423],[-78.653843,-1.798355],[-78.653812,-1.798096],[-78.653723,-1.797971],[-78.653359,-1.797885],[-78.6532,-1.797766],[-78.653051,-1.797601],[-78.652806,-1.797454],[-78.652467,-1.797391],[-78.652044,-1.797264],[-78.651543,-1.796911],[-78.65125,-1.796874],[-78.650836,-1.79653],[-78.650383,-1.796245],[-78.650115,-1.796204],[-78.649819,-1.796295],[-78.649688,-1.796278],[-78.649548,-1.796164],[-78.649463,-1.795821],[-78.649315,-1.795598],[-78.649213,-1.795511],[-78.649035,-1.795446],[-78.648937,-1.795366],[-78.648947,-1.795161],[-78.648908,-1.794772],[-78.649004,-1.793774],[-78.649159,-1.793541],[-78.64942,-1.793344],[-78.649596,-1.793075],[-78.649603,-1.792956],[-78.649511,-1.792781],[-78.64972,-1.792506],[-78.649703,-1.792155],[-78.649756,-1.791941],[-78.649679,-1.791744],[-78.649713,-1.791399],[-78.64955,-1.791337],[-78.6495,-1.791285],[-78.649403,-1.791131],[-78.649329,-1.790868],[-78.649101,-1.790768],[-78.649021,-1.790684],[-78.648998,-1.790553],[-78.649052,-1.79029],[-78.64885,-1.790105],[-78.648803,-1.790023],[-78.648864,-1.789832],[-78.648863,-1.789647],[-78.648812,-1.789499],[-78.648682,-1.789306],[-78.648654,-1.789041],[-78.648592,-1.788854],[-78.648356,-1.788627],[-78.648334,-1.788332],[-78.64828,-1.78822],[-78.648131,-1.788097],[-78.647512,-1.78771],[-78.647376,-1.787692],[-78.647196,-1.787774],[-78.647117,-1.78776],[-78.646965,-1.787485],[-78.646747,-1.787437],[-78.646562,-1.787278],[-78.645964,-1.787045],[-78.645902,-1.786962],[-78.645851,-1.786725],[-78.645569,-1.786457],[-78.645709,-1.786222],[-78.645538,-1.785931],[-78.645527,-1.785657],[-78.645623,-1.785453],[-78.645649,-1.785314],[-78.645706,-1.785266],[-78.645726,-1.785201],[-78.645617,-1.784995],[-78.645621,-1.78472],[-78.645551,-1.784375],[-78.645539,-1.784119],[-78.645655,-1.783981],[-78.645698,-1.783762],[-78.645845,-1.783682],[-78.645862,-1.783593],[-78.646057,-1.783258],[-78.646108,-1.783091],[-78.646068,-1.782991],[-78.646073,-1.782857],[-78.646392,-1.782581],[-78.646533,-1.782257],[-78.646342,-1.782257]]]}},{"type":"Feature","properties":{"DPA_DESPAR":"LICAN","DPA_PARROQ":"060155"},"geometry":{"type":"Polygon","coordinates":[[[-78.735174,-1.616767],[-78.733116,-1.616998],[-78.725087,-1.619348],[-78.72063,-1.619558],[-78.719842,-1.620494],[-78.719702,-1.620618],[-78.719438,-1.620718],[-78.719179,-1.620761],[-78.71891,-1.620959],[-78.718761,-1.621024],[-78.717967,-1.620943],[-78.717456,-1.620972],[-78.717085,-1.620891],[-78.715626,-1.620845],[-78.715219,-1.620769],[-78.714741,-1.620625],[-78.714349,-1.620718],[-78.71365,-1.621037],[-78.713362,-1.621308],[-78.713163,-1.6212],[-78.712878,-1.620898],[-78.712605,-1.620946],[-78.709794,-1.62105],[-78.709205,-1.621018],[-78.709145,-1.620989],[-78.709058,-1.620836],[-78.70897,-1.620814],[-78.708442,-1.620928],[-78.708185,-1.620885],[-78.707555,-1.620956],[-78.707194,-1.62095],[-78.707112,-1.621127],[-78.70699,-1.621658],[-78.707,-1.62202],[-78.706881,-1.6231],[-78.706844,-1.624535],[-78.706689,-1.625522],[-78.706034,-1.625405],[-78.70574,-1.62539],[-78.705182,-1.625431],[-78.704561,-1.625529],[-78.702757,-1.625509],[-78.701108,-1.625579],[-78.700642,-1.625674],[-78.699076,-1.625819],[-78.698752,-1.625734],[-78.698327,-1.625716],[-78.697813,-1.625745],[-78.696322,-1.625624],[-78.695778,-1.625698],[-78.6947,-1.625709],[-78.697422,-1.627428],[-78.690578,-1.649021],[-78.692247,-1.64906],[-78.692234,-1.649376],[-78.692137,-1.649996],[-78.692936,-1.650176],[-78.6924,-1.650736],[-78.694845,-1.653331],[-78.69384,-1.65432],[-78.695207,-1.655888],[-78.696271,-1.655508],[-78.696522,-1.656046],[-78.697828,-1.657717],[-78.697727,-1.65798],[-78.697684,-1.658277],[-78.697537,-1.658803],[-78.697224,-1.65885],[-78.696882,-1.658987],[-78.696061,-1.658979],[-78.695342,-1.658902],[-78.69525,-1.658719],[-78.694849,-1.658735],[-78.693301,-1.662431],[-78.693121,-1.662351],[-78.692828,-1.662124],[-78.692525,-1.662009],[-78.692104,-1.661958],[-78.691855,-1.661373],[-78.691585,-1.661022],[-78.69195,-1.660469],[-78.690745,-1.658894],[-78.689626,-1.659551],[-78.689319,-1.659792],[-78.689052,-1.66022],[-78.688831,-1.660849],[-78.688333,-1.66143],[-78.687938,-1.661609],[-78.687589,-1.661671],[-78.686223,-1.662039],[-78.685873,-1.662304],[-78.685452,-1.662868],[-78.685232,-1.663065],[-78.684345,-1.663431],[-78.683648,-1.66405],[-78.683505,-1.664126],[-78.683244,-1.664242],[-78.682858,-1.664309],[-78.682186,-1.664308],[-78.681682,-1.664365],[-78.680285,-1.66443],[-78.679886,-1.664789],[-78.67974,-1.664965],[-78.680073,-1.664968],[-78.680206,-1.664999],[-78.680417,-1.665129],[-78.680632,-1.665317],[-78.680658,-1.665466],[-78.680606,-1.665843],[-78.6806,-1.66634],[-78.680653,-1.666658],[-78.680691,-1.666729],[-78.682867,-1.669368],[-78.683405,-1.669742],[-78.68348,-1.66967],[-78.683615,-1.669653],[-78.68422,-1.669896],[-78.684453,-1.669934],[-78.684696,-1.669935],[-78.68488,-1.669842],[-78.684976,-1.669751],[-78.685108,-1.669478],[-78.685238,-1.669431],[-78.685406,-1.669438],[-78.685771,-1.669661],[-78.68584,-1.669712],[-78.685877,-1.669891],[-78.685923,-1.669929],[-78.685997,-1.669914],[-78.686296,-1.669713],[-78.686516,-1.669675],[-78.68659,-1.669701],[-78.686626,-1.669752],[-78.686606,-1.669809],[-78.68645,-1.669957],[-78.686457,-1.670024],[-78.686532,-1.670109],[-78.687162,-1.670479],[-78.687751,-1.671027],[-78.688179,-1.671052],[-78.68882,-1.671274],[-78.689435,-1.671377],[-78.689807,-1.671492],[-78.689949,-1.671468],[-78.690179,-1.67128],[-78.690512,-1.671255],[-78.690685,-1.671327],[-78.69095,-1.671545],[-78.691359,-1.671597],[-78.691705,-1.671462],[-78.692161,-1.671141],[-78.692402,-1.670755],[-78.692568,-1.670606],[-78.692914,-1.670627],[-78.693226,-1.670414],[-78.693425,-1.67037],[-78.694222,-1.670422],[-78.694344,-1.670405],[-78.694441,-1.670313],[-78.694443,-1.670221],[-78.694385,-1.670043],[-78.69439,-1.669923],[-78.694505,-1.669785],[-78.694853,-1.66981],[-78.6954,-1.669933],[-78.695754,-1.669977],[-78.696077,-1.669934],[-78.696543,-1.669693],[-78.696699,-1.669455],[-78.69731,-1.668879],[-78.69755,-1.668759],[-78.697823,-1.668706],[-78.698072,-1.668719],[-78.698181,-1.668798],[-78.698195,-1.668954],[-78.698104,-1.669161],[-78.698127,-1.669244],[-78.698188,-1.669295],[-78.698333,-1.669269],[-78.698714,-1.668995],[-78.698924,-1.668983],[-78.699159,-1.66909],[-78.699402,-1.669401],[-78.699567,-1.669555],[-78.699939,-1.669765],[-78.700616,-1.669769],[-78.700786,-1.669846],[-78.701009,-1.670001],[-78.701441,-1.670073],[-78.702029,-1.669972],[-78.702108,-1.669893],[-78.702154,-1.669711],[-78.702224,-1.669665],[-78.702736,-1.670059],[-78.70296,-1.670112],[-78.703034,-1.670044],[-78.703066,-1.669763],[-78.703112,-1.669673],[-78.703451,-1.669618],[-78.70365,-1.669729],[-78.703905,-1.669662],[-78.704221,-1.66939],[-78.704355,-1.668854],[-78.704398,-1.66879],[-78.70487,-1.668704],[-78.705136,-1.668599],[-78.705248,-1.668494],[-78.705482,-1.668094],[-78.705761,-1.667801],[-78.706073,-1.667823],[-78.706141,-1.667889],[-78.706077,-1.668164],[-78.706127,-1.66828],[-78.706251,-1.66829],[-78.706387,-1.668189],[-78.70654,-1.668149],[-78.706764,-1.668242],[-78.706842,-1.668347],[-78.706885,-1.668502],[-78.706976,-1.668489],[-78.707085,-1.668541],[-78.707223,-1.668722],[-78.707474,-1.668962],[-78.707572,-1.669113],[-78.707763,-1.669115],[-78.707898,-1.669188],[-78.70806,-1.669182],[-78.708239,-1.669413],[-78.708489,-1.669444],[-78.708566,-1.669631],[-78.708784,-1.669829],[-78.709072,-1.669842],[-78.709092,-1.669964],[-78.709132,-1.669994],[-78.709245,-1.669978],[-78.709539,-1.669827],[-78.709745,-1.669822],[-78.709859,-1.669764],[-78.710167,-1.669785],[-78.710288,-1.669695],[-78.710479,-1.669757],[-78.71065,-1.669714],[-78.710983,-1.669777],[-78.711167,-1.669732],[-78.711501,-1.669745],[-78.711681,-1.669591],[-78.711839,-1.669546],[-78.712228,-1.669587],[-78.712336,-1.669554],[-78.712453,-1.669599],[-78.712665,-1.669608],[-78.713252,-1.669752],[-78.713389,-1.669882],[-78.713488,-1.669848],[-78.713613,-1.669874],[-78.713735,-1.669991],[-78.713853,-1.670025],[-78.714079,-1.670191],[-78.714278,-1.670266],[-78.714382,-1.670403],[-78.714543,-1.67045],[-78.714639,-1.670542],[-78.714745,-1.67056],[-78.714831,-1.670649],[-78.714994,-1.670723],[-78.715241,-1.670941],[-78.715449,-1.671184],[-78.715609,-1.67125],[-78.715636,-1.67131],[-78.715772,-1.67136],[-78.715945,-1.671514],[-78.716419,-1.671731],[-78.716692,-1.671906],[-78.716836,-1.672038],[-78.717028,-1.672108],[-78.717355,-1.67233],[-78.717533,-1.672501],[-78.718007,-1.673164],[-78.719097,-1.674046],[-78.719253,-1.6737],[-78.719322,-1.673417],[-78.723414,-1.666681],[-78.723446,-1.666518],[-78.723515,-1.666417],[-78.723494,-1.666309],[-78.723426,-1.666213],[-78.723522,-1.666125],[-78.723536,-1.666037],[-78.723425,-1.665931],[-78.723415,-1.665542],[-78.723326,-1.665482],[-78.723419,-1.665103],[-78.72338,-1.664913],[-78.723484,-1.664802],[-78.723379,-1.664641],[-78.723426,-1.664522],[-78.72335,-1.664371],[-78.723335,-1.664228],[-78.723387,-1.664072],[-78.723594,-1.663913],[-78.723527,-1.663513],[-78.723637,-1.663345],[-78.723639,-1.663268],[-78.723825,-1.662895],[-78.723896,-1.662804],[-78.723907,-1.662486],[-78.723851,-1.662289],[-78.723769,-1.66215],[-78.723833,-1.66196],[-78.723712,-1.661719],[-78.723926,-1.661405],[-78.724011,-1.661041],[-78.723943,-1.660949],[-78.723909,-1.660736],[-78.723724,-1.660663],[-78.723695,-1.660613],[-78.723704,-1.660541],[-78.723853,-1.660292],[-78.723817,-1.66024],[-78.723634,-1.660187],[-78.723626,-1.660038],[-78.723671,-1.659897],[-78.723581,-1.659825],[-78.723497,-1.659603],[-78.723628,-1.659148],[-78.723633,-1.658983],[-78.723527,-1.65874],[-78.723492,-1.658498],[-78.723317,-1.658367],[-78.723263,-1.658199],[-78.723137,-1.658165],[-78.72311,-1.658101],[-78.723194,-1.657719],[-78.723123,-1.657464],[-78.723083,-1.657435],[-78.722936,-1.657425],[-78.722867,-1.657366],[-78.722764,-1.657208],[-78.722404,-1.656846],[-78.722198,-1.656511],[-78.721895,-1.656445],[-78.721718,-1.656338],[-78.721427,-1.656073],[-78.721271,-1.656012],[-78.721146,-1.656022],[-78.720802,-1.656192],[-78.720648,-1.654595],[-78.716631,-1.649523],[-78.720609,-1.646851],[-78.720952,-1.646014],[-78.721252,-1.644983],[-78.721347,-1.644339],[-78.721392,-1.644203],[-78.721589,-1.643971],[-78.721643,-1.643821],[-78.721662,-1.642946],[-78.721786,-1.642817],[-78.721941,-1.642721],[-78.72227,-1.642596],[-78.722447,-1.642572],[-78.722911,-1.642656],[-78.723616,-1.642654],[-78.723953,-1.6426],[-78.724238,-1.642437],[-78.724613,-1.642057],[-78.724667,-1.641894],[-78.724762,-1.641111],[-78.72496,-1.64046],[-78.725073,-1.640305],[-78.725405,-1.640062],[-78.725694,-1.639952],[-78.725994,-1.639884],[-78.726137,-1.63979],[-78.72625,-1.639628],[-78.726347,-1.638956],[-78.726484,-1.638713],[-78.726789,-1.63853],[-78.727202,-1.638415],[-78.727733,-1.638034],[-78.7282,-1.637913],[-78.728385,-1.637727],[-78.728595,-1.63759],[-78.728869,-1.637444],[-78.729142,-1.637347],[-78.729642,-1.637315],[-78.729802,-1.637364],[-78.730321,-1.637709],[-78.73047,-1.63776],[-78.730784,-1.637772],[-78.730948,-1.637747],[-78.731187,-1.637633],[-78.731421,-1.637406],[-78.731646,-1.637075],[-78.731719,-1.636655],[-78.731702,-1.636194],[-78.731762,-1.636078],[-78.731859,-1.636024],[-78.732106,-1.63599],[-78.732276,-1.635928],[-78.732723,-1.635478],[-78.732893,-1.635349],[-78.733365,-1.635119],[-78.733496,-1.634963],[-78.733544,-1.634246],[-78.733725,-1.633892],[-78.734157,-1.633484],[-78.734717,-1.63317],[-78.734309,-1.632852],[-78.734276,-1.632548],[-78.734205,-1.632507],[-78.733846,-1.632495],[-78.733706,-1.632421],[-78.732879,-1.631655],[-78.732946,-1.631589],[-78.733677,-1.630935],[-78.733826,-1.630837],[-78.734989,-1.630456],[-78.737025,-1.62954],[-78.737492,-1.629403],[-78.738816,-1.623246],[-78.739663,-1.619882],[-78.739153,-1.616321],[-78.735174,-1.616767]]]}},{"type":"Feature","properties":{"DPA_DESPAR":"LICTO","DPA_PARROQ":"060156"},"geometry":{"type":"Polygon","coordinates":[[[-78.632616,-1.738182],[-78.632682,-1.738406],[-78.632857,-1.738537],[-78.632952,-1.738569],[-78.633003,-1.738658],[-78.632984,-1.738779],[-78.632753,-1.73886],[-78.63264,-1.738935],[-78.632624,-1.738906],[-78.632583,-1.738961],[-78.632426,-1.739025],[-78.632011,-1.739089],[-78.631566,-1.739205],[-78.630622,-1.739939],[-78.630408,-1.74002],[-78.630127,-1.740205],[-78.629675,-1.740614],[-78.629501,-1.740679],[-78.629352,-1.740676],[-78.629304,-1.740738],[-78.629187,-1.740775],[-78.627315,-1.741952],[-78.626492,-1.742494],[-78.626121,-1.742798],[-78.625352,-1.743249],[-78.624345,-1.743944],[-78.624184,-1.743955],[-78.624151,-1.744112],[-78.623663,-1.744299],[-78.623533,-1.744404],[-78.623358,-1.744481],[-78.623302,-1.744405],[-78.623158,-1.74432],[-78.623118,-1.74423],[-78.623172,-1.744006],[-78.623279,-1.743847],[-78.623303,-1.74364],[-78.623276,-1.743611],[-78.623134,-1.743599],[-78.622788,-1.743378],[-78.62264,-1.743189],[-78.622508,-1.743092],[-78.62251,-1.742863],[-78.622474,-1.742798],[-78.622368,-1.742728],[-78.622272,-1.742756],[-78.622225,-1.742736],[-78.622144,-1.742616],[-78.622093,-1.742455],[-78.622031,-1.742432],[-78.621812,-1.742458],[-78.621514,-1.742295],[-78.621326,-1.742409],[-78.621193,-1.742357],[-78.62087,-1.742355],[-78.62037,-1.742208],[-78.620097,-1.742055],[-78.619933,-1.742101],[-78.61975,-1.742065],[-78.619677,-1.74189],[-78.619491,-1.741727],[-78.619519,-1.741645],[-78.619491,-1.741542],[-78.619306,-1.741372],[-78.619226,-1.741249],[-78.619218,-1.740951],[-78.619188,-1.740855],[-78.619095,-1.740732],[-78.618886,-1.74067],[-78.618847,-1.740596],[-78.618823,-1.740399],[-78.618642,-1.740399],[-78.618276,-1.740764],[-78.617469,-1.741345],[-78.61682,-1.741761],[-78.616417,-1.742215],[-78.61611,-1.742805],[-78.61587,-1.743387],[-78.615715,-1.744126],[-78.615697,-1.744693],[-78.615863,-1.745956],[-78.615898,-1.746537],[-78.61553,-1.747028],[-78.615019,-1.747458],[-78.614659,-1.747619],[-78.614067,-1.747819],[-78.613832,-1.747945],[-78.613628,-1.748174],[-78.613274,-1.74888],[-78.613228,-1.74911],[-78.613113,-1.749382],[-78.612677,-1.750146],[-78.612359,-1.750565],[-78.61207,-1.750798],[-78.611899,-1.750887],[-78.611778,-1.750988],[-78.611692,-1.75111],[-78.611467,-1.751644],[-78.611438,-1.75201],[-78.611348,-1.752318],[-78.611273,-1.752401],[-78.611095,-1.752483],[-78.609415,-1.752771],[-78.608805,-1.752979],[-78.607842,-1.753767],[-78.607699,-1.753852],[-78.607456,-1.754064],[-78.60736,-1.754193],[-78.607249,-1.754622],[-78.607219,-1.755678],[-78.607197,-1.75599],[-78.60714,-1.756234],[-78.606879,-1.756571],[-78.606594,-1.756821],[-78.606212,-1.757076],[-78.60573,-1.757337],[-78.605595,-1.757588],[-78.605573,-1.757746],[-78.605619,-1.758074],[-78.605878,-1.758808],[-78.605889,-1.758969],[-78.605831,-1.759152],[-78.60576,-1.759217],[-78.605532,-1.759299],[-78.605225,-1.759295],[-78.604812,-1.759156],[-78.603994,-1.758602],[-78.603593,-1.758378],[-78.603469,-1.758342],[-78.603219,-1.758338],[-78.60277,-1.758395],[-78.602402,-1.758692],[-78.602267,-1.758965],[-78.602112,-1.759657],[-78.601927,-1.759983],[-78.601666,-1.760245],[-78.601305,-1.760542],[-78.601188,-1.760682],[-78.600802,-1.760965],[-78.60036,-1.761122],[-78.600182,-1.761089],[-78.59959,-1.76087],[-78.599438,-1.760832],[-78.599173,-1.760826],[-78.599013,-1.760903],[-78.598858,-1.761058],[-78.598706,-1.761381],[-78.598584,-1.76179],[-78.598529,-1.762487],[-78.598618,-1.76272],[-78.598956,-1.762999],[-78.59906,-1.763118],[-78.599102,-1.763229],[-78.599161,-1.763696],[-78.599099,-1.764104],[-78.598891,-1.764669],[-78.598168,-1.766279],[-78.597081,-1.768088],[-78.596941,-1.768413],[-78.596765,-1.769032],[-78.596367,-1.769522],[-78.595545,-1.77025],[-78.595236,-1.770683],[-78.594834,-1.7714],[-78.594459,-1.771866],[-78.594191,-1.772051],[-78.593014,-1.772671],[-78.59241,-1.773035],[-78.592107,-1.773304],[-78.592047,-1.773384],[-78.592026,-1.773555],[-78.592159,-1.774329],[-78.592159,-1.774634],[-78.59212,-1.7749],[-78.592007,-1.775091],[-78.591587,-1.775515],[-78.591307,-1.77588],[-78.590367,-1.777424],[-78.590054,-1.777815],[-78.58945,-1.778353],[-78.588897,-1.778971],[-78.587915,-1.779854],[-78.586982,-1.780568],[-78.586188,-1.780988],[-78.585908,-1.781254],[-78.585855,-1.781313],[-78.585768,-1.781532],[-78.585607,-1.782213],[-78.585506,-1.782419],[-78.585297,-1.782688],[-78.585175,-1.782927],[-78.585118,-1.783202],[-78.585201,-1.783576],[-78.585875,-1.785858],[-78.586014,-1.786435],[-78.58607,-1.7872],[-78.586016,-1.787592],[-78.585917,-1.787992],[-78.585935,-1.788148],[-78.586226,-1.788498],[-78.586439,-1.788656],[-78.587148,-1.789357],[-78.587193,-1.789438],[-78.587281,-1.789823],[-78.587305,-1.790329],[-78.587257,-1.790643],[-78.587066,-1.791019],[-78.586794,-1.79131],[-78.586164,-1.791769],[-78.585484,-1.792458],[-78.585219,-1.793111],[-78.584922,-1.794257],[-78.584711,-1.794588],[-78.584474,-1.794812],[-78.584393,-1.794942],[-78.584379,-1.796107],[-78.584327,-1.796752],[-78.584336,-1.797379],[-78.584499,-1.797926],[-78.584649,-1.798151],[-78.584844,-1.798685],[-78.585014,-1.798891],[-78.585216,-1.799248],[-78.585407,-1.799429],[-78.5856,-1.799511],[-78.585904,-1.799585],[-78.586671,-1.799666],[-78.586754,-1.799763],[-78.586792,-1.799934],[-78.58677,-1.800025],[-78.586648,-1.800147],[-78.586645,-1.80022],[-78.586822,-1.800365],[-78.587094,-1.800454],[-78.587554,-1.800518],[-78.587987,-1.800664],[-78.588312,-1.800691],[-78.588478,-1.800794],[-78.588674,-1.800847],[-78.589023,-1.800853],[-78.589658,-1.800801],[-78.590405,-1.800609],[-78.590865,-1.800429],[-78.591027,-1.800439],[-78.591199,-1.800505],[-78.591388,-1.80051],[-78.591741,-1.800416],[-78.591867,-1.800419],[-78.592356,-1.800563],[-78.592754,-1.800746],[-78.592932,-1.800926],[-78.593087,-1.801189],[-78.593178,-1.801276],[-78.593409,-1.801378],[-78.593653,-1.801365],[-78.594025,-1.801198],[-78.594297,-1.801231],[-78.594394,-1.80116],[-78.594563,-1.801117],[-78.594657,-1.80099],[-78.594718,-1.800965],[-78.594849,-1.80095],[-78.595031,-1.800987],[-78.596721,-1.802308],[-78.596944,-1.802441],[-78.597323,-1.802524],[-78.597591,-1.802458],[-78.597796,-1.802566],[-78.59786,-1.802652],[-78.598005,-1.803026],[-78.598255,-1.803522],[-78.598539,-1.803914],[-78.598752,-1.804308],[-78.598772,-1.805071],[-78.598699,-1.80529],[-78.598549,-1.805528],[-78.598441,-1.805612],[-78.598314,-1.805866],[-78.597617,-1.806917],[-78.597505,-1.807197],[-78.59741,-1.807693],[-78.59731,-1.807895],[-78.597112,-1.808103],[-78.596684,-1.808235],[-78.596593,-1.808391],[-78.596557,-1.808686],[-78.5966,-1.809111],[-78.596847,-1.809829],[-78.596998,-1.810049],[-78.59718,-1.811111],[-78.597223,-1.811736],[-78.597175,-1.811978],[-78.597177,-1.812237],[-78.597075,-1.812723],[-78.597065,-1.813032],[-78.596967,-1.813353],[-78.596722,-1.813777],[-78.596517,-1.813993],[-78.596373,-1.814296],[-78.596108,-1.815168],[-78.596122,-1.816078],[-78.596231,-1.816458],[-78.596435,-1.816858],[-78.596502,-1.816934],[-78.597264,-1.817609],[-78.598388,-1.818405],[-78.598611,-1.818693],[-78.599059,-1.819097],[-78.599123,-1.819194],[-78.599196,-1.819537],[-78.599154,-1.820116],[-78.599192,-1.820271],[-78.599528,-1.820665],[-78.599792,-1.820857],[-78.599983,-1.821225],[-78.60006,-1.82158],[-78.600031,-1.821801],[-78.599949,-1.82199],[-78.599818,-1.82213],[-78.599761,-1.822244],[-78.599822,-1.82265],[-78.599794,-1.822764],[-78.599671,-1.823012],[-78.599628,-1.823227],[-78.599565,-1.823355],[-78.599381,-1.823459],[-78.599105,-1.823689],[-78.599073,-1.823813],[-78.599104,-1.824165],[-78.599149,-1.824264],[-78.599782,-1.825193],[-78.600023,-1.82593],[-78.600058,-1.826276],[-78.600042,-1.826479],[-78.599933,-1.826854],[-78.599463,-1.827628],[-78.599324,-1.828095],[-78.599248,-1.828837],[-78.59939,-1.829402],[-78.599395,-1.829956],[-78.599247,-1.830358],[-78.599079,-1.830668],[-78.598841,-1.83146],[-78.59854,-1.832008],[-78.598265,-1.832791],[-78.598198,-1.833174],[-78.598189,-1.833598],[-78.598335,-1.834141],[-78.598327,-1.834471],[-78.598238,-1.834657],[-78.597683,-1.835068],[-78.59738,-1.835528],[-78.597264,-1.835801],[-78.597237,-1.835968],[-78.59707,-1.836204],[-78.597001,-1.836359],[-78.597027,-1.836461],[-78.597126,-1.836548],[-78.597747,-1.836828],[-78.597808,-1.836948],[-78.597821,-1.837082],[-78.597777,-1.837397],[-78.597518,-1.838054],[-78.596868,-1.839017],[-78.596688,-1.839416],[-78.596565,-1.839813],[-78.596553,-1.840782],[-78.59663,-1.841342],[-78.596879,-1.842442],[-78.597099,-1.843272],[-78.597439,-1.844169],[-78.597805,-1.844727],[-78.5982,-1.845105],[-78.598418,-1.845212],[-78.598768,-1.845299],[-78.599163,-1.845337],[-78.599995,-1.845292],[-78.600671,-1.845353],[-78.60082,-1.845401],[-78.60145,-1.84569],[-78.603065,-1.846823],[-78.603628,-1.847148],[-78.604805,-1.847611],[-78.605043,-1.847678],[-78.60586,-1.847799],[-78.606594,-1.847827],[-78.60702,-1.847736],[-78.607327,-1.847774],[-78.607477,-1.84803],[-78.607615,-1.848585],[-78.607802,-1.84908],[-78.607939,-1.849357],[-78.608057,-1.849446],[-78.608481,-1.850093],[-78.608675,-1.850539],[-78.608837,-1.851017],[-78.609264,-1.85134],[-78.609398,-1.85136],[-78.60989,-1.851333],[-78.610261,-1.851372],[-78.610479,-1.851401],[-78.610733,-1.851516],[-78.61098,-1.851889],[-78.611042,-1.852082],[-78.611019,-1.852374],[-78.610931,-1.852646],[-78.610707,-1.853031],[-78.609951,-1.853907],[-78.609231,-1.854635],[-78.608864,-1.854919],[-78.608627,-1.855152],[-78.608002,-1.855541],[-78.607249,-1.855838],[-78.607031,-1.855993],[-78.606879,-1.856021],[-78.606606,-1.856],[-78.606475,-1.856043],[-78.606378,-1.856139],[-78.606316,-1.856299],[-78.60614,-1.856455],[-78.60613,-1.856591],[-78.606367,-1.856896],[-78.606517,-1.856982],[-78.606789,-1.85707],[-78.607166,-1.857358],[-78.607513,-1.857487],[-78.607625,-1.857598],[-78.607688,-1.857884],[-78.60768,-1.858195],[-78.607522,-1.858595],[-78.607238,-1.858981],[-78.607172,-1.859184],[-78.607029,-1.859822],[-78.606901,-1.861023],[-78.606753,-1.861434],[-78.606445,-1.861874],[-78.606299,-1.862017],[-78.6058,-1.862301],[-78.605251,-1.862469],[-78.605099,-1.862694],[-78.605069,-1.862791],[-78.605086,-1.862971],[-78.605172,-1.863081],[-78.605384,-1.86309],[-78.605823,-1.863001],[-78.606047,-1.863052],[-78.606126,-1.863165],[-78.60621,-1.86357],[-78.606151,-1.863794],[-78.606078,-1.86389],[-78.605955,-1.863971],[-78.605796,-1.864027],[-78.605473,-1.864031],[-78.605272,-1.863968],[-78.605015,-1.863979],[-78.604891,-1.863929],[-78.604753,-1.863946],[-78.604525,-1.864246],[-78.604276,-1.864493],[-78.604233,-1.864577],[-78.604252,-1.864642],[-78.604578,-1.864969],[-78.60602,-1.866065],[-78.606635,-1.866421],[-78.6075,-1.86669],[-78.607826,-1.866901],[-78.608192,-1.867247],[-78.608371,-1.867563],[-78.608564,-1.867691],[-78.608796,-1.867709],[-78.609166,-1.867636],[-78.610158,-1.867676],[-78.610416,-1.867619],[-78.611295,-1.867844],[-78.611372,-1.867909],[-78.611432,-1.867999],[-78.611465,-1.868202],[-78.611441,-1.86836],[-78.61122,-1.868889],[-78.611191,-1.869146],[-78.611218,-1.869298],[-78.61142,-1.869796],[-78.611742,-1.870256],[-78.61179,-1.870435],[-78.611823,-1.870883],[-78.611806,-1.871349],[-78.611765,-1.871459],[-78.611472,-1.87186],[-78.611443,-1.871955],[-78.61147,-1.872359],[-78.611548,-1.872541],[-78.611802,-1.872818],[-78.61218,-1.873081],[-78.612568,-1.873272],[-78.613082,-1.873449],[-78.613517,-1.873718],[-78.613757,-1.873919],[-78.614313,-1.874553],[-78.614454,-1.874599],[-78.614602,-1.874531],[-78.615128,-1.874054],[-78.615428,-1.873873],[-78.615596,-1.873647],[-78.615962,-1.873415],[-78.616396,-1.873192],[-78.616484,-1.873032],[-78.616531,-1.872855],[-78.616699,-1.87161],[-78.617004,-1.870763],[-78.617044,-1.87068],[-78.617146,-1.870605],[-78.617362,-1.870605],[-78.617649,-1.87071],[-78.618039,-1.870998],[-78.618382,-1.871152],[-78.618486,-1.871231],[-78.618558,-1.871329],[-78.618754,-1.87193],[-78.619273,-1.872651],[-78.61937,-1.872703],[-78.619563,-1.872753],[-78.619776,-1.872755],[-78.620287,-1.872649],[-78.620751,-1.872459],[-78.620899,-1.872451],[-78.621139,-1.872489],[-78.621436,-1.87262],[-78.62149,-1.872696],[-78.621555,-1.872947],[-78.621694,-1.873184],[-78.622307,-1.874821],[-78.622414,-1.875007],[-78.623547,-1.876464],[-78.62418,-1.877522],[-78.624317,-1.877501],[-78.625313,-1.876933],[-78.626043,-1.876587],[-78.626371,-1.876364],[-78.62652,-1.876343],[-78.626888,-1.876421],[-78.627501,-1.876675],[-78.62772,-1.876904],[-78.627923,-1.877226],[-78.628018,-1.877302],[-78.628436,-1.877504],[-78.62922,-1.877806],[-78.629596,-1.877918],[-78.629881,-1.877984],[-78.630211,-1.878002],[-78.63035,-1.877999],[-78.629692,-1.868886],[-78.631023,-1.866862],[-78.632872,-1.86167],[-78.634129,-1.850874],[-78.633895,-1.849602],[-78.632549,-1.84682],[-78.630283,-1.843713],[-78.626206,-1.840268],[-78.625247,-1.839156],[-78.625122,-1.838937],[-78.625035,-1.838677],[-78.624259,-1.835652],[-78.624083,-1.835227],[-78.623356,-1.833926],[-78.623203,-1.833517],[-78.623129,-1.833236],[-78.623038,-1.832378],[-78.62303,-1.831967],[-78.623229,-1.831304],[-78.623547,-1.830707],[-78.624212,-1.829921],[-78.624715,-1.829234],[-78.625135,-1.828581],[-78.625732,-1.827783],[-78.625894,-1.827632],[-78.626731,-1.827105],[-78.628022,-1.826615],[-78.628327,-1.826279],[-78.629029,-1.825196],[-78.629648,-1.824376],[-78.629911,-1.823936],[-78.630016,-1.823647],[-78.630204,-1.82287],[-78.63004,-1.820678],[-78.629868,-1.819874],[-78.629827,-1.819338],[-78.629784,-1.819141],[-78.630363,-1.818911],[-78.629629,-1.816504],[-78.629821,-1.815424],[-78.62986,-1.815049],[-78.629843,-1.814757],[-78.62972,-1.81357],[-78.629432,-1.813049],[-78.630778,-1.811412],[-78.634066,-1.811173],[-78.634215,-1.810787],[-78.634225,-1.810598],[-78.634363,-1.810388],[-78.634576,-1.809811],[-78.634602,-1.809689],[-78.634601,-1.80925],[-78.634639,-1.809168],[-78.63495,-1.808851],[-78.635509,-1.807899],[-78.63553,-1.807783],[-78.635504,-1.807383],[-78.635589,-1.807143],[-78.635639,-1.806723],[-78.635465,-1.806498],[-78.635424,-1.80635],[-78.635468,-1.806094],[-78.635448,-1.805908],[-78.635486,-1.805787],[-78.635351,-1.805543],[-78.635479,-1.805002],[-78.635379,-1.804515],[-78.635546,-1.803886],[-78.635753,-1.803656],[-78.635731,-1.803342],[-78.635917,-1.803229],[-78.636127,-1.802755],[-78.636097,-1.802518],[-78.635999,-1.802417],[-78.635977,-1.802334],[-78.636178,-1.802036],[-78.636193,-1.801949],[-78.636192,-1.801854],[-78.636065,-1.801568],[-78.636068,-1.801381],[-78.636162,-1.80107],[-78.636221,-1.800644],[-78.636352,-1.80007],[-78.636501,-1.799637],[-78.636466,-1.798724],[-78.636549,-1.798575],[-78.636715,-1.798476],[-78.636912,-1.798259],[-78.637067,-1.797935],[-78.637071,-1.797844],[-78.636982,-1.797638],[-78.636978,-1.797526],[-78.6371,-1.797165],[-78.637147,-1.796854],[-78.637319,-1.79662],[-78.637418,-1.796325],[-78.637501,-1.796188],[-78.637517,-1.795906],[-78.637481,-1.795627],[-78.637597,-1.795187],[-78.637671,-1.79508],[-78.6378,-1.795039],[-78.637907,-1.794958],[-78.63811,-1.794247],[-78.638335,-1.793808],[-78.638272,-1.793336],[-78.638293,-1.792987],[-78.638225,-1.792698],[-78.63822,-1.792065],[-78.638433,-1.791667],[-78.638486,-1.791445],[-78.638557,-1.791376],[-78.638548,-1.791218],[-78.63863,-1.791141],[-78.638913,-1.791002],[-78.63899,-1.790922],[-78.639033,-1.790771],[-78.639207,-1.79065],[-78.639365,-1.790612],[-78.639573,-1.790431],[-78.63966,-1.790323],[-78.63969,-1.790229],[-78.639778,-1.79016],[-78.640041,-1.790164],[-78.640236,-1.789888],[-78.640465,-1.789898],[-78.64065,-1.789841],[-78.640829,-1.789842],[-78.64102,-1.789534],[-78.6413,-1.789249],[-78.641381,-1.789213],[-78.641586,-1.789262],[-78.641771,-1.789176],[-78.641958,-1.789017],[-78.641994,-1.788855],[-78.642109,-1.788593],[-78.642324,-1.788435],[-78.642218,-1.788254],[-78.642311,-1.788126],[-78.6425,-1.787992],[-78.642534,-1.787931],[-78.642514,-1.787789],[-78.6424,-1.787599],[-78.642277,-1.787227],[-78.642437,-1.786869],[-78.642651,-1.786724],[-78.642705,-1.78647],[-78.642913,-1.786188],[-78.642978,-1.785955],[-78.642835,-1.785753],[-78.642901,-1.785587],[-78.643004,-1.785493],[-78.643089,-1.785354],[-78.643193,-1.785323],[-78.643275,-1.785203],[-78.64368,-1.785274],[-78.643894,-1.785407],[-78.643953,-1.785371],[-78.644042,-1.785386],[-78.644247,-1.785272],[-78.644264,-1.785108],[-78.644373,-1.785002],[-78.644352,-1.78487],[-78.644372,-1.784804],[-78.644831,-1.784509],[-78.644862,-1.784278],[-78.644969,-1.783974],[-78.644903,-1.78374],[-78.644905,-1.783579],[-78.644922,-1.783546],[-78.644994,-1.783529],[-78.645011,-1.783473],[-78.645191,-1.783299],[-78.645179,-1.783108],[-78.64523,-1.783068],[-78.645539,-1.783038],[-78.645601,-1.782965],[-78.645615,-1.782814],[-78.645755,-1.782723],[-78.645807,-1.782632],[-78.646342,-1.782257],[-78.64654,-1.782254],[-78.646703,-1.782034],[-78.6469,-1.781958],[-78.647185,-1.781773],[-78.647341,-1.781535],[-78.647364,-1.781381],[-78.647105,-1.781212],[-78.646976,-1.780939],[-78.646918,-1.780627],[-78.64701,-1.780335],[-78.647522,-1.77984],[-78.647625,-1.77967],[-78.647676,-1.77951],[-78.648208,-1.779607],[-78.648301,-1.779563],[-78.648615,-1.779258],[-78.648682,-1.779148],[-78.648811,-1.778693],[-78.649028,-1.778377],[-78.649169,-1.778249],[-78.649328,-1.778162],[-78.649628,-1.77806],[-78.649784,-1.777767],[-78.650067,-1.777489],[-78.650361,-1.777128],[-78.650454,-1.77688],[-78.650493,-1.776632],[-78.650475,-1.776449],[-78.650369,-1.776118],[-78.650449,-1.775708],[-78.650428,-1.77538],[-78.650383,-1.775268],[-78.650045,-1.774784],[-78.650017,-1.774692],[-78.650034,-1.774583],[-78.650194,-1.774463],[-78.650289,-1.774275],[-78.650288,-1.774078],[-78.650217,-1.773685],[-78.650101,-1.773556],[-78.649882,-1.77352],[-78.649485,-1.773326],[-78.649379,-1.773159],[-78.649339,-1.772954],[-78.649157,-1.772831],[-78.64902,-1.772595],[-78.649033,-1.77233],[-78.649014,-1.772208],[-78.648967,-1.772134],[-78.648779,-1.772022],[-78.648522,-1.771622],[-78.648165,-1.771493],[-78.648013,-1.771352],[-78.64792,-1.771035],[-78.647914,-1.770799],[-78.647992,-1.770668],[-78.64815,-1.770515],[-78.648091,-1.770208],[-78.647867,-1.770012],[-78.647732,-1.769977],[-78.64758,-1.769882],[-78.64735,-1.769876],[-78.647268,-1.769784],[-78.647065,-1.769737],[-78.646981,-1.769663],[-78.646867,-1.769423],[-78.646892,-1.769171],[-78.646979,-1.769076],[-78.647275,-1.768903],[-78.647309,-1.768785],[-78.647135,-1.768548],[-78.647077,-1.768369],[-78.646965,-1.768207],[-78.64681,-1.768114],[-78.646324,-1.76792],[-78.646292,-1.76784],[-78.646299,-1.767724],[-78.646343,-1.767641],[-78.64666,-1.767401],[-78.646694,-1.767294],[-78.646533,-1.767112],[-78.646127,-1.766852],[-78.646099,-1.766721],[-78.64622,-1.766529],[-78.646524,-1.766287],[-78.646757,-1.766053],[-78.646805,-1.765935],[-78.646706,-1.765761],[-78.646244,-1.765334],[-78.646212,-1.765196],[-78.646303,-1.76501],[-78.646377,-1.76494],[-78.646686,-1.764794],[-78.646806,-1.764592],[-78.646634,-1.76426],[-78.646397,-1.764037],[-78.64607,-1.763542],[-78.645825,-1.763242],[-78.645809,-1.763118],[-78.645901,-1.762825],[-78.646129,-1.762602],[-78.646124,-1.762228],[-78.645937,-1.76187],[-78.64582,-1.76176],[-78.645515,-1.761582],[-78.645443,-1.761502],[-78.645381,-1.761222],[-78.6454,-1.76113],[-78.645493,-1.760999],[-78.646011,-1.760866],[-78.646226,-1.760733],[-78.646234,-1.760649],[-78.646117,-1.760427],[-78.64612,-1.760341],[-78.646614,-1.759659],[-78.646649,-1.759564],[-78.646509,-1.759132],[-78.646348,-1.758868],[-78.646287,-1.758701],[-78.646295,-1.758505],[-78.646433,-1.758241],[-78.646433,-1.758127],[-78.646376,-1.75795],[-78.646271,-1.757812],[-78.64612,-1.757705],[-78.645868,-1.757623],[-78.64579,-1.75748],[-78.645911,-1.756781],[-78.646004,-1.755883],[-78.645951,-1.755576],[-78.645825,-1.755425],[-78.645722,-1.755355],[-78.645286,-1.755257],[-78.645162,-1.755192],[-78.64468,-1.754781],[-78.644363,-1.7543],[-78.644184,-1.753842],[-78.64414,-1.753508],[-78.644148,-1.753309],[-78.644323,-1.752898],[-78.644301,-1.752678],[-78.644253,-1.752588],[-78.644175,-1.75255],[-78.643927,-1.752571],[-78.643379,-1.752526],[-78.643211,-1.752421],[-78.643128,-1.752308],[-78.643101,-1.752041],[-78.64316,-1.751429],[-78.643315,-1.750748],[-78.643316,-1.750636],[-78.643249,-1.750511],[-78.643085,-1.750409],[-78.642996,-1.750254],[-78.642927,-1.750225],[-78.64288,-1.750239],[-78.642647,-1.750515],[-78.642493,-1.750543],[-78.642374,-1.750497],[-78.642021,-1.750167],[-78.641396,-1.749135],[-78.641299,-1.749062],[-78.641195,-1.749039],[-78.640945,-1.74911],[-78.640784,-1.748952],[-78.640665,-1.748686],[-78.640409,-1.74826],[-78.639594,-1.747916],[-78.639139,-1.747838],[-78.638713,-1.747719],[-78.638546,-1.747438],[-78.638174,-1.7462],[-78.63791,-1.745719],[-78.637702,-1.745519],[-78.637562,-1.745467],[-78.637448,-1.74552],[-78.637354,-1.745518],[-78.637219,-1.745366],[-78.637143,-1.745085],[-78.637138,-1.744801],[-78.637031,-1.744569],[-78.637025,-1.744339],[-78.63706,-1.744134],[-78.637032,-1.744102],[-78.636578,-1.743963],[-78.636523,-1.743917],[-78.636438,-1.743295],[-78.636489,-1.743142],[-78.636212,-1.742353],[-78.636095,-1.742231],[-78.636001,-1.74222],[-78.635899,-1.7424],[-78.63575,-1.742426],[-78.63558,-1.742355],[-78.635402,-1.742213],[-78.635332,-1.742102],[-78.635302,-1.741917],[-78.635318,-1.741812],[-78.635455,-1.741572],[-78.635414,-1.741274],[-78.634995,-1.740917],[-78.634714,-1.740611],[-78.634413,-1.73994],[-78.633944,-1.739673],[-78.63361,-1.739352],[-78.633517,-1.739179],[-78.633514,-1.739118],[-78.633533,-1.739033],[-78.633664,-1.738844],[-78.633685,-1.738771],[-78.633662,-1.738724],[-78.633457,-1.738491],[-78.632727,-1.738222],[-78.632656,-1.738183],[-78.632611,-1.738089],[-78.632616,-1.738182]]]}},{"type":"Feature","properties":{"DPA_DESPAR":"PUNGALA","DPA_PARROQ":"060157"},"geometry":{"type":"Polygon","coordinates":[[[-78.449515,-1.766535],[-78.449431,-1.766568],[-78.449389,-1.766543],[-78.443779,-1.766543],[-78.443521,-1.767055],[-78.443172,-1.767272],[-78.442667,-1.767761],[-78.442389,-1.767945],[-78.441885,-1.768741],[-78.441449,-1.769163],[-78.441157,-1.769609],[-78.44069,-1.770058],[-78.44009,-1.770928],[-78.439956,-1.771549],[-78.440019,-1.772175],[-78.440397,-1.773203],[-78.440516,-1.775169],[-78.440202,-1.775374],[-78.440008,-1.775659],[-78.439622,-1.776419],[-78.439514,-1.776755],[-78.439406,-1.777556],[-78.439513,-1.778154],[-78.439428,-1.779063],[-78.439427,-1.779876],[-78.439502,-1.78061],[-78.439723,-1.781093],[-78.439832,-1.781218],[-78.439912,-1.781246],[-78.440145,-1.781725],[-78.440017,-1.782147],[-78.439633,-1.782535],[-78.439149,-1.7829],[-78.438697,-1.783545],[-78.438578,-1.783796],[-78.438601,-1.784382],[-78.438743,-1.784789],[-78.439015,-1.785351],[-78.439075,-1.785543],[-78.439109,-1.78638],[-78.439077,-1.787171],[-78.438891,-1.787573],[-78.438705,-1.788175],[-78.438361,-1.789509],[-78.438203,-1.790398],[-78.438216,-1.791101],[-78.438144,-1.791589],[-78.437987,-1.791933],[-78.437758,-1.792277],[-78.437501,-1.792521],[-78.437101,-1.792778],[-78.436602,-1.793194],[-78.43613,-1.793796],[-78.435788,-1.793968],[-78.435602,-1.794096],[-78.435088,-1.794856],[-78.434817,-1.795186],[-78.434303,-1.795745],[-78.433732,-1.796131],[-78.432548,-1.796287],[-78.432284,-1.796428],[-78.431692,-1.796836],[-78.431349,-1.797033],[-78.43123,-1.797071],[-78.430758,-1.797086],[-78.430393,-1.797037],[-78.43023,-1.797083],[-78.429652,-1.797557],[-78.429159,-1.797758],[-78.428774,-1.797793],[-78.428432,-1.797936],[-78.427946,-1.798459],[-78.427682,-1.798695],[-78.42749,-1.798803],[-78.427233,-1.798906],[-78.426755,-1.798974],[-78.426495,-1.799092],[-78.426188,-1.799134],[-78.42582,-1.799428],[-78.425132,-1.799825],[-78.424647,-1.800194],[-78.424051,-1.800311],[-78.423851,-1.800404],[-78.423402,-1.800795],[-78.423284,-1.800967],[-78.423044,-1.80139],[-78.422719,-1.802268],[-78.422651,-1.802336],[-78.422333,-1.802501],[-78.422205,-1.802612],[-78.42189,-1.803018],[-78.421658,-1.803437],[-78.420967,-1.804079],[-78.420812,-1.804353],[-78.420266,-1.805113],[-78.420258,-1.805209],[-78.420382,-1.805603],[-78.420711,-1.805884],[-78.420646,-1.806169],[-78.420466,-1.806309],[-78.420378,-1.806544],[-78.420348,-1.807304],[-78.420397,-1.808159],[-78.420633,-1.808433],[-78.42054,-1.809114],[-78.420765,-1.809948],[-78.420828,-1.810756],[-78.420867,-1.810863],[-78.420949,-1.810928],[-78.421512,-1.811201],[-78.421802,-1.811516],[-78.42204,-1.812001],[-78.421888,-1.812317],[-78.42174,-1.812413],[-78.421605,-1.812696],[-78.421572,-1.813025],[-78.421461,-1.813461],[-78.421273,-1.813604],[-78.421102,-1.813852],[-78.420802,-1.814892],[-78.420791,-1.81513],[-78.420856,-1.815376],[-78.420847,-1.816054],[-78.420785,-1.816222],[-78.420642,-1.816412],[-78.420606,-1.816512],[-78.420394,-1.817714],[-78.420358,-1.818169],[-78.420379,-1.818395],[-78.420303,-1.818757],[-78.420215,-1.818972],[-78.420166,-1.819303],[-78.420133,-1.820109],[-78.420038,-1.820923],[-78.420105,-1.821397],[-78.419862,-1.822635],[-78.419721,-1.82299],[-78.419792,-1.823295],[-78.420032,-1.823959],[-78.420405,-1.824623],[-78.420624,-1.825287],[-78.421027,-1.826137],[-78.42105,-1.826472],[-78.421127,-1.826866],[-78.421298,-1.827207],[-78.421358,-1.827411],[-78.421321,-1.827686],[-78.42125,-1.827823],[-78.42094,-1.828283],[-78.420732,-1.828516],[-78.420536,-1.828671],[-78.420178,-1.829525],[-78.419827,-1.829889],[-78.419676,-1.830161],[-78.418613,-1.831346],[-78.41841,-1.831765],[-78.418095,-1.831967],[-78.417857,-1.832206],[-78.417346,-1.8326],[-78.417197,-1.832761],[-78.416983,-1.833066],[-78.416595,-1.833801],[-78.416506,-1.833914],[-78.41606,-1.834296],[-78.41578,-1.83469],[-78.41558,-1.8349],[-78.415248,-1.835572],[-78.414703,-1.835926],[-78.41434,-1.836039],[-78.414043,-1.836182],[-78.413526,-1.836624],[-78.413425,-1.836835],[-78.413397,-1.837109],[-78.413528,-1.837189],[-78.413618,-1.837341],[-78.41364,-1.837866],[-78.413706,-1.838287],[-78.413933,-1.83912],[-78.413885,-1.839474],[-78.413615,-1.839658],[-78.41341,-1.839885],[-78.413176,-1.840291],[-78.412889,-1.84054],[-78.412717,-1.841107],[-78.412603,-1.841296],[-78.412247,-1.841694],[-78.412096,-1.841949],[-78.411588,-1.842626],[-78.411267,-1.842853],[-78.411115,-1.84312],[-78.410615,-1.843363],[-78.410152,-1.843684],[-78.410052,-1.843867],[-78.409784,-1.844189],[-78.409615,-1.844306],[-78.409523,-1.844629],[-78.409321,-1.844871],[-78.409076,-1.844937],[-78.408337,-1.845008],[-78.407981,-1.845],[-78.4075,-1.844884],[-78.407284,-1.844987],[-78.406779,-1.845124],[-78.406109,-1.845245],[-78.405945,-1.845324],[-78.405766,-1.845503],[-78.405469,-1.846047],[-78.405412,-1.846123],[-78.40533,-1.846166],[-78.405017,-1.84617],[-78.404644,-1.846264],[-78.403865,-1.846342],[-78.403049,-1.846365],[-78.402763,-1.846444],[-78.402364,-1.846665],[-78.402014,-1.84678],[-78.401543,-1.847008],[-78.401359,-1.8472],[-78.401081,-1.847703],[-78.400784,-1.848035],[-78.400107,-1.848547],[-78.398812,-1.849984],[-78.398746,-1.85023],[-78.398472,-1.850706],[-78.398375,-1.851175],[-78.397929,-1.851429],[-78.397801,-1.851537],[-78.397244,-1.851816],[-78.397194,-1.851887],[-78.397108,-1.852239],[-78.397115,-1.852612],[-78.397278,-1.853337],[-78.397505,-1.853997],[-78.397711,-1.854334],[-78.398124,-1.855217],[-78.398413,-1.855547],[-78.398849,-1.856135],[-78.399158,-1.856686],[-78.399294,-1.857042],[-78.399125,-1.857629],[-78.399132,-1.85788],[-78.399203,-1.858203],[-78.399367,-1.858433],[-78.399452,-1.858505],[-78.399858,-1.858724],[-78.400119,-1.858795],[-78.400557,-1.858765],[-78.40082,-1.858975],[-78.400921,-1.859153],[-78.400948,-1.859275],[-78.400926,-1.859569],[-78.401038,-1.860948],[-78.401216,-1.861228],[-78.40133,-1.8613],[-78.401622,-1.861329],[-78.401758,-1.861394],[-78.401914,-1.861523],[-78.402657,-1.862457],[-78.402986,-1.862676],[-78.40313,-1.862933],[-78.403452,-1.863368],[-78.403521,-1.863612],[-78.403494,-1.863826],[-78.403728,-1.864609],[-78.403723,-1.864984],[-78.40362,-1.865613],[-78.403853,-1.866827],[-78.40371,-1.867371],[-78.403565,-1.867566],[-78.403228,-1.867667],[-78.403113,-1.867881],[-78.402643,-1.868228],[-78.402003,-1.869076],[-78.401781,-1.869435],[-78.401641,-1.869519],[-78.401056,-1.869736],[-78.400943,-1.869988],[-78.40085,-1.870694],[-78.400869,-1.870991],[-78.400728,-1.872087],[-78.400748,-1.872489],[-78.400922,-1.873048],[-78.40102,-1.873257],[-78.401333,-1.873623],[-78.40139,-1.874039],[-78.40166,-1.874449],[-78.402122,-1.874803],[-78.402428,-1.87526],[-78.402631,-1.875757],[-78.402707,-1.875844],[-78.403073,-1.876098],[-78.403281,-1.876337],[-78.403532,-1.877714],[-78.403646,-1.87868],[-78.404118,-1.878717],[-78.404503,-1.878685],[-78.405078,-1.878747],[-78.405498,-1.878713],[-78.405819,-1.878552],[-78.406027,-1.878517],[-78.406526,-1.878517],[-78.406712,-1.878601],[-78.406918,-1.87875],[-78.407069,-1.879108],[-78.407204,-1.879176],[-78.407774,-1.87909],[-78.408295,-1.879084],[-78.408694,-1.879149],[-78.409731,-1.879427],[-78.410444,-1.879383],[-78.411024,-1.87956],[-78.412125,-1.880149],[-78.412468,-1.88023],[-78.414041,-1.880901],[-78.414939,-1.881803],[-78.415536,-1.882489],[-78.415937,-1.882794],[-78.416543,-1.882878],[-78.416762,-1.882945],[-78.419015,-1.883913],[-78.419675,-1.884163],[-78.42009,-1.884414],[-78.420123,-1.884588],[-78.420057,-1.884719],[-78.419778,-1.884952],[-78.419644,-1.885131],[-78.419433,-1.885954],[-78.419502,-1.886749],[-78.419673,-1.887708],[-78.4201,-1.888575],[-78.420158,-1.889002],[-78.420154,-1.889893],[-78.420043,-1.890641],[-78.420036,-1.89117],[-78.41991,-1.891672],[-78.419941,-1.891827],[-78.419903,-1.892717],[-78.419833,-1.892939],[-78.419908,-1.893603],[-78.419885,-1.893839],[-78.419751,-1.894336],[-78.419807,-1.894474],[-78.419805,-1.894781],[-78.420023,-1.894924],[-78.420337,-1.894867],[-78.420512,-1.894743],[-78.420931,-1.894776],[-78.421115,-1.894901],[-78.421636,-1.895083],[-78.421959,-1.895252],[-78.422451,-1.8954],[-78.422748,-1.895639],[-78.423143,-1.89583],[-78.423438,-1.896027],[-78.42429,-1.896361],[-78.424588,-1.896541],[-78.42489,-1.896637],[-78.425271,-1.896674],[-78.425395,-1.896776],[-78.425486,-1.896912],[-78.425785,-1.897166],[-78.426371,-1.897289],[-78.427284,-1.897089],[-78.427445,-1.897072],[-78.42786,-1.89712],[-78.428278,-1.897006],[-78.42858,-1.897067],[-78.42887,-1.897247],[-78.429292,-1.897314],[-78.42972,-1.897652],[-78.430397,-1.898519],[-78.430603,-1.899037],[-78.430697,-1.899575],[-78.430922,-1.90012],[-78.431095,-1.900425],[-78.431152,-1.900624],[-78.43115,-1.900741],[-78.431519,-1.901084],[-78.431586,-1.901317],[-78.431622,-1.901643],[-78.431828,-1.902022],[-78.432071,-1.902244],[-78.432035,-1.902668],[-78.432201,-1.903021],[-78.432191,-1.903271],[-78.432324,-1.903972],[-78.432475,-1.904518],[-78.432569,-1.904711],[-78.432584,-1.905102],[-78.432608,-1.905192],[-78.432744,-1.905318],[-78.432845,-1.905497],[-78.432849,-1.906309],[-78.432951,-1.906644],[-78.432926,-1.906872],[-78.432972,-1.908009],[-78.433055,-1.908824],[-78.433113,-1.908968],[-78.433277,-1.909143],[-78.433399,-1.909226],[-78.433637,-1.909295],[-78.434889,-1.909494],[-78.435034,-1.909613],[-78.435117,-1.909754],[-78.435392,-1.909802],[-78.435549,-1.909751],[-78.435786,-1.909884],[-78.435895,-1.910062],[-78.436016,-1.910176],[-78.436361,-1.910412],[-78.436571,-1.910379],[-78.437095,-1.910123],[-78.437604,-1.909972],[-78.438176,-1.909636],[-78.438461,-1.909618],[-78.43855,-1.90963],[-78.438972,-1.909876],[-78.439168,-1.909924],[-78.439542,-1.909931],[-78.439798,-1.909973],[-78.440202,-1.909944],[-78.440739,-1.910523],[-78.440848,-1.910471],[-78.441051,-1.910584],[-78.441703,-1.910629],[-78.442818,-1.910905],[-78.443177,-1.910911],[-78.443343,-1.911012],[-78.443552,-1.911232],[-78.443888,-1.911414],[-78.444448,-1.911791],[-78.445071,-1.911912],[-78.445344,-1.912068],[-78.445486,-1.912211],[-78.445638,-1.912434],[-78.446029,-1.912653],[-78.446314,-1.912925],[-78.446531,-1.913279],[-78.446916,-1.913612],[-78.447106,-1.913846],[-78.447319,-1.914265],[-78.447873,-1.914542],[-78.448909,-1.915446],[-78.44913,-1.915596],[-78.450068,-1.916098],[-78.450447,-1.916481],[-78.450649,-1.916631],[-78.45113,-1.916835],[-78.45135,-1.916853],[-78.452538,-1.916897],[-78.453026,-1.916772],[-78.453364,-1.916755],[-78.453673,-1.916791],[-78.453745,-1.916863],[-78.453958,-1.917425],[-78.454047,-1.917527],[-78.454711,-1.918066],[-78.455411,-1.918719],[-78.455796,-1.919538],[-78.4562,-1.920059],[-78.456591,-1.920974],[-78.456697,-1.92107],[-78.457018,-1.921226],[-78.457327,-1.92149],[-78.457362,-1.921573],[-78.457408,-1.92256],[-78.457503,-1.923008],[-78.457425,-1.923439],[-78.45748,-1.923928],[-78.457394,-1.924138],[-78.457096,-1.924487],[-78.456939,-1.924731],[-78.456848,-1.92496],[-78.456844,-1.92508],[-78.456862,-1.925304],[-78.457084,-1.925829],[-78.457159,-1.926064],[-78.457217,-1.926419],[-78.457187,-1.927682],[-78.457243,-1.928366],[-78.457332,-1.928797],[-78.457232,-1.92948],[-78.457331,-1.929715],[-78.457602,-1.92994],[-78.45773,-1.930208],[-78.45781,-1.930595],[-78.458173,-1.931007],[-78.458644,-1.931662],[-78.458881,-1.932232],[-78.459102,-1.932625],[-78.459775,-1.933778],[-78.460032,-1.934063],[-78.460275,-1.934521],[-78.460396,-1.934771],[-78.460521,-1.93529],[-78.460825,-1.935938],[-78.460938,-1.936301],[-78.461237,-1.936782],[-78.461315,-1.936975],[-78.461421,-1.937521],[-78.461475,-1.938111],[-78.464201,-1.938111],[-78.464523,-1.93871],[-78.464796,-1.93899],[-78.464782,-1.939262],[-78.464605,-1.939652],[-78.464589,-1.940065],[-78.464494,-1.940295],[-78.464548,-1.940525],[-78.464879,-1.940869],[-78.464931,-1.941305],[-78.465367,-1.941787],[-78.465579,-1.942171],[-78.465709,-1.942334],[-78.465881,-1.942367],[-78.466142,-1.942364],[-78.466428,-1.94223],[-78.466904,-1.942218],[-78.467187,-1.942159],[-78.467326,-1.942175],[-78.467795,-1.942069],[-78.468206,-1.942033],[-78.468383,-1.941956],[-78.468452,-1.941893],[-78.468612,-1.941854],[-78.468803,-1.941666],[-78.468979,-1.941599],[-78.469178,-1.941614],[-78.469396,-1.941556],[-78.469529,-1.941472],[-78.469831,-1.941383],[-78.470239,-1.941554],[-78.470621,-1.941656],[-78.470704,-1.941705],[-78.470905,-1.941733],[-78.471057,-1.941853],[-78.471273,-1.941909],[-78.471484,-1.941829],[-78.471682,-1.941901],[-78.472023,-1.941924],[-78.472112,-1.941964],[-78.47234,-1.941923],[-78.472467,-1.941972],[-78.472707,-1.941982],[-78.472773,-1.941957],[-78.473208,-1.941988],[-78.473775,-1.942199],[-78.474046,-1.942225],[-78.474271,-1.94218],[-78.474397,-1.942202],[-78.474486,-1.942115],[-78.474722,-1.942086],[-78.47523,-1.942186],[-78.475688,-1.942423],[-78.47598,-1.942429],[-78.476271,-1.942304],[-78.47659,-1.942373],[-78.476758,-1.942469],[-78.477017,-1.942702],[-78.477067,-1.94281],[-78.477181,-1.942879],[-78.477354,-1.94307],[-78.477887,-1.943048],[-78.478026,-1.943174],[-78.478283,-1.943238],[-78.478552,-1.943143],[-78.478624,-1.943254],[-78.478786,-1.943296],[-78.479029,-1.943279],[-78.479249,-1.943377],[-78.479419,-1.943513],[-78.479515,-1.943549],[-78.47961,-1.943659],[-78.479704,-1.943699],[-78.479818,-1.943672],[-78.479994,-1.943549],[-78.480051,-1.943551],[-78.4802,-1.94392],[-78.48055,-1.944121],[-78.480597,-1.944204],[-78.480613,-1.944493],[-78.480581,-1.944513],[-78.480529,-1.944484],[-78.480442,-1.944298],[-78.480287,-1.944238],[-78.480244,-1.944284],[-78.480238,-1.94447],[-78.480163,-1.944648],[-78.480278,-1.944659],[-78.480622,-1.944606],[-78.480812,-1.944718],[-78.481101,-1.94478],[-78.481221,-1.944717],[-78.48142,-1.944212],[-78.481475,-1.944219],[-78.481559,-1.944356],[-78.481664,-1.944413],[-78.481737,-1.944362],[-78.481768,-1.944281],[-78.48207,-1.944081],[-78.482186,-1.944232],[-78.482267,-1.944452],[-78.482451,-1.944383],[-78.482637,-1.944417],[-78.482725,-1.944303],[-78.482917,-1.944291],[-78.483131,-1.944198],[-78.483291,-1.944206],[-78.483277,-1.944031],[-78.483322,-1.943944],[-78.483418,-1.943885],[-78.483622,-1.944018],[-78.483694,-1.943802],[-78.483807,-1.94372],[-78.483888,-1.943706],[-78.483918,-1.943733],[-78.483985,-1.94406],[-78.484237,-1.944234],[-78.484496,-1.94429],[-78.484597,-1.944481],[-78.484678,-1.944501],[-78.484757,-1.94445],[-78.484871,-1.944448],[-78.485156,-1.944598],[-78.485636,-1.944699],[-78.485637,-1.944808],[-78.485591,-1.94484],[-78.485449,-1.944847],[-78.485419,-1.944888],[-78.485455,-1.944926],[-78.485716,-1.944915],[-78.48584,-1.944866],[-78.485919,-1.944796],[-78.48597,-1.944624],[-78.486035,-1.944537],[-78.486225,-1.944595],[-78.486541,-1.944596],[-78.48688,-1.944842],[-78.487087,-1.944862],[-78.487204,-1.945022],[-78.487285,-1.944969],[-78.487337,-1.944813],[-78.487369,-1.9448],[-78.487443,-1.944915],[-78.487698,-1.945121],[-78.487834,-1.945284],[-78.488149,-1.945428],[-78.488558,-1.94537],[-78.488958,-1.945453],[-78.48903,-1.945504],[-78.48904,-1.945548],[-78.488934,-1.945603],[-78.488922,-1.945652],[-78.488971,-1.945716],[-78.489065,-1.945759],[-78.489285,-1.945758],[-78.489386,-1.945712],[-78.489543,-1.945471],[-78.489628,-1.945428],[-78.489712,-1.945452],[-78.489805,-1.945544],[-78.490128,-1.945575],[-78.490295,-1.94568],[-78.490569,-1.945781],[-78.490973,-1.945776],[-78.491058,-1.945849],[-78.49111,-1.946104],[-78.491152,-1.946151],[-78.491198,-1.94614],[-78.491271,-1.946029],[-78.491437,-1.946006],[-78.491839,-1.945877],[-78.491993,-1.945884],[-78.492162,-1.946019],[-78.492231,-1.946029],[-78.492261,-1.945999],[-78.492238,-1.945947],[-78.492265,-1.945823],[-78.492352,-1.945729],[-78.4924,-1.945724],[-78.492477,-1.945815],[-78.492577,-1.946069],[-78.492716,-1.946217],[-78.492783,-1.946228],[-78.492901,-1.946086],[-78.492975,-1.94607],[-78.493029,-1.946102],[-78.49306,-1.946204],[-78.493023,-1.946416],[-78.493081,-1.94653],[-78.493131,-1.946528],[-78.493245,-1.946447],[-78.493377,-1.946445],[-78.493724,-1.946634],[-78.494039,-1.946917],[-78.49438,-1.947013],[-78.494561,-1.946974],[-78.494619,-1.946989],[-78.495237,-1.947447],[-78.495451,-1.947557],[-78.49559,-1.94772],[-78.495612,-1.94781],[-78.495589,-1.947928],[-78.495657,-1.948107],[-78.495773,-1.948125],[-78.496007,-1.948314],[-78.496321,-1.94844],[-78.496392,-1.948545],[-78.496448,-1.948752],[-78.49651,-1.948824],[-78.496607,-1.948825],[-78.496687,-1.949108],[-78.496852,-1.949293],[-78.496953,-1.949349],[-78.497095,-1.949342],[-78.497279,-1.949439],[-78.497585,-1.949431],[-78.498059,-1.949604],[-78.498439,-1.949677],[-78.498499,-1.949674],[-78.498916,-1.949476],[-78.499024,-1.949375],[-78.499131,-1.949366],[-78.499162,-1.94939],[-78.499187,-1.949545],[-78.499288,-1.949709],[-78.499232,-1.949972],[-78.499307,-1.950058],[-78.499459,-1.950089],[-78.499657,-1.95018],[-78.499862,-1.950133],[-78.500003,-1.950026],[-78.500087,-1.949785],[-78.500199,-1.949791],[-78.50032,-1.949859],[-78.50056,-1.950086],[-78.500776,-1.950411],[-78.500977,-1.95045],[-78.50112,-1.950436],[-78.501249,-1.950586],[-78.501303,-1.950601],[-78.501513,-1.950556],[-78.501653,-1.950574],[-78.501904,-1.950743],[-78.502126,-1.950769],[-78.502205,-1.950834],[-78.502321,-1.951078],[-78.50237,-1.951108],[-78.502508,-1.951078],[-78.502739,-1.95084],[-78.503042,-1.950675],[-78.503201,-1.950729],[-78.503495,-1.950989],[-78.503638,-1.951053],[-78.503841,-1.951037],[-78.503857,-1.950997],[-78.503801,-1.950844],[-78.503917,-1.950793],[-78.504015,-1.95083],[-78.504057,-1.950935],[-78.504139,-1.951018],[-78.504235,-1.951002],[-78.504444,-1.950872],[-78.504515,-1.950884],[-78.504591,-1.95096],[-78.504633,-1.951083],[-78.504688,-1.951109],[-78.504835,-1.950998],[-78.505205,-1.950897],[-78.505399,-1.951052],[-78.505603,-1.951081],[-78.505704,-1.951158],[-78.505755,-1.951256],[-78.505857,-1.951687],[-78.506014,-1.951601],[-78.506265,-1.951631],[-78.506482,-1.951559],[-78.506688,-1.951539],[-78.506836,-1.951632],[-78.507015,-1.95191],[-78.507086,-1.951952],[-78.507273,-1.951904],[-78.507504,-1.951753],[-78.507623,-1.951731],[-78.507706,-1.951757],[-78.507934,-1.951935],[-78.508019,-1.951949],[-78.508084,-1.951776],[-78.507991,-1.951589],[-78.507997,-1.951539],[-78.508149,-1.951516],[-78.508399,-1.95157],[-78.50861,-1.951704],[-78.508613,-1.951758],[-78.508484,-1.951998],[-78.508513,-1.952078],[-78.508592,-1.952123],[-78.508921,-1.951688],[-78.509041,-1.95162],[-78.509333,-1.951577],[-78.509415,-1.951597],[-78.509603,-1.951699],[-78.509847,-1.951947],[-78.509955,-1.951974],[-78.510076,-1.951924],[-78.510168,-1.951715],[-78.510288,-1.951639],[-78.510416,-1.95163],[-78.510631,-1.951699],[-78.510709,-1.951755],[-78.510816,-1.951759],[-78.511164,-1.951674],[-78.511308,-1.951503],[-78.511536,-1.951545],[-78.511624,-1.95144],[-78.511668,-1.951314],[-78.51165,-1.951229],[-78.511551,-1.951143],[-78.511492,-1.951024],[-78.511495,-1.950939],[-78.511593,-1.950871],[-78.511671,-1.950872],[-78.511766,-1.950938],[-78.511909,-1.950893],[-78.512,-1.9509],[-78.512326,-1.951186],[-78.512394,-1.951212],[-78.512475,-1.951195],[-78.512529,-1.951139],[-78.512495,-1.950998],[-78.512541,-1.950954],[-78.512877,-1.950963],[-78.513013,-1.950912],[-78.513065,-1.950797],[-78.513135,-1.950392],[-78.513215,-1.9503],[-78.513385,-1.950295],[-78.513522,-1.950376],[-78.513585,-1.95038],[-78.514329,-1.950105],[-78.514577,-1.950096],[-78.515074,-1.949692],[-78.515191,-1.949429],[-78.515193,-1.94921],[-78.515252,-1.949169],[-78.51538,-1.949155],[-78.515489,-1.949208],[-78.515529,-1.949472],[-78.515699,-1.949679],[-78.515774,-1.94972],[-78.515928,-1.949695],[-78.516075,-1.949492],[-78.516172,-1.949416],[-78.516292,-1.949411],[-78.516627,-1.949477],[-78.51673,-1.949431],[-78.51694,-1.949244],[-78.517095,-1.949191],[-78.517184,-1.949225],[-78.517441,-1.949567],[-78.51757,-1.949619],[-78.517612,-1.949582],[-78.51771,-1.949277],[-78.518132,-1.949021],[-78.51809,-1.948674],[-78.518198,-1.94848],[-78.518337,-1.948377],[-78.51841,-1.948386],[-78.518688,-1.948537],[-78.518944,-1.948806],[-78.519078,-1.948877],[-78.519142,-1.948839],[-78.519259,-1.94866],[-78.519478,-1.948511],[-78.519574,-1.948497],[-78.519737,-1.948539],[-78.519903,-1.948711],[-78.519978,-1.948748],[-78.520078,-1.948702],[-78.520422,-1.948412],[-78.520501,-1.948398],[-78.520686,-1.948496],[-78.520908,-1.948667],[-78.521027,-1.948827],[-78.521153,-1.949105],[-78.521253,-1.949173],[-78.521318,-1.949151],[-78.52137,-1.949079],[-78.521387,-1.948853],[-78.521661,-1.948829],[-78.521997,-1.948641],[-78.522317,-1.948756],[-78.522505,-1.948701],[-78.522681,-1.948588],[-78.52307,-1.948636],[-78.523112,-1.948374],[-78.523155,-1.948291],[-78.52326,-1.948259],[-78.523555,-1.948286],[-78.523717,-1.948189],[-78.52383,-1.948065],[-78.523913,-1.947901],[-78.524448,-1.947305],[-78.524565,-1.947277],[-78.524729,-1.947359],[-78.524835,-1.947354],[-78.525429,-1.947151],[-78.525419,-1.946967],[-78.525333,-1.946841],[-78.525199,-1.94674],[-78.525193,-1.946654],[-78.525251,-1.946611],[-78.525387,-1.946599],[-78.525429,-1.946627],[-78.525495,-1.946767],[-78.525607,-1.946817],[-78.52588,-1.946681],[-78.52598,-1.946544],[-78.525949,-1.946273],[-78.525989,-1.946169],[-78.526036,-1.94613],[-78.526342,-1.94623],[-78.526725,-1.946464],[-78.52695,-1.946436],[-78.527142,-1.946516],[-78.527222,-1.94648],[-78.527359,-1.946248],[-78.527459,-1.946202],[-78.527621,-1.946201],[-78.527775,-1.946295],[-78.527764,-1.946607],[-78.527842,-1.946664],[-78.527971,-1.946644],[-78.528134,-1.946571],[-78.528194,-1.946384],[-78.528262,-1.946339],[-78.528605,-1.946445],[-78.528909,-1.946426],[-78.528952,-1.946405],[-78.529079,-1.946185],[-78.529202,-1.94612],[-78.529249,-1.946121],[-78.529299,-1.946181],[-78.529425,-1.946197],[-78.52951,-1.946379],[-78.529612,-1.946423],[-78.529934,-1.946345],[-78.530086,-1.946175],[-78.530157,-1.946173],[-78.530267,-1.94623],[-78.530778,-1.946224],[-78.53129,-1.946035],[-78.531638,-1.946114],[-78.531746,-1.946183],[-78.531896,-1.946361],[-78.532172,-1.946465],[-78.532368,-1.946473],[-78.532571,-1.946427],[-78.532861,-1.946146],[-78.533079,-1.946062],[-78.533217,-1.945954],[-78.533342,-1.945707],[-78.533345,-1.945254],[-78.533385,-1.945064],[-78.533456,-1.945015],[-78.533501,-1.945018],[-78.533708,-1.94513],[-78.533765,-1.945124],[-78.533861,-1.944992],[-78.534135,-1.94475],[-78.534293,-1.944367],[-78.534382,-1.944269],[-78.534427,-1.944131],[-78.534499,-1.944057],[-78.535016,-1.944073],[-78.53509,-1.944052],[-78.535179,-1.943944],[-78.535197,-1.943711],[-78.535079,-1.943448],[-78.535183,-1.943107],[-78.535131,-1.94279],[-78.535148,-1.942621],[-78.5356,-1.94238],[-78.535843,-1.941781],[-78.53579,-1.941637],[-78.535395,-1.941403],[-78.535415,-1.941139],[-78.535501,-1.941068],[-78.535598,-1.941092],[-78.535654,-1.941074],[-78.535854,-1.940917],[-78.535966,-1.940798],[-78.536163,-1.940383],[-78.536426,-1.940141],[-78.536513,-1.939978],[-78.536414,-1.93974],[-78.536354,-1.939427],[-78.536377,-1.939339],[-78.536561,-1.939239],[-78.536666,-1.939136],[-78.536828,-1.939083],[-78.536974,-1.938941],[-78.537111,-1.938697],[-78.537104,-1.938297],[-78.537158,-1.938119],[-78.537238,-1.938033],[-78.537417,-1.937938],[-78.537453,-1.937894],[-78.53748,-1.937752],[-78.537632,-1.937502],[-78.537788,-1.937412],[-78.537916,-1.937267],[-78.538006,-1.936942],[-78.538023,-1.93658],[-78.538212,-1.93636],[-78.538564,-1.936124],[-78.538831,-1.935772],[-78.539121,-1.935558],[-78.539269,-1.935306],[-78.539283,-1.934956],[-78.539359,-1.934763],[-78.539462,-1.934648],[-78.539546,-1.934604],[-78.539695,-1.934651],[-78.539775,-1.934635],[-78.540203,-1.933973],[-78.540309,-1.933587],[-78.54029,-1.933053],[-78.540127,-1.932638],[-78.540098,-1.932351],[-78.540181,-1.932147],[-78.54034,-1.931928],[-78.54043,-1.93158],[-78.540346,-1.931426],[-78.540089,-1.931293],[-78.540009,-1.931215],[-78.53999,-1.93111],[-78.540078,-1.930433],[-78.540062,-1.930345],[-78.539934,-1.93023],[-78.539602,-1.930186],[-78.539361,-1.930067],[-78.539184,-1.929765],[-78.53889,-1.92885],[-78.538762,-1.928704],[-78.538513,-1.928664],[-78.538332,-1.928561],[-78.538313,-1.928461],[-78.538333,-1.9284],[-78.538606,-1.928201],[-78.538722,-1.927988],[-78.538766,-1.92781],[-78.538744,-1.92764],[-78.538468,-1.927238],[-78.53828,-1.92711],[-78.538054,-1.927018],[-78.537912,-1.926895],[-78.537916,-1.926842],[-78.537961,-1.92681],[-78.538289,-1.926708],[-78.538422,-1.926579],[-78.538507,-1.926443],[-78.538502,-1.92623],[-78.538347,-1.926048],[-78.538253,-1.925883],[-78.538251,-1.925675],[-78.538342,-1.925262],[-78.538677,-1.924562],[-78.538711,-1.924331],[-78.538602,-1.924085],[-78.53809,-1.923355],[-78.537931,-1.92308],[-78.537939,-1.922943],[-78.538129,-1.92272],[-78.538139,-1.922536],[-78.538111,-1.922441],[-78.537995,-1.922334],[-78.537822,-1.92224],[-78.537417,-1.922136],[-78.537374,-1.922037],[-78.537358,-1.921737],[-78.537462,-1.921427],[-78.537734,-1.921063],[-78.537833,-1.920984],[-78.53804,-1.920922],[-78.538276,-1.920794],[-78.538357,-1.92069],[-78.538399,-1.920514],[-78.538134,-1.920221],[-78.537406,-1.919656],[-78.537101,-1.919376],[-78.536823,-1.919201],[-78.536783,-1.919121],[-78.536796,-1.919031],[-78.536863,-1.918965],[-78.537024,-1.918901],[-78.537273,-1.918859],[-78.537458,-1.918772],[-78.537795,-1.918401],[-78.537918,-1.918138],[-78.537913,-1.917882],[-78.53786,-1.917738],[-78.537374,-1.91732],[-78.537333,-1.917156],[-78.537205,-1.916908],[-78.53723,-1.916649],[-78.537479,-1.916455],[-78.53755,-1.916349],[-78.537516,-1.916152],[-78.537453,-1.916087],[-78.537172,-1.91603],[-78.536978,-1.915833],[-78.536757,-1.9152],[-78.536599,-1.914879],[-78.536567,-1.914696],[-78.536631,-1.914597],[-78.537159,-1.91442],[-78.537241,-1.914372],[-78.537283,-1.914299],[-78.53732,-1.914086],[-78.537309,-1.913686],[-78.537366,-1.913463],[-78.537461,-1.913285],[-78.537486,-1.913026],[-78.537485,-1.912804],[-78.537345,-1.912446],[-78.537327,-1.912255],[-78.537379,-1.912131],[-78.537414,-1.911839],[-78.537768,-1.911181],[-78.537815,-1.910703],[-78.537798,-1.910455],[-78.537894,-1.910334],[-78.538029,-1.910328],[-78.538334,-1.910625],[-78.538416,-1.910627],[-78.538496,-1.910531],[-78.538635,-1.910172],[-78.538773,-1.909999],[-78.539563,-1.909562],[-78.539692,-1.909428],[-78.539721,-1.909204],[-78.539534,-1.908765],[-78.539538,-1.908654],[-78.539796,-1.908353],[-78.539848,-1.908218],[-78.539855,-1.908068],[-78.539667,-1.907555],[-78.539323,-1.907007],[-78.539292,-1.906792],[-78.539355,-1.906633],[-78.53981,-1.906187],[-78.54,-1.90589],[-78.540051,-1.905619],[-78.540144,-1.905456],[-78.540399,-1.905394],[-78.540723,-1.905394],[-78.54091,-1.905296],[-78.541016,-1.905143],[-78.541064,-1.904758],[-78.541199,-1.904312],[-78.541389,-1.904067],[-78.541494,-1.904009],[-78.541709,-1.903974],[-78.542029,-1.904043],[-78.542183,-1.904031],[-78.542318,-1.903975],[-78.543182,-1.903202],[-78.543364,-1.902927],[-78.543588,-1.902702],[-78.543957,-1.902496],[-78.544024,-1.902381],[-78.544022,-1.902235],[-78.543928,-1.902163],[-78.543518,-1.902068],[-78.543496,-1.90199],[-78.543517,-1.901842],[-78.543578,-1.901754],[-78.543703,-1.901673],[-78.544213,-1.901574],[-78.544329,-1.901505],[-78.544544,-1.901294],[-78.54481,-1.900886],[-78.544902,-1.900688],[-78.544926,-1.900202],[-78.545014,-1.900017],[-78.545309,-1.899877],[-78.54553,-1.899817],[-78.546329,-1.89937],[-78.546889,-1.898955],[-78.547296,-1.898763],[-78.547403,-1.898593],[-78.547485,-1.898262],[-78.547614,-1.898133],[-78.548443,-1.898034],[-78.548507,-1.897774],[-78.548506,-1.897624],[-78.548372,-1.89738],[-78.548354,-1.897109],[-78.548525,-1.896721],[-78.548781,-1.896316],[-78.548888,-1.896319],[-78.549218,-1.896068],[-78.549641,-1.895895],[-78.549962,-1.895952],[-78.550168,-1.895917],[-78.550387,-1.895766],[-78.5508,-1.895401],[-78.551129,-1.895209],[-78.551158,-1.895135],[-78.551137,-1.895059],[-78.550858,-1.894801],[-78.550451,-1.894141],[-78.550405,-1.893984],[-78.550564,-1.893593],[-78.550801,-1.893349],[-78.55102,-1.893059],[-78.551192,-1.892589],[-78.551424,-1.892427],[-78.551827,-1.892279],[-78.551911,-1.89233],[-78.551995,-1.892684],[-78.552189,-1.892857],[-78.552285,-1.892804],[-78.552461,-1.89257],[-78.552587,-1.892508],[-78.552672,-1.892514],[-78.553119,-1.892712],[-78.553327,-1.892767],[-78.553887,-1.892757],[-78.554132,-1.892678],[-78.554601,-1.892228],[-78.554954,-1.891985],[-78.555137,-1.891926],[-78.555446,-1.891968],[-78.555761,-1.891873],[-78.556495,-1.891773],[-78.556729,-1.891669],[-78.556845,-1.891572],[-78.557023,-1.89126],[-78.55715,-1.891115],[-78.557618,-1.890895],[-78.557821,-1.890143],[-78.557995,-1.889923],[-78.558129,-1.889422],[-78.558203,-1.889326],[-78.558472,-1.88911],[-78.558706,-1.88861],[-78.559082,-1.88826],[-78.559297,-1.888133],[-78.559364,-1.888054],[-78.559531,-1.887795],[-78.559666,-1.887462],[-78.559754,-1.887335],[-78.560381,-1.886945],[-78.560559,-1.886915],[-78.56083,-1.886925],[-78.560961,-1.886879],[-78.561086,-1.886802],[-78.561239,-1.886628],[-78.561792,-1.886323],[-78.561957,-1.88612],[-78.562079,-1.885781],[-78.562268,-1.885431],[-78.562457,-1.885356],[-78.56274,-1.885053],[-78.563275,-1.88477],[-78.56377,-1.88472],[-78.564011,-1.884582],[-78.564122,-1.884448],[-78.564223,-1.883997],[-78.56431,-1.883798],[-78.564605,-1.883403],[-78.564802,-1.883258],[-78.565031,-1.883229],[-78.565265,-1.883292],[-78.565443,-1.883258],[-78.565768,-1.883135],[-78.566199,-1.882862],[-78.566333,-1.88282],[-78.566446,-1.882829],[-78.566545,-1.882893],[-78.566735,-1.883276],[-78.566795,-1.883346],[-78.566894,-1.883376],[-78.567003,-1.883359],[-78.567286,-1.883184],[-78.568161,-1.882938],[-78.568399,-1.882928],[-78.568864,-1.882991],[-78.569274,-1.882823],[-78.569559,-1.882754],[-78.569854,-1.882806],[-78.570049,-1.882804],[-78.570171,-1.882707],[-78.57025,-1.882449],[-78.570351,-1.882361],[-78.570677,-1.882266],[-78.571066,-1.882285],[-78.571331,-1.88223],[-78.571811,-1.881653],[-78.572068,-1.881618],[-78.57231,-1.881642],[-78.572644,-1.881739],[-78.57288,-1.881723],[-78.573188,-1.88146],[-78.573228,-1.881225],[-78.573283,-1.88112],[-78.573439,-1.88094],[-78.573498,-1.880927],[-78.573573,-1.880935],[-78.574622,-1.881621],[-78.575009,-1.881801],[-78.575251,-1.881825],[-78.575576,-1.881732],[-78.575663,-1.881736],[-78.575754,-1.881935],[-78.575932,-1.882126],[-78.57602,-1.88216],[-78.576154,-1.882146],[-78.57621,-1.881659],[-78.576301,-1.88159],[-78.576533,-1.881529],[-78.577067,-1.881544],[-78.577436,-1.881729],[-78.57768,-1.881755],[-78.578485,-1.882062],[-78.579185,-1.882229],[-78.579584,-1.882254],[-78.579853,-1.882237],[-78.579954,-1.882151],[-78.579978,-1.881959],[-78.580059,-1.881929],[-78.580181,-1.88195],[-78.580327,-1.882044],[-78.580393,-1.882129],[-78.580401,-1.882306],[-78.580312,-1.882461],[-78.580363,-1.882689],[-78.580752,-1.883111],[-78.580853,-1.88318],[-78.581029,-1.883192],[-78.581615,-1.883023],[-78.582289,-1.882932],[-78.582486,-1.883106],[-78.582803,-1.88359],[-78.583296,-1.884173],[-78.583398,-1.884251],[-78.583544,-1.884253],[-78.583595,-1.8842],[-78.583621,-1.883878],[-78.583692,-1.88368],[-78.583914,-1.883622],[-78.584075,-1.88368],[-78.584373,-1.88409],[-78.584483,-1.884628],[-78.58454,-1.884767],[-78.58461,-1.884842],[-78.584839,-1.884914],[-78.585138,-1.884926],[-78.585641,-1.884587],[-78.585854,-1.884555],[-78.587057,-1.884976],[-78.587217,-1.885072],[-78.587507,-1.885323],[-78.587725,-1.885409],[-78.587909,-1.885409],[-78.58812,-1.885357],[-78.588394,-1.885247],[-78.588539,-1.885152],[-78.588702,-1.884989],[-78.588899,-1.884588],[-78.588989,-1.8845],[-78.58923,-1.884439],[-78.589527,-1.884481],[-78.589649,-1.884405],[-78.589847,-1.884181],[-78.590014,-1.88388],[-78.59,-1.883757],[-78.589717,-1.883415],[-78.589715,-1.883318],[-78.589769,-1.883279],[-78.590074,-1.883205],[-78.590311,-1.883198],[-78.590759,-1.883268],[-78.590931,-1.88339],[-78.591048,-1.883579],[-78.591285,-1.883775],[-78.591511,-1.883878],[-78.591647,-1.8839],[-78.591749,-1.883876],[-78.591828,-1.88381],[-78.591876,-1.883117],[-78.591959,-1.882881],[-78.592044,-1.882778],[-78.592093,-1.882765],[-78.593033,-1.882944],[-78.593321,-1.883067],[-78.593688,-1.8833],[-78.593855,-1.88335],[-78.594032,-1.883352],[-78.594234,-1.883182],[-78.594321,-1.883064],[-78.594436,-1.882761],[-78.594443,-1.882643],[-78.594429,-1.882534],[-78.594325,-1.882349],[-78.594032,-1.882084],[-78.593902,-1.881925],[-78.593827,-1.881783],[-78.593841,-1.881673],[-78.594439,-1.881428],[-78.594728,-1.881108],[-78.594958,-1.880945],[-78.595336,-1.880749],[-78.595624,-1.880664],[-78.595805,-1.880656],[-78.595909,-1.880707],[-78.596052,-1.880838],[-78.596134,-1.88099],[-78.596332,-1.881119],[-78.596513,-1.881138],[-78.596634,-1.881113],[-78.597895,-1.880441],[-78.598433,-1.88006],[-78.598516,-1.879977],[-78.598543,-1.879897],[-78.598536,-1.879586],[-78.598682,-1.879447],[-78.5988,-1.879409],[-78.599279,-1.879564],[-78.599441,-1.879542],[-78.599502,-1.879476],[-78.599533,-1.879356],[-78.599495,-1.879256],[-78.599326,-1.87904],[-78.599363,-1.878833],[-78.599907,-1.878602],[-78.6004,-1.878333],[-78.600959,-1.877322],[-78.601164,-1.876872],[-78.601254,-1.876756],[-78.601409,-1.876658],[-78.601725,-1.876596],[-78.602448,-1.876646],[-78.602546,-1.876614],[-78.60259,-1.876507],[-78.602714,-1.876444],[-78.603246,-1.876462],[-78.603387,-1.876399],[-78.603585,-1.876142],[-78.603647,-1.875942],[-78.603587,-1.875497],[-78.603406,-1.875206],[-78.603405,-1.875083],[-78.603456,-1.875],[-78.603632,-1.874865],[-78.604087,-1.874699],[-78.604604,-1.874426],[-78.605135,-1.873951],[-78.605331,-1.873678],[-78.605383,-1.87348],[-78.605401,-1.873084],[-78.60542,-1.873003],[-78.605507,-1.872903],[-78.606018,-1.872654],[-78.60668,-1.872701],[-78.60676,-1.872682],[-78.606808,-1.872621],[-78.606816,-1.872457],[-78.606625,-1.872019],[-78.606598,-1.871753],[-78.606616,-1.871682],[-78.606783,-1.871493],[-78.606822,-1.87139],[-78.606873,-1.87111],[-78.60692,-1.870513],[-78.60713,-1.869712],[-78.607292,-1.869358],[-78.60767,-1.868739],[-78.607723,-1.868522],[-78.607686,-1.868302],[-78.607257,-1.868131],[-78.607168,-1.868059],[-78.607131,-1.867975],[-78.607094,-1.867451],[-78.607139,-1.867225],[-78.60725,-1.866993],[-78.607274,-1.866618],[-78.606635,-1.866421],[-78.606018,-1.866064],[-78.604577,-1.864969],[-78.604284,-1.864692],[-78.604233,-1.864577],[-78.604753,-1.863946],[-78.604891,-1.863929],[-78.605015,-1.863979],[-78.605272,-1.863968],[-78.605473,-1.864031],[-78.605796,-1.864027],[-78.605955,-1.863971],[-78.606078,-1.86389],[-78.606151,-1.863794],[-78.60621,-1.86357],[-78.606126,-1.863165],[-78.606047,-1.863052],[-78.605823,-1.863001],[-78.605384,-1.86309],[-78.605172,-1.863081],[-78.605086,-1.862971],[-78.605069,-1.862791],[-78.605099,-1.862694],[-78.605251,-1.862469],[-78.6058,-1.862301],[-78.606299,-1.862017],[-78.606445,-1.861874],[-78.606753,-1.861434],[-78.606901,-1.861023],[-78.607029,-1.859822],[-78.607172,-1.859184],[-78.607238,-1.858981],[-78.607522,-1.858595],[-78.60768,-1.858195],[-78.607688,-1.857884],[-78.607625,-1.857598],[-78.607513,-1.857487],[-78.607166,-1.857358],[-78.606789,-1.85707],[-78.606517,-1.856982],[-78.606367,-1.856896],[-78.60613,-1.856591],[-78.60614,-1.856455],[-78.606316,-1.856299],[-78.606378,-1.856139],[-78.606475,-1.856043],[-78.606606,-1.856],[-78.606879,-1.856021],[-78.607031,-1.855993],[-78.607249,-1.855838],[-78.608002,-1.855541],[-78.608627,-1.855152],[-78.608864,-1.854919],[-78.609231,-1.854635],[-78.609951,-1.853907],[-78.610707,-1.853031],[-78.610931,-1.852646],[-78.611019,-1.852374],[-78.611042,-1.852082],[-78.61098,-1.851889],[-78.610733,-1.851516],[-78.610479,-1.851401],[-78.610261,-1.851372],[-78.60989,-1.851333],[-78.609398,-1.85136],[-78.609264,-1.85134],[-78.608837,-1.851017],[-78.608675,-1.850539],[-78.608481,-1.850093],[-78.608057,-1.849446],[-78.607939,-1.849357],[-78.607802,-1.84908],[-78.607615,-1.848585],[-78.607477,-1.84803],[-78.607327,-1.847774],[-78.60702,-1.847736],[-78.606594,-1.847827],[-78.60586,-1.847799],[-78.605043,-1.847678],[-78.604805,-1.847611],[-78.603628,-1.847148],[-78.603065,-1.846823],[-78.60145,-1.84569],[-78.60082,-1.845401],[-78.600671,-1.845353],[-78.599995,-1.845292],[-78.599163,-1.845337],[-78.598768,-1.845299],[-78.598418,-1.845212],[-78.5982,-1.845105],[-78.597805,-1.844727],[-78.597439,-1.844169],[-78.597099,-1.843272],[-78.596879,-1.842442],[-78.59663,-1.841342],[-78.596553,-1.840782],[-78.596565,-1.839813],[-78.596688,-1.839416],[-78.596868,-1.839017],[-78.597518,-1.838054],[-78.597777,-1.837397],[-78.597821,-1.837082],[-78.597808,-1.836948],[-78.597747,-1.836828],[-78.597126,-1.836548],[-78.597027,-1.836461],[-78.597001,-1.836359],[-78.59707,-1.836204],[-78.597237,-1.835968],[-78.597264,-1.835801],[-78.59738,-1.835528],[-78.597683,-1.835068],[-78.598238,-1.834657],[-78.598327,-1.834471],[-78.598335,-1.834141],[-78.598189,-1.833598],[-78.598198,-1.833174],[-78.598265,-1.832791],[-78.59854,-1.832008],[-78.598841,-1.83146],[-78.599079,-1.830668],[-78.599247,-1.830358],[-78.599395,-1.829956],[-78.59939,-1.829402],[-78.599248,-1.828837],[-78.599324,-1.828095],[-78.599463,-1.827628],[-78.599933,-1.826854],[-78.600042,-1.826479],[-78.600058,-1.826276],[-78.600023,-1.82593],[-78.599782,-1.825193],[-78.599149,-1.824264],[-78.599104,-1.824165],[-78.599073,-1.823813],[-78.599105,-1.823689],[-78.599381,-1.823459],[-78.599565,-1.823355],[-78.599628,-1.823227],[-78.599671,-1.823012],[-78.599794,-1.822764],[-78.599822,-1.82265],[-78.599761,-1.822244],[-78.599818,-1.82213],[-78.599949,-1.82199],[-78.600031,-1.821801],[-78.60006,-1.82158],[-78.599983,-1.821225],[-78.599792,-1.820857],[-78.599528,-1.820665],[-78.599192,-1.820271],[-78.599154,-1.820116],[-78.599196,-1.819537],[-78.599123,-1.819194],[-78.599059,-1.819097],[-78.598611,-1.818693],[-78.598388,-1.818405],[-78.597264,-1.817609],[-78.596502,-1.816934],[-78.596435,-1.816858],[-78.596231,-1.816458],[-78.596122,-1.816078],[-78.596108,-1.815168],[-78.596373,-1.814296],[-78.596517,-1.813993],[-78.596722,-1.813777],[-78.596967,-1.813353],[-78.597065,-1.813032],[-78.597075,-1.812723],[-78.597177,-1.812237],[-78.597175,-1.811978],[-78.597223,-1.811736],[-78.59718,-1.811111],[-78.596998,-1.810049],[-78.596847,-1.809829],[-78.5966,-1.809111],[-78.596557,-1.808686],[-78.596592,-1.808398],[-78.596684,-1.808235],[-78.597112,-1.808103],[-78.59731,-1.807895],[-78.59741,-1.807693],[-78.597505,-1.807197],[-78.597617,-1.806917],[-78.598314,-1.805866],[-78.598441,-1.805612],[-78.59855,-1.805527],[-78.598725,-1.805241],[-78.598774,-1.804962],[-78.598773,-1.804396],[-78.598727,-1.804241],[-78.598539,-1.803914],[-78.598256,-1.803525],[-78.598005,-1.803026],[-78.59786,-1.802652],[-78.597796,-1.802566],[-78.597591,-1.802458],[-78.597323,-1.802524],[-78.596944,-1.802441],[-78.596721,-1.802308],[-78.595032,-1.800987],[-78.594849,-1.80095],[-78.594718,-1.800965],[-78.594657,-1.80099],[-78.594563,-1.801117],[-78.594394,-1.80116],[-78.594297,-1.801231],[-78.594025,-1.801198],[-78.593653,-1.801365],[-78.593405,-1.801378],[-78.593174,-1.801273],[-78.593083,-1.801184],[-78.592931,-1.800925],[-78.592758,-1.800749],[-78.592644,-1.800681],[-78.592056,-1.800469],[-78.591747,-1.800415],[-78.59139,-1.80051],[-78.591199,-1.800505],[-78.591027,-1.800439],[-78.590866,-1.800429],[-78.590405,-1.800609],[-78.589655,-1.800801],[-78.58936,-1.800842],[-78.588676,-1.800847],[-78.588478,-1.800794],[-78.588312,-1.800691],[-78.587987,-1.800664],[-78.587554,-1.800518],[-78.587094,-1.800454],[-78.586822,-1.800365],[-78.586645,-1.80022],[-78.586648,-1.800147],[-78.58677,-1.800025],[-78.586792,-1.799934],[-78.586754,-1.799763],[-78.586671,-1.799666],[-78.585758,-1.799555],[-78.585433,-1.799446],[-78.585267,-1.799304],[-78.585013,-1.79889],[-78.584843,-1.798683],[-78.584649,-1.798151],[-78.584499,-1.797927],[-78.584337,-1.79738],[-78.584327,-1.79675],[-78.584379,-1.796107],[-78.584392,-1.794945],[-78.584474,-1.794812],[-78.584711,-1.794588],[-78.584922,-1.794257],[-78.585219,-1.793111],[-78.585486,-1.792455],[-78.586163,-1.791769],[-78.586316,-1.791665],[-78.58615,-1.79157],[-78.585669,-1.791405],[-78.585601,-1.791429],[-78.585456,-1.791576],[-78.585172,-1.791608],[-78.584539,-1.791768],[-78.584463,-1.791742],[-78.584403,-1.79167],[-78.584389,-1.791458],[-78.58436,-1.791409],[-78.584205,-1.791332],[-78.584054,-1.791329],[-78.583921,-1.791369],[-78.583732,-1.791547],[-78.583283,-1.791819],[-78.58305,-1.791875],[-78.5829,-1.791853],[-78.58265,-1.791704],[-78.582509,-1.791705],[-78.582172,-1.791786],[-78.581961,-1.791772],[-78.581826,-1.791864],[-78.581689,-1.791893],[-78.581588,-1.791877],[-78.581464,-1.791801],[-78.581198,-1.791817],[-78.581025,-1.791746],[-78.580735,-1.791726],[-78.580552,-1.79178],[-78.580333,-1.791662],[-78.58013,-1.791681],[-78.579954,-1.791795],[-78.579862,-1.79219],[-78.579693,-1.792161],[-78.579575,-1.792243],[-78.579405,-1.792251],[-78.579252,-1.792193],[-78.579203,-1.79207],[-78.579245,-1.791964],[-78.579277,-1.791948],[-78.579376,-1.791984],[-78.57944,-1.791926],[-78.579417,-1.791722],[-78.579522,-1.791441],[-78.579501,-1.791265],[-78.579334,-1.791035],[-78.579154,-1.791038],[-78.578913,-1.790926],[-78.578763,-1.790899],[-78.578621,-1.790944],[-78.578486,-1.790924],[-78.578317,-1.790949],[-78.578198,-1.791001],[-78.578034,-1.791157],[-78.577895,-1.791384],[-78.577886,-1.791572],[-78.577764,-1.791666],[-78.577546,-1.791671],[-78.577526,-1.791623],[-78.577556,-1.791499],[-78.577437,-1.791458],[-78.576985,-1.791902],[-78.576868,-1.791901],[-78.576783,-1.791769],[-78.576729,-1.791743],[-78.576503,-1.791883],[-78.576343,-1.792554],[-78.576249,-1.792639],[-78.575995,-1.792739],[-78.575951,-1.792784],[-78.575882,-1.793133],[-78.575918,-1.793279],[-78.575897,-1.793377],[-78.575743,-1.793535],[-78.575643,-1.79384],[-78.57557,-1.793956],[-78.57541,-1.79416],[-78.575297,-1.794236],[-78.575122,-1.79426],[-78.574972,-1.794226],[-78.574901,-1.794264],[-78.574907,-1.794388],[-78.57505,-1.794639],[-78.575002,-1.794687],[-78.574822,-1.794706],[-78.574737,-1.79477],[-78.574691,-1.794853],[-78.574717,-1.794934],[-78.574883,-1.795072],[-78.574952,-1.795253],[-78.574865,-1.795556],[-78.574954,-1.795792],[-78.574907,-1.796288],[-78.574589,-1.796587],[-78.574349,-1.796746],[-78.574019,-1.797116],[-78.573672,-1.797235],[-78.573606,-1.797354],[-78.57368,-1.797511],[-78.573625,-1.797749],[-78.573389,-1.797736],[-78.573329,-1.797762],[-78.57327,-1.797835],[-78.57326,-1.798048],[-78.573212,-1.798152],[-78.572946,-1.798268],[-78.572775,-1.798519],[-78.572565,-1.798582],[-78.572321,-1.798508],[-78.572092,-1.798503],[-78.571806,-1.798596],[-78.571464,-1.798745],[-78.571241,-1.79892],[-78.570833,-1.799034],[-78.570486,-1.799194],[-78.570283,-1.799631],[-78.57006,-1.799664],[-78.56987,-1.79978],[-78.569476,-1.799938],[-78.569091,-1.800015],[-78.568845,-1.799804],[-78.568625,-1.799807],[-78.568416,-1.800073],[-78.568162,-1.80012],[-78.567555,-1.799817],[-78.567407,-1.799572],[-78.567221,-1.799582],[-78.567118,-1.799759],[-78.566969,-1.799752],[-78.566854,-1.799684],[-78.566405,-1.799698],[-78.566322,-1.799672],[-78.566251,-1.79956],[-78.565998,-1.799594],[-78.56531,-1.799279],[-78.564997,-1.799262],[-78.564547,-1.799461],[-78.564314,-1.799495],[-78.56395,-1.79971],[-78.563727,-1.799933],[-78.56336,-1.799915],[-78.563044,-1.799948],[-78.562407,-1.800172],[-78.562257,-1.800289],[-78.562231,-1.800444],[-78.562187,-1.80049],[-78.562043,-1.800477],[-78.56184,-1.800645],[-78.561591,-1.800701],[-78.561435,-1.800796],[-78.561211,-1.800785],[-78.561114,-1.800836],[-78.56065,-1.800791],[-78.560329,-1.801101],[-78.560039,-1.801077],[-78.559733,-1.801126],[-78.559525,-1.801265],[-78.559418,-1.801569],[-78.559354,-1.801654],[-78.559014,-1.80166],[-78.558804,-1.801922],[-78.558718,-1.801958],[-78.55836,-1.801972],[-78.558142,-1.80191],[-78.558013,-1.801919],[-78.557812,-1.80207],[-78.557557,-1.802375],[-78.556931,-1.802694],[-78.556745,-1.802837],[-78.556632,-1.802824],[-78.556149,-1.802605],[-78.555905,-1.802751],[-78.555745,-1.802791],[-78.555584,-1.802786],[-78.555376,-1.802731],[-78.555114,-1.802726],[-78.554951,-1.802803],[-78.554793,-1.802991],[-78.554543,-1.803019],[-78.554105,-1.803198],[-78.553921,-1.80332],[-78.553746,-1.803536],[-78.553441,-1.803689],[-78.553391,-1.803803],[-78.553341,-1.804117],[-78.553276,-1.804176],[-78.553112,-1.804235],[-78.553067,-1.804358],[-78.553046,-1.80467],[-78.552844,-1.804834],[-78.552847,-1.804888],[-78.552997,-1.80501],[-78.553007,-1.805061],[-78.552899,-1.80532],[-78.552872,-1.805477],[-78.552812,-1.805623],[-78.552705,-1.805693],[-78.552576,-1.805849],[-78.552458,-1.805905],[-78.55233,-1.80592],[-78.552159,-1.806011],[-78.552036,-1.805939],[-78.551909,-1.805957],[-78.551714,-1.806111],[-78.55153,-1.806159],[-78.551251,-1.806335],[-78.550878,-1.806307],[-78.550507,-1.806437],[-78.550028,-1.806523],[-78.549861,-1.806678],[-78.549619,-1.806818],[-78.549566,-1.806973],[-78.549558,-1.807121],[-78.549511,-1.80715],[-78.549454,-1.807137],[-78.54914,-1.806893],[-78.549063,-1.80692],[-78.548824,-1.807207],[-78.548739,-1.807237],[-78.548391,-1.807144],[-78.547927,-1.806929],[-78.547797,-1.806919],[-78.547705,-1.806961],[-78.54752,-1.807227],[-78.547146,-1.807263],[-78.546963,-1.807346],[-78.546607,-1.807286],[-78.546371,-1.807389],[-78.546255,-1.807395],[-78.546163,-1.807385],[-78.545931,-1.807257],[-78.545771,-1.807243],[-78.545548,-1.807296],[-78.545081,-1.807209],[-78.544955,-1.807231],[-78.544767,-1.807381],[-78.544503,-1.807429],[-78.54423,-1.807319],[-78.544074,-1.807298],[-78.544021,-1.807231],[-78.543957,-1.807029],[-78.543891,-1.807001],[-78.543798,-1.806994],[-78.543733,-1.807031],[-78.543646,-1.807192],[-78.543554,-1.807244],[-78.543287,-1.807143],[-78.54288,-1.807158],[-78.542495,-1.80681],[-78.542344,-1.806801],[-78.54215,-1.806854],[-78.541902,-1.806858],[-78.541805,-1.806804],[-78.541808,-1.806692],[-78.541762,-1.806665],[-78.541498,-1.806747],[-78.541311,-1.806744],[-78.541159,-1.80666],[-78.540938,-1.806474],[-78.540717,-1.806408],[-78.54053,-1.806253],[-78.540288,-1.806311],[-78.540126,-1.806284],[-78.539805,-1.805955],[-78.53945,-1.806065],[-78.539283,-1.806012],[-78.539147,-1.806031],[-78.538991,-1.806193],[-78.53892,-1.806224],[-78.538846,-1.806213],[-78.538727,-1.806164],[-78.538564,-1.806034],[-78.538245,-1.805896],[-78.538015,-1.805696],[-78.537557,-1.80552],[-78.537486,-1.805378],[-78.537492,-1.805214],[-78.537441,-1.805178],[-78.537381,-1.805207],[-78.537289,-1.805489],[-78.537196,-1.805513],[-78.536832,-1.805433],[-78.536656,-1.80534],[-78.536595,-1.805345],[-78.536486,-1.805418],[-78.536199,-1.805254],[-78.535926,-1.805243],[-78.535717,-1.805177],[-78.535652,-1.805195],[-78.535568,-1.805304],[-78.535516,-1.805315],[-78.535393,-1.805305],[-78.5352,-1.805218],[-78.535004,-1.805349],[-78.534864,-1.805361],[-78.534508,-1.805556],[-78.533894,-1.805592],[-78.533782,-1.805656],[-78.533646,-1.805828],[-78.533411,-1.805996],[-78.533307,-1.806111],[-78.533112,-1.80613],[-78.533028,-1.806207],[-78.532852,-1.806177],[-78.532511,-1.806288],[-78.532376,-1.806376],[-78.532201,-1.806413],[-78.53213,-1.806478],[-78.531938,-1.806385],[-78.531631,-1.806506],[-78.53148,-1.806466],[-78.531419,-1.806497],[-78.531312,-1.806674],[-78.531101,-1.806754],[-78.530889,-1.806767],[-78.530658,-1.806946],[-78.530111,-1.807093],[-78.529945,-1.807223],[-78.529851,-1.807233],[-78.529696,-1.807116],[-78.529569,-1.807089],[-78.529468,-1.807148],[-78.529377,-1.807322],[-78.529246,-1.807395],[-78.528877,-1.807327],[-78.52882,-1.807345],[-78.528748,-1.807443],[-78.528586,-1.807509],[-78.528518,-1.807486],[-78.528372,-1.807338],[-78.528127,-1.807335],[-78.527934,-1.807203],[-78.527779,-1.807212],[-78.527557,-1.807407],[-78.527251,-1.807444],[-78.526993,-1.807215],[-78.526896,-1.806995],[-78.526811,-1.806931],[-78.526691,-1.806901],[-78.526552,-1.806936],[-78.526196,-1.807141],[-78.526132,-1.807138],[-78.526012,-1.80707],[-78.525943,-1.80708],[-78.525626,-1.807309],[-78.525156,-1.807153],[-78.524662,-1.807133],[-78.524395,-1.806973],[-78.524273,-1.806934],[-78.52412,-1.806959],[-78.523912,-1.806798],[-78.523704,-1.806742],[-78.523572,-1.806758],[-78.523467,-1.806874],[-78.523362,-1.80693],[-78.523196,-1.806956],[-78.522938,-1.806802],[-78.522431,-1.806612],[-78.521945,-1.806582],[-78.521833,-1.806479],[-78.521752,-1.806449],[-78.521434,-1.806515],[-78.521194,-1.806529],[-78.521018,-1.806474],[-78.52079,-1.806496],[-78.520706,-1.80645],[-78.520579,-1.806277],[-78.520347,-1.806095],[-78.52012,-1.806062],[-78.519951,-1.806096],[-78.519658,-1.80591],[-78.519299,-1.805903],[-78.519146,-1.805747],[-78.519,-1.805853],[-78.518861,-1.805851],[-78.518753,-1.805802],[-78.518683,-1.805681],[-78.518438,-1.80578],[-78.518272,-1.805945],[-78.518091,-1.805985],[-78.517976,-1.806046],[-78.517715,-1.80634],[-78.517407,-1.80638],[-78.517168,-1.806453],[-78.516738,-1.806455],[-78.516575,-1.806428],[-78.516401,-1.806592],[-78.516226,-1.806636],[-78.516095,-1.806591],[-78.515997,-1.806419],[-78.515937,-1.806389],[-78.515652,-1.806494],[-78.515385,-1.806395],[-78.514754,-1.80638],[-78.514453,-1.80628],[-78.514209,-1.806115],[-78.514135,-1.806097],[-78.51398,-1.806163],[-78.513874,-1.806497],[-78.513808,-1.806492],[-78.513653,-1.806277],[-78.513571,-1.806243],[-78.513388,-1.806454],[-78.513162,-1.80639],[-78.512698,-1.806596],[-78.512368,-1.806594],[-78.512147,-1.806523],[-78.511969,-1.806617],[-78.511879,-1.806586],[-78.511749,-1.806439],[-78.511659,-1.806267],[-78.511654,-1.806093],[-78.511596,-1.806065],[-78.511403,-1.80616],[-78.511143,-1.806079],[-78.511084,-1.806096],[-78.511036,-1.806155],[-78.510876,-1.806204],[-78.510651,-1.806112],[-78.510586,-1.806224],[-78.510564,-1.806447],[-78.510524,-1.806503],[-78.510319,-1.806273],[-78.510196,-1.806221],[-78.510146,-1.806022],[-78.510064,-1.805909],[-78.509967,-1.805937],[-78.50994,-1.806],[-78.50993,-1.80645],[-78.509558,-1.806223],[-78.509388,-1.806211],[-78.509379,-1.806149],[-78.509437,-1.805957],[-78.509381,-1.805899],[-78.508936,-1.805975],[-78.508743,-1.806118],[-78.508692,-1.806063],[-78.508766,-1.805865],[-78.508705,-1.805804],[-78.50855,-1.805888],[-78.508451,-1.80598],[-78.508416,-1.806072],[-78.5083,-1.80614],[-78.508112,-1.806089],[-78.50791,-1.805894],[-78.507774,-1.805828],[-78.507706,-1.805841],[-78.507648,-1.805969],[-78.507548,-1.806009],[-78.50746,-1.805902],[-78.507411,-1.805742],[-78.507413,-1.805459],[-78.506925,-1.80542],[-78.506716,-1.805451],[-78.506522,-1.805526],[-78.506451,-1.805477],[-78.50638,-1.805347],[-78.506411,-1.805158],[-78.506325,-1.80509],[-78.506109,-1.805006],[-78.506039,-1.804793],[-78.505912,-1.804573],[-78.505865,-1.804551],[-78.505729,-1.804569],[-78.505679,-1.804542],[-78.505647,-1.804411],[-78.505681,-1.804056],[-78.505545,-1.803933],[-78.505514,-1.803831],[-78.505598,-1.803614],[-78.505551,-1.803586],[-78.505341,-1.803655],[-78.505156,-1.803566],[-78.505077,-1.803498],[-78.504999,-1.803245],[-78.50488,-1.803119],[-78.505001,-1.803082],[-78.504995,-1.802996],[-78.504719,-1.802925],[-78.504464,-1.802931],[-78.504417,-1.802894],[-78.504315,-1.802666],[-78.504177,-1.802498],[-78.503986,-1.802379],[-78.503871,-1.802377],[-78.503735,-1.802318],[-78.503714,-1.802269],[-78.503761,-1.802204],[-78.503804,-1.801945],[-78.503782,-1.801871],[-78.503661,-1.801852],[-78.503521,-1.801893],[-78.503437,-1.801884],[-78.503315,-1.801841],[-78.503286,-1.801709],[-78.503228,-1.801685],[-78.503182,-1.801695],[-78.503125,-1.801807],[-78.503036,-1.801821],[-78.502904,-1.801716],[-78.50283,-1.80157],[-78.502758,-1.801504],[-78.502575,-1.801527],[-78.502375,-1.801409],[-78.502305,-1.801398],[-78.502142,-1.801476],[-78.502027,-1.801453],[-78.501938,-1.801375],[-78.502003,-1.801213],[-78.501987,-1.801134],[-78.501732,-1.801055],[-78.501705,-1.800987],[-78.501721,-1.800885],[-78.501602,-1.800864],[-78.501406,-1.800712],[-78.501297,-1.800665],[-78.501164,-1.800435],[-78.500946,-1.800398],[-78.500963,-1.800251],[-78.500938,-1.800211],[-78.500862,-1.800165],[-78.500783,-1.800032],[-78.500536,-1.799826],[-78.500515,-1.799744],[-78.50057,-1.799576],[-78.500504,-1.799508],[-78.500536,-1.799392],[-78.500452,-1.799242],[-78.500649,-1.798949],[-78.500809,-1.798993],[-78.500835,-1.798927],[-78.50082,-1.798862],[-78.500743,-1.798811],[-78.500763,-1.798747],[-78.500929,-1.79867],[-78.500898,-1.798506],[-78.500947,-1.798465],[-78.501078,-1.798443],[-78.501063,-1.798295],[-78.501148,-1.798164],[-78.50112,-1.797971],[-78.501137,-1.797841],[-78.501086,-1.797741],[-78.501091,-1.797664],[-78.501341,-1.797346],[-78.501518,-1.797227],[-78.501519,-1.797156],[-78.501457,-1.797042],[-78.501487,-1.796916],[-78.501462,-1.796833],[-78.501419,-1.796752],[-78.50132,-1.796676],[-78.501236,-1.796702],[-78.501066,-1.796854],[-78.500899,-1.796857],[-78.500828,-1.796812],[-78.500667,-1.79679],[-78.50029,-1.796632],[-78.500217,-1.796508],[-78.500121,-1.796467],[-78.499873,-1.796238],[-78.49968,-1.79618],[-78.499493,-1.796031],[-78.499418,-1.796022],[-78.499294,-1.79612],[-78.499226,-1.796125],[-78.499126,-1.79596],[-78.498947,-1.795807],[-78.498952,-1.795665],[-78.498908,-1.795605],[-78.49866,-1.795514],[-78.498407,-1.795202],[-78.498167,-1.795102],[-78.498139,-1.795039],[-78.498223,-1.794855],[-78.49822,-1.794631],[-78.498094,-1.794448],[-78.497959,-1.794047],[-78.498045,-1.793987],[-78.498048,-1.793948],[-78.497836,-1.793778],[-78.497832,-1.793715],[-78.497916,-1.793673],[-78.497929,-1.793614],[-78.497908,-1.793553],[-78.497785,-1.793493],[-78.497738,-1.793427],[-78.497753,-1.7931],[-78.497553,-1.792833],[-78.497535,-1.792641],[-78.497366,-1.792607],[-78.497322,-1.792456],[-78.497109,-1.792243],[-78.49709,-1.79209],[-78.496833,-1.791984],[-78.496712,-1.791788],[-78.496525,-1.7917],[-78.496447,-1.791582],[-78.496234,-1.791547],[-78.496161,-1.791481],[-78.495988,-1.791439],[-78.495852,-1.791466],[-78.495425,-1.791245],[-78.495392,-1.791103],[-78.495322,-1.790983],[-78.49539,-1.790829],[-78.495398,-1.790713],[-78.495304,-1.790586],[-78.495125,-1.790564],[-78.494874,-1.790705],[-78.494617,-1.790716],[-78.494452,-1.790619],[-78.49432,-1.790651],[-78.494218,-1.790586],[-78.494008,-1.790543],[-78.493892,-1.79042],[-78.493787,-1.790394],[-78.493676,-1.790258],[-78.493535,-1.790244],[-78.49322,-1.789902],[-78.493135,-1.78987],[-78.493005,-1.789904],[-78.492925,-1.789812],[-78.49292,-1.789723],[-78.492823,-1.789644],[-78.492818,-1.789577],[-78.492556,-1.789523],[-78.492514,-1.789392],[-78.4924,-1.789443],[-78.492283,-1.78941],[-78.492133,-1.789205],[-78.492074,-1.789188],[-78.491997,-1.789044],[-78.491919,-1.78905],[-78.491819,-1.789139],[-78.491743,-1.789021],[-78.49162,-1.788923],[-78.491447,-1.788904],[-78.49143,-1.788787],[-78.491372,-1.788791],[-78.491366,-1.788737],[-78.491334,-1.788726],[-78.491176,-1.788823],[-78.490764,-1.789264],[-78.490399,-1.789452],[-78.49033,-1.789633],[-78.490082,-1.789782],[-78.469931,-1.79217],[-78.461031,-1.791543],[-78.460887,-1.791667],[-78.460784,-1.791698],[-78.460593,-1.791872],[-78.460389,-1.791943],[-78.460232,-1.791959],[-78.46007,-1.791919],[-78.4599,-1.791803],[-78.45974,-1.791776],[-78.459614,-1.791707],[-78.459408,-1.791732],[-78.459036,-1.791629],[-78.458604,-1.791626],[-78.458457,-1.791597],[-78.458356,-1.791504],[-78.457892,-1.791504],[-78.457798,-1.791427],[-78.457751,-1.791477],[-78.45777,-1.791565],[-78.457717,-1.79158],[-78.457523,-1.791357],[-78.457395,-1.791292],[-78.457422,-1.791183],[-78.457402,-1.791162],[-78.457317,-1.791216],[-78.457261,-1.79132],[-78.457162,-1.79135],[-78.457094,-1.791447],[-78.456882,-1.791348],[-78.45681,-1.791425],[-78.456606,-1.791422],[-78.456277,-1.791471],[-78.456157,-1.79141],[-78.456016,-1.791276],[-78.455929,-1.791258],[-78.45575,-1.791148],[-78.455568,-1.79094],[-78.455512,-1.790813],[-78.455124,-1.790521],[-78.454894,-1.790397],[-78.454789,-1.790359],[-78.454658,-1.790378],[-78.4545,-1.790329],[-78.454296,-1.79033],[-78.454242,-1.790264],[-78.454158,-1.790259],[-78.454046,-1.79019],[-78.453853,-1.790133],[-78.453649,-1.790017],[-78.45348,-1.789996],[-78.453151,-1.789839],[-78.452915,-1.789833],[-78.452772,-1.789898],[-78.452585,-1.789842],[-78.452408,-1.789898],[-78.452319,-1.789777],[-78.452243,-1.789743],[-78.452193,-1.789615],[-78.451825,-1.789427],[-78.451746,-1.789322],[-78.451701,-1.789347],[-78.451724,-1.789415],[-78.451644,-1.789443],[-78.451604,-1.789427],[-78.451607,-1.789342],[-78.451567,-1.789342],[-78.451492,-1.789416],[-78.451414,-1.789304],[-78.451284,-1.78946],[-78.451276,-1.789331],[-78.451169,-1.789395],[-78.451095,-1.789387],[-78.45101,-1.789536],[-78.450919,-1.789607],[-78.450889,-1.78977],[-78.450764,-1.789695],[-78.450704,-1.789695],[-78.450674,-1.789553],[-78.450926,-1.789346],[-78.45102,-1.789171],[-78.451333,-1.788919],[-78.451291,-1.788731],[-78.451314,-1.788652],[-78.451428,-1.788602],[-78.451554,-1.788452],[-78.451535,-1.788342],[-78.451411,-1.788272],[-78.451397,-1.788206],[-78.451746,-1.788095],[-78.451833,-1.787926],[-78.451905,-1.787363],[-78.451828,-1.787227],[-78.45179,-1.787052],[-78.45186,-1.78688],[-78.451865,-1.786727],[-78.451746,-1.786533],[-78.451565,-1.786467],[-78.451524,-1.7864],[-78.451905,-1.785904],[-78.452004,-1.785712],[-78.451969,-1.785712],[-78.451866,-1.785554],[-78.451836,-1.785423],[-78.451859,-1.785311],[-78.451925,-1.785239],[-78.451863,-1.785151],[-78.451889,-1.784942],[-78.451965,-1.784744],[-78.451943,-1.78457],[-78.451988,-1.784433],[-78.451979,-1.784355],[-78.451867,-1.784209],[-78.451788,-1.783976],[-78.45165,-1.783886],[-78.451412,-1.783825],[-78.451398,-1.783718],[-78.451326,-1.783551],[-78.451254,-1.783485],[-78.451215,-1.783356],[-78.451266,-1.78296],[-78.450951,-1.78273],[-78.450908,-1.782645],[-78.450907,-1.782556],[-78.450968,-1.782486],[-78.450971,-1.782401],[-78.450776,-1.782237],[-78.450525,-1.782147],[-78.450487,-1.782088],[-78.450488,-1.781958],[-78.450342,-1.781835],[-78.45034,-1.781741],[-78.450416,-1.78168],[-78.450442,-1.781464],[-78.450379,-1.781321],[-78.450272,-1.781273],[-78.45022,-1.781197],[-78.450185,-1.781059],[-78.450201,-1.780943],[-78.450065,-1.780675],[-78.450086,-1.780426],[-78.449951,-1.780258],[-78.450059,-1.780005],[-78.450004,-1.779899],[-78.45016,-1.779667],[-78.450184,-1.77951],[-78.450354,-1.779332],[-78.450446,-1.779142],[-78.450485,-1.778738],[-78.450408,-1.778662],[-78.450454,-1.778517],[-78.450392,-1.778404],[-78.450468,-1.778058],[-78.450281,-1.777816],[-78.450125,-1.777321],[-78.450197,-1.777277],[-78.450322,-1.777042],[-78.450349,-1.776936],[-78.450341,-1.776717],[-78.450422,-1.776268],[-78.450373,-1.775488],[-78.450467,-1.774958],[-78.450398,-1.774667],[-78.450471,-1.77443],[-78.450399,-1.774375],[-78.45037,-1.774285],[-78.450489,-1.773957],[-78.450427,-1.773266],[-78.450462,-1.772935],[-78.450402,-1.772781],[-78.450293,-1.772635],[-78.450273,-1.772499],[-78.450185,-1.772366],[-78.450161,-1.772271],[-78.450183,-1.772142],[-78.450106,-1.772083],[-78.450036,-1.771802],[-78.449953,-1.771735],[-78.449939,-1.771591],[-78.449851,-1.771479],[-78.449818,-1.771324],[-78.449751,-1.771269],[-78.449764,-1.771175],[-78.449815,-1.771095],[-78.449812,-1.770956],[-78.44983,-1.770914],[-78.449969,-1.770834],[-78.449958,-1.77075],[-78.449999,-1.770717],[-78.450023,-1.770634],[-78.449994,-1.77054],[-78.450066,-1.770464],[-78.45008,-1.770328],[-78.450188,-1.770209],[-78.450165,-1.770037],[-78.4502,-1.769992],[-78.450229,-1.769835],[-78.450184,-1.769643],[-78.449873,-1.769362],[-78.449944,-1.769052],[-78.44993,-1.768809],[-78.449759,-1.768617],[-78.449702,-1.768427],[-78.449748,-1.768363],[-78.449791,-1.76812],[-78.449777,-1.76802],[-78.449881,-1.767639],[-78.449833,-1.7675],[-78.449907,-1.767206],[-78.449776,-1.767046],[-78.449797,-1.766912],[-78.449654,-1.766791],[-78.449655,-1.766548],[-78.449515,-1.766535]]]}},{"type":"Feature","properties":{"DPA_DESPAR":"PUNIN","DPA_PARROQ":"060158"},"geometry":{"type":"Polygon","coordinates":[[[-78.690489,-1.723168],[-78.690118,-1.723206],[-78.689272,-1.723364],[-78.689145,-1.723414],[-78.688927,-1.723406],[-78.688706,-1.723472],[-78.688274,-1.723503],[-78.688138,-1.723555],[-78.687877,-1.72357],[-78.687731,-1.723501],[-78.687469,-1.723646],[-78.687273,-1.723704],[-78.687194,-1.72368],[-78.68707,-1.723727],[-78.687016,-1.723783],[-78.686953,-1.723754],[-78.68683,-1.723824],[-78.686598,-1.723752],[-78.686478,-1.723784],[-78.686414,-1.723769],[-78.686158,-1.723984],[-78.686101,-1.723921],[-78.685938,-1.723907],[-78.685871,-1.72395],[-78.68575,-1.723934],[-78.685424,-1.724093],[-78.685284,-1.724069],[-78.685061,-1.724107],[-78.684466,-1.724121],[-78.684255,-1.724255],[-78.683719,-1.724272],[-78.68338,-1.724413],[-78.683213,-1.724442],[-78.683082,-1.724547],[-78.682737,-1.724585],[-78.682479,-1.72474],[-78.682421,-1.72487],[-78.682292,-1.72498],[-78.682069,-1.725007],[-78.68174,-1.725196],[-78.681527,-1.725412],[-78.681456,-1.725574],[-78.681361,-1.725672],[-78.681348,-1.725775],[-78.681078,-1.725813],[-78.680935,-1.725972],[-78.680836,-1.72601],[-78.680372,-1.725979],[-78.680201,-1.726007],[-78.680106,-1.726059],[-78.680045,-1.726206],[-78.679874,-1.726303],[-78.679687,-1.726311],[-78.679584,-1.726462],[-78.679377,-1.726542],[-78.67931,-1.726645],[-78.679227,-1.726659],[-78.679056,-1.726574],[-78.67894,-1.726584],[-78.67858,-1.726901],[-78.678534,-1.726916],[-78.678363,-1.726849],[-78.678266,-1.726874],[-78.678021,-1.727055],[-78.677886,-1.727108],[-78.677727,-1.72729],[-78.677541,-1.727313],[-78.677343,-1.727481],[-78.676381,-1.727807],[-78.676145,-1.727831],[-78.675912,-1.728084],[-78.675789,-1.728388],[-78.675749,-1.728418],[-78.675444,-1.728386],[-78.67515,-1.728488],[-78.675075,-1.728582],[-78.675016,-1.728761],[-78.674786,-1.72882],[-78.674749,-1.72889],[-78.674643,-1.728973],[-78.674562,-1.7292],[-78.674494,-1.729273],[-78.674387,-1.729279],[-78.674189,-1.729105],[-78.674065,-1.729082],[-78.673993,-1.729151],[-78.673805,-1.729479],[-78.673716,-1.729482],[-78.67353,-1.729403],[-78.673363,-1.729402],[-78.673173,-1.729516],[-78.672766,-1.729494],[-78.672608,-1.729551],[-78.672406,-1.729736],[-78.672207,-1.729835],[-78.67204,-1.729975],[-78.671838,-1.730034],[-78.671719,-1.730157],[-78.671568,-1.730067],[-78.67147,-1.730064],[-78.671291,-1.730135],[-78.670971,-1.730196],[-78.670938,-1.730226],[-78.671218,-1.730736],[-78.671327,-1.731258],[-78.671295,-1.731949],[-78.671165,-1.732575],[-78.671067,-1.732882],[-78.670708,-1.732866],[-78.670423,-1.732797],[-78.670189,-1.732812],[-78.669747,-1.73294],[-78.669606,-1.73305],[-78.669408,-1.733088],[-78.668975,-1.733336],[-78.668827,-1.733378],[-78.668328,-1.733226],[-78.668137,-1.733266],[-78.667788,-1.733229],[-78.667717,-1.733358],[-78.667612,-1.733398],[-78.66752,-1.733505],[-78.66743,-1.733668],[-78.667267,-1.733687],[-78.667172,-1.733834],[-78.667117,-1.733761],[-78.666969,-1.733731],[-78.666721,-1.733622],[-78.666638,-1.733613],[-78.666518,-1.733663],[-78.666272,-1.733667],[-78.666179,-1.733627],[-78.66612,-1.733551],[-78.665864,-1.73354],[-78.665694,-1.733612],[-78.665514,-1.733617],[-78.665433,-1.733719],[-78.665289,-1.733783],[-78.665249,-1.733898],[-78.665154,-1.733999],[-78.665057,-1.73404],[-78.664983,-1.734023],[-78.664865,-1.73406],[-78.664677,-1.733895],[-78.664703,-1.733612],[-78.664612,-1.733361],[-78.664432,-1.733328],[-78.664237,-1.733375],[-78.664044,-1.733482],[-78.663971,-1.733667],[-78.663877,-1.733714],[-78.663756,-1.733662],[-78.663655,-1.73352],[-78.663575,-1.733479],[-78.663173,-1.733435],[-78.66247,-1.733261],[-78.661923,-1.732984],[-78.661769,-1.732839],[-78.661678,-1.732815],[-78.661583,-1.732836],[-78.661361,-1.73274],[-78.661063,-1.732491],[-78.660547,-1.732233],[-78.660431,-1.732104],[-78.660341,-1.731841],[-78.66026,-1.731767],[-78.660069,-1.731734],[-78.659838,-1.731754],[-78.659696,-1.731655],[-78.659446,-1.731602],[-78.659233,-1.731764],[-78.659014,-1.731787],[-78.658891,-1.731882],[-78.658821,-1.73188],[-78.658722,-1.731812],[-78.65854,-1.731797],[-78.658286,-1.731972],[-78.657918,-1.732008],[-78.65746,-1.731689],[-78.657157,-1.73142],[-78.657017,-1.731249],[-78.656912,-1.731207],[-78.656803,-1.731232],[-78.656694,-1.731344],[-78.656446,-1.731477],[-78.656182,-1.731764],[-78.655938,-1.731932],[-78.655833,-1.732057],[-78.655664,-1.73208],[-78.655532,-1.732206],[-78.655136,-1.732296],[-78.654819,-1.73228],[-78.654531,-1.732218],[-78.654312,-1.73226],[-78.653967,-1.732187],[-78.653736,-1.732017],[-78.653612,-1.73197],[-78.653275,-1.73171],[-78.653136,-1.731694],[-78.652992,-1.73182],[-78.652913,-1.731972],[-78.652742,-1.73215],[-78.652596,-1.732415],[-78.65254,-1.732461],[-78.652355,-1.732507],[-78.651911,-1.732439],[-78.651836,-1.732453],[-78.651612,-1.732632],[-78.651409,-1.732699],[-78.651248,-1.732832],[-78.651071,-1.732894],[-78.650921,-1.732866],[-78.650864,-1.732793],[-78.650769,-1.732744],[-78.650483,-1.732843],[-78.650366,-1.732828],[-78.650145,-1.732727],[-78.649971,-1.73272],[-78.649809,-1.73256],[-78.64977,-1.732401],[-78.649447,-1.732231],[-78.649206,-1.732004],[-78.649036,-1.732227],[-78.648823,-1.73238],[-78.648233,-1.732447],[-78.647936,-1.732514],[-78.647288,-1.732842],[-78.647107,-1.733024],[-78.647068,-1.733274],[-78.647099,-1.733631],[-78.647927,-1.737394],[-78.646807,-1.737319],[-78.646715,-1.738496],[-78.642408,-1.738141],[-78.64227,-1.738136],[-78.642265,-1.73828],[-78.641571,-1.738044],[-78.641643,-1.7387],[-78.638544,-1.739755],[-78.638467,-1.73964],[-78.636652,-1.740758],[-78.636479,-1.740607],[-78.636335,-1.740377],[-78.635353,-1.738325],[-78.635334,-1.738202],[-78.635379,-1.738124],[-78.635387,-1.738028],[-78.635346,-1.737914],[-78.635348,-1.737738],[-78.63541,-1.737613],[-78.635068,-1.737661],[-78.634561,-1.737816],[-78.634339,-1.737939],[-78.634085,-1.738177],[-78.634003,-1.738164],[-78.633933,-1.738108],[-78.633847,-1.737979],[-78.633835,-1.737812],[-78.633888,-1.737489],[-78.633865,-1.737437],[-78.633797,-1.737405],[-78.633503,-1.737566],[-78.633321,-1.737596],[-78.633179,-1.737566],[-78.632915,-1.737428],[-78.632817,-1.73741],[-78.632653,-1.737451],[-78.632463,-1.737658],[-78.632573,-1.73776],[-78.632577,-1.738006],[-78.632656,-1.738183],[-78.633457,-1.738491],[-78.63363,-1.738683],[-78.633684,-1.738791],[-78.633533,-1.739033],[-78.633511,-1.739152],[-78.63361,-1.739352],[-78.633944,-1.739673],[-78.634413,-1.73994],[-78.634714,-1.740611],[-78.634995,-1.740917],[-78.635414,-1.741274],[-78.635455,-1.741572],[-78.635318,-1.741812],[-78.635302,-1.741917],[-78.635332,-1.742102],[-78.635402,-1.742213],[-78.63558,-1.742355],[-78.63575,-1.742426],[-78.635899,-1.7424],[-78.636001,-1.74222],[-78.636095,-1.742231],[-78.636212,-1.742353],[-78.636489,-1.743142],[-78.636438,-1.743295],[-78.636523,-1.743917],[-78.636578,-1.743963],[-78.637032,-1.744102],[-78.63706,-1.744134],[-78.637025,-1.744339],[-78.637031,-1.744569],[-78.637138,-1.744801],[-78.637143,-1.745085],[-78.637219,-1.745366],[-78.637354,-1.745518],[-78.637448,-1.74552],[-78.637562,-1.745467],[-78.637702,-1.745519],[-78.63791,-1.745719],[-78.638174,-1.7462],[-78.638546,-1.747438],[-78.638713,-1.747719],[-78.639139,-1.747838],[-78.639594,-1.747916],[-78.640409,-1.74826],[-78.640665,-1.748686],[-78.640784,-1.748952],[-78.640945,-1.74911],[-78.641195,-1.749039],[-78.641299,-1.749062],[-78.641396,-1.749135],[-78.642021,-1.750167],[-78.642374,-1.750497],[-78.642493,-1.750543],[-78.642647,-1.750515],[-78.64288,-1.750239],[-78.642927,-1.750225],[-78.642996,-1.750254],[-78.643085,-1.750409],[-78.643249,-1.750511],[-78.643316,-1.750636],[-78.643315,-1.750748],[-78.64316,-1.751429],[-78.643101,-1.752041],[-78.643128,-1.752308],[-78.643211,-1.752421],[-78.643379,-1.752526],[-78.643927,-1.752571],[-78.644196,-1.752552],[-78.644267,-1.752605],[-78.644322,-1.75278],[-78.644323,-1.752898],[-78.644148,-1.753309],[-78.64414,-1.753508],[-78.644184,-1.753842],[-78.64432,-1.754225],[-78.644728,-1.754826],[-78.645216,-1.755229],[-78.645766,-1.755381],[-78.645927,-1.755539],[-78.645985,-1.755681],[-78.646004,-1.755883],[-78.645911,-1.756781],[-78.64579,-1.75748],[-78.645868,-1.757623],[-78.64612,-1.757705],[-78.646271,-1.757812],[-78.646376,-1.75795],[-78.646433,-1.758127],[-78.646433,-1.758241],[-78.646295,-1.758505],[-78.646287,-1.758701],[-78.646348,-1.758868],[-78.646509,-1.759132],[-78.646649,-1.759564],[-78.646614,-1.759659],[-78.64612,-1.760341],[-78.646117,-1.760427],[-78.646234,-1.760649],[-78.646226,-1.760733],[-78.646011,-1.760866],[-78.645493,-1.760999],[-78.6454,-1.76113],[-78.645381,-1.761222],[-78.645443,-1.761502],[-78.645515,-1.761582],[-78.64582,-1.76176],[-78.645937,-1.76187],[-78.646124,-1.762228],[-78.646129,-1.762602],[-78.645901,-1.762825],[-78.645809,-1.763118],[-78.645825,-1.763242],[-78.64607,-1.763542],[-78.646397,-1.764037],[-78.646634,-1.76426],[-78.646806,-1.764592],[-78.646686,-1.764794],[-78.646377,-1.76494],[-78.646303,-1.76501],[-78.646212,-1.765196],[-78.646244,-1.765334],[-78.646706,-1.765761],[-78.646805,-1.765935],[-78.646757,-1.766053],[-78.646524,-1.766287],[-78.64622,-1.766529],[-78.646099,-1.766721],[-78.646127,-1.766852],[-78.646533,-1.767112],[-78.646694,-1.767294],[-78.64666,-1.767401],[-78.646343,-1.767641],[-78.646299,-1.767724],[-78.646292,-1.76784],[-78.646324,-1.76792],[-78.64681,-1.768114],[-78.646965,-1.768207],[-78.647077,-1.768369],[-78.647135,-1.768548],[-78.647309,-1.768785],[-78.647275,-1.768903],[-78.646979,-1.769076],[-78.646892,-1.769171],[-78.646867,-1.769423],[-78.646981,-1.769663],[-78.647065,-1.769737],[-78.647268,-1.769784],[-78.64735,-1.769876],[-78.64758,-1.769882],[-78.647732,-1.769977],[-78.647867,-1.770012],[-78.648091,-1.770208],[-78.64815,-1.770515],[-78.647992,-1.770668],[-78.647914,-1.770799],[-78.64792,-1.771035],[-78.648013,-1.771352],[-78.648165,-1.771493],[-78.648522,-1.771622],[-78.648779,-1.772022],[-78.648967,-1.772134],[-78.649014,-1.772208],[-78.649033,-1.77233],[-78.64902,-1.772595],[-78.649157,-1.772831],[-78.649339,-1.772954],[-78.649379,-1.773159],[-78.649485,-1.773326],[-78.649882,-1.77352],[-78.650101,-1.773556],[-78.650189,-1.77363],[-78.650268,-1.773916],[-78.650289,-1.774275],[-78.650194,-1.774463],[-78.650034,-1.774583],[-78.650017,-1.774692],[-78.650045,-1.774784],[-78.650253,-1.775114],[-78.650383,-1.775268],[-78.650457,-1.775533],[-78.650369,-1.776118],[-78.650475,-1.776449],[-78.650493,-1.776632],[-78.650454,-1.77688],[-78.650361,-1.777128],[-78.650067,-1.777489],[-78.649784,-1.777767],[-78.649628,-1.77806],[-78.649328,-1.778162],[-78.649169,-1.778249],[-78.649028,-1.778377],[-78.648785,-1.77875],[-78.648646,-1.779217],[-78.648316,-1.779548],[-78.648152,-1.77961],[-78.647768,-1.779508],[-78.647676,-1.77951],[-78.647625,-1.77967],[-78.647522,-1.77984],[-78.64701,-1.780335],[-78.646918,-1.780627],[-78.646976,-1.780939],[-78.647105,-1.781212],[-78.647364,-1.781381],[-78.647341,-1.781535],[-78.647185,-1.781773],[-78.647077,-1.781861],[-78.646754,-1.781998],[-78.646668,-1.782067],[-78.646533,-1.782257],[-78.646392,-1.782581],[-78.646073,-1.782857],[-78.646068,-1.782991],[-78.646108,-1.783091],[-78.646057,-1.783258],[-78.645862,-1.783593],[-78.645845,-1.783682],[-78.645698,-1.783762],[-78.645663,-1.783962],[-78.645555,-1.784076],[-78.645535,-1.784144],[-78.645621,-1.78472],[-78.645617,-1.784995],[-78.645726,-1.785201],[-78.645706,-1.785266],[-78.645649,-1.785314],[-78.645623,-1.785453],[-78.645527,-1.785657],[-78.645538,-1.785931],[-78.645709,-1.786222],[-78.645576,-1.786422],[-78.645574,-1.786474],[-78.645851,-1.786725],[-78.645902,-1.786962],[-78.645964,-1.787045],[-78.646562,-1.787278],[-78.646747,-1.787437],[-78.646965,-1.787485],[-78.647117,-1.78776],[-78.647196,-1.787774],[-78.647376,-1.787692],[-78.647512,-1.78771],[-78.648131,-1.788097],[-78.64828,-1.78822],[-78.648334,-1.788332],[-78.648356,-1.788627],[-78.648592,-1.788854],[-78.648654,-1.789041],[-78.648682,-1.789306],[-78.648812,-1.789499],[-78.648863,-1.789647],[-78.648864,-1.789832],[-78.648803,-1.790023],[-78.64885,-1.790105],[-78.649052,-1.79029],[-78.648998,-1.790553],[-78.649021,-1.790684],[-78.649101,-1.790768],[-78.649329,-1.790868],[-78.649403,-1.791131],[-78.6495,-1.791285],[-78.64955,-1.791337],[-78.649713,-1.791399],[-78.649679,-1.791744],[-78.649756,-1.791941],[-78.649703,-1.792155],[-78.64972,-1.792506],[-78.649511,-1.792781],[-78.649603,-1.792956],[-78.649596,-1.793075],[-78.64942,-1.793344],[-78.649159,-1.793541],[-78.649004,-1.793774],[-78.648908,-1.794772],[-78.648945,-1.79538],[-78.649035,-1.795446],[-78.649213,-1.795511],[-78.649315,-1.795598],[-78.649463,-1.795821],[-78.649548,-1.796164],[-78.649688,-1.796278],[-78.649819,-1.796295],[-78.650115,-1.796204],[-78.650383,-1.796245],[-78.650836,-1.79653],[-78.65125,-1.796874],[-78.651543,-1.796911],[-78.652044,-1.797264],[-78.652467,-1.797391],[-78.652806,-1.797454],[-78.653051,-1.797601],[-78.6532,-1.797766],[-78.653359,-1.797885],[-78.653723,-1.797971],[-78.653812,-1.798096],[-78.653843,-1.798355],[-78.6539,-1.798423],[-78.65463,-1.798669],[-78.654913,-1.798797],[-78.655209,-1.798832],[-78.655406,-1.798822],[-78.65568,-1.798877],[-78.655919,-1.798845],[-78.656354,-1.799046],[-78.656566,-1.799362],[-78.657068,-1.800517],[-78.657199,-1.801012],[-78.65733,-1.801294],[-78.657351,-1.801447],[-78.657507,-1.801605],[-78.65774,-1.801691],[-78.657931,-1.8019],[-78.657977,-1.802092],[-78.657625,-1.802713],[-78.65755,-1.803019],[-78.657707,-1.80359],[-78.657717,-1.803725],[-78.657973,-1.804173],[-78.657889,-1.804487],[-78.657872,-1.804781],[-78.658334,-1.804795],[-78.65869,-1.804727],[-78.659029,-1.804574],[-78.659203,-1.804459],[-78.659354,-1.804221],[-78.659844,-1.803934],[-78.661143,-1.804471],[-78.661491,-1.804083],[-78.661465,-1.804064],[-78.661798,-1.803547],[-78.662355,-1.802882],[-78.66235,-1.802336],[-78.662635,-1.802446],[-78.662758,-1.802442],[-78.662879,-1.802481],[-78.663109,-1.802268],[-78.66322,-1.802271],[-78.66345,-1.802018],[-78.663897,-1.802067],[-78.664003,-1.801961],[-78.663979,-1.801829],[-78.664071,-1.801382],[-78.664037,-1.800787],[-78.664072,-1.800622],[-78.664306,-1.800173],[-78.664309,-1.80003],[-78.664403,-1.799819],[-78.664548,-1.799861],[-78.664661,-1.799995],[-78.664839,-1.799884],[-78.664997,-1.799875],[-78.665262,-1.799963],[-78.665514,-1.79998],[-78.665724,-1.800071],[-78.665818,-1.800035],[-78.666836,-1.800332],[-78.667091,-1.799673],[-78.667849,-1.799714],[-78.674184,-1.800597],[-78.674614,-1.800236],[-78.674791,-1.800159],[-78.675455,-1.800017],[-78.675653,-1.799869],[-78.676273,-1.79928],[-78.676815,-1.799031],[-78.678921,-1.798842],[-78.679078,-1.799276],[-78.679488,-1.799644],[-78.679903,-1.799864],[-78.679427,-1.800537],[-78.67843,-1.801552],[-78.677974,-1.802401],[-78.677981,-1.803335],[-78.67827,-1.80366],[-78.678357,-1.804066],[-78.678067,-1.804253],[-78.677783,-1.804351],[-78.677657,-1.804725],[-78.677661,-1.804949],[-78.677571,-1.805222],[-78.677477,-1.805403],[-78.67729,-1.805548],[-78.677246,-1.805796],[-78.677598,-1.806184],[-78.677845,-1.807309],[-78.678059,-1.807722],[-78.678187,-1.808215],[-78.678224,-1.80864],[-78.678333,-1.808871],[-78.67838,-1.810069],[-78.678578,-1.811264],[-78.679228,-1.813344],[-78.679546,-1.814922],[-78.679654,-1.815661],[-78.679827,-1.815855],[-78.67997,-1.816265],[-78.680534,-1.816868],[-78.680816,-1.816521],[-78.681158,-1.816362],[-78.68121,-1.816407],[-78.681308,-1.816422],[-78.681469,-1.8163],[-78.681571,-1.816308],[-78.681808,-1.816437],[-78.681974,-1.816445],[-78.682088,-1.816375],[-78.68246,-1.815886],[-78.682911,-1.816479],[-78.683185,-1.816277],[-78.68338,-1.816274],[-78.683459,-1.81621],[-78.683627,-1.816324],[-78.683864,-1.816412],[-78.684129,-1.816599],[-78.684276,-1.816758],[-78.684602,-1.816945],[-78.68497,-1.817052],[-78.685242,-1.817204],[-78.685531,-1.817478],[-78.685608,-1.817635],[-78.685913,-1.817603],[-78.686083,-1.817634],[-78.686237,-1.817614],[-78.68702,-1.817297],[-78.687005,-1.817253],[-78.687545,-1.817075],[-78.687826,-1.817184],[-78.6876,-1.816651],[-78.687507,-1.816313],[-78.687383,-1.814948],[-78.687386,-1.814243],[-78.687513,-1.813676],[-78.687758,-1.813337],[-78.687968,-1.812883],[-78.688201,-1.812596],[-78.688514,-1.812008],[-78.688803,-1.811364],[-78.689109,-1.810542],[-78.689016,-1.809786],[-78.689033,-1.809179],[-78.688955,-1.807642],[-78.689247,-1.806742],[-78.689276,-1.806279],[-78.68921,-1.805602],[-78.689421,-1.805106],[-78.689457,-1.80495],[-78.689498,-1.804468],[-78.68956,-1.804141],[-78.689605,-1.802756],[-78.689681,-1.802534],[-78.689874,-1.802278],[-78.704196,-1.802278],[-78.704004,-1.801956],[-78.703986,-1.801866],[-78.703895,-1.80172],[-78.703882,-1.801624],[-78.703811,-1.801543],[-78.703815,-1.8013],[-78.703772,-1.801196],[-78.703678,-1.80066],[-78.703696,-1.800543],[-78.703939,-1.800303],[-78.704051,-1.800051],[-78.704026,-1.799888],[-78.703855,-1.799513],[-78.703775,-1.799125],[-78.70378,-1.798983],[-78.70385,-1.798874],[-78.703853,-1.798806],[-78.703772,-1.798668],[-78.703686,-1.798343],[-78.703616,-1.798227],[-78.703457,-1.798093],[-78.703431,-1.797812],[-78.703328,-1.797608],[-78.702999,-1.797232],[-78.703067,-1.79688],[-78.703082,-1.796604],[-78.703258,-1.796166],[-78.70322,-1.796062],[-78.702975,-1.795789],[-78.702928,-1.79552],[-78.702853,-1.795436],[-78.702789,-1.79529],[-78.702768,-1.795012],[-78.702864,-1.794635],[-78.702941,-1.794499],[-78.70301,-1.794482],[-78.703043,-1.794433],[-78.703109,-1.794156],[-78.703105,-1.793895],[-78.702948,-1.793508],[-78.702846,-1.79343],[-78.702812,-1.793107],[-78.702832,-1.792839],[-78.702946,-1.792605],[-78.702974,-1.792417],[-78.702939,-1.792327],[-78.702856,-1.792245],[-78.702621,-1.79219],[-78.702538,-1.792118],[-78.702446,-1.791644],[-78.702467,-1.791518],[-78.702259,-1.791357],[-78.702187,-1.791122],[-78.702097,-1.791042],[-78.701973,-1.79085],[-78.701937,-1.790617],[-78.701965,-1.790273],[-78.701909,-1.790151],[-78.701905,-1.789873],[-78.701862,-1.78973],[-78.701906,-1.789426],[-78.701726,-1.789154],[-78.701677,-1.788703],[-78.701397,-1.788545],[-78.701324,-1.788431],[-78.701328,-1.788362],[-78.701525,-1.788167],[-78.701541,-1.788013],[-78.701615,-1.787943],[-78.701622,-1.787878],[-78.70176,-1.787795],[-78.7018,-1.787665],[-78.70162,-1.787419],[-78.701476,-1.787066],[-78.701457,-1.786598],[-78.701387,-1.786405],[-78.701181,-1.786046],[-78.70109,-1.78598],[-78.701045,-1.785893],[-78.700997,-1.785533],[-78.701073,-1.785217],[-78.700933,-1.784739],[-78.700875,-1.783682],[-78.700822,-1.783562],[-78.700566,-1.783303],[-78.70051,-1.783184],[-78.70025,-1.783111],[-78.700117,-1.782998],[-78.699812,-1.782511],[-78.699582,-1.782292],[-78.699497,-1.782084],[-78.699475,-1.781582],[-78.696542,-1.775961],[-78.696786,-1.775653],[-78.697058,-1.775571],[-78.697134,-1.775512],[-78.697197,-1.775167],[-78.697557,-1.774698],[-78.697585,-1.774613],[-78.697576,-1.774372],[-78.697434,-1.773837],[-78.697063,-1.772809],[-78.696973,-1.772227],[-78.697037,-1.772044],[-78.69718,-1.771879],[-78.697784,-1.771496],[-78.699507,-1.770744],[-78.699935,-1.770607],[-78.700208,-1.770626],[-78.700676,-1.770829],[-78.701799,-1.77081],[-78.702105,-1.770835],[-78.702467,-1.770808],[-78.702808,-1.770841],[-78.704159,-1.77083],[-78.704774,-1.770871],[-78.704961,-1.77083],[-78.705342,-1.770644],[-78.705608,-1.770602],[-78.707542,-1.770865],[-78.707699,-1.77083],[-78.707762,-1.770741],[-78.70775,-1.770668],[-78.707545,-1.770402],[-78.707197,-1.769851],[-78.706869,-1.769664],[-78.70671,-1.769527],[-78.706634,-1.769341],[-78.706636,-1.769134],[-78.706604,-1.769024],[-78.706215,-1.768732],[-78.705969,-1.76841],[-78.705921,-1.768305],[-78.705879,-1.768015],[-78.705818,-1.767911],[-78.705178,-1.767474],[-78.704943,-1.766925],[-78.704951,-1.766669],[-78.705141,-1.766061],[-78.705158,-1.765901],[-78.705124,-1.765442],[-78.704923,-1.764666],[-78.704879,-1.76416],[-78.704901,-1.76374],[-78.705068,-1.762454],[-78.705168,-1.761847],[-78.705244,-1.76158],[-78.705237,-1.761479],[-78.705117,-1.761163],[-78.705103,-1.760903],[-78.705435,-1.759521],[-78.705613,-1.75819],[-78.70582,-1.757347],[-78.705853,-1.756503],[-78.706084,-1.755193],[-78.706119,-1.754447],[-78.706091,-1.753781],[-78.706155,-1.753591],[-78.70503,-1.753787],[-78.704448,-1.753852],[-78.703359,-1.753822],[-78.702678,-1.753841],[-78.70161,-1.753205],[-78.701286,-1.752724],[-78.701231,-1.75252],[-78.701548,-1.752308],[-78.701835,-1.751996],[-78.702262,-1.751931],[-78.702441,-1.751828],[-78.702644,-1.75151],[-78.70293,-1.75117],[-78.703109,-1.751024],[-78.703392,-1.750617],[-78.705089,-1.748484],[-78.705384,-1.746203],[-78.700528,-1.74602],[-78.700575,-1.745902],[-78.700215,-1.745359],[-78.699951,-1.744819],[-78.699875,-1.744863],[-78.699582,-1.743829],[-78.699703,-1.743485],[-78.700835,-1.74166],[-78.701006,-1.741649],[-78.701351,-1.74154],[-78.701455,-1.741651],[-78.701645,-1.741778],[-78.702033,-1.74192],[-78.702792,-1.74172],[-78.702982,-1.741714],[-78.703238,-1.741819],[-78.703758,-1.741888],[-78.703976,-1.741983],[-78.704782,-1.742097],[-78.704909,-1.741984],[-78.705193,-1.741857],[-78.70561,-1.741801],[-78.705838,-1.741826],[-78.706554,-1.741618],[-78.706891,-1.741664],[-78.707251,-1.741655],[-78.707487,-1.741519],[-78.707676,-1.741325],[-78.707589,-1.74129],[-78.707396,-1.741278],[-78.707314,-1.741218],[-78.707186,-1.741228],[-78.707122,-1.741149],[-78.706888,-1.741057],[-78.70678,-1.740919],[-78.706788,-1.740799],[-78.70675,-1.740749],[-78.706468,-1.740749],[-78.706384,-1.740802],[-78.706223,-1.74079],[-78.706103,-1.74076],[-78.705949,-1.740641],[-78.705862,-1.740646],[-78.705894,-1.740597],[-78.705849,-1.740522],[-78.705621,-1.740443],[-78.705366,-1.740468],[-78.705122,-1.740376],[-78.704935,-1.74043],[-78.704844,-1.740406],[-78.704791,-1.740433],[-78.700294,-1.733811],[-78.698677,-1.732205],[-78.695421,-1.728877],[-78.694549,-1.728048],[-78.693612,-1.727367],[-78.693321,-1.727198],[-78.693128,-1.727123],[-78.69267,-1.72711],[-78.691823,-1.726727],[-78.69137,-1.726598],[-78.691177,-1.726472],[-78.691037,-1.72625],[-78.690991,-1.726082],[-78.690922,-1.725065],[-78.690744,-1.724087],[-78.690677,-1.723383],[-78.690628,-1.72315],[-78.690489,-1.723168]]]}},{"type":"Feature","properties":{"DPA_DESPAR":"QUIMIAG","DPA_PARROQ":"060159"},"geometry":{"type":"Polygon","coordinates":[[[-78.546923,-1.590599],[-78.546705,-1.590924],[-78.546586,-1.591294],[-78.546593,-1.591458],[-78.546721,-1.591833],[-78.54669,-1.592153],[-78.546721,-1.592564],[-78.5466,-1.592945],[-78.546369,-1.593242],[-78.546331,-1.593438],[-78.54617,-1.593758],[-78.545834,-1.593887],[-78.545295,-1.593933],[-78.545115,-1.594034],[-78.544879,-1.594299],[-78.544487,-1.594468],[-78.543613,-1.595452],[-78.54335,-1.595846],[-78.543089,-1.596116],[-78.542963,-1.596472],[-78.542607,-1.596813],[-78.542017,-1.597125],[-78.541519,-1.597449],[-78.541364,-1.597465],[-78.541121,-1.597349],[-78.54085,-1.597378],[-78.54036,-1.597546],[-78.539894,-1.597879],[-78.539833,-1.597951],[-78.539665,-1.598296],[-78.539407,-1.599081],[-78.539251,-1.599247],[-78.538916,-1.599453],[-78.53879,-1.599613],[-78.538729,-1.599772],[-78.538686,-1.600024],[-78.538731,-1.600866],[-78.538695,-1.601762],[-78.538467,-1.602332],[-78.538061,-1.602981],[-78.537705,-1.603364],[-78.537456,-1.603532],[-78.537272,-1.603772],[-78.537071,-1.603959],[-78.536827,-1.604326],[-78.536349,-1.604565],[-78.535832,-1.604743],[-78.53518,-1.604888],[-78.534405,-1.604912],[-78.533911,-1.604794],[-78.533107,-1.604456],[-78.532851,-1.604503],[-78.532417,-1.604492],[-78.53195,-1.604257],[-78.531534,-1.604213],[-78.530952,-1.604016],[-78.530771,-1.603893],[-78.530469,-1.6038],[-78.530287,-1.603684],[-78.529996,-1.60359],[-78.529834,-1.603582],[-78.52964,-1.603697],[-78.529265,-1.603697],[-78.529106,-1.60368],[-78.528777,-1.603574],[-78.52852,-1.603579],[-78.528168,-1.60367],[-78.527806,-1.603958],[-78.527696,-1.60417],[-78.527639,-1.604219],[-78.527379,-1.604303],[-78.52719,-1.604431],[-78.526974,-1.604444],[-78.526609,-1.604395],[-78.52612,-1.604239],[-78.52549,-1.604291],[-78.525072,-1.60461],[-78.524803,-1.604707],[-78.524327,-1.605048],[-78.524204,-1.605078],[-78.524103,-1.605083],[-78.5239,-1.605012],[-78.523473,-1.604998],[-78.522897,-1.604846],[-78.522743,-1.60486],[-78.522496,-1.604961],[-78.522373,-1.604974],[-78.522091,-1.60497],[-78.521739,-1.604903],[-78.521466,-1.604907],[-78.521039,-1.604778],[-78.520797,-1.604565],[-78.520727,-1.604551],[-78.520291,-1.60464],[-78.520185,-1.604693],[-78.520102,-1.604754],[-78.519969,-1.604963],[-78.519894,-1.604989],[-78.519732,-1.604984],[-78.519432,-1.604882],[-78.518988,-1.604851],[-78.518539,-1.604939],[-78.518249,-1.604958],[-78.517918,-1.605256],[-78.517769,-1.605684],[-78.517212,-1.606344],[-78.516938,-1.606589],[-78.516373,-1.606866],[-78.516175,-1.607268],[-78.515863,-1.607737],[-78.515472,-1.608098],[-78.515275,-1.608177],[-78.5151,-1.608336],[-78.515056,-1.608463],[-78.515049,-1.608862],[-78.514956,-1.60901],[-78.514797,-1.609022],[-78.514602,-1.608942],[-78.514289,-1.608645],[-78.514017,-1.608604],[-78.513805,-1.608513],[-78.513599,-1.608495],[-78.513338,-1.608373],[-78.513226,-1.608365],[-78.513091,-1.608404],[-78.512835,-1.608607],[-78.512839,-1.608724],[-78.512942,-1.608923],[-78.512929,-1.609059],[-78.512845,-1.609154],[-78.512502,-1.609389],[-78.512407,-1.609657],[-78.512177,-1.609943],[-78.512057,-1.61017],[-78.511894,-1.610347],[-78.511816,-1.610389],[-78.511768,-1.610538],[-78.511744,-1.610871],[-78.51154,-1.611417],[-78.511491,-1.611493],[-78.511284,-1.611664],[-78.51117,-1.611836],[-78.511008,-1.612206],[-78.510939,-1.612515],[-78.510932,-1.612709],[-78.510784,-1.613081],[-78.510827,-1.613513],[-78.510945,-1.613973],[-78.510902,-1.614096],[-78.510666,-1.614378],[-78.510606,-1.614988],[-78.510726,-1.615118],[-78.511015,-1.615222],[-78.511239,-1.615366],[-78.511328,-1.615469],[-78.511463,-1.61578],[-78.511616,-1.615999],[-78.511557,-1.616451],[-78.511588,-1.616563],[-78.511759,-1.616601],[-78.512143,-1.616524],[-78.512533,-1.616643],[-78.512596,-1.616698],[-78.512614,-1.616931],[-78.512684,-1.617074],[-78.512701,-1.617338],[-78.512652,-1.617682],[-78.512651,-1.617955],[-78.512539,-1.618184],[-78.512308,-1.618423],[-78.51228,-1.618525],[-78.512285,-1.618827],[-78.511995,-1.619603],[-78.511993,-1.619679],[-78.512182,-1.61998],[-78.512331,-1.620081],[-78.512402,-1.620302],[-78.512575,-1.620507],[-78.512737,-1.621092],[-78.512861,-1.621216],[-78.51316,-1.621343],[-78.513444,-1.621517],[-78.513543,-1.621714],[-78.51373,-1.621877],[-78.513978,-1.622368],[-78.513978,-1.622561],[-78.513844,-1.623136],[-78.513854,-1.623312],[-78.513733,-1.623528],[-78.513648,-1.623873],[-78.513673,-1.624],[-78.513655,-1.62408],[-78.513549,-1.624261],[-78.513507,-1.624462],[-78.513539,-1.62469],[-78.513448,-1.624971],[-78.513402,-1.625483],[-78.513446,-1.625691],[-78.513546,-1.625876],[-78.513846,-1.6262],[-78.513932,-1.626388],[-78.513945,-1.626577],[-78.513791,-1.626925],[-78.513767,-1.627128],[-78.513951,-1.627449],[-78.513965,-1.627579],[-78.513908,-1.627728],[-78.513803,-1.627867],[-78.513349,-1.628248],[-78.513279,-1.628415],[-78.513279,-1.62849],[-78.513366,-1.628949],[-78.513472,-1.62912],[-78.513558,-1.629177],[-78.514157,-1.629323],[-78.51421,-1.629389],[-78.514228,-1.629569],[-78.514345,-1.629932],[-78.514593,-1.630233],[-78.51474,-1.630282],[-78.514781,-1.630372],[-78.514916,-1.630486],[-78.514941,-1.630533],[-78.514908,-1.630629],[-78.514918,-1.630714],[-78.515008,-1.630881],[-78.515136,-1.63096],[-78.515734,-1.631149],[-78.516016,-1.6312],[-78.516246,-1.631383],[-78.516692,-1.632009],[-78.516743,-1.632166],[-78.516766,-1.632493],[-78.516712,-1.632605],[-78.516414,-1.632863],[-78.516328,-1.633026],[-78.516308,-1.633184],[-78.516343,-1.633383],[-78.516495,-1.633669],[-78.516534,-1.633834],[-78.516443,-1.634139],[-78.516236,-1.634516],[-78.516154,-1.634591],[-78.515809,-1.634774],[-78.515179,-1.634888],[-78.514906,-1.634883],[-78.514761,-1.635004],[-78.514605,-1.635041],[-78.514444,-1.635275],[-78.514317,-1.635365],[-78.51417,-1.635587],[-78.513956,-1.635655],[-78.513454,-1.63564],[-78.513317,-1.635703],[-78.513246,-1.635832],[-78.513232,-1.636473],[-78.513297,-1.636747],[-78.513434,-1.637076],[-78.513481,-1.637474],[-78.51362,-1.637898],[-78.513565,-1.638317],[-78.513644,-1.638568],[-78.513784,-1.63874],[-78.513892,-1.638954],[-78.513974,-1.639211],[-78.514088,-1.639346],[-78.514118,-1.639549],[-78.514295,-1.639926],[-78.514322,-1.640239],[-78.514484,-1.640611],[-78.514505,-1.640898],[-78.51457,-1.641185],[-78.514524,-1.642002],[-78.514367,-1.642309],[-78.514268,-1.64265],[-78.514,-1.642856],[-78.513943,-1.642973],[-78.513911,-1.643694],[-78.513777,-1.643964],[-78.513796,-1.644205],[-78.513754,-1.644401],[-78.513592,-1.64481],[-78.513335,-1.644969],[-78.513242,-1.64507],[-78.513237,-1.64524],[-78.513273,-1.645364],[-78.513399,-1.645643],[-78.513525,-1.645788],[-78.513552,-1.645895],[-78.513552,-1.646087],[-78.513479,-1.646434],[-78.513633,-1.646759],[-78.513647,-1.647205],[-78.513581,-1.647661],[-78.513486,-1.647886],[-78.513297,-1.648175],[-78.513253,-1.648523],[-78.513175,-1.648667],[-78.513031,-1.648792],[-78.512888,-1.649173],[-78.512707,-1.649358],[-78.512672,-1.649522],[-78.51267,-1.649713],[-78.512795,-1.649891],[-78.512851,-1.650048],[-78.512832,-1.650211],[-78.513059,-1.650631],[-78.51312,-1.65083],[-78.513127,-1.65095],[-78.513081,-1.651172],[-78.512992,-1.651276],[-78.512782,-1.651418],[-78.512615,-1.651576],[-78.512165,-1.651738],[-78.512029,-1.651834],[-78.511923,-1.65186],[-78.511772,-1.651755],[-78.51162,-1.651739],[-78.511027,-1.652008],[-78.51084,-1.652334],[-78.51072,-1.65263],[-78.510684,-1.652853],[-78.510567,-1.653007],[-78.510402,-1.653362],[-78.51037,-1.653681],[-78.510337,-1.653748],[-78.51002,-1.654088],[-78.509879,-1.65419],[-78.50981,-1.654308],[-78.509642,-1.654481],[-78.50908,-1.654844],[-78.508944,-1.655075],[-78.508738,-1.655303],[-78.508546,-1.655487],[-78.508431,-1.655535],[-78.508307,-1.655799],[-78.508237,-1.655841],[-78.508009,-1.655865],[-78.507937,-1.655921],[-78.507794,-1.655926],[-78.507663,-1.655891],[-78.507328,-1.655952],[-78.507196,-1.65604],[-78.507072,-1.655998],[-78.506973,-1.656088],[-78.506823,-1.656098],[-78.506662,-1.656018],[-78.50647,-1.656144],[-78.506349,-1.656085],[-78.506234,-1.656111],[-78.506159,-1.656162],[-78.506144,-1.656306],[-78.505993,-1.656501],[-78.50584,-1.656549],[-78.505777,-1.656619],[-78.505701,-1.656813],[-78.505544,-1.656889],[-78.505467,-1.656991],[-78.505304,-1.657029],[-78.505117,-1.657176],[-78.504656,-1.657326],[-78.504558,-1.65743],[-78.504464,-1.657429],[-78.504184,-1.65755],[-78.50409,-1.657704],[-78.50402,-1.657746],[-78.503666,-1.65777],[-78.503509,-1.657866],[-78.503404,-1.657656],[-78.503237,-1.657557],[-78.503132,-1.657444],[-78.502969,-1.657441],[-78.50282,-1.657294],[-78.502435,-1.657249],[-78.502292,-1.657275],[-78.502183,-1.657226],[-78.50201,-1.657217],[-78.501716,-1.657093],[-78.501417,-1.657023],[-78.501198,-1.657009],[-78.501008,-1.656923],[-78.500736,-1.65698],[-78.500561,-1.657115],[-78.500416,-1.657122],[-78.500169,-1.65721],[-78.499894,-1.657203],[-78.499842,-1.657082],[-78.499681,-1.657017],[-78.499596,-1.656801],[-78.499522,-1.656722],[-78.499231,-1.656519],[-78.498978,-1.656525],[-78.498904,-1.656487],[-78.498873,-1.656415],[-78.49892,-1.65624],[-78.498825,-1.656145],[-78.498675,-1.65613],[-78.498556,-1.656184],[-78.498495,-1.656266],[-78.498385,-1.656303],[-78.498193,-1.656258],[-78.498047,-1.655954],[-78.497756,-1.65583],[-78.497724,-1.655641],[-78.497682,-1.655599],[-78.497381,-1.655539],[-78.497203,-1.655397],[-78.497081,-1.655407],[-78.496977,-1.655366],[-78.496742,-1.655352],[-78.49645,-1.655175],[-78.496093,-1.65518],[-78.495777,-1.655308],[-78.495697,-1.65541],[-78.495662,-1.655601],[-78.495569,-1.655683],[-78.495477,-1.655721],[-78.495215,-1.655738],[-78.495063,-1.6558],[-78.494719,-1.656186],[-78.494574,-1.656211],[-78.494364,-1.656196],[-78.494204,-1.65629],[-78.494006,-1.656221],[-78.493928,-1.656268],[-78.493877,-1.656356],[-78.493668,-1.656386],[-78.493521,-1.656516],[-78.49331,-1.656495],[-78.493201,-1.656526],[-78.492792,-1.6568],[-78.492525,-1.657092],[-78.49229,-1.657214],[-78.492217,-1.657359],[-78.49197,-1.657502],[-78.491817,-1.657681],[-78.491257,-1.657736],[-78.491189,-1.657844],[-78.491011,-1.657892],[-78.490875,-1.658027],[-78.49055,-1.658076],[-78.490462,-1.658155],[-78.490266,-1.658094],[-78.490212,-1.658041],[-78.490108,-1.658041],[-78.489944,-1.658189],[-78.489754,-1.658201],[-78.489681,-1.658301],[-78.489531,-1.658337],[-78.489375,-1.658426],[-78.489204,-1.65846],[-78.489051,-1.658596],[-78.488579,-1.658557],[-78.488419,-1.658634],[-78.488243,-1.658562],[-78.487954,-1.658635],[-78.487435,-1.658633],[-78.487154,-1.65858],[-78.486849,-1.65841],[-78.486682,-1.658521],[-78.48614,-1.658554],[-78.486092,-1.658589],[-78.485807,-1.658638],[-78.485776,-1.658684],[-78.485611,-1.658748],[-78.48552,-1.658734],[-78.485235,-1.658775],[-78.48497,-1.658885],[-78.484742,-1.658908],[-78.484614,-1.658857],[-78.484392,-1.658683],[-78.484208,-1.658484],[-78.484067,-1.65846],[-78.483942,-1.658332],[-78.4838,-1.658252],[-78.483725,-1.658231],[-78.483445,-1.658251],[-78.483109,-1.658127],[-78.482401,-1.658217],[-78.482261,-1.658251],[-78.48218,-1.65831],[-78.481664,-1.658443],[-78.48142,-1.658416],[-78.480801,-1.658553],[-78.480649,-1.658491],[-78.480531,-1.658545],[-78.480202,-1.65859],[-78.479974,-1.65886],[-78.479821,-1.658919],[-78.479506,-1.659239],[-78.479319,-1.659282],[-78.479258,-1.659354],[-78.479219,-1.659514],[-78.479009,-1.659553],[-78.478833,-1.659755],[-78.478597,-1.659798],[-78.478097,-1.660047],[-78.477618,-1.66002],[-78.477352,-1.660094],[-78.476739,-1.660188],[-78.47637,-1.660419],[-78.475982,-1.660538],[-78.475803,-1.660545],[-78.475699,-1.660631],[-78.475543,-1.660675],[-78.475379,-1.660652],[-78.475254,-1.66068],[-78.475068,-1.660669],[-78.474318,-1.660821],[-78.473886,-1.660969],[-78.473799,-1.661053],[-78.473487,-1.661215],[-78.473227,-1.661279],[-78.473123,-1.661413],[-78.47291,-1.661419],[-78.47274,-1.661474],[-78.472636,-1.661576],[-78.472429,-1.661602],[-78.472306,-1.661742],[-78.47198,-1.661925],[-78.471855,-1.661942],[-78.47166,-1.661888],[-78.471586,-1.661899],[-78.471544,-1.662006],[-78.471268,-1.662211],[-78.471076,-1.662236],[-78.470909,-1.66235],[-78.470636,-1.66244],[-78.470351,-1.662598],[-78.47029,-1.662695],[-78.47006,-1.662764],[-78.469807,-1.662956],[-78.469431,-1.663158],[-78.469253,-1.663302],[-78.469018,-1.663411],[-78.468817,-1.663462],[-78.468662,-1.663583],[-78.468339,-1.663701],[-78.468198,-1.663811],[-78.46798,-1.66414],[-78.46781,-1.664198],[-78.467653,-1.664399],[-78.467172,-1.664376],[-78.46712,-1.664418],[-78.467092,-1.6645],[-78.466753,-1.664549],[-78.466401,-1.664507],[-78.466362,-1.664719],[-78.466258,-1.664828],[-78.466088,-1.664834],[-78.465952,-1.664918],[-78.465874,-1.665027],[-78.46563,-1.665063],[-78.465527,-1.665224],[-78.465379,-1.665291],[-78.465254,-1.665419],[-78.465037,-1.665535],[-78.46494,-1.665546],[-78.464854,-1.665628],[-78.464702,-1.665683],[-78.464448,-1.665937],[-78.464377,-1.665971],[-78.464308,-1.666068],[-78.464044,-1.666171],[-78.464012,-1.666258],[-78.464002,-1.666531],[-78.463767,-1.666603],[-78.463673,-1.666695],[-78.463541,-1.66675],[-78.463527,-1.666948],[-78.463419,-1.667021],[-78.463338,-1.667262],[-78.463222,-1.667352],[-78.463129,-1.667807],[-78.4629,-1.668039],[-78.46281,-1.668222],[-78.462663,-1.66831],[-78.462461,-1.668379],[-78.462416,-1.668441],[-78.462387,-1.668603],[-78.462199,-1.668681],[-78.462072,-1.668864],[-78.461903,-1.668908],[-78.461804,-1.66903],[-78.461678,-1.669072],[-78.461363,-1.669313],[-78.461175,-1.669567],[-78.461049,-1.669907],[-78.460873,-1.670156],[-78.460749,-1.670246],[-78.460612,-1.670272],[-78.460523,-1.670348],[-78.460502,-1.670408],[-78.460522,-1.670563],[-78.460368,-1.670633],[-78.460305,-1.670708],[-78.46022,-1.671145],[-78.459992,-1.671321],[-78.459842,-1.672035],[-78.459654,-1.672088],[-78.459577,-1.672301],[-78.459529,-1.672354],[-78.45939,-1.672351],[-78.459188,-1.672411],[-78.458909,-1.672331],[-78.458753,-1.672386],[-78.458547,-1.672257],[-78.458371,-1.672192],[-78.458143,-1.672218],[-78.458034,-1.672275],[-78.457858,-1.672184],[-78.457543,-1.672201],[-78.457338,-1.672252],[-78.457071,-1.672211],[-78.456724,-1.672086],[-78.456075,-1.672208],[-78.455732,-1.672374],[-78.455573,-1.672261],[-78.455497,-1.672246],[-78.45543,-1.672282],[-78.455366,-1.672398],[-78.455149,-1.672423],[-78.455065,-1.67247],[-78.454885,-1.672701],[-78.454765,-1.672754],[-78.454683,-1.672862],[-78.454421,-1.672975],[-78.454424,-1.673193],[-78.454246,-1.673277],[-78.454158,-1.673393],[-78.45406,-1.673375],[-78.453971,-1.67327],[-78.453746,-1.673329],[-78.453214,-1.673287],[-78.45301,-1.673397],[-78.452793,-1.673354],[-78.452589,-1.673413],[-78.452379,-1.673327],[-78.452166,-1.673372],[-78.451983,-1.673291],[-78.451715,-1.673378],[-78.451517,-1.673339],[-78.451283,-1.673367],[-78.451045,-1.67329],[-78.450838,-1.67334],[-78.450754,-1.673441],[-78.450637,-1.673499],[-78.450503,-1.673741],[-78.450332,-1.673776],[-78.450273,-1.673834],[-78.450207,-1.673821],[-78.450153,-1.673928],[-78.450035,-1.673981],[-78.449806,-1.674157],[-78.449704,-1.674133],[-78.449613,-1.674191],[-78.449467,-1.674118],[-78.449383,-1.674116],[-78.449216,-1.674263],[-78.449109,-1.6743],[-78.448933,-1.674429],[-78.448752,-1.674443],[-78.448644,-1.674399],[-78.448561,-1.674476],[-78.448318,-1.674546],[-78.448163,-1.674529],[-78.447808,-1.67457],[-78.447649,-1.674534],[-78.447556,-1.674472],[-78.447217,-1.674476],[-78.447003,-1.674404],[-78.446869,-1.674472],[-78.446572,-1.674362],[-78.446352,-1.674378],[-78.44617,-1.674342],[-78.445998,-1.674442],[-78.445798,-1.674505],[-78.445658,-1.674471],[-78.445525,-1.674533],[-78.445433,-1.674538],[-78.445293,-1.674523],[-78.445207,-1.674474],[-78.445047,-1.674597],[-78.445009,-1.674591],[-78.444981,-1.674512],[-78.444802,-1.674608],[-78.444632,-1.674569],[-78.444489,-1.674654],[-78.444233,-1.674674],[-78.443914,-1.67478],[-78.443817,-1.674768],[-78.443606,-1.674815],[-78.443513,-1.674865],[-78.443478,-1.674974],[-78.443387,-1.675026],[-78.443283,-1.675163],[-78.443146,-1.67523],[-78.443071,-1.675156],[-78.442942,-1.675171],[-78.442812,-1.675088],[-78.442687,-1.675134],[-78.442536,-1.675096],[-78.442224,-1.675213],[-78.442092,-1.675158],[-78.441972,-1.675306],[-78.441769,-1.675251],[-78.441696,-1.675294],[-78.44162,-1.675292],[-78.441538,-1.675429],[-78.441178,-1.675576],[-78.440966,-1.67552],[-78.440829,-1.675543],[-78.440699,-1.67546],[-78.440624,-1.675515],[-78.440565,-1.675619],[-78.440445,-1.675645],[-78.440215,-1.675818],[-78.439915,-1.675817],[-78.439816,-1.675774],[-78.439692,-1.67581],[-78.439474,-1.675799],[-78.439318,-1.675637],[-78.439102,-1.675708],[-78.438959,-1.675608],[-78.438863,-1.675588],[-78.438769,-1.675502],[-78.43854,-1.675503],[-78.438392,-1.675402],[-78.438257,-1.675423],[-78.438151,-1.675384],[-78.438063,-1.675491],[-78.437932,-1.675495],[-78.437746,-1.675665],[-78.437623,-1.675603],[-78.437523,-1.675629],[-78.437512,-1.675731],[-78.437398,-1.675858],[-78.437223,-1.675888],[-78.437078,-1.675994],[-78.436876,-1.676085],[-78.436572,-1.676118],[-78.436303,-1.67636],[-78.436036,-1.676424],[-78.43597,-1.676401],[-78.435589,-1.676464],[-78.435453,-1.676559],[-78.435379,-1.676528],[-78.435267,-1.676547],[-78.435189,-1.676511],[-78.435132,-1.676551],[-78.435016,-1.676541],[-78.434884,-1.676494],[-78.434757,-1.676512],[-78.434644,-1.676594],[-78.434338,-1.676601],[-78.434264,-1.676655],[-78.434205,-1.67662],[-78.434085,-1.676636],[-78.433797,-1.676594],[-78.433594,-1.676697],[-78.433514,-1.676671],[-78.433422,-1.676707],[-78.433327,-1.67666],[-78.433115,-1.676714],[-78.432715,-1.676717],[-78.432283,-1.67683],[-78.432117,-1.676909],[-78.432018,-1.6769],[-78.43185,-1.676821],[-78.431648,-1.676858],[-78.431539,-1.676823],[-78.431273,-1.676819],[-78.431104,-1.676699],[-78.431019,-1.676708],[-78.430832,-1.676882],[-78.430766,-1.676891],[-78.430512,-1.677091],[-78.4304,-1.677086],[-78.430318,-1.677144],[-78.430151,-1.677089],[-78.43006,-1.677249],[-78.429961,-1.677325],[-78.42994,-1.677411],[-78.429742,-1.677515],[-78.429636,-1.67777],[-78.429514,-1.677828],[-78.429411,-1.677956],[-78.429389,-1.678222],[-78.429438,-1.678307],[-78.429398,-1.678413],[-78.429185,-1.67858],[-78.428946,-1.678659],[-78.428802,-1.678833],[-78.428627,-1.678904],[-78.428528,-1.678985],[-78.428224,-1.679411],[-78.42317,-1.684484],[-78.42321,-1.684575],[-78.423398,-1.684624],[-78.424267,-1.684454],[-78.424496,-1.684448],[-78.424734,-1.684395],[-78.424876,-1.684392],[-78.425105,-1.684458],[-78.425286,-1.68447],[-78.425479,-1.68436],[-78.425574,-1.684252],[-78.425634,-1.684094],[-78.425708,-1.684025],[-78.426017,-1.684032],[-78.426353,-1.683996],[-78.426748,-1.683823],[-78.426915,-1.683815],[-78.427289,-1.683959],[-78.427749,-1.684288],[-78.428206,-1.684519],[-78.42869,-1.684711],[-78.429632,-1.684613],[-78.430065,-1.684632],[-78.430154,-1.684656],[-78.430362,-1.684827],[-78.430487,-1.684863],[-78.430974,-1.684878],[-78.432052,-1.685319],[-78.432218,-1.685412],[-78.432443,-1.685726],[-78.432621,-1.68613],[-78.432802,-1.686417],[-78.432962,-1.686588],[-78.433235,-1.68677],[-78.433629,-1.687273],[-78.433961,-1.687937],[-78.434,-1.688113],[-78.433984,-1.688308],[-78.434174,-1.688735],[-78.434343,-1.689002],[-78.435301,-1.690073],[-78.435458,-1.690402],[-78.435532,-1.69077],[-78.435463,-1.691278],[-78.435471,-1.691463],[-78.435625,-1.692127],[-78.435538,-1.692477],[-78.435567,-1.692973],[-78.435636,-1.693164],[-78.435772,-1.693362],[-78.435896,-1.693849],[-78.436127,-1.6944],[-78.436088,-1.694761],[-78.436236,-1.695192],[-78.436369,-1.69547],[-78.436493,-1.69651],[-78.436593,-1.696842],[-78.436809,-1.697321],[-78.436866,-1.697631],[-78.436997,-1.697894],[-78.437115,-1.69805],[-78.437288,-1.698104],[-78.43836,-1.698251],[-78.43861,-1.698318],[-78.439324,-1.69874],[-78.439592,-1.69892],[-78.439805,-1.699112],[-78.440173,-1.699602],[-78.440285,-1.699902],[-78.440302,-1.701055],[-78.440349,-1.701324],[-78.44058,-1.701815],[-78.441036,-1.702539],[-78.441232,-1.702994],[-78.441588,-1.703335],[-78.441748,-1.703401],[-78.442051,-1.703443],[-78.442271,-1.703539],[-78.442443,-1.703689],[-78.442787,-1.704185],[-78.443125,-1.704335],[-78.443161,-1.704431],[-78.44313,-1.705124],[-78.443295,-1.706069],[-78.443289,-1.706165],[-78.4432,-1.706494],[-78.442866,-1.70727],[-78.442865,-1.707707],[-78.442936,-1.707964],[-78.443191,-1.708466],[-78.44347,-1.708927],[-78.443529,-1.709119],[-78.443588,-1.709567],[-78.443581,-1.710225],[-78.44361,-1.710434],[-78.443983,-1.711313],[-78.444119,-1.711786],[-78.44441,-1.712575],[-78.444623,-1.712892],[-78.445011,-1.713588],[-78.445429,-1.714427],[-78.446014,-1.715346],[-78.446373,-1.716144],[-78.446482,-1.716536],[-78.446785,-1.716817],[-78.447198,-1.717014],[-78.447515,-1.71722],[-78.447586,-1.717421],[-78.447586,-1.717694],[-78.447471,-1.717981],[-78.447272,-1.718225],[-78.4472,-1.718569],[-78.447242,-1.718985],[-78.447355,-1.719473],[-78.447512,-1.71999],[-78.447825,-1.720521],[-78.448166,-1.721052],[-78.448622,-1.721369],[-78.448849,-1.721842],[-78.448934,-1.72223],[-78.448934,-1.722416],[-78.449133,-1.723019],[-78.449374,-1.724469],[-78.44933,-1.725172],[-78.449215,-1.725932],[-78.4493,-1.726277],[-78.449499,-1.726765],[-78.449712,-1.727081],[-78.450866,-1.7279],[-78.451046,-1.72813],[-78.451103,-1.728259],[-78.451117,-1.728474],[-78.45106,-1.728747],[-78.451021,-1.729364],[-78.451092,-1.729697],[-78.45118,-1.729849],[-78.451375,-1.7306],[-78.451406,-1.732083],[-78.451479,-1.732197],[-78.452111,-1.732788],[-78.452444,-1.733049],[-78.452823,-1.73372],[-78.452956,-1.734143],[-78.453055,-1.734264],[-78.453148,-1.734552],[-78.453454,-1.735069],[-78.453733,-1.735377],[-78.454279,-1.735841],[-78.454552,-1.736183],[-78.454745,-1.736337],[-78.455171,-1.736566],[-78.455311,-1.736673],[-78.455976,-1.736929],[-78.456676,-1.737252],[-78.456882,-1.737312],[-78.457175,-1.73748],[-78.457734,-1.738165],[-78.458179,-1.738494],[-78.458279,-1.738648],[-78.458505,-1.738883],[-78.458592,-1.738944],[-78.459165,-1.739126],[-78.459321,-1.739406],[-78.459311,-1.739802],[-78.459636,-1.740102],[-78.459673,-1.740305],[-78.45962,-1.740768],[-78.459268,-1.741227],[-78.459258,-1.741404],[-78.459438,-1.74228],[-78.459641,-1.742849],[-78.459665,-1.743012],[-78.45966,-1.743189],[-78.459517,-1.743475],[-78.459517,-1.743547],[-78.459626,-1.743877],[-78.459711,-1.744408],[-78.460014,-1.744987],[-78.459995,-1.745227],[-78.459928,-1.745442],[-78.459904,-1.745886],[-78.460036,-1.746365],[-78.460254,-1.746877],[-78.460305,-1.747628],[-78.460523,-1.747996],[-78.460823,-1.748856],[-78.460951,-1.748973],[-78.461165,-1.749078],[-78.461213,-1.749157],[-78.469982,-1.749157],[-78.469924,-1.748863],[-78.469932,-1.748565],[-78.469789,-1.748236],[-78.469789,-1.748177],[-78.469872,-1.748019],[-78.46988,-1.747865],[-78.469762,-1.747399],[-78.46971,-1.746836],[-78.469653,-1.746676],[-78.469657,-1.746537],[-78.469617,-1.746466],[-78.469654,-1.746249],[-78.469596,-1.746049],[-78.469642,-1.745967],[-78.469664,-1.745773],[-78.46979,-1.745676],[-78.469925,-1.745649],[-78.470018,-1.745531],[-78.470076,-1.745511],[-78.470091,-1.745392],[-78.470246,-1.745154],[-78.470248,-1.745043],[-78.470103,-1.744743],[-78.469812,-1.744522],[-78.46987,-1.744113],[-78.469733,-1.743981],[-78.469663,-1.743735],[-78.469662,-1.743586],[-78.469402,-1.743541],[-78.469352,-1.74347],[-78.469292,-1.743253],[-78.46931,-1.743147],[-78.469242,-1.742993],[-78.469242,-1.742715],[-78.469399,-1.742137],[-78.469399,-1.742072],[-78.469345,-1.741969],[-78.469424,-1.741877],[-78.469469,-1.741738],[-78.469629,-1.741586],[-78.469722,-1.741544],[-78.469795,-1.741441],[-78.470009,-1.741309],[-78.470097,-1.741186],[-78.470402,-1.740908],[-78.470581,-1.740865],[-78.470735,-1.740674],[-78.470825,-1.740632],[-78.471094,-1.740309],[-78.471194,-1.740096],[-78.471212,-1.739946],[-78.471153,-1.739759],[-78.470894,-1.739554],[-78.470616,-1.739177],[-78.47064,-1.73878],[-78.470488,-1.738406],[-78.470446,-1.738148],[-78.470525,-1.738058],[-78.47049,-1.737934],[-78.470484,-1.737672],[-78.4704,-1.737491],[-78.470381,-1.737389],[-78.47041,-1.737357],[-78.47037,-1.737267],[-78.470535,-1.736997],[-78.470491,-1.736858],[-78.470514,-1.736773],[-78.470565,-1.73673],[-78.470522,-1.736625],[-78.470446,-1.736568],[-78.470399,-1.736439],[-78.47016,-1.736168],[-78.470146,-1.736064],[-78.469961,-1.735789],[-78.469917,-1.735552],[-78.469805,-1.735367],[-78.469739,-1.734956],[-78.469624,-1.734794],[-78.469625,-1.734578],[-78.469646,-1.734547],[-78.469754,-1.734562],[-78.46985,-1.734502],[-78.469954,-1.734491],[-78.470072,-1.734385],[-78.470145,-1.734379],[-78.470329,-1.734454],[-78.470446,-1.73441],[-78.470469,-1.734334],[-78.47041,-1.734243],[-78.47041,-1.734181],[-78.470462,-1.734062],[-78.470518,-1.734021],[-78.470628,-1.734035],[-78.470705,-1.733979],[-78.470642,-1.733854],[-78.470729,-1.733724],[-78.470796,-1.733363],[-78.47078,-1.733281],[-78.470827,-1.73312],[-78.470909,-1.733067],[-78.471154,-1.733036],[-78.471435,-1.732839],[-78.471491,-1.732671],[-78.471585,-1.732612],[-78.471738,-1.732397],[-78.471763,-1.732245],[-78.471911,-1.73201],[-78.471931,-1.731913],[-78.472003,-1.731867],[-78.472054,-1.731719],[-78.471999,-1.73166],[-78.472012,-1.731486],[-78.472203,-1.73123],[-78.472192,-1.731053],[-78.472297,-1.730793],[-78.472237,-1.73062],[-78.47224,-1.730338],[-78.472193,-1.730268],[-78.472174,-1.730105],[-78.471805,-1.72962],[-78.471824,-1.729414],[-78.471758,-1.729334],[-78.471723,-1.729181],[-78.471625,-1.72906],[-78.471524,-1.728814],[-78.471332,-1.728717],[-78.471311,-1.728584],[-78.47123,-1.728536],[-78.471181,-1.728374],[-78.471102,-1.728342],[-78.471059,-1.728268],[-78.471033,-1.728116],[-78.471111,-1.727845],[-78.471084,-1.727719],[-78.471216,-1.727335],[-78.471235,-1.72708],[-78.471307,-1.726819],[-78.471426,-1.726522],[-78.471504,-1.72643],[-78.471503,-1.726191],[-78.471589,-1.726128],[-78.471715,-1.725918],[-78.471838,-1.725865],[-78.471937,-1.72559],[-78.471977,-1.72535],[-78.472099,-1.725274],[-78.472122,-1.72504],[-78.472242,-1.72492],[-78.472397,-1.724844],[-78.472513,-1.724605],[-78.472556,-1.724154],[-78.47253,-1.724052],[-78.472641,-1.723713],[-78.472759,-1.723661],[-78.472677,-1.723419],[-78.472784,-1.723345],[-78.472775,-1.723262],[-78.472622,-1.722986],[-78.472609,-1.722847],[-78.472674,-1.722682],[-78.47284,-1.722574],[-78.472915,-1.722327],[-78.47306,-1.722133],[-78.473108,-1.721971],[-78.473048,-1.721867],[-78.473052,-1.721795],[-78.473111,-1.721763],[-78.473302,-1.72176],[-78.473321,-1.721719],[-78.473294,-1.721593],[-78.473395,-1.721482],[-78.473598,-1.721406],[-78.473717,-1.721213],[-78.473639,-1.721061],[-78.473676,-1.721005],[-78.474194,-1.720771],[-78.474337,-1.720617],[-78.474597,-1.720444],[-78.474677,-1.720116],[-78.474614,-1.719997],[-78.474692,-1.719849],[-78.474726,-1.719665],[-78.474706,-1.71946],[-78.474858,-1.71892],[-78.474896,-1.718883],[-78.475183,-1.71895],[-78.475345,-1.718916],[-78.475359,-1.718827],[-78.475149,-1.718606],[-78.475131,-1.718494],[-78.475331,-1.718292],[-78.475307,-1.718204],[-78.475333,-1.718137],[-78.475481,-1.718112],[-78.475573,-1.718061],[-78.475736,-1.717888],[-78.475682,-1.717834],[-78.475496,-1.717824],[-78.475476,-1.717763],[-78.475518,-1.717714],[-78.475712,-1.717656],[-78.475991,-1.717497],[-78.476226,-1.717322],[-78.476255,-1.71727],[-78.476242,-1.717083],[-78.476505,-1.71657],[-78.476572,-1.716535],[-78.476804,-1.716528],[-78.477316,-1.716353],[-78.477666,-1.716133],[-78.47773,-1.716127],[-78.47793,-1.716205],[-78.478022,-1.716084],[-78.478007,-1.716],[-78.477906,-1.715856],[-78.477964,-1.715779],[-78.478099,-1.715806],[-78.478126,-1.716],[-78.478183,-1.716042],[-78.478227,-1.715973],[-78.478231,-1.715782],[-78.478274,-1.715656],[-78.478352,-1.715637],[-78.478559,-1.715702],[-78.478625,-1.715677],[-78.478668,-1.715593],[-78.478707,-1.715329],[-78.478939,-1.715215],[-78.47907,-1.714925],[-78.479282,-1.714843],[-78.479325,-1.714802],[-78.479361,-1.714664],[-78.479425,-1.71461],[-78.479562,-1.71457],[-78.479794,-1.714613],[-78.480311,-1.714035],[-78.480538,-1.714118],[-78.480789,-1.714158],[-78.480937,-1.714133],[-78.481091,-1.714061],[-78.481149,-1.71396],[-78.481163,-1.713828],[-78.481123,-1.713725],[-78.480987,-1.71367],[-78.48101,-1.713552],[-78.481797,-1.713342],[-78.481865,-1.713373],[-78.482041,-1.713565],[-78.482185,-1.713566],[-78.482247,-1.713499],[-78.482292,-1.713346],[-78.482335,-1.713295],[-78.482495,-1.713159],[-78.48274,-1.713033],[-78.482841,-1.712947],[-78.482905,-1.712657],[-78.483048,-1.712444],[-78.483081,-1.7122],[-78.483273,-1.712012],[-78.483436,-1.711896],[-78.483531,-1.711873],[-78.483588,-1.711892],[-78.483691,-1.712012],[-78.48377,-1.712021],[-78.483803,-1.711971],[-78.483818,-1.711684],[-78.483857,-1.711627],[-78.484045,-1.711755],[-78.484192,-1.711762],[-78.484204,-1.711685],[-78.484156,-1.71155],[-78.484373,-1.71109],[-78.484513,-1.7111],[-78.484821,-1.71123],[-78.485079,-1.711147],[-78.485258,-1.710955],[-78.485518,-1.710787],[-78.485582,-1.710581],[-78.485638,-1.710525],[-78.485708,-1.710556],[-78.485842,-1.710843],[-78.485935,-1.710903],[-78.485995,-1.710886],[-78.486073,-1.710758],[-78.486103,-1.710476],[-78.486391,-1.710146],[-78.486604,-1.709845],[-78.486667,-1.709812],[-78.486764,-1.709902],[-78.486825,-1.709908],[-78.48693,-1.709732],[-78.48726,-1.709646],[-78.487485,-1.709541],[-78.487504,-1.709482],[-78.487427,-1.709331],[-78.487419,-1.709247],[-78.487545,-1.709059],[-78.487554,-1.708729],[-78.487596,-1.708668],[-78.487891,-1.708586],[-78.488024,-1.708474],[-78.488122,-1.708327],[-78.488089,-1.708079],[-78.488115,-1.707979],[-78.488187,-1.707961],[-78.488351,-1.707986],[-78.488457,-1.707952],[-78.488615,-1.707783],[-78.48893,-1.707592],[-78.489192,-1.707334],[-78.489339,-1.706982],[-78.489306,-1.706714],[-78.489292,-1.705853],[-78.489364,-1.70584],[-78.489398,-1.706004],[-78.489529,-1.706105],[-78.489671,-1.706101],[-78.489772,-1.706004],[-78.489775,-1.705816],[-78.489598,-1.705575],[-78.489612,-1.705377],[-78.489816,-1.705262],[-78.489975,-1.705212],[-78.490041,-1.705135],[-78.490016,-1.704937],[-78.490091,-1.704678],[-78.490059,-1.704592],[-78.490137,-1.704532],[-78.490202,-1.704286],[-78.490422,-1.704118],[-78.490559,-1.703559],[-78.490547,-1.703445],[-78.490466,-1.70333],[-78.490412,-1.703163],[-78.490541,-1.702908],[-78.490572,-1.702654],[-78.490444,-1.702332],[-78.490299,-1.702076],[-78.490171,-1.701943],[-78.490233,-1.701686],[-78.490149,-1.70132],[-78.490188,-1.701212],[-78.490185,-1.700935],[-78.490294,-1.700601],[-78.490277,-1.70052],[-78.490199,-1.700451],[-78.490191,-1.700315],[-78.490346,-1.700166],[-78.49036,-1.700063],[-78.490348,-1.700009],[-78.49028,-1.699952],[-78.490056,-1.699968],[-78.489997,-1.699853],[-78.489994,-1.699653],[-78.490143,-1.699367],[-78.489979,-1.699157],[-78.490026,-1.698895],[-78.489702,-1.698701],[-78.489642,-1.698503],[-78.489416,-1.698275],[-78.489319,-1.698128],[-78.489315,-1.697965],[-78.489454,-1.69798],[-78.48955,-1.697913],[-78.489455,-1.697494],[-78.489378,-1.697353],[-78.489385,-1.697123],[-78.489252,-1.697023],[-78.489298,-1.696885],[-78.48943,-1.696882],[-78.489563,-1.696607],[-78.489803,-1.696511],[-78.489895,-1.696375],[-78.490217,-1.696181],[-78.490457,-1.695872],[-78.490679,-1.695759],[-78.490749,-1.695559],[-78.491003,-1.695431],[-78.491498,-1.694869],[-78.491734,-1.694518],[-78.491995,-1.694427],[-78.492243,-1.694094],[-78.492643,-1.693942],[-78.4929,-1.693726],[-78.493087,-1.693307],[-78.493319,-1.693014],[-78.493478,-1.692945],[-78.49358,-1.692845],[-78.493629,-1.692656],[-78.493857,-1.692445],[-78.494165,-1.691955],[-78.494331,-1.691788],[-78.494552,-1.691386],[-78.494636,-1.691307],[-78.494823,-1.691256],[-78.495027,-1.69113],[-78.495552,-1.690634],[-78.495602,-1.690459],[-78.495714,-1.690325],[-78.495843,-1.690029],[-78.495966,-1.689569],[-78.496159,-1.689441],[-78.496256,-1.689291],[-78.49636,-1.689516],[-78.496493,-1.690058],[-78.496478,-1.6902],[-78.496572,-1.690379],[-78.496615,-1.690565],[-78.496793,-1.690852],[-78.49682,-1.690982],[-78.497018,-1.691191],[-78.497139,-1.691404],[-78.497122,-1.691668],[-78.496968,-1.691747],[-78.496796,-1.691929],[-78.496867,-1.69203],[-78.496915,-1.692307],[-78.496911,-1.692478],[-78.496794,-1.692556],[-78.496523,-1.692996],[-78.496535,-1.693111],[-78.496602,-1.693217],[-78.496482,-1.693452],[-78.496486,-1.69349],[-78.496591,-1.69357],[-78.496524,-1.693961],[-78.496574,-1.69419],[-78.496534,-1.694451],[-78.496645,-1.694815],[-78.496718,-1.694942],[-78.49674,-1.695162],[-78.496782,-1.69521],[-78.496901,-1.695245],[-78.496939,-1.695387],[-78.496981,-1.695435],[-78.497295,-1.695486],[-78.497387,-1.695541],[-78.497426,-1.695769],[-78.497485,-1.695903],[-78.497475,-1.696115],[-78.497565,-1.696257],[-78.497918,-1.696613],[-78.498086,-1.696701],[-78.498115,-1.697056],[-78.498248,-1.697273],[-78.498534,-1.697405],[-78.498773,-1.697458],[-78.498863,-1.697554],[-78.499019,-1.69743],[-78.499132,-1.697424],[-78.499306,-1.697601],[-78.499383,-1.697792],[-78.499685,-1.697937],[-78.49988,-1.697951],[-78.499962,-1.697989],[-78.500163,-1.698168],[-78.500195,-1.698295],[-78.500243,-1.698351],[-78.500379,-1.6984],[-78.500418,-1.698545],[-78.500495,-1.698637],[-78.500559,-1.698812],[-78.500675,-1.698939],[-78.500965,-1.69896],[-78.501117,-1.699207],[-78.501539,-1.699374],[-78.501608,-1.699558],[-78.501687,-1.699591],[-78.501786,-1.699695],[-78.502017,-1.700089],[-78.502075,-1.700284],[-78.502024,-1.700519],[-78.501858,-1.700723],[-78.50183,-1.701148],[-78.501715,-1.701201],[-78.501681,-1.701285],[-78.501782,-1.701532],[-78.501905,-1.701576],[-78.501941,-1.701654],[-78.501739,-1.701891],[-78.501651,-1.702197],[-78.501724,-1.702251],[-78.501843,-1.702269],[-78.501997,-1.702382],[-78.501968,-1.702673],[-78.502134,-1.702742],[-78.502102,-1.702859],[-78.502154,-1.703016],[-78.50241,-1.703102],[-78.502503,-1.703216],[-78.502537,-1.703298],[-78.502511,-1.7035],[-78.502674,-1.703799],[-78.502809,-1.703881],[-78.502978,-1.704076],[-78.503237,-1.70429],[-78.503482,-1.704311],[-78.503708,-1.704476],[-78.503944,-1.704549],[-78.504111,-1.704704],[-78.504307,-1.705008],[-78.504507,-1.705037],[-78.504838,-1.705232],[-78.504935,-1.705315],[-78.505088,-1.70554],[-78.505301,-1.7055],[-78.505494,-1.705651],[-78.505613,-1.705789],[-78.505734,-1.705833],[-78.505812,-1.705793],[-78.50589,-1.705891],[-78.506054,-1.705899],[-78.506261,-1.706026],[-78.506408,-1.705985],[-78.506484,-1.706124],[-78.506647,-1.706206],[-78.506759,-1.706357],[-78.507039,-1.706512],[-78.507183,-1.706516],[-78.50747,-1.706256],[-78.507693,-1.706182],[-78.507825,-1.70602],[-78.508095,-1.705881],[-78.508151,-1.705802],[-78.508513,-1.706015],[-78.508566,-1.706088],[-78.508757,-1.706197],[-78.508796,-1.706289],[-78.509032,-1.706517],[-78.50908,-1.7066],[-78.509286,-1.706746],[-78.509323,-1.706822],[-78.509397,-1.706843],[-78.509498,-1.706935],[-78.509519,-1.707178],[-78.509648,-1.707426],[-78.509684,-1.707563],[-78.509874,-1.707709],[-78.509946,-1.707684],[-78.509967,-1.707895],[-78.510115,-1.708033],[-78.51027,-1.708124],[-78.51037,-1.708141],[-78.510517,-1.708347],[-78.510625,-1.708372],[-78.510688,-1.708271],[-78.510736,-1.708265],[-78.510845,-1.708404],[-78.511085,-1.708475],[-78.511269,-1.708579],[-78.511362,-1.708582],[-78.511623,-1.708862],[-78.511763,-1.708898],[-78.511808,-1.708946],[-78.511989,-1.708943],[-78.512243,-1.709124],[-78.512331,-1.709253],[-78.512534,-1.709435],[-78.512716,-1.709516],[-78.512935,-1.709692],[-78.513058,-1.709727],[-78.513162,-1.709711],[-78.513423,-1.709829],[-78.513685,-1.710124],[-78.513872,-1.710244],[-78.513989,-1.710255],[-78.514183,-1.710441],[-78.514274,-1.710434],[-78.514399,-1.710635],[-78.514543,-1.711057],[-78.514572,-1.711348],[-78.51454,-1.711665],[-78.514612,-1.71216],[-78.528862,-1.712161],[-78.528487,-1.713407],[-78.528762,-1.713406],[-78.529042,-1.713505],[-78.529209,-1.713516],[-78.529397,-1.713652],[-78.529472,-1.71364],[-78.529719,-1.713413],[-78.529906,-1.71335],[-78.530027,-1.713365],[-78.530173,-1.713525],[-78.530535,-1.713431],[-78.530676,-1.713323],[-78.530782,-1.713134],[-78.530989,-1.712934],[-78.531152,-1.712854],[-78.531689,-1.712751],[-78.532148,-1.712422],[-78.532295,-1.712445],[-78.532429,-1.712546],[-78.532516,-1.712567],[-78.533341,-1.712609],[-78.534133,-1.712608],[-78.534401,-1.712465],[-78.534686,-1.712411],[-78.534842,-1.712199],[-78.535351,-1.711976],[-78.535412,-1.711884],[-78.535546,-1.711793],[-78.535712,-1.711812],[-78.535862,-1.711701],[-78.535946,-1.711695],[-78.536064,-1.711631],[-78.5363,-1.711642],[-78.536662,-1.711476],[-78.536856,-1.711497],[-78.536931,-1.71154],[-78.537255,-1.711564],[-78.537363,-1.711612],[-78.53782,-1.71164],[-78.538035,-1.711721],[-78.538159,-1.711735],[-78.53839,-1.711853],[-78.538979,-1.711878],[-78.539092,-1.7118],[-78.539273,-1.711772],[-78.539422,-1.711694],[-78.53961,-1.711727],[-78.539921,-1.711631],[-78.540172,-1.711639],[-78.540283,-1.71157],[-78.540416,-1.711551],[-78.540651,-1.711421],[-78.540716,-1.711354],[-78.540881,-1.711321],[-78.541908,-1.710888],[-78.542308,-1.71089],[-78.542499,-1.710828],[-78.542791,-1.710809],[-78.543238,-1.710591],[-78.543672,-1.710222],[-78.544149,-1.710175],[-78.544418,-1.710237],[-78.544736,-1.710234],[-78.545564,-1.710047],[-78.546315,-1.709812],[-78.547005,-1.70976],[-78.547192,-1.70972],[-78.547462,-1.709609],[-78.547721,-1.709405],[-78.54826,-1.709494],[-78.548868,-1.709226],[-78.549219,-1.709155],[-78.549943,-1.70889],[-78.550096,-1.708887],[-78.550468,-1.708959],[-78.550721,-1.708843],[-78.551032,-1.708849],[-78.551248,-1.709003],[-78.551564,-1.709084],[-78.551715,-1.70909],[-78.551891,-1.70904],[-78.552146,-1.70906],[-78.552885,-1.709232],[-78.553026,-1.709365],[-78.553088,-1.709494],[-78.553551,-1.709754],[-78.553689,-1.709926],[-78.553818,-1.710017],[-78.553879,-1.710132],[-78.55409,-1.710239],[-78.554267,-1.710397],[-78.554348,-1.710496],[-78.554403,-1.710682],[-78.554608,-1.710724],[-78.554782,-1.710804],[-78.555312,-1.710707],[-78.555721,-1.710538],[-78.556161,-1.71054],[-78.556648,-1.710627],[-78.557062,-1.710641],[-78.557258,-1.710592],[-78.557483,-1.710775],[-78.557898,-1.710735],[-78.558188,-1.710789],[-78.558342,-1.710769],[-78.55864,-1.710972],[-78.559069,-1.711029],[-78.559259,-1.710983],[-78.559369,-1.711025],[-78.559573,-1.711027],[-78.559728,-1.711112],[-78.560311,-1.711039],[-78.560525,-1.710967],[-78.560833,-1.710996],[-78.561146,-1.711226],[-78.561342,-1.711331],[-78.561485,-1.711345],[-78.561652,-1.711302],[-78.561798,-1.711394],[-78.561918,-1.711565],[-78.561957,-1.711835],[-78.562073,-1.711919],[-78.562115,-1.712076],[-78.562308,-1.712204],[-78.562484,-1.712252],[-78.563104,-1.712562],[-78.563175,-1.712567],[-78.563362,-1.712505],[-78.5637,-1.712624],[-78.563916,-1.712846],[-78.564174,-1.712896],[-78.564363,-1.712987],[-78.564667,-1.713224],[-78.564808,-1.713217],[-78.564911,-1.71344],[-78.565013,-1.713475],[-78.565195,-1.71347],[-78.565245,-1.713502],[-78.565447,-1.713843],[-78.565693,-1.714092],[-78.565922,-1.714122],[-78.566094,-1.714103],[-78.566297,-1.714187],[-78.566805,-1.714292],[-78.567083,-1.714301],[-78.567324,-1.714364],[-78.567473,-1.71434],[-78.567589,-1.714142],[-78.567748,-1.714123],[-78.567811,-1.714027],[-78.567942,-1.714103],[-78.568105,-1.714021],[-78.568244,-1.714019],[-78.568381,-1.713891],[-78.568645,-1.713905],[-78.568949,-1.714043],[-78.569017,-1.714153],[-78.568977,-1.714311],[-78.569174,-1.714393],[-78.569326,-1.714518],[-78.569998,-1.714556],[-78.570183,-1.714594],[-78.570444,-1.714372],[-78.570584,-1.714139],[-78.570773,-1.714125],[-78.570918,-1.714066],[-78.571022,-1.71413],[-78.571087,-1.713968],[-78.571146,-1.71391],[-78.571436,-1.713932],[-78.571489,-1.7139],[-78.571529,-1.713757],[-78.571701,-1.713766],[-78.571909,-1.713706],[-78.571964,-1.713657],[-78.572015,-1.713485],[-78.5722,-1.71326],[-78.572259,-1.713218],[-78.572387,-1.713209],[-78.572411,-1.713009],[-78.572689,-1.712922],[-78.572797,-1.712767],[-78.573054,-1.712758],[-78.573117,-1.712565],[-78.57333,-1.712401],[-78.573456,-1.712172],[-78.573462,-1.712043],[-78.573561,-1.711921],[-78.573624,-1.711687],[-78.574013,-1.711502],[-78.574125,-1.711304],[-78.574352,-1.711281],[-78.574418,-1.711231],[-78.574468,-1.71107],[-78.574638,-1.710827],[-78.57468,-1.710684],[-78.574688,-1.710453],[-78.574717,-1.710409],[-78.574896,-1.710372],[-78.575044,-1.710183],[-78.575134,-1.710124],[-78.575405,-1.710043],[-78.575505,-1.709854],[-78.575769,-1.70971],[-78.575856,-1.709581],[-78.575981,-1.709473],[-78.576185,-1.709143],[-78.576372,-1.708994],[-78.576392,-1.708828],[-78.576456,-1.708716],[-78.576478,-1.708592],[-78.576761,-1.708396],[-78.576825,-1.708305],[-78.576908,-1.708057],[-78.577381,-1.707688],[-78.577495,-1.707433],[-78.577695,-1.70741],[-78.577728,-1.707235],[-78.577907,-1.706967],[-78.57814,-1.70679],[-78.578236,-1.706619],[-78.578308,-1.706581],[-78.578562,-1.706549],[-78.578627,-1.706481],[-78.578672,-1.706331],[-78.578775,-1.706339],[-78.578839,-1.706311],[-78.578883,-1.70604],[-78.578928,-1.705989],[-78.579045,-1.705955],[-78.579166,-1.706057],[-78.57934,-1.706067],[-78.579914,-1.70592],[-78.580004,-1.705856],[-78.580079,-1.705748],[-78.580214,-1.705426],[-78.580372,-1.705339],[-78.580516,-1.705123],[-78.580604,-1.705103],[-78.580791,-1.705164],[-78.5811,-1.705111],[-78.581258,-1.705052],[-78.581403,-1.704943],[-78.58151,-1.704717],[-78.581789,-1.7046],[-78.581989,-1.704397],[-78.582233,-1.703849],[-78.582482,-1.703698],[-78.582697,-1.703662],[-78.582938,-1.7037],[-78.583278,-1.703701],[-78.583518,-1.703605],[-78.583638,-1.703439],[-78.583732,-1.703235],[-78.584234,-1.702917],[-78.584583,-1.70287],[-78.584786,-1.702994],[-78.585055,-1.702937],[-78.585256,-1.702959],[-78.585586,-1.702736],[-78.585688,-1.702605],[-78.585863,-1.702005],[-78.58599,-1.701915],[-78.586039,-1.701834],[-78.586009,-1.70147],[-78.58604,-1.701355],[-78.586144,-1.701184],[-78.586202,-1.701138],[-78.586311,-1.701133],[-78.586395,-1.700996],[-78.58653,-1.700935],[-78.586614,-1.700857],[-78.58675,-1.700582],[-78.586919,-1.700511],[-78.586968,-1.700272],[-78.587022,-1.70017],[-78.587273,-1.700034],[-78.587397,-1.699852],[-78.587684,-1.699728],[-78.58785,-1.699599],[-78.587869,-1.699539],[-78.587805,-1.699349],[-78.587807,-1.699197],[-78.587909,-1.699024],[-78.588072,-1.698856],[-78.58808,-1.698534],[-78.588111,-1.698411],[-78.588223,-1.698291],[-78.58847,-1.698163],[-78.588675,-1.697892],[-78.588894,-1.697276],[-78.589136,-1.696982],[-78.589172,-1.696853],[-78.589163,-1.696645],[-78.589294,-1.696444],[-78.589335,-1.69624],[-78.589498,-1.696051],[-78.589554,-1.695757],[-78.589707,-1.695468],[-78.589817,-1.694723],[-78.589951,-1.694382],[-78.589899,-1.69414],[-78.589914,-1.694034],[-78.59004,-1.69387],[-78.590106,-1.693669],[-78.59028,-1.693557],[-78.590461,-1.693354],[-78.590328,-1.693029],[-78.590416,-1.692735],[-78.590357,-1.692574],[-78.590197,-1.692419],[-78.589868,-1.692212],[-78.589783,-1.692101],[-78.589718,-1.691831],[-78.589501,-1.691722],[-78.589477,-1.691637],[-78.589533,-1.691446],[-78.58953,-1.691346],[-78.589321,-1.691031],[-78.589413,-1.690513],[-78.589472,-1.690348],[-78.589476,-1.690191],[-78.58944,-1.690108],[-78.589261,-1.690121],[-78.58924,-1.690053],[-78.589295,-1.689965],[-78.5895,-1.689887],[-78.589556,-1.689828],[-78.58959,-1.689719],[-78.589583,-1.689542],[-78.589645,-1.689327],[-78.589843,-1.689213],[-78.589988,-1.688972],[-78.590177,-1.688774],[-78.59035,-1.688513],[-78.590466,-1.688413],[-78.590666,-1.688414],[-78.590823,-1.688542],[-78.591049,-1.688487],[-78.591187,-1.688369],[-78.591727,-1.688413],[-78.592113,-1.688062],[-78.592287,-1.687995],[-78.592391,-1.688002],[-78.592464,-1.687903],[-78.592647,-1.687891],[-78.592857,-1.687586],[-78.593133,-1.687617],[-78.593207,-1.687582],[-78.593341,-1.687589],[-78.593496,-1.687532],[-78.593605,-1.687435],[-78.593882,-1.687437],[-78.594003,-1.687314],[-78.594203,-1.687247],[-78.594396,-1.686868],[-78.594719,-1.686675],[-78.594731,-1.686404],[-78.594802,-1.686275],[-78.59506,-1.68621],[-78.595382,-1.686004],[-78.595945,-1.685758],[-78.596218,-1.685199],[-78.596541,-1.685051],[-78.596615,-1.684976],[-78.596726,-1.684802],[-78.596778,-1.684655],[-78.596751,-1.68434],[-78.596916,-1.684119],[-78.596907,-1.684033],[-78.596775,-1.683842],[-78.596842,-1.683629],[-78.596841,-1.683337],[-78.596916,-1.683193],[-78.597123,-1.683094],[-78.59722,-1.682935],[-78.597476,-1.682986],[-78.597652,-1.682943],[-78.597886,-1.682592],[-78.598159,-1.682503],[-78.598309,-1.682226],[-78.598373,-1.682232],[-78.598532,-1.682371],[-78.598588,-1.682374],[-78.59871,-1.682184],[-78.598885,-1.682107],[-78.598914,-1.681924],[-78.59907,-1.681881],[-78.599099,-1.681846],[-78.599215,-1.681661],[-78.599238,-1.681492],[-78.599323,-1.681379],[-78.599465,-1.681216],[-78.599646,-1.68109],[-78.599651,-1.6808],[-78.599911,-1.6808],[-78.599684,-1.680568],[-78.598571,-1.680075],[-78.598331,-1.679995],[-78.59744,-1.679826],[-78.59669,-1.679562],[-78.596041,-1.679413],[-78.595929,-1.679353],[-78.595846,-1.679267],[-78.595728,-1.678999],[-78.595681,-1.678635],[-78.595722,-1.678291],[-78.595712,-1.678109],[-78.595641,-1.677796],[-78.595435,-1.677415],[-78.595351,-1.677419],[-78.595266,-1.677595],[-78.595089,-1.677734],[-78.594865,-1.677982],[-78.594719,-1.67808],[-78.594311,-1.678181],[-78.593959,-1.678192],[-78.593298,-1.678098],[-78.593047,-1.677986],[-78.592646,-1.677694],[-78.592363,-1.677315],[-78.592228,-1.677055],[-78.592236,-1.676588],[-78.592309,-1.676288],[-78.592771,-1.675402],[-78.593466,-1.674202],[-78.594116,-1.673268],[-78.594532,-1.672556],[-78.594729,-1.672118],[-78.594811,-1.671835],[-78.594844,-1.671522],[-78.594809,-1.671011],[-78.59469,-1.670775],[-78.59443,-1.670587],[-78.594028,-1.670395],[-78.593497,-1.670276],[-78.59322,-1.670284],[-78.592813,-1.670377],[-78.59233,-1.670564],[-78.591718,-1.670707],[-78.591444,-1.670321],[-78.590959,-1.669357],[-78.59068,-1.668993],[-78.590463,-1.668798],[-78.590109,-1.668597],[-78.589763,-1.668466],[-78.589483,-1.668443],[-78.588936,-1.668461],[-78.588653,-1.668383],[-78.588206,-1.668201],[-78.588034,-1.668093],[-78.587927,-1.667976],[-78.58778,-1.667534],[-78.587478,-1.665869],[-78.587476,-1.665655],[-78.58731,-1.665105],[-78.587111,-1.664899],[-78.586245,-1.664398],[-78.585764,-1.664032],[-78.585685,-1.663962],[-78.585645,-1.663773],[-78.585725,-1.663411],[-78.586472,-1.663052],[-78.586842,-1.662791],[-78.587037,-1.662582],[-78.587656,-1.661733],[-78.587948,-1.661182],[-78.588354,-1.660563],[-78.588482,-1.660219],[-78.58848,-1.659981],[-78.588445,-1.659914],[-78.588335,-1.65984],[-78.587651,-1.659567],[-78.58731,-1.65932],[-78.586922,-1.658956],[-78.58683,-1.658843],[-78.586811,-1.658752],[-78.586957,-1.658529],[-78.586994,-1.658418],[-78.58701,-1.658223],[-78.586969,-1.657996],[-78.586805,-1.657514],[-78.586476,-1.656968],[-78.585363,-1.655843],[-78.584593,-1.655166],[-78.584197,-1.65488],[-78.583774,-1.654432],[-78.583588,-1.654331],[-78.583399,-1.65417],[-78.583089,-1.6538],[-78.582865,-1.653429],[-78.58279,-1.653222],[-78.582775,-1.653061],[-78.582811,-1.652769],[-78.58292,-1.652392],[-78.582904,-1.652191],[-78.582824,-1.651889],[-78.582309,-1.651279],[-78.581755,-1.650732],[-78.58143,-1.650499],[-78.581245,-1.65042],[-78.580602,-1.650278],[-78.58014,-1.650083],[-78.579575,-1.64991],[-78.57888,-1.649615],[-78.578056,-1.649193],[-78.577954,-1.649088],[-78.577809,-1.648851],[-78.577674,-1.64838],[-78.57743,-1.647982],[-78.577004,-1.647071],[-78.576917,-1.646996],[-78.576619,-1.646568],[-78.57631,-1.646266],[-78.574773,-1.644927],[-78.573326,-1.64398],[-78.572697,-1.643788],[-78.571977,-1.643647],[-78.571298,-1.643455],[-78.57058,-1.643343],[-78.570246,-1.643128],[-78.570002,-1.642898],[-78.569972,-1.642622],[-78.570094,-1.642423],[-78.570353,-1.642362],[-78.57075,-1.642107],[-78.570941,-1.641876],[-78.571001,-1.641635],[-78.570668,-1.640623],[-78.570355,-1.640269],[-78.570117,-1.64012],[-78.569804,-1.639996],[-78.568868,-1.639741],[-78.568491,-1.639565],[-78.568366,-1.639439],[-78.568137,-1.639293],[-78.56775,-1.639088],[-78.567579,-1.639032],[-78.56656,-1.639086],[-78.565538,-1.63895],[-78.564983,-1.63894],[-78.564044,-1.639046],[-78.563199,-1.639311],[-78.562995,-1.639344],[-78.562556,-1.639356],[-78.562355,-1.63932],[-78.561675,-1.63915],[-78.561203,-1.638805],[-78.560907,-1.638388],[-78.560743,-1.638017],[-78.560535,-1.637244],[-78.560288,-1.636679],[-78.56019,-1.636349],[-78.560202,-1.635423],[-78.560167,-1.635044],[-78.560011,-1.634775],[-78.559792,-1.634572],[-78.559022,-1.63399],[-78.558713,-1.633618],[-78.558452,-1.633099],[-78.558125,-1.632252],[-78.558081,-1.631647],[-78.558094,-1.630662],[-78.557968,-1.629121],[-78.557841,-1.62877],[-78.557648,-1.628434],[-78.557274,-1.627879],[-78.557023,-1.627567],[-78.556851,-1.627264],[-78.55673,-1.626796],[-78.556694,-1.626478],[-78.556525,-1.625696],[-78.556469,-1.624367],[-78.55657,-1.623465],[-78.556652,-1.623123],[-78.556634,-1.622627],[-78.556667,-1.622457],[-78.556822,-1.62213],[-78.557192,-1.62165],[-78.557466,-1.621124],[-78.557565,-1.620513],[-78.557524,-1.620285],[-78.557032,-1.619524],[-78.556817,-1.619302],[-78.556694,-1.619091],[-78.556694,-1.618867],[-78.556748,-1.618544],[-78.557206,-1.617099],[-78.557738,-1.616344],[-78.557981,-1.615678],[-78.557996,-1.615547],[-78.557957,-1.615242],[-78.557808,-1.614945],[-78.55768,-1.614811],[-78.557283,-1.614764],[-78.556973,-1.614669],[-78.556707,-1.614536],[-78.556189,-1.614076],[-78.555994,-1.613957],[-78.555428,-1.613674],[-78.554902,-1.613515],[-78.554709,-1.613384],[-78.554195,-1.612995],[-78.55375,-1.612345],[-78.553641,-1.612097],[-78.553538,-1.61163],[-78.553675,-1.610743],[-78.553733,-1.609894],[-78.553832,-1.609086],[-78.553788,-1.608909],[-78.553747,-1.60843],[-78.554043,-1.607799],[-78.554187,-1.607385],[-78.55423,-1.607091],[-78.554233,-1.606821],[-78.554081,-1.606435],[-78.553827,-1.606182],[-78.553281,-1.605965],[-78.55166,-1.605049],[-78.550735,-1.60487],[-78.550099,-1.604426],[-78.548908,-1.603664],[-78.548386,-1.603448],[-78.547682,-1.603417],[-78.547043,-1.603242],[-78.546618,-1.603032],[-78.54625,-1.602678],[-78.545882,-1.602263],[-78.545465,-1.601116],[-78.545554,-1.599591],[-78.545733,-1.598596],[-78.545884,-1.598181],[-78.546588,-1.597665],[-78.547356,-1.596751],[-78.547905,-1.596323],[-78.548365,-1.596044],[-78.548671,-1.595816],[-78.548786,-1.59562],[-78.54884,-1.595362],[-78.548812,-1.595182],[-78.548908,-1.594441],[-78.54889,-1.594063],[-78.548956,-1.593713],[-78.548955,-1.592945],[-78.548991,-1.592478],[-78.548934,-1.592087],[-78.54881,-1.591707],[-78.548542,-1.591278],[-78.54805,-1.590751],[-78.547925,-1.59068],[-78.547705,-1.590637],[-78.547301,-1.590619],[-78.546994,-1.590519],[-78.546923,-1.590599]]]}},{"type":"Feature","properties":{"DPA_DESPAR":"SAN JUAN","DPA_PARROQ":"060160"},"geometry":{"type":"Polygon","coordinates":[[[-78.828562,-1.466017],[-78.826641,-1.466474],[-78.824853,-1.467008],[-78.823237,-1.467217],[-78.822624,-1.467354],[-78.821658,-1.467483],[-78.820422,-1.467807],[-78.819794,-1.468209],[-78.818786,-1.468686],[-78.818538,-1.468762],[-78.818158,-1.468762],[-78.817483,-1.468541],[-78.81658,-1.468827],[-78.815414,-1.469855],[-78.814844,-1.470237],[-78.81432,-1.470643],[-78.813012,-1.471455],[-78.812489,-1.472005],[-78.812108,-1.472483],[-78.811656,-1.472841],[-78.811062,-1.473128],[-78.81042,-1.473342],[-78.809635,-1.473533],[-78.808756,-1.473628],[-78.808138,-1.473651],[-78.807686,-1.473531],[-78.807211,-1.473626],[-78.806759,-1.473626],[-78.80607,-1.473505],[-78.805381,-1.473289],[-78.804882,-1.473289],[-78.80462,-1.473303],[-78.804335,-1.473384],[-78.804169,-1.473599],[-78.804061,-1.473958],[-78.804334,-1.474736],[-78.804381,-1.47519],[-78.804368,-1.47586],[-78.804297,-1.476183],[-78.804296,-1.476386],[-78.804522,-1.47714],[-78.804497,-1.477486],[-78.804378,-1.477941],[-78.803985,-1.478515],[-78.803686,-1.479571],[-78.803401,-1.480356],[-78.803484,-1.481121],[-78.803555,-1.481444],[-78.803543,-1.481743],[-78.803423,-1.482317],[-78.803423,-1.482556],[-78.803458,-1.483059],[-78.803446,-1.483645],[-78.803653,-1.484364],[-78.803584,-1.485028],[-78.803432,-1.48564],[-78.803146,-1.48606],[-78.802974,-1.486711],[-78.802859,-1.487534],[-78.802669,-1.488069],[-78.802402,-1.488662],[-78.802165,-1.489443],[-78.802019,-1.490958],[-78.801924,-1.491513],[-78.801904,-1.492757],[-78.801941,-1.492967],[-78.801712,-1.493886],[-78.80156,-1.494306],[-78.801103,-1.494995],[-78.800512,-1.496372],[-78.800169,-1.49685],[-78.799902,-1.497347],[-78.799427,-1.49773],[-78.798589,-1.498552],[-78.798208,-1.499259],[-78.797941,-1.499852],[-78.797903,-1.50079],[-78.797598,-1.50144],[-78.796703,-1.502855],[-78.796607,-1.503334],[-78.796455,-1.503697],[-78.796218,-1.504076],[-78.796016,-1.504711],[-78.795997,-1.505361],[-78.796356,-1.507562],[-78.796431,-1.508098],[-78.79645,-1.508481],[-78.796449,-1.508711],[-78.796183,-1.509284],[-78.79622,-1.509724],[-78.796467,-1.510509],[-78.79673,-1.511006],[-78.797032,-1.511766],[-78.79705,-1.512071],[-78.797263,-1.512657],[-78.797369,-1.51353],[-78.797559,-1.514158],[-78.797706,-1.515271],[-78.797996,-1.516915],[-78.798119,-1.517872],[-78.798226,-1.51813],[-78.798716,-1.518769],[-78.798926,-1.51912],[-78.799239,-1.519763],[-78.799332,-1.519996],[-78.799552,-1.521053],[-78.799722,-1.521584],[-78.799764,-1.522732],[-78.799749,-1.52322],[-78.799663,-1.523708],[-78.799534,-1.52411],[-78.799277,-1.524655],[-78.798563,-1.525515],[-78.798378,-1.525658],[-78.797779,-1.525844],[-78.797336,-1.526045],[-78.79638,-1.526604],[-78.795409,-1.527636],[-78.794368,-1.528238],[-78.793897,-1.528424],[-78.793483,-1.528696],[-78.792727,-1.529442],[-78.792427,-1.529829],[-78.792255,-1.53036],[-78.79224,-1.531163],[-78.792381,-1.532627],[-78.792381,-1.533115],[-78.792294,-1.533632],[-78.792166,-1.534019],[-78.792023,-1.534263],[-78.791818,-1.534494],[-78.791732,-1.534429],[-78.791504,-1.534418],[-78.787694,-1.535052],[-78.786861,-1.5357],[-78.785818,-1.536058],[-78.78493,-1.536404],[-78.784184,-1.536566],[-78.783759,-1.536633],[-78.783521,-1.536638],[-78.781756,-1.536421],[-78.781443,-1.536413],[-78.781267,-1.536983],[-78.781224,-1.537237],[-78.781133,-1.537835],[-78.781069,-1.538601],[-78.780925,-1.539526],[-78.780689,-1.54072],[-78.780646,-1.541155],[-78.780469,-1.541547],[-78.780455,-1.541648],[-78.780473,-1.542174],[-78.780606,-1.5427],[-78.780652,-1.543483],[-78.780651,-1.544711],[-78.780682,-1.545286],[-78.780633,-1.546051],[-78.780775,-1.546945],[-78.781028,-1.548014],[-78.781263,-1.548741],[-78.781749,-1.550057],[-78.782097,-1.551209],[-78.782211,-1.551429],[-78.782238,-1.551617],[-78.782216,-1.551757],[-78.781872,-1.552296],[-78.781706,-1.552701],[-78.781326,-1.553309],[-78.780781,-1.553785],[-78.780224,-1.554082],[-78.779892,-1.554356],[-78.779572,-1.554713],[-78.77907,-1.555047],[-78.778649,-1.555247],[-78.778556,-1.555642],[-78.778658,-1.55669],[-78.770991,-1.562185],[-78.771082,-1.562453],[-78.770995,-1.562994],[-78.770886,-1.563198],[-78.770592,-1.563419],[-78.77046,-1.563623],[-78.770514,-1.563887],[-78.771004,-1.564974],[-78.771003,-1.565558],[-78.770967,-1.565769],[-78.770892,-1.566043],[-78.770713,-1.56643],[-78.770573,-1.566652],[-78.770438,-1.567294],[-78.770164,-1.567977],[-78.769983,-1.568226],[-78.769581,-1.568572],[-78.769448,-1.568762],[-78.769447,-1.568948],[-78.769492,-1.569056],[-78.769547,-1.569106],[-78.77011,-1.569458],[-78.77031,-1.569628],[-78.770613,-1.570181],[-78.770748,-1.570182],[-78.77129,-1.570028],[-78.771657,-1.570043],[-78.771892,-1.57009],[-78.772213,-1.570234],[-78.77252,-1.570442],[-78.772679,-1.570748],[-78.772764,-1.571168],[-78.772974,-1.571814],[-78.773065,-1.572224],[-78.773355,-1.572997],[-78.773435,-1.573421],[-78.773534,-1.573593],[-78.77391,-1.574017],[-78.774467,-1.574382],[-78.774541,-1.574472],[-78.774579,-1.574671],[-78.774317,-1.57565],[-78.774271,-1.576115],[-78.774309,-1.57638],[-78.774468,-1.576823],[-78.774544,-1.578101],[-78.774748,-1.578642],[-78.774844,-1.578776],[-78.774989,-1.578901],[-78.775022,-1.57909],[-78.7749,-1.579352],[-78.774515,-1.579752],[-78.774403,-1.579952],[-78.774383,-1.580084],[-78.774492,-1.580262],[-78.775373,-1.581235],[-78.775702,-1.581551],[-78.775735,-1.581637],[-78.775556,-1.582822],[-78.775413,-1.58336],[-78.77543,-1.583802],[-78.775546,-1.584141],[-78.775479,-1.584211],[-78.775159,-1.584276],[-78.77503,-1.584357],[-78.774976,-1.584451],[-78.774927,-1.584676],[-78.774934,-1.584789],[-78.775115,-1.585299],[-78.775167,-1.58581],[-78.775269,-1.58596],[-78.775243,-1.586088],[-78.775081,-1.586408],[-78.775079,-1.586607],[-78.7754,-1.587033],[-78.775403,-1.587144],[-78.775335,-1.587344],[-78.775342,-1.587511],[-78.775634,-1.587968],[-78.775754,-1.588226],[-78.775969,-1.588914],[-78.776157,-1.589991],[-78.776065,-1.590549],[-78.775823,-1.590952],[-78.775412,-1.5915],[-78.775417,-1.591546],[-78.775902,-1.592296],[-78.775938,-1.592401],[-78.775911,-1.592842],[-78.775748,-1.59383],[-78.775724,-1.594251],[-78.77566,-1.59439],[-78.77511,-1.594788],[-78.774903,-1.595018],[-78.774732,-1.595333],[-78.774076,-1.596296],[-78.773962,-1.596524],[-78.773924,-1.596868],[-78.773954,-1.597077],[-78.774029,-1.597288],[-78.77435,-1.598002],[-78.774394,-1.598454],[-78.774369,-1.599063],[-78.774285,-1.59986],[-78.774237,-1.601223],[-78.774158,-1.601822],[-78.774169,-1.602033],[-78.774233,-1.602168],[-78.774377,-1.602327],[-78.774778,-1.602569],[-78.77483,-1.602687],[-78.774768,-1.602782],[-78.774173,-1.603045],[-78.773968,-1.603191],[-78.77389,-1.603284],[-78.773775,-1.603621],[-78.773723,-1.603685],[-78.773616,-1.603734],[-78.773347,-1.603769],[-78.773259,-1.603849],[-78.77319,-1.60403],[-78.773233,-1.604361],[-78.773183,-1.6046],[-78.773109,-1.604739],[-78.772966,-1.604886],[-78.772708,-1.605474],[-78.772139,-1.606248],[-78.771707,-1.607009],[-78.7714,-1.607334],[-78.771287,-1.60758],[-78.771322,-1.607719],[-78.772035,-1.609215],[-78.772107,-1.609881],[-78.771984,-1.610639],[-78.771896,-1.611941],[-78.772174,-1.612437],[-78.772184,-1.612562],[-78.772113,-1.612825],[-78.771861,-1.613185],[-78.771757,-1.613414],[-78.771744,-1.61361],[-78.771818,-1.614002],[-78.772104,-1.614466],[-78.772465,-1.614613],[-78.772924,-1.614606],[-78.772992,-1.614631],[-78.773642,-1.615237],[-78.773871,-1.615333],[-78.774396,-1.615419],[-78.774591,-1.61549],[-78.774747,-1.615593],[-78.774824,-1.61573],[-78.77496,-1.616143],[-78.775133,-1.616854],[-78.775206,-1.617261],[-78.775232,-1.617637],[-78.775185,-1.617978],[-78.775046,-1.618289],[-78.774363,-1.619519],[-78.774038,-1.620353],[-78.773931,-1.620828],[-78.773707,-1.621581],[-78.773633,-1.622149],[-78.77363,-1.62262],[-78.773528,-1.623009],[-78.758623,-1.635889],[-78.759981,-1.639431],[-78.760312,-1.64013],[-78.760964,-1.640596],[-78.761986,-1.641397],[-78.762409,-1.641285],[-78.763523,-1.647075],[-78.763605,-1.647671],[-78.763785,-1.647649],[-78.764494,-1.647366],[-78.764828,-1.647294],[-78.766662,-1.647162],[-78.766732,-1.647103],[-78.766766,-1.647015],[-78.766957,-1.646992],[-78.767055,-1.646827],[-78.767244,-1.646749],[-78.767336,-1.64676],[-78.767468,-1.646916],[-78.76843,-1.647517],[-78.768518,-1.647361],[-78.768633,-1.647257],[-78.768947,-1.647181],[-78.769254,-1.646928],[-78.769598,-1.646914],[-78.769887,-1.646965],[-78.769991,-1.646934],[-78.770047,-1.646865],[-78.770042,-1.646818],[-78.769881,-1.646688],[-78.769845,-1.646562],[-78.769916,-1.646428],[-78.770087,-1.646265],[-78.770239,-1.64637],[-78.770464,-1.646387],[-78.770719,-1.646624],[-78.770748,-1.646603],[-78.770736,-1.64642],[-78.770823,-1.646302],[-78.770892,-1.646285],[-78.77094,-1.646294],[-78.771099,-1.646458],[-78.771394,-1.64655],[-78.771531,-1.646624],[-78.771625,-1.646628],[-78.77183,-1.64654],[-78.7721,-1.64601],[-78.772351,-1.645884],[-78.772546,-1.645928],[-78.772762,-1.646184],[-78.772909,-1.64619],[-78.773052,-1.645966],[-78.773101,-1.645686],[-78.773181,-1.645617],[-78.773249,-1.645631],[-78.773422,-1.645787],[-78.773533,-1.645823],[-78.77384,-1.645799],[-78.773925,-1.645761],[-78.774382,-1.645818],[-78.775608,-1.645788],[-78.775731,-1.645679],[-78.775875,-1.6457],[-78.776117,-1.645625],[-78.776247,-1.645504],[-78.776283,-1.645397],[-78.776337,-1.645341],[-78.776439,-1.645353],[-78.776628,-1.645456],[-78.776732,-1.64545],[-78.776791,-1.645377],[-78.776823,-1.645211],[-78.777038,-1.644998],[-78.777196,-1.644971],[-78.777468,-1.644995],[-78.777676,-1.644953],[-78.777945,-1.64476],[-78.778097,-1.644689],[-78.778331,-1.644663],[-78.778482,-1.644681],[-78.778589,-1.644637],[-78.7789,-1.644733],[-78.779032,-1.644722],[-78.779131,-1.644568],[-78.779262,-1.644162],[-78.779514,-1.644001],[-78.779517,-1.643912],[-78.779355,-1.643369],[-78.77936,-1.643037],[-78.779426,-1.643003],[-78.779618,-1.643073],[-78.779773,-1.643074],[-78.779891,-1.642961],[-78.779894,-1.642683],[-78.779746,-1.642488],[-78.779745,-1.642395],[-78.779807,-1.642145],[-78.779897,-1.641972],[-78.780019,-1.641849],[-78.780295,-1.641713],[-78.780525,-1.641734],[-78.78065,-1.641622],[-78.780695,-1.641616],[-78.780752,-1.641656],[-78.780888,-1.64187],[-78.780962,-1.642092],[-78.781198,-1.642161],[-78.781502,-1.64211],[-78.781768,-1.641936],[-78.781971,-1.641928],[-78.782088,-1.641883],[-78.782364,-1.641881],[-78.782442,-1.641762],[-78.782498,-1.641729],[-78.783017,-1.641857],[-78.783071,-1.641777],[-78.782963,-1.641518],[-78.782948,-1.641239],[-78.782971,-1.641195],[-78.78337,-1.641183],[-78.783619,-1.641092],[-78.783848,-1.641074],[-78.783907,-1.64103],[-78.78404,-1.641083],[-78.784176,-1.6412],[-78.784365,-1.641516],[-78.784502,-1.641902],[-78.784639,-1.642031],[-78.784747,-1.642339],[-78.784827,-1.64245],[-78.784861,-1.64259],[-78.785038,-1.642831],[-78.785065,-1.642943],[-78.785461,-1.643516],[-78.785594,-1.643601],[-78.78569,-1.643903],[-78.786048,-1.644283],[-78.786538,-1.644415],[-78.786741,-1.6445],[-78.78689,-1.644674],[-78.786981,-1.644699],[-78.787269,-1.644876],[-78.787477,-1.645042],[-78.788343,-1.645203],[-78.788459,-1.645266],[-78.7887,-1.645332],[-78.78879,-1.645404],[-78.789215,-1.645593],[-78.789533,-1.645639],[-78.789671,-1.645731],[-78.790161,-1.645876],[-78.79047,-1.646155],[-78.790684,-1.646515],[-78.790879,-1.646668],[-78.791117,-1.646991],[-78.791581,-1.647464],[-78.791809,-1.647751],[-78.792981,-1.649464],[-78.793194,-1.656012],[-78.793301,-1.656031],[-78.793479,-1.656192],[-78.793663,-1.656791],[-78.793817,-1.657006],[-78.793983,-1.65715],[-78.794488,-1.657324],[-78.79484,-1.657389],[-78.794997,-1.657327],[-78.795235,-1.65716],[-78.795382,-1.657131],[-78.795554,-1.657131],[-78.795924,-1.657203],[-78.796124,-1.657285],[-78.796366,-1.657553],[-78.796661,-1.657764],[-78.797012,-1.657855],[-78.797145,-1.657946],[-78.797269,-1.658133],[-78.797135,-1.658597],[-78.797111,-1.658793],[-78.79712,-1.658975],[-78.797234,-1.659372],[-78.797237,-1.660635],[-78.79734,-1.661347],[-78.797512,-1.661506],[-78.798586,-1.662273],[-78.798966,-1.662493],[-78.799327,-1.662833],[-78.799963,-1.663154],[-78.800439,-1.663188],[-78.800929,-1.662955],[-78.801376,-1.662797],[-78.801813,-1.662783],[-78.802184,-1.662875],[-78.802302,-1.662864],[-78.802503,-1.662559],[-78.802626,-1.662464],[-78.802993,-1.662316],[-78.803216,-1.662292],[-78.80381,-1.662078],[-78.804253,-1.662021],[-78.80556,-1.662041],[-78.805793,-1.661951],[-78.806516,-1.661483],[-78.806706,-1.661397],[-78.807109,-1.661338],[-78.807705,-1.661388],[-78.808337,-1.661265],[-78.80887,-1.661246],[-78.809026,-1.661294],[-78.809283,-1.661438],[-78.809744,-1.661835],[-78.810034,-1.66202],[-78.810457,-1.662047],[-78.810689,-1.662124],[-78.811036,-1.662291],[-78.811231,-1.662488],[-78.811454,-1.662651],[-78.812092,-1.662707],[-78.812143,-1.662742],[-78.812214,-1.663058],[-78.812233,-1.663331],[-78.812152,-1.663737],[-78.812142,-1.66435],[-78.812237,-1.664551],[-78.812323,-1.664611],[-78.812422,-1.664608],[-78.812646,-1.664197],[-78.813118,-1.663078],[-78.813094,-1.662605],[-78.812953,-1.661901],[-78.812963,-1.661773],[-78.813144,-1.6611],[-78.813551,-1.660459],[-78.813762,-1.660209],[-78.814098,-1.659668],[-78.814384,-1.658954],[-78.814477,-1.658551],[-78.814668,-1.658201],[-78.814836,-1.657624],[-78.814995,-1.657329],[-78.815025,-1.657209],[-78.814966,-1.65688],[-78.814955,-1.656381],[-78.815137,-1.655741],[-78.815149,-1.655398],[-78.815134,-1.655099],[-78.815034,-1.654689],[-78.815049,-1.654438],[-78.815302,-1.653849],[-78.815454,-1.653386],[-78.815528,-1.653317],[-78.815734,-1.653245],[-78.816248,-1.653267],[-78.81664,-1.653187],[-78.816932,-1.653165],[-78.81748,-1.6534],[-78.817623,-1.653427],[-78.818895,-1.65336],[-78.81918,-1.6533],[-78.819427,-1.653157],[-78.819748,-1.65313],[-78.819902,-1.653065],[-78.820221,-1.652778],[-78.820488,-1.6527],[-78.820812,-1.652734],[-78.820874,-1.652761],[-78.821031,-1.652975],[-78.821296,-1.653039],[-78.821816,-1.652899],[-78.822065,-1.652891],[-78.822274,-1.652801],[-78.822517,-1.652804],[-78.822746,-1.652882],[-78.823064,-1.652907],[-78.82321,-1.652955],[-78.823542,-1.6532],[-78.823928,-1.653177],[-78.824249,-1.653321],[-78.824383,-1.653407],[-78.824668,-1.653722],[-78.824967,-1.653961],[-78.825237,-1.654341],[-78.825333,-1.654388],[-78.826004,-1.654231],[-78.826248,-1.654106],[-78.826356,-1.654082],[-78.826747,-1.654101],[-78.827175,-1.654053],[-78.827377,-1.654069],[-78.827496,-1.654185],[-78.827795,-1.654727],[-78.827849,-1.654885],[-78.827869,-1.655486],[-78.827934,-1.655696],[-78.828005,-1.655789],[-78.828082,-1.655848],[-78.828263,-1.655896],[-78.828338,-1.655947],[-78.828492,-1.656106],[-78.828914,-1.656438],[-78.829514,-1.656838],[-78.829723,-1.657054],[-78.830199,-1.657299],[-78.830426,-1.657629],[-78.830573,-1.657776],[-78.830729,-1.657838],[-78.830896,-1.657836],[-78.831039,-1.657801],[-78.831279,-1.657657],[-78.831401,-1.657658],[-78.832293,-1.657781],[-78.832677,-1.657968],[-78.832883,-1.658153],[-78.83301,-1.658192],[-78.833236,-1.658384],[-78.833935,-1.658877],[-78.83441,-1.659152],[-78.834611,-1.659235],[-78.834992,-1.659513],[-78.835166,-1.659579],[-78.835421,-1.659603],[-78.836376,-1.659902],[-78.83658,-1.659994],[-78.8367,-1.660009],[-78.837092,-1.660192],[-78.837395,-1.660419],[-78.837767,-1.660779],[-78.838135,-1.661346],[-78.838352,-1.661609],[-78.838551,-1.66195],[-78.838794,-1.662521],[-78.838943,-1.662746],[-78.839297,-1.662691],[-78.840404,-1.662832],[-78.840649,-1.662964],[-78.841168,-1.663132],[-78.841575,-1.663223],[-78.842103,-1.663423],[-78.842475,-1.663792],[-78.842811,-1.663882],[-78.843212,-1.664044],[-78.844551,-1.664682],[-78.844768,-1.664766],[-78.845133,-1.664775],[-78.845228,-1.664832],[-78.845271,-1.664881],[-78.845311,-1.665072],[-78.845343,-1.665646],[-78.845402,-1.665957],[-78.84577,-1.666848],[-78.845938,-1.667707],[-78.845944,-1.668108],[-78.845892,-1.668563],[-78.845936,-1.66902],[-78.845929,-1.66929],[-78.845802,-1.66973],[-78.845673,-1.670424],[-78.845653,-1.670782],[-78.845666,-1.670888],[-78.845708,-1.670952],[-78.846129,-1.67124],[-78.846746,-1.671473],[-78.847224,-1.67171],[-78.847849,-1.672203],[-78.848029,-1.672292],[-78.848308,-1.672359],[-78.848844,-1.672625],[-78.849196,-1.672839],[-78.849422,-1.672853],[-78.85057,-1.672723],[-78.850931,-1.672762],[-78.851851,-1.672782],[-78.852336,-1.672739],[-78.852607,-1.672658],[-78.853311,-1.672324],[-78.853963,-1.671978],[-78.85422,-1.67178],[-78.854327,-1.671734],[-78.854586,-1.67168],[-78.855527,-1.671604],[-78.855976,-1.671722],[-78.85639,-1.67171],[-78.856977,-1.671632],[-78.85731,-1.671467],[-78.857787,-1.671067],[-78.855814,-1.666911],[-78.855274,-1.666427],[-78.855079,-1.666382],[-78.854922,-1.666418],[-78.85464,-1.666423],[-78.854322,-1.666325],[-78.854023,-1.666149],[-78.853913,-1.665986],[-78.853692,-1.665866],[-78.853585,-1.665751],[-78.853456,-1.665684],[-78.853285,-1.665678],[-78.853209,-1.665631],[-78.853018,-1.665307],[-78.852878,-1.665207],[-78.852627,-1.664498],[-78.852675,-1.664185],[-78.852725,-1.664098],[-78.852719,-1.663878],[-78.852885,-1.663538],[-78.852912,-1.663413],[-78.853036,-1.663229],[-78.853083,-1.663051],[-78.853183,-1.662881],[-78.853327,-1.662499],[-78.853584,-1.662081],[-78.853675,-1.661672],[-78.853727,-1.66158],[-78.853639,-1.661325],[-78.853528,-1.66129],[-78.853445,-1.661306],[-78.853327,-1.66125],[-78.853338,-1.660928],[-78.853302,-1.660883],[-78.853307,-1.660775],[-78.853253,-1.660719],[-78.853221,-1.660608],[-78.853236,-1.66055],[-78.853307,-1.660499],[-78.853417,-1.660213],[-78.853408,-1.660092],[-78.853449,-1.660001],[-78.853491,-1.659985],[-78.853543,-1.659817],[-78.853718,-1.659705],[-78.853952,-1.659465],[-78.854048,-1.659129],[-78.853981,-1.658829],[-78.854023,-1.658779],[-78.854004,-1.65864],[-78.854056,-1.658478],[-78.854049,-1.657992],[-78.853908,-1.65771],[-78.853906,-1.657479],[-78.854017,-1.657045],[-78.85399,-1.656844],[-78.854075,-1.656441],[-78.853963,-1.656242],[-78.85387,-1.655957],[-78.853931,-1.655762],[-78.853996,-1.655173],[-78.853973,-1.654797],[-78.854006,-1.65457],[-78.854064,-1.654453],[-78.854012,-1.65433],[-78.854119,-1.65412],[-78.853979,-1.653895],[-78.853997,-1.65381],[-78.853963,-1.653636],[-78.853995,-1.653529],[-78.85388,-1.653334],[-78.853889,-1.653048],[-78.853872,-1.652964],[-78.853824,-1.652908],[-78.853875,-1.652766],[-78.853757,-1.6526],[-78.853507,-1.65251],[-78.85322,-1.652279],[-78.853263,-1.652213],[-78.853204,-1.652109],[-78.853284,-1.651981],[-78.85333,-1.651788],[-78.85326,-1.65169],[-78.853269,-1.651576],[-78.853146,-1.651469],[-78.853077,-1.651355],[-78.853054,-1.6512],[-78.852984,-1.651071],[-78.852977,-1.650944],[-78.853007,-1.650861],[-78.852899,-1.650703],[-78.85292,-1.650532],[-78.852864,-1.650435],[-78.852896,-1.650265],[-78.852833,-1.650131],[-78.852853,-1.650056],[-78.852822,-1.649922],[-78.852853,-1.649756],[-78.852809,-1.649662],[-78.852836,-1.649556],[-78.852622,-1.649254],[-78.852685,-1.649073],[-78.852557,-1.648732],[-78.85255,-1.64861],[-78.852721,-1.648352],[-78.852614,-1.64822],[-78.852585,-1.648062],[-78.852601,-1.647973],[-78.852496,-1.647845],[-78.852506,-1.647498],[-78.852447,-1.647164],[-78.852427,-1.646471],[-78.852346,-1.646359],[-78.852327,-1.646106],[-78.852274,-1.64603],[-78.852286,-1.645936],[-78.852211,-1.645853],[-78.852236,-1.645794],[-78.852196,-1.645712],[-78.852201,-1.645613],[-78.851768,-1.644861],[-78.851728,-1.644739],[-78.851638,-1.644643],[-78.85163,-1.64452],[-78.851569,-1.64443],[-78.851603,-1.644339],[-78.851545,-1.644282],[-78.851606,-1.644105],[-78.851563,-1.643978],[-78.851576,-1.643607],[-78.851547,-1.643443],[-78.851481,-1.643333],[-78.851555,-1.642648],[-78.851484,-1.642197],[-78.851496,-1.64204],[-78.851531,-1.641939],[-78.851609,-1.641845],[-78.851629,-1.641695],[-78.851517,-1.641548],[-78.851484,-1.641449],[-78.851487,-1.64136],[-78.851538,-1.641276],[-78.851518,-1.641048],[-78.851601,-1.640852],[-78.851589,-1.640668],[-78.851697,-1.64041],[-78.851561,-1.640079],[-78.851608,-1.639449],[-78.85168,-1.639305],[-78.851723,-1.639093],[-78.851609,-1.63881],[-78.851645,-1.638542],[-78.85158,-1.638396],[-78.851643,-1.637978],[-78.851605,-1.637656],[-78.851622,-1.637197],[-78.851689,-1.637089],[-78.851657,-1.636485],[-78.851705,-1.63629],[-78.851657,-1.636102],[-78.851707,-1.635908],[-78.851673,-1.635674],[-78.85155,-1.63555],[-78.851526,-1.635054],[-78.851421,-1.635009],[-78.851369,-1.634941],[-78.851356,-1.634812],[-78.851387,-1.634698],[-78.851227,-1.634366],[-78.851229,-1.634141],[-78.851275,-1.634012],[-78.851234,-1.633899],[-78.851274,-1.633836],[-78.851294,-1.633677],[-78.851277,-1.633537],[-78.851171,-1.633351],[-78.851221,-1.632875],[-78.851149,-1.632815],[-78.851145,-1.632742],[-78.851152,-1.632543],[-78.851261,-1.632457],[-78.851046,-1.632008],[-78.851044,-1.631903],[-78.851114,-1.63169],[-78.851077,-1.631577],[-78.85113,-1.631443],[-78.851043,-1.631209],[-78.851103,-1.631117],[-78.851076,-1.630968],[-78.851187,-1.630846],[-78.851164,-1.630708],[-78.851239,-1.630541],[-78.851204,-1.630309],[-78.851394,-1.629836],[-78.851344,-1.629693],[-78.851375,-1.629502],[-78.851261,-1.629333],[-78.851321,-1.628921],[-78.851254,-1.628792],[-78.851263,-1.628672],[-78.866586,-1.632549],[-78.869695,-1.631509],[-78.879192,-1.627381],[-78.88767,-1.629561],[-78.891655,-1.626718],[-78.892135,-1.625895],[-78.892369,-1.625612],[-78.892548,-1.62554],[-78.892595,-1.62549],[-78.892758,-1.625245],[-78.892902,-1.624943],[-78.892968,-1.624884],[-78.893211,-1.624172],[-78.893422,-1.623993],[-78.893535,-1.623712],[-78.893689,-1.623483],[-78.893699,-1.623293],[-78.893781,-1.623215],[-78.89389,-1.622948],[-78.893897,-1.622767],[-78.893955,-1.62261],[-78.893929,-1.622303],[-78.894001,-1.622192],[-78.894011,-1.622092],[-78.894192,-1.621979],[-78.894383,-1.621766],[-78.894424,-1.621601],[-78.894496,-1.621473],[-78.894645,-1.621243],[-78.894788,-1.621141],[-78.89492,-1.620822],[-78.894938,-1.62069],[-78.895163,-1.620328],[-78.8952,-1.620046],[-78.895322,-1.619876],[-78.895519,-1.619296],[-78.895523,-1.619164],[-78.895648,-1.618717],[-78.895737,-1.618123],[-78.895817,-1.617951],[-78.895815,-1.617671],[-78.895846,-1.617592],[-78.895962,-1.617492],[-78.895979,-1.617167],[-78.896062,-1.61702],[-78.896275,-1.616869],[-78.896375,-1.616609],[-78.896583,-1.616355],[-78.896669,-1.615439],[-78.896753,-1.615248],[-78.896547,-1.614515],[-78.896489,-1.614196],[-78.8965,-1.61376],[-78.896579,-1.613595],[-78.896583,-1.613504],[-78.896464,-1.613255],[-78.896297,-1.613006],[-78.896306,-1.612735],[-78.896013,-1.612398],[-78.895955,-1.611851],[-78.895974,-1.611762],[-78.896136,-1.611496],[-78.896175,-1.611253],[-78.89629,-1.611129],[-78.896333,-1.611026],[-78.896251,-1.610591],[-78.896288,-1.61039],[-78.896253,-1.609974],[-78.896172,-1.6097],[-78.896312,-1.609314],[-78.89621,-1.609024],[-78.896215,-1.608946],[-78.896602,-1.608389],[-78.896583,-1.608333],[-78.896455,-1.608235],[-78.896444,-1.608111],[-78.896628,-1.607768],[-78.896645,-1.607181],[-78.896799,-1.606955],[-78.89676,-1.606767],[-78.896581,-1.606446],[-78.896552,-1.606011],[-78.896597,-1.605882],[-78.896717,-1.605719],[-78.896819,-1.605461],[-78.896838,-1.605181],[-78.896913,-1.604967],[-78.896875,-1.60479],[-78.896879,-1.604523],[-78.896975,-1.604139],[-78.897003,-1.603789],[-78.897335,-1.60281],[-78.897278,-1.602554],[-78.897336,-1.602323],[-78.897434,-1.60219],[-78.897486,-1.601836],[-78.897637,-1.601501],[-78.897603,-1.601301],[-78.897677,-1.601131],[-78.897689,-1.600864],[-78.897647,-1.600808],[-78.89754,-1.600756],[-78.897497,-1.600683],[-78.897497,-1.600593],[-78.897545,-1.600481],[-78.897519,-1.600366],[-78.897241,-1.600054],[-78.897255,-1.599942],[-78.894997,-1.588153],[-78.895035,-1.587915],[-78.895057,-1.587319],[-78.895015,-1.586874],[-78.894915,-1.586558],[-78.894759,-1.586328],[-78.894809,-1.585912],[-78.894766,-1.585596],[-78.894674,-1.585352],[-78.894674,-1.58508],[-78.894583,-1.584419],[-78.891883,-1.580744],[-78.89149,-1.579459],[-78.890981,-1.578304],[-78.890828,-1.577585],[-78.890383,-1.576403],[-78.890358,-1.576005],[-78.890256,-1.575736],[-78.890231,-1.57553],[-78.89004,-1.575016],[-78.889926,-1.574439],[-78.889838,-1.57336],[-78.889749,-1.572911],[-78.889583,-1.572577],[-78.889456,-1.572089],[-78.889405,-1.571743],[-78.889403,-1.571454],[-78.889332,-1.570859],[-78.889402,-1.570545],[-78.889216,-1.570202],[-78.888973,-1.570073],[-78.888808,-1.569791],[-78.88849,-1.568995],[-78.888318,-1.568752],[-78.887974,-1.56803],[-78.88784,-1.567876],[-78.887726,-1.567433],[-78.887383,-1.566547],[-78.887192,-1.5662],[-78.887096,-1.565892],[-78.887058,-1.565555],[-78.887231,-1.565218],[-78.887126,-1.564958],[-78.887011,-1.564784],[-78.887012,-1.564351],[-78.886964,-1.564139],[-78.88684,-1.563976],[-78.886735,-1.563273],[-78.886688,-1.562329],[-78.886584,-1.561963],[-78.886421,-1.561713],[-78.886374,-1.561501],[-78.886078,-1.560827],[-78.886049,-1.560499],[-78.885855,-1.559966],[-78.885658,-1.559748],[-78.885677,-1.559353],[-78.88584,-1.558901],[-78.885937,-1.558506],[-78.885918,-1.558266],[-78.885813,-1.558035],[-78.885851,-1.557775],[-78.885858,-1.557024],[-78.885766,-1.556848],[-78.885547,-1.55676],[-78.885278,-1.55659],[-78.885125,-1.556474],[-78.885001,-1.55633],[-78.884906,-1.556099],[-78.88474,-1.5559],[-78.884508,-1.555121],[-78.884448,-1.554827],[-78.88442,-1.553942],[-78.88443,-1.553739],[-78.88455,-1.553387],[-78.884547,-1.553279],[-78.884278,-1.552719],[-78.884249,-1.552391],[-78.884107,-1.552043],[-78.883923,-1.551745],[-78.883896,-1.551544],[-78.883945,-1.550937],[-78.883849,-1.550725],[-78.88384,-1.550523],[-78.883945,-1.55034],[-78.884108,-1.549879],[-78.884149,-1.549284],[-78.885049,-1.548036],[-78.885221,-1.547539],[-78.885316,-1.547137],[-78.885259,-1.546927],[-78.884443,-1.545625],[-78.884044,-1.54528],[-78.883817,-1.544514],[-78.883912,-1.544093],[-78.883818,-1.543538],[-78.883666,-1.543193],[-78.883704,-1.542868],[-78.883704,-1.542485],[-78.883648,-1.542122],[-78.884021,-1.540382],[-78.883968,-1.539904],[-78.883698,-1.539775],[-78.88328,-1.539743],[-78.882336,-1.539441],[-78.882035,-1.539435],[-78.881878,-1.53929],[-78.881794,-1.539039],[-78.881693,-1.538456],[-78.881693,-1.538132],[-78.881732,-1.538051],[-78.881702,-1.537907],[-78.881601,-1.537745],[-78.881525,-1.537358],[-78.881424,-1.537128],[-78.881416,-1.536698],[-78.881281,-1.536383],[-78.881298,-1.536119],[-78.881247,-1.53586],[-78.881095,-1.535634],[-78.881049,-1.535455],[-78.881116,-1.535074],[-78.881021,-1.534413],[-78.880562,-1.533662],[-78.880164,-1.533443],[-78.879593,-1.533215],[-78.878765,-1.533119],[-78.878551,-1.533138],[-78.878428,-1.533199],[-78.878279,-1.533384],[-78.878154,-1.53348],[-78.87787,-1.533476],[-78.876972,-1.532725],[-78.876604,-1.532354],[-78.876426,-1.532055],[-78.876498,-1.531097],[-78.876657,-1.530725],[-78.876878,-1.530362],[-78.87743,-1.528991],[-78.87743,-1.528678],[-78.877336,-1.527795],[-78.877166,-1.527065],[-78.87661,-1.526132],[-78.87626,-1.52518],[-78.876075,-1.524385],[-78.875692,-1.523401],[-78.875894,-1.522208],[-78.875887,-1.521745],[-78.875421,-1.520023],[-78.874567,-1.518584],[-78.87235,-1.516988],[-78.871735,-1.516769],[-78.87094,-1.516311],[-78.869837,-1.515544],[-78.869362,-1.515142],[-78.868109,-1.513629],[-78.867862,-1.513227],[-78.867691,-1.512825],[-78.867616,-1.512289],[-78.867694,-1.511989],[-78.869693,-1.507512],[-78.869932,-1.507246],[-78.870169,-1.506894],[-78.871154,-1.504894],[-78.871595,-1.504141],[-78.872664,-1.502451],[-78.874098,-1.499859],[-78.874613,-1.499155],[-78.875,-1.498694],[-78.875199,-1.498507],[-78.875613,-1.498229],[-78.878091,-1.496795],[-78.878403,-1.496542],[-78.878531,-1.496341],[-78.878609,-1.495995],[-78.878584,-1.495682],[-78.878262,-1.493819],[-78.877795,-1.491402],[-78.867736,-1.491402],[-78.86776,-1.490743],[-78.867628,-1.490106],[-78.867349,-1.48952],[-78.866936,-1.489014],[-78.867153,-1.488737],[-78.86733,-1.488441],[-78.867468,-1.488124],[-78.867565,-1.487792],[-78.867628,-1.487312],[-78.86765,-1.485842],[-78.868001,-1.485501],[-78.868282,-1.485108],[-78.868488,-1.484671],[-78.868616,-1.484194],[-78.868655,-1.483643],[-78.868584,-1.483105],[-78.868404,-1.482583],[-78.868123,-1.482108],[-78.86772,-1.481642],[-78.867035,-1.481163],[-78.866554,-1.480943],[-78.866039,-1.480822],[-78.865688,-1.480799],[-78.864798,-1.480804],[-78.864208,-1.480908],[-78.863886,-1.480515],[-78.863478,-1.480177],[-78.863173,-1.479999],[-78.862698,-1.479818],[-78.862378,-1.478935],[-78.862202,-1.478628],[-78.861988,-1.478346],[-78.861739,-1.478095],[-78.86146,-1.477879],[-78.861154,-1.477701],[-78.860673,-1.477485],[-78.86007,-1.476544],[-78.85971,-1.476155],[-78.85928,-1.475845],[-78.858799,-1.475625],[-78.858285,-1.475504],[-78.857868,-1.475481],[-78.857145,-1.474174],[-78.856931,-1.473892],[-78.856682,-1.473641],[-78.856402,-1.473425],[-78.856097,-1.473247],[-78.854276,-1.472526],[-78.853902,-1.472035],[-78.853307,-1.471427],[-78.853042,-1.471192],[-78.852593,-1.470911],[-78.851279,-1.470738],[-78.849838,-1.470499],[-78.848004,-1.470339],[-78.845593,-1.469968],[-78.845246,-1.469976],[-78.844378,-1.469898],[-78.84285,-1.469895],[-78.842324,-1.47001],[-78.841906,-1.470182],[-78.841012,-1.470468],[-78.840308,-1.470563],[-78.839795,-1.470218],[-78.839377,-1.470007],[-78.837951,-1.469623],[-78.837438,-1.469451],[-78.835537,-1.468683],[-78.833827,-1.467935],[-78.831926,-1.466958],[-78.830881,-1.466134],[-78.830456,-1.465989],[-78.829627,-1.465884],[-78.828562,-1.466017]]]}},{"type":"Feature","properties":{"DPA_DESPAR":"SAN LUIS","DPA_PARROQ":"060161"},"geometry":{"type":"Polygon","coordinates":[[[-78.620302,-1.682335],[-78.619018,-1.682439],[-78.618419,-1.682531],[-78.617814,-1.682669],[-78.616129,-1.682848],[-78.614728,-1.682782],[-78.614594,-1.682905],[-78.614164,-1.68363],[-78.612992,-1.683688],[-78.612798,-1.683654],[-78.612378,-1.683502],[-78.612277,-1.684163],[-78.611866,-1.684088],[-78.611646,-1.684],[-78.611393,-1.683976],[-78.611239,-1.683878],[-78.610795,-1.683696],[-78.610235,-1.68379],[-78.609875,-1.683803],[-78.609617,-1.683729],[-78.60944,-1.683755],[-78.609108,-1.683933],[-78.608997,-1.684157],[-78.608927,-1.684196],[-78.608806,-1.68415],[-78.60865,-1.68418],[-78.60854,-1.684067],[-78.608312,-1.683985],[-78.608254,-1.683922],[-78.608115,-1.683922],[-78.608054,-1.684144],[-78.607707,-1.684935],[-78.606996,-1.685954],[-78.606769,-1.686349],[-78.60672,-1.686485],[-78.606763,-1.686848],[-78.606797,-1.687061],[-78.607023,-1.687744],[-78.607088,-1.688066],[-78.60711,-1.688615],[-78.607003,-1.689793],[-78.606845,-1.690212],[-78.606495,-1.690702],[-78.606433,-1.690991],[-78.606543,-1.691225],[-78.606752,-1.691437],[-78.606898,-1.691655],[-78.607024,-1.691879],[-78.607034,-1.691967],[-78.606844,-1.692445],[-78.606771,-1.692778],[-78.606242,-1.693782],[-78.606147,-1.694033],[-78.605956,-1.69481],[-78.605658,-1.695281],[-78.605467,-1.695776],[-78.60542,-1.69606],[-78.605411,-1.696571],[-78.605553,-1.698595],[-78.605475,-1.699018],[-78.605297,-1.699226],[-78.605257,-1.699329],[-78.605265,-1.699517],[-78.605319,-1.699644],[-78.605512,-1.699897],[-78.605698,-1.700049],[-78.606308,-1.700306],[-78.606551,-1.700353],[-78.606978,-1.700374],[-78.607059,-1.700434],[-78.607095,-1.700665],[-78.607081,-1.700826],[-78.607008,-1.701053],[-78.606491,-1.701782],[-78.606447,-1.701902],[-78.60644,-1.701954],[-78.606592,-1.702336],[-78.606674,-1.702668],[-78.606727,-1.703189],[-78.606687,-1.70339],[-78.606571,-1.703662],[-78.606273,-1.70416],[-78.606015,-1.70449],[-78.605659,-1.705045],[-78.605603,-1.705238],[-78.605613,-1.705391],[-78.605663,-1.705532],[-78.605894,-1.705861],[-78.606162,-1.706069],[-78.606329,-1.706152],[-78.607557,-1.706491],[-78.608305,-1.706745],[-78.608509,-1.706862],[-78.608775,-1.706893],[-78.608859,-1.706955],[-78.608994,-1.707153],[-78.609044,-1.707368],[-78.608998,-1.707693],[-78.608894,-1.707886],[-78.608356,-1.708616],[-78.608098,-1.709027],[-78.60758,-1.709979],[-78.6075,-1.710218],[-78.607294,-1.710596],[-78.607119,-1.711165],[-78.60694,-1.712071],[-78.606825,-1.71242],[-78.606832,-1.712508],[-78.606865,-1.712546],[-78.60701,-1.712582],[-78.607276,-1.71255],[-78.607739,-1.71243],[-78.608507,-1.712108],[-78.608671,-1.712075],[-78.60902,-1.712069],[-78.60925,-1.712105],[-78.609431,-1.712193],[-78.609916,-1.712552],[-78.611035,-1.712789],[-78.61174,-1.712833],[-78.61202,-1.712938],[-78.612158,-1.713031],[-78.612408,-1.713319],[-78.612603,-1.713572],[-78.612855,-1.714009],[-78.613046,-1.714599],[-78.613445,-1.715527],[-78.614315,-1.716543],[-78.614589,-1.716784],[-78.615086,-1.717137],[-78.615901,-1.717379],[-78.61629,-1.717576],[-78.616518,-1.717535],[-78.616926,-1.717358],[-78.617045,-1.717228],[-78.617258,-1.716401],[-78.617723,-1.715464],[-78.617983,-1.715079],[-78.618038,-1.714726],[-78.618117,-1.71462],[-78.618709,-1.7146],[-78.618847,-1.714626],[-78.619001,-1.714719],[-78.619335,-1.715043],[-78.619628,-1.715069],[-78.619793,-1.714986],[-78.620028,-1.714729],[-78.620013,-1.714345],[-78.62004,-1.71429],[-78.620192,-1.714319],[-78.620465,-1.71449],[-78.620544,-1.7144],[-78.620547,-1.714251],[-78.620621,-1.714228],[-78.620764,-1.714389],[-78.620962,-1.714775],[-78.621226,-1.715009],[-78.621295,-1.71531],[-78.621382,-1.715433],[-78.621489,-1.715495],[-78.621771,-1.715506],[-78.621967,-1.715613],[-78.622647,-1.715835],[-78.622699,-1.715966],[-78.622653,-1.716119],[-78.622582,-1.716229],[-78.622298,-1.716482],[-78.621866,-1.716769],[-78.62167,-1.717074],[-78.621561,-1.717429],[-78.621694,-1.717757],[-78.621697,-1.717854],[-78.621626,-1.718137],[-78.621469,-1.718496],[-78.621537,-1.71876],[-78.621694,-1.718942],[-78.621925,-1.719078],[-78.622149,-1.718994],[-78.622217,-1.718998],[-78.622359,-1.719118],[-78.622383,-1.719284],[-78.622204,-1.719692],[-78.622362,-1.720039],[-78.622485,-1.720096],[-78.622812,-1.719978],[-78.623079,-1.719492],[-78.623225,-1.719156],[-78.623341,-1.719085],[-78.623502,-1.719176],[-78.62381,-1.719604],[-78.623988,-1.720096],[-78.624116,-1.720338],[-78.624246,-1.720417],[-78.624584,-1.72048],[-78.624692,-1.720546],[-78.624656,-1.720957],[-78.624695,-1.721056],[-78.624804,-1.721132],[-78.624962,-1.721124],[-78.62546,-1.720744],[-78.626002,-1.720519],[-78.626212,-1.720474],[-78.626509,-1.720513],[-78.626628,-1.72067],[-78.626665,-1.72082],[-78.626649,-1.720904],[-78.626693,-1.720962],[-78.626494,-1.721234],[-78.626458,-1.721373],[-78.626556,-1.721419],[-78.626882,-1.721446],[-78.626997,-1.721524],[-78.627424,-1.721586],[-78.627521,-1.721647],[-78.627515,-1.721703],[-78.627385,-1.721886],[-78.62727,-1.721917],[-78.627225,-1.722177],[-78.627329,-1.722372],[-78.627399,-1.72272],[-78.627592,-1.723343],[-78.62767,-1.723404],[-78.627962,-1.723513],[-78.628155,-1.723527],[-78.628228,-1.723574],[-78.628235,-1.723874],[-78.628512,-1.724106],[-78.628625,-1.724252],[-78.628915,-1.724476],[-78.62905,-1.724668],[-78.629075,-1.724794],[-78.629052,-1.725352],[-78.629342,-1.725389],[-78.629442,-1.725447],[-78.629489,-1.725517],[-78.629467,-1.725682],[-78.629201,-1.72602],[-78.629216,-1.726441],[-78.629307,-1.726666],[-78.629489,-1.726832],[-78.629558,-1.72708],[-78.629663,-1.727161],[-78.629908,-1.727226],[-78.629955,-1.727317],[-78.629867,-1.72807],[-78.629904,-1.728151],[-78.630327,-1.728571],[-78.630511,-1.72899],[-78.630519,-1.72912],[-78.630458,-1.729566],[-78.630466,-1.729931],[-78.630591,-1.73053],[-78.630741,-1.730817],[-78.630758,-1.730909],[-78.630688,-1.731172],[-78.630539,-1.731361],[-78.630046,-1.731723],[-78.630308,-1.732047],[-78.63033,-1.73214],[-78.629731,-1.732583],[-78.629644,-1.732684],[-78.629639,-1.732785],[-78.629675,-1.732844],[-78.630022,-1.733082],[-78.630167,-1.733244],[-78.630187,-1.733573],[-78.630019,-1.733716],[-78.630022,-1.733793],[-78.630237,-1.734067],[-78.630305,-1.734105],[-78.630494,-1.734317],[-78.630882,-1.734987],[-78.630921,-1.735245],[-78.631114,-1.735489],[-78.63111,-1.735901],[-78.631044,-1.736086],[-78.630953,-1.736184],[-78.630943,-1.736263],[-78.631061,-1.736322],[-78.631269,-1.736289],[-78.631438,-1.736317],[-78.631613,-1.736378],[-78.631679,-1.736462],[-78.63168,-1.736566],[-78.631377,-1.737009],[-78.631316,-1.737208],[-78.631336,-1.737307],[-78.631438,-1.737397],[-78.631771,-1.737558],[-78.632099,-1.737591],[-78.632262,-1.737565],[-78.632463,-1.737658],[-78.632653,-1.737451],[-78.632817,-1.73741],[-78.632915,-1.737428],[-78.633179,-1.737566],[-78.633321,-1.737596],[-78.633503,-1.737566],[-78.633797,-1.737405],[-78.633865,-1.737437],[-78.633888,-1.737489],[-78.633835,-1.737812],[-78.633847,-1.737979],[-78.633933,-1.738108],[-78.634003,-1.738164],[-78.634085,-1.738177],[-78.634339,-1.737939],[-78.634561,-1.737816],[-78.635068,-1.737661],[-78.63541,-1.737613],[-78.635348,-1.737738],[-78.635346,-1.737914],[-78.635387,-1.738028],[-78.635379,-1.738124],[-78.635334,-1.738202],[-78.635353,-1.738325],[-78.636335,-1.740377],[-78.636479,-1.740607],[-78.636652,-1.740758],[-78.638467,-1.73964],[-78.638544,-1.739755],[-78.641643,-1.7387],[-78.641571,-1.738044],[-78.642265,-1.73828],[-78.64227,-1.738136],[-78.642408,-1.738141],[-78.646715,-1.738496],[-78.646807,-1.737319],[-78.647927,-1.737394],[-78.647099,-1.733631],[-78.647068,-1.733274],[-78.647107,-1.733024],[-78.647288,-1.732842],[-78.647936,-1.732514],[-78.648233,-1.732447],[-78.648823,-1.73238],[-78.649036,-1.732227],[-78.649206,-1.732004],[-78.649447,-1.732231],[-78.64977,-1.732401],[-78.649809,-1.73256],[-78.649971,-1.73272],[-78.650145,-1.732727],[-78.650366,-1.732828],[-78.650483,-1.732843],[-78.650769,-1.732744],[-78.650864,-1.732793],[-78.650921,-1.732866],[-78.651071,-1.732894],[-78.651248,-1.732832],[-78.651409,-1.732699],[-78.651612,-1.732632],[-78.651836,-1.732453],[-78.651911,-1.732439],[-78.652355,-1.732507],[-78.65254,-1.732461],[-78.652596,-1.732415],[-78.652742,-1.73215],[-78.652913,-1.731972],[-78.652992,-1.73182],[-78.653136,-1.731694],[-78.653275,-1.73171],[-78.653612,-1.73197],[-78.653736,-1.732017],[-78.653967,-1.732187],[-78.654312,-1.73226],[-78.654531,-1.732218],[-78.654819,-1.73228],[-78.655136,-1.732296],[-78.655532,-1.732206],[-78.655664,-1.73208],[-78.655833,-1.732057],[-78.655938,-1.731932],[-78.656182,-1.731764],[-78.656446,-1.731477],[-78.656694,-1.731344],[-78.656803,-1.731232],[-78.656912,-1.731207],[-78.657017,-1.731249],[-78.657157,-1.73142],[-78.65746,-1.731689],[-78.657918,-1.732008],[-78.658286,-1.731972],[-78.65854,-1.731797],[-78.658722,-1.731812],[-78.658821,-1.73188],[-78.658891,-1.731882],[-78.659014,-1.731787],[-78.659233,-1.731764],[-78.659446,-1.731602],[-78.659696,-1.731655],[-78.659838,-1.731754],[-78.660069,-1.731734],[-78.66026,-1.731767],[-78.660341,-1.731841],[-78.660431,-1.732104],[-78.660547,-1.732233],[-78.661063,-1.732491],[-78.661361,-1.73274],[-78.661583,-1.732836],[-78.661678,-1.732815],[-78.661769,-1.732839],[-78.661923,-1.732984],[-78.66247,-1.733261],[-78.663173,-1.733435],[-78.663575,-1.733479],[-78.663655,-1.73352],[-78.663756,-1.733662],[-78.663877,-1.733714],[-78.663971,-1.733667],[-78.664044,-1.733482],[-78.664237,-1.733375],[-78.664432,-1.733328],[-78.664612,-1.733361],[-78.664703,-1.733612],[-78.664677,-1.733895],[-78.664865,-1.73406],[-78.664983,-1.734023],[-78.665057,-1.73404],[-78.665154,-1.733999],[-78.665249,-1.733898],[-78.665289,-1.733783],[-78.665433,-1.733719],[-78.665514,-1.733617],[-78.665694,-1.733612],[-78.665864,-1.73354],[-78.66612,-1.733551],[-78.666179,-1.733627],[-78.666272,-1.733667],[-78.666518,-1.733663],[-78.666638,-1.733613],[-78.666721,-1.733622],[-78.666969,-1.733731],[-78.667117,-1.733761],[-78.667172,-1.733834],[-78.667267,-1.733687],[-78.66743,-1.733668],[-78.66752,-1.733505],[-78.667612,-1.733398],[-78.667717,-1.733358],[-78.667788,-1.733229],[-78.668137,-1.733266],[-78.668328,-1.733226],[-78.668827,-1.733378],[-78.668975,-1.733336],[-78.669408,-1.733088],[-78.669606,-1.73305],[-78.669747,-1.73294],[-78.670189,-1.732812],[-78.670423,-1.732797],[-78.670708,-1.732866],[-78.671067,-1.732882],[-78.671165,-1.732575],[-78.671295,-1.731949],[-78.671327,-1.731258],[-78.671218,-1.730736],[-78.670938,-1.730226],[-78.670971,-1.730196],[-78.671291,-1.730135],[-78.67147,-1.730064],[-78.671568,-1.730067],[-78.671719,-1.730157],[-78.671838,-1.730034],[-78.67204,-1.729975],[-78.672207,-1.729835],[-78.672406,-1.729736],[-78.672608,-1.729551],[-78.672766,-1.729494],[-78.673173,-1.729516],[-78.673363,-1.729402],[-78.67353,-1.729403],[-78.673716,-1.729482],[-78.673805,-1.729479],[-78.673993,-1.729151],[-78.674065,-1.729082],[-78.674189,-1.729105],[-78.674387,-1.729279],[-78.674494,-1.729273],[-78.674562,-1.7292],[-78.674643,-1.728973],[-78.674749,-1.72889],[-78.674786,-1.72882],[-78.675016,-1.728761],[-78.675075,-1.728582],[-78.67515,-1.728488],[-78.675444,-1.728386],[-78.675749,-1.728418],[-78.675789,-1.728388],[-78.675912,-1.728084],[-78.676145,-1.727831],[-78.676381,-1.727807],[-78.677343,-1.727481],[-78.677541,-1.727313],[-78.677727,-1.72729],[-78.677886,-1.727108],[-78.678021,-1.727055],[-78.678266,-1.726874],[-78.678363,-1.726849],[-78.678534,-1.726916],[-78.67858,-1.726901],[-78.67894,-1.726584],[-78.679056,-1.726574],[-78.679227,-1.726659],[-78.67931,-1.726645],[-78.679377,-1.726542],[-78.679584,-1.726462],[-78.679687,-1.726311],[-78.679874,-1.726303],[-78.680045,-1.726206],[-78.680106,-1.726059],[-78.680201,-1.726007],[-78.680372,-1.725979],[-78.680836,-1.72601],[-78.680935,-1.725972],[-78.681078,-1.725813],[-78.681348,-1.725775],[-78.681361,-1.725672],[-78.681456,-1.725574],[-78.681527,-1.725412],[-78.68174,-1.725196],[-78.682069,-1.725007],[-78.682292,-1.72498],[-78.682421,-1.72487],[-78.682479,-1.72474],[-78.682737,-1.724585],[-78.683082,-1.724547],[-78.683213,-1.724442],[-78.68338,-1.724413],[-78.683719,-1.724272],[-78.684255,-1.724255],[-78.684466,-1.724121],[-78.685061,-1.724107],[-78.685284,-1.724069],[-78.685424,-1.724093],[-78.68575,-1.723934],[-78.685871,-1.72395],[-78.685938,-1.723907],[-78.686101,-1.723921],[-78.686158,-1.723984],[-78.686414,-1.723769],[-78.686478,-1.723784],[-78.686598,-1.723752],[-78.68683,-1.723824],[-78.686953,-1.723754],[-78.687016,-1.723783],[-78.68707,-1.723727],[-78.687194,-1.72368],[-78.687273,-1.723704],[-78.687469,-1.723646],[-78.687731,-1.723501],[-78.687877,-1.72357],[-78.688138,-1.723555],[-78.688274,-1.723503],[-78.688706,-1.723472],[-78.688927,-1.723406],[-78.689145,-1.723414],[-78.689272,-1.723364],[-78.690118,-1.723206],[-78.690628,-1.72315],[-78.688374,-1.723008],[-78.686758,-1.72223],[-78.685728,-1.721601],[-78.684386,-1.721422],[-78.683249,-1.721107],[-78.681541,-1.720572],[-78.680622,-1.720066],[-78.679742,-1.719],[-78.678782,-1.718112],[-78.677833,-1.71777],[-78.676055,-1.716528],[-78.676439,-1.715714],[-78.676465,-1.715451],[-78.676463,-1.71473],[-78.676392,-1.714276],[-78.676332,-1.713384],[-78.676428,-1.712383],[-78.676349,-1.711641],[-78.676263,-1.711223],[-78.676064,-1.710556],[-78.675935,-1.710424],[-78.675532,-1.71019],[-78.675432,-1.7101],[-78.675326,-1.709939],[-78.675178,-1.709564],[-78.675033,-1.709363],[-78.674839,-1.709203],[-78.66998,-1.709202],[-78.669455,-1.708797],[-78.669385,-1.708673],[-78.669117,-1.70783],[-78.669014,-1.707673],[-78.668784,-1.707478],[-78.668639,-1.707426],[-78.668255,-1.707457],[-78.668003,-1.707363],[-78.667733,-1.707182],[-78.667366,-1.706749],[-78.667091,-1.706609],[-78.665916,-1.706556],[-78.665315,-1.70673],[-78.664986,-1.706641],[-78.664727,-1.706474],[-78.664652,-1.706082],[-78.664569,-1.705956],[-78.663987,-1.705771],[-78.66344,-1.705408],[-78.663239,-1.705065],[-78.662287,-1.7048],[-78.661975,-1.704526],[-78.661874,-1.704247],[-78.661724,-1.703154],[-78.661095,-1.702687],[-78.660883,-1.70247],[-78.65859,-1.699388],[-78.658329,-1.699476],[-78.656998,-1.6995],[-78.656294,-1.699323],[-78.655023,-1.699085],[-78.654212,-1.698684],[-78.653385,-1.698585],[-78.650508,-1.698541],[-78.650095,-1.698617],[-78.649676,-1.698804],[-78.649797,-1.698557],[-78.649806,-1.698447],[-78.649522,-1.697806],[-78.64935,-1.69757],[-78.64923,-1.697499],[-78.649058,-1.697499],[-78.648718,-1.697834],[-78.648587,-1.697871],[-78.648429,-1.697843],[-78.648136,-1.697469],[-78.648038,-1.697157],[-78.647755,-1.696828],[-78.647581,-1.696539],[-78.647523,-1.696265],[-78.647643,-1.695661],[-78.647593,-1.695303],[-78.647668,-1.694855],[-78.647747,-1.694688],[-78.647848,-1.694186],[-78.647787,-1.693983],[-78.647282,-1.693544],[-78.647024,-1.693252],[-78.646962,-1.693035],[-78.646959,-1.692874],[-78.647034,-1.692548],[-78.647125,-1.692336],[-78.646058,-1.692336],[-78.645939,-1.692161],[-78.645473,-1.691773],[-78.645027,-1.691325],[-78.644528,-1.690505],[-78.644382,-1.690376],[-78.643963,-1.690327],[-78.643972,-1.690522],[-78.643868,-1.690595],[-78.643185,-1.691403],[-78.642279,-1.692311],[-78.641922,-1.692489],[-78.641595,-1.692773],[-78.641003,-1.693489],[-78.640059,-1.692495],[-78.639624,-1.691946],[-78.639341,-1.691673],[-78.638894,-1.691109],[-78.638422,-1.690588],[-78.637727,-1.689892],[-78.637397,-1.689469],[-78.637018,-1.689701],[-78.636308,-1.690004],[-78.635788,-1.690132],[-78.635139,-1.690193],[-78.633821,-1.690134],[-78.63313,-1.690031],[-78.632585,-1.689838],[-78.631923,-1.689443],[-78.628694,-1.693971],[-78.625812,-1.690219],[-78.625137,-1.689224],[-78.622736,-1.690125],[-78.622307,-1.690255],[-78.622251,-1.689801],[-78.622091,-1.689254],[-78.62209,-1.688501],[-78.621834,-1.687646],[-78.621373,-1.685598],[-78.621049,-1.684717],[-78.620571,-1.683149],[-78.620506,-1.682911],[-78.62044,-1.682318],[-78.620302,-1.682335]]]}}]}