{"type":"FeatureCollection","features":[{"type":"Feature","properties":{"nam":" "},"geometry":{"type":"MultiLineString","coordinates":[[[761053.92,9815285.86],[761044.76,9815293.13],[761033.45,9815302.42],[761022,9815310.86],[761011.94,9815316.37],[760989.81,9815324.77],[760977.32,9815327.86],[760962.43,9815329.77]]]}},{"type":"Feature","properties":{"nam":" "},"geometry":{"type":"MultiLineString","coordinates":[[[760958.87,9815321.18],[760967.81,9815315.26],[760987.02,9815300.64],[761011.52,9815282.29],[761035.69,9815263.43]]]}},{"type":"Feature","properties":{"nam":" "},"geometry":{"type":"MultiLineString","coordinates":[[[760958.87,9815321.18],[760972.63,9815315.74],[760980.97,9815311.3],[760990.07,9815304.84],[761010.19,9815289.55],[761037.93,9815267.32]]]}},{"type":"Feature","properties":{"nam":" "},"geometry":{"type":"MultiLineString","coordinates":[[[760962.43,9815329.77],[760977.52,9815324.52],[760992.19,9815319.81],[761006.71,9815314.08],[761015.48,9815309.81],[761022.95,9815305.53],[761035.47,9815296.35],[761051.78,9815282.38]]]}},{"type":"Feature","properties":{"nam":" "},"geometry":{"type":"MultiLineString","coordinates":[[[760962.43,9815329.77],[760947.65,9815332.52],[760918.91,9815339.36]]]}},{"type":"Feature","properties":{"nam":" "},"geometry":{"type":"MultiLineString","coordinates":[[[760918.91,9815339.36],[760944.54,9815328.38],[760958.87,9815321.18]]]}},{"type":"Feature","properties":{"nam":" "},"geometry":{"type":"MultiLineString","coordinates":[[[760918.91,9815339.36],[760866.71,9815355.11],[760846.32,9815361.72],[760791.33,9815377.91],[760749.04,9815389.67],[760684.36,9815407.4],[760640.37,9815419.35],[760570.49,9815437.3],[760477.98,9815462.6],[760450.43,9815470.3],[760388.49,9815486],[760363.62,9815492.72],[760336.41,9815500.44],[760323.64,9815502.84],[760298.14,9815504.68],[760286,9815504.67],[760258.35,9815503.33],[760244.18,9815501.56],[760224.56,9815500.04],[760184.16,9815496.66],[760159.34,9815495.13],[760127.62,9815493.91],[760092.07,9815492.65],[760073.3,9815492.19],[760056.44,9815491.57],[760045.85,9815491.31],[760026.66,9815491.08],[759988.97,9815490.93],[759937.65,9815489.58]]]}},{"type":"Feature","properties":{"nam":" "},"geometry":{"type":"MultiLineString","coordinates":[[[758586.87,9815776.75],[758590.51,9815775.26],[758599.15,9815772.43],[758611.49,9815767.89],[758624,9815763.1],[758639.63,9815757.41],[758659.76,9815750.16],[758682.41,9815742.29],[758697.39,9815736.67],[758717.95,9815729.22],[758742.2,9815720.11],[758757.56,9815714.03]],[[759890.71,9815488.46],[759871.5,9815488.01],[759852.55,9815487.44],[759833.97,9815486.74],[759816.46,9815486.25],[759795,9815485.47],[759775,9815485.23],[759753.4,9815483.93],[759736.55,9815483.78],[759711.94,9815482.87],[759690.39,9815482.44],[759655.23,9815482.42],[759637.26,9815482.8],[759626.32,9815483.44],[759613.71,9815485.27],[759600.28,9815487.94],[759588.7,9815491.38],[759576.22,9815495.26],[759565.03,9815500.33],[759554.44,9815505.75],[759538.14,9815514.91],[759522.04,9815524.53],[759497.73,9815539.82],[759482.34,9815548.83],[759470.19,9815554.66],[759463.71,9815557.21],[759458.78,9815559],[759446.37,9815562.29],[759429.52,9815564.9],[759416.15,9815565.68],[759396.84,9815564.43],[759390.8,9815563.55],[759383.64,9815561.95],[759374.53,9815559.54],[759360.67,9815555.52],[759345.24,9815551.17],[759329.77,9815546.33],[759316.2,9815541.84],[759301.65,9815538.62],[759290.75,9815537.65],[759277.93,9815537.63],[759265.22,9815537.99],[759253.78,9815538.78],[759242.63,9815540.37],[759230.54,9815543.43],[759222.56,9815546.08],[759193.4,9815556.83],[759180.03,9815561.89],[759159.89,9815569.01],[759122.9,9815582.84],[759096.81,9815591.87],[759083.47,9815596.35],[759045.32,9815610.01],[759031.76,9815615.41],[759017.95,9815620.71],[758991.6,9815629.64],[758902.52,9815662.56],[758849.81,9815681.56],[758811.19,9815695.31],[758757.56,9815714.03]]]}},{"type":"Feature","properties":{"nam":" "},"geometry":{"type":"MultiLineString","coordinates":[[[759914.88,9815489.04],[759890.71,9815488.46]]]}},{"type":"Feature","properties":{"nam":" "},"geometry":{"type":"MultiLineString","coordinates":[[[759914.88,9815489.04],[759909.01,9815489.66],[759902.06,9815491.01],[759897.57,9815491.99],[759891.99,9815493.67],[759880.37,9815497.87],[759872.34,9815501.84],[759866.7,9815505.48],[759861.1,9815509.73]]]}},{"type":"Feature","properties":{"nam":" "},"geometry":{"type":"MultiLineString","coordinates":[[[759937.65,9815489.58],[759914.88,9815489.04]]]}},{"type":"Feature","properties":{"nam":" "},"geometry":{"type":"MultiLineString","coordinates":[[[759861.1,9815509.73],[759859.97,9815510.59],[759846.61,9815524.76],[759842.81,9815529.63]]]}},{"type":"Feature","properties":{"nam":" "},"geometry":{"type":"MultiLineString","coordinates":[[[759831.98,9815527.91],[759834.24,9815526.37],[759861.1,9815509.73]]]}},{"type":"Feature","properties":{"nam":" "},"geometry":{"type":"MultiLineString","coordinates":[[[759842.81,9815529.63],[759824.87,9815552.61],[759810.53,9815569.6],[759762.17,9815626.55],[759755.93,9815632.17],[759729.81,9815644.64],[759692.32,9815660.76],[759677.66,9815666.45],[759667.91,9815669.67],[759641.41,9815679],[759632.59,9815681.28],[759624.11,9815683.09],[759615.47,9815684.12],[759606.98,9815684.05],[759599.12,9815683.32],[759591.31,9815681.39],[759581.67,9815678.52],[759570.55,9815674.29],[759560.55,9815668.02],[759546.48,9815655.03],[759541.94,9815648.07],[759534.83,9815635.77],[759532.54,9815629.01],[759531.71,9815626.84],[759529.96,9815617.55],[759529.98,9815604.43],[759530.7,9815595.44],[759533.52,9815585.7],[759541.59,9815570.6],[759550.82,9815559.94],[759557.55,9815554.06],[759567.37,9815547.79],[759576.07,9815542.79],[759586.19,9815538.27],[759595.28,9815535.46],[759608.78,9815532.11],[759620.86,9815529.47],[759636.99,9815526.78],[759663.36,9815522],[759696.12,9815517.7],[759732.22,9815512.34],[759767.94,9815506.8],[759795.74,9815502.3],[759853.6,9815493.34],[759890.71,9815488.46]]]}},{"type":"Feature","properties":{"nam":" "},"geometry":{"type":"MultiLineString","coordinates":[[[759771.95,9815538.54],[759777.43,9815535.6],[759792.65,9815529.82],[759808.27,9815526.74],[759837.13,9815520.37],[759844.81,9815517.35],[759850.06,9815514.96],[759861.1,9815509.73]]]}},{"type":"Feature","properties":{"nam":" "},"geometry":{"type":"MultiLineString","coordinates":[[[759811.04,9815548.49],[759822.82,9815543.53],[759842.81,9815529.63]]]}},{"type":"Feature","properties":{"nam":" "},"geometry":{"type":"MultiLineString","coordinates":[[[759729.66,9815554.13],[759771.95,9815538.54]]]}},{"type":"Feature","properties":{"nam":" "},"geometry":{"type":"MultiLineString","coordinates":[[[759731.91,9815559.44],[759748.04,9815552.84],[759754.89,9815549.21],[759763.05,9815543.89],[759770.34,9815539.4],[759771.95,9815538.54]]]}},{"type":"Feature","properties":{"nam":" "},"geometry":{"type":"MultiLineString","coordinates":[[[759734.29,9815565.07],[759780.52,9815548.04],[759831.98,9815527.91]]]}},{"type":"Feature","properties":{"nam":" "},"geometry":{"type":"MultiLineString","coordinates":[[[759736.94,9815571.3],[759796.82,9815547.36],[759811.15,9815541.3],[759818.74,9815536.92],[759831.98,9815527.91]]]}},{"type":"Feature","properties":{"nam":" "},"geometry":{"type":"MultiLineString","coordinates":[[[759739.4,9815577.11],[759807.38,9815550.04],[759811.04,9815548.49]]]}},{"type":"Feature","properties":{"nam":" "},"geometry":{"type":"MultiLineString","coordinates":[[[759741.49,9815582.03],[759790.9,9815559.72],[759811.04,9815548.49]]]}},{"type":"Feature","properties":{"nam":" "},"geometry":{"type":"MultiLineString","coordinates":[[[753896.88,9816996.9],[753897.76,9816997.35],[753923.11,9817005.1],[753933.67,9817007.75],[753945.41,9817009.45],[753968.64,9817010.23],[754004.3,9817007.51],[754046.89,9817003.23],[754104,9816998.73],[754154.11,9816995.16],[754203.21,9816990.61],[754226.55,9816989.13],[754246.21,9816988.8],[754272.58,9816989.32],[754311.82,9816991.64],[754357.01,9816994.9],[754418.96,9816999.21],[754471.04,9817003.07],[754517.46,9817006.3],[754566.11,9817010.06],[754624.3,9817013.2],[754679.53,9817017.84],[754733.81,9817021.42],[754772.94,9817024.22],[754803.09,9817025.73],[754824.68,9817028.71],[754845.07,9817031.38],[754861.21,9817035.16],[754875.53,9817039.77],[754887.23,9817044.46],[754905.41,9817054.85],[754920.58,9817065.08],[754941.78,9817085.84],[754968.01,9817121.94],[754972.09,9817128.1],[754974.62,9817130.41],[755006.26,9817175.76],[755035.35,9817217.08],[755063.67,9817258.44],[755095.64,9817304.44],[755108.86,9817323.27],[755119.06,9817336.22],[755128.72,9817346.57],[755138.33,9817355.68],[755146.86,9817362.88],[755151.31,9817366.38],[755173.16,9817379.56],[755188.61,9817387.05],[755203.05,9817392.54],[755211.88,9817395.06],[755222.09,9817397.21],[755238.43,9817399.86],[755254.69,9817400.31],[755276.76,9817399.19],[755296.49,9817395.54],[755314.83,9817389.72],[755335.14,9817381.74],[755350.16,9817372.47],[755376.61,9817352.51],[755386.28,9817342.47],[755396.67,9817330.67],[755400.94,9817325.11],[755408.03,9817313.17],[755416.18,9817296.56],[755425.44,9817273.51],[755431.46,9817256.26],[755447.75,9817205.38],[755464.83,9817151.56],[755478.33,9817112.13],[755488.91,9817084.59],[755502.87,9817061.39],[755526.49,9817029.95],[755540.77,9817014.44],[755559.11,9817000.37],[755580.66,9816986.39],[755602.71,9816975.18],[755632.33,9816962.42],[755652.03,9816957.92],[755698.76,9816950.97],[755744.7,9816943.51],[755760.69,9816941.95],[755763.18,9816940.98],[755810.17,9816933.71],[755840.49,9816928.82],[755881.36,9816922.76],[755927.99,9816915.38],[755973.81,9816908.88],[756022,9816900.92],[756068,9816893.05],[756104.42,9816882.95],[756146.62,9816869.08],[756250.06,9816833.49],[756293.18,9816819.34],[756327.48,9816807.96],[756350.15,9816800.33],[756397.33,9816783.67],[756437.81,9816768.65],[756463.21,9816759.03],[756500.78,9816740.72],[756543.85,9816715.76],[756582.25,9816693.38],[756585.1,9816691.85],[756613.98,9816674.69],[756656.01,9816649.41],[756751.24,9816593.06],[756800.84,9816563.37],[756845.03,9816537.54],[756881.89,9816516.16],[756919.22,9816493.08],[756941.67,9816480.21],[756975.29,9816459.72],[757007.38,9816441.08],[757037.65,9816423.26],[757049.19,9816416.17],[757059.63,9816408.96],[757069.02,9816401.37],[757080.56,9816390.96],[757087.38,9816383.59],[757098.58,9816369.29],[757105.6,9816358.51],[757112.3,9816346.7],[757116.9,9816337.67],[757121.92,9816326.85],[757144.97,9816272.89],[757155.75,9816251.54],[757159.37,9816246.67],[757163.08,9816242.14],[757167.45,9816237.17],[757178.22,9816226.41],[757185.38,9816220.53],[757191.49,9816215.98],[757199.6,9816210.94],[757207.58,9816207.08],[757221.46,9816201.5],[757235.32,9816197.44],[757247.24,9816194.49],[757259.71,9816191.26],[757290.01,9816183.22],[757319.64,9816176.38],[757348.61,9816169.46],[757401.96,9816155.83],[757418.13,9816149.33],[757427.88,9816144.71],[757435.09,9816140.82],[757441.85,9816136.18],[757449.32,9816130.48],[757457.64,9816123.39],[757465.08,9816115.9],[757477.33,9816102.15],[757489.56,9816083.87],[757506.31,9816060.61],[757517.21,9816047.71],[757521.88,9816042.61],[757529.13,9816036.35],[757535.31,9816032.23],[757542.23,9816028.18],[757562.27,9816018.22],[757607.28,9816001.99],[757619.5,9815996.6],[757627.86,9815992.52],[757635.4,9815988.09],[757641.05,9815984.09],[757648.05,9815978.95],[757658.11,9815970.98],[757666.26,9815964.2],[757681.74,9815949.57],[757702.11,9815930.84],[757717.41,9815918.3],[757723.1,9815914.56],[757728.73,9815911.37],[757736.08,9815907.65],[757742.47,9815905.05],[757752.03,9815902.05],[757760.8,9815899.64],[757783.25,9815896.38],[757816.87,9815893.89],[757914.07,9815887.83],[757934.62,9815886.76],[757962.52,9815885.72],[757990.52,9815883.99],[758015.24,9815882.81],[758075.96,9815879.06],[758168.46,9815874.19],[758287.57,9815866.49],[758309.56,9815863.38],[758346.09,9815856.56],[758358.64,9815854.54],[758373.22,9815851.02],[758398.15,9815843.56],[758433.45,9815831.94],[758485.58,9815813.2],[758509.98,9815804.77]]]}},{"type":"Feature","properties":{"nam":" "},"geometry":{"type":"MultiLineString","coordinates":[[[750344.69,9830738.99],[750379.83,9830752.8],[750395.4,9830758.84],[750403.19,9830762],[750428,9830771.55],[750453.88,9830782.19],[750478.71,9830790.88],[750496.56,9830797.8],[750519.54,9830807.06],[750536.1,9830813.86],[750554.27,9830820.79],[750577.68,9830830.43],[750596.55,9830837.96],[750613.47,9830845.57],[750626.04,9830851.83],[750641.19,9830861.8],[750646.76,9830865.58],[750656.24,9830874],[750661.65,9830880.01],[750669.21,9830890.4],[750675.05,9830900.93],[750678.12,9830908.84],[750681.1,9830919.55],[750683.84,9830931.92],[750686.97,9830947.75],[750690.02,9830968.64],[750693.21,9830983.56],[750696.67,9830998.74],[750701.41,9831010.61],[750706.87,9831021.19],[750713.1,9831030.97],[750720.52,9831039.69],[750727.97,9831046.31],[750735.66,9831051.86],[750742.83,9831055.62],[750754.07,9831060.84],[750764.58,9831064.48],[750776.6,9831068.09],[750787.23,9831070.72],[750802.49,9831073.94],[750817.57,9831077.97],[750832.33,9831082.59],[750843.31,9831087.37],[750851.7,9831092.23],[750859.28,9831097.5],[750866.9,9831103.86],[750872.9,9831110.08],[750879.95,9831118.37],[750886.02,9831127.88],[750890.66,9831135.32],[750895.7,9831145.14],[750900.09,9831154.69],[750908.91,9831171.94],[750916.36,9831186.75],[750923.06,9831200.74],[750933.82,9831222.22],[750941.41,9831238.22],[750962.32,9831277.57],[750972.33,9831293.97],[750981.78,9831308.22],[750987.55,9831316.32],[751001.38,9831332.73],[751013.34,9831344.8],[751026.43,9831357.05],[751043.15,9831371.6],[751061.21,9831386.45],[751076.97,9831400.03],[751088.26,9831410.15],[751105.16,9831423.52],[751124.7,9831440.33],[751194.75,9831499.2],[751209.64,9831513.36],[751217.07,9831521.6],[751225.12,9831532.1],[751233.82,9831546.12],[751240.44,9831557.93],[751241.62,9831560.12],[751254.08,9831585.41],[751264.97,9831608.4],[751286.58,9831655.53],[751302.02,9831689.73],[751312.42,9831712.07],[751325.98,9831739.29],[751343.65,9831776.44],[751355.25,9831798.5]],[[750344.69,9830738.99],[750317.67,9830728.13],[750295.27,9830717.35],[750276.87,9830707.94],[750265.13,9830700.49],[750240.18,9830683.34],[750213.64,9830661.93],[750160.67,9830615.49],[750134.34,9830591.45],[750109.29,9830568.86],[750087.6,9830548.9],[750075.39,9830538.77]]]}},{"type":"Feature","properties":{"nam":" "},"geometry":{"type":"MultiLineString","coordinates":[[[750075.39,9830538.77],[750072.15,9830536.07]]]}},{"type":"Feature","properties":{"nam":" "},"geometry":{"type":"MultiLineString","coordinates":[[[751358.19,9831803.46],[751363.11,9831810.59],[751369.96,9831819.49],[751376.2,9831825.74],[751381.08,9831830.07],[751389.53,9831835.94],[751398.03,9831840.94],[751407.81,9831845.61],[751416.72,9831848.78],[751424.17,9831850.66],[751430.86,9831852.18],[751438.41,9831853.14],[751447.04,9831853.84],[751453.39,9831853.68],[751463.84,9831852.64],[751474.75,9831849.92],[751490.83,9831845.11],[751511.79,9831838.17],[751547.14,9831825.25],[751559.94,9831821.66],[751574.41,9831818.54],[751587.11,9831817.04],[751610.39,9831817.58],[751635.41,9831820.41],[751653.81,9831824.37],[751677.09,9831832.77],[751695.9,9831842.17],[751715.88,9831855.6],[751724.17,9831862.27],[751739.74,9831876.22],[751776.36,9831911.89],[751804.58,9831939.59],[751825.49,9831959.85],[751829.85,9831963.73],[751843.86,9831977.34],[751867.14,9832000.66],[751891.44,9832023.48],[751909.24,9832040.81],[751935.05,9832066.31],[751938.36,9832069.43],[751944.56,9832074.28],[751948.14,9832078.08],[751952.2,9832081.82],[751962.69,9832093.65],[751978.26,9832109],[751987.43,9832118.2],[752022.53,9832151.61],[752052.16,9832180.81],[752067.46,9832195.73],[752081.89,9832210.07],[752098.16,9832225.5],[752114.12,9832240.49],[752124.42,9832249.84],[752142.44,9832267.97],[752163.06,9832288.45],[752198.49,9832322.24],[752214.98,9832338.72],[752224.1,9832347.65],[752344.05,9832463.71],[752370.05,9832488.65],[752391.53,9832508.91],[752406.24,9832524.22],[752427.29,9832544.16],[752446.61,9832563.3],[752463.97,9832579.93],[752478.17,9832592.65],[752491.79,9832606.07],[752498.47,9832612.92],[752513.61,9832627.41],[752531.19,9832645.12],[752537.98,9832652.88],[752551.71,9832665.76],[752571.73,9832684.3],[752587.09,9832701.05],[752596.8,9832710.08],[752609.77,9832722.92],[752643.13,9832754.25],[752652.3,9832763.12],[752663.43,9832774.57],[752669.56,9832780.56],[752683.02,9832793.55],[752700.1,9832809.54],[752712.29,9832821.57],[752729.41,9832838.74],[752745.33,9832857.13],[752756.26,9832871.28],[752764.18,9832883.59],[752772.16,9832896.82],[752783.29,9832914.19],[752790.7,9832925.52],[752805.82,9832950.41],[752816.99,9832969.31],[752860.44,9833038.76],[752874.08,9833061.21],[752886.25,9833080.74],[752912.45,9833124.21],[752930.59,9833153.29],[752947.49,9833180.88],[752961.13,9833203.41],[752968.08,9833216.19],[752970.44,9833220.15],[752977.56,9833235.05],[752983.35,9833253.23],[752986.98,9833269.44],[752988.57,9833285.49],[752988.73,9833313.45],[752987.38,9833350.43],[752985.73,9833405.58],[752985.45,9833435.55],[752983.3,9833503.12],[752982.63,9833519.51],[752981.95,9833531.86],[752982.2,9833542.13],[752981.46,9833549.91],[752978.02,9833572.2],[752976.57,9833578.96],[752971.84,9833592.63],[752968.19,9833601.85],[752962.93,9833610.57],[752958.52,9833617.22],[752952.08,9833624.63],[752944.54,9833632.93],[752934.74,9833641.97],[752924.45,9833649.75],[752906.71,9833660.71],[752889.72,9833670.58],[752845.31,9833695.95],[752831.6,9833706.21],[752823.62,9833713.66],[752817.18,9833721.06],[752810.28,9833730.98],[752805.83,9833739.5],[752801.35,9833750.98],[752798.69,9833761.25],[752796.9,9833772.82],[752796.41,9833784.03],[752797.48,9833797.04],[752799.07,9833805.13],[752802.59,9833816.34],[752806.94,9833826.86],[752811.89,9833836.04],[752817.61,9833843.81],[752825.16,9833851.97],[752830.17,9833856.44],[752837,9833861.99],[752843.37,9833866.28],[752851.39,9833870.69],[752856.29,9833872.94],[752861.54,9833874.95],[752867.52,9833877.07],[752873.57,9833878.32],[752885.65,9833880.64],[752894.88,9833881.88],[752905.16,9833883.04],[752923.99,9833884.64],[752940.57,9833886.58],[752950.78,9833888.65],[752962.35,9833891.99],[752968.34,9833894.2],[752976.35,9833898.35],[752987.35,9833904.94],[753006.54,9833917.03],[753024.29,9833928.4],[753050.71,9833945.71],[753065.6,9833957.03],[753073.88,9833964.17],[753083.11,9833974.91],[753088.39,9833983.1],[753093.53,9833992.71],[753096.1,9833999.95],[753098.31,9834007.74],[753100.21,9834015.64],[753101.79,9834026.14],[753101.98,9834033.13],[753101.39,9834042.66],[753099.49,9834055],[753097.79,9834061.34],[753095.61,9834068.32],[753093.92,9834072.98],[753092.56,9834075.82],[753091.5,9834077.5],[753088.04,9834083.4],[753085.24,9834087.42],[753083.36,9834090.52],[753069.89,9834108.24],[753054.48,9834129.28],[753047.44,9834141.51],[753041.31,9834155.11],[753038.6,9834162.04],[753036.37,9834170.93],[753034.48,9834186.51],[753032.19,9834221.33],[753029.91,9834250.43],[753027.08,9834289.81],[753025.16,9834319.19],[753021.79,9834362.91],[753017.34,9834423.04],[753015.41,9834452.27],[753013.31,9834480.9],[753012.26,9834499.46],[753012.37,9834511.58],[753013.91,9834527.04],[753016.79,9834539.82],[753020.57,9834549.26],[753025.27,9834559.3],[753031.43,9834569.45],[753040.07,9834580.17],[753047,9834587.7],[753076.38,9834608.87],[753097.54,9834622.96],[753110.05,9834633.25],[753117.61,9834640.54],[753125.74,9834651.84],[753134.29,9834665.68],[753140.09,9834678.93],[753142.93,9834693.28],[753145.97,9834716.93],[753147.68,9834750.61],[753152.63,9834789.43],[753157.28,9834804.58],[753162.38,9834816.51],[753170.61,9834832.62],[753176.66,9834842.16],[753183.13,9834849.88],[753188.54,9834856.05],[753199.03,9834865.93],[753216.53,9834878.8],[753248.75,9834899.59],[753286.91,9834925.24],[753305.76,9834938.39],[753328.81,9834953.76],[753346.01,9834965.11],[753361.66,9834976.42],[753372.11,9834986.01],[753377.41,9834991.19],[753383.19,9834998.5],[753388.27,9835006.06],[753395.78,9835021.95],[753410.97,9835056],[753417.54,9835070.2],[753426.19,9835084.07],[753436.34,9835098.23],[753446.76,9835108.71],[753454.38,9835115.56],[753463.81,9835122.12],[753476.01,9835129.53],[753489.19,9835135.87],[753502.1,9835140.68],[753509.56,9835142.55],[753521.45,9835145.14],[753534.27,9835147.16],[753550.79,9835148.25],[753565.22,9835146.82],[753575.44,9835144.83],[753593.07,9835140.28],[753605.66,9835135.25],[753615.03,9835131.03],[753622.81,9835126.7],[753630.96,9835120.62],[753662.91,9835097.49],[753681.37,9835084.92],[753693.67,9835076.24],[753702.65,9835071.57],[753712.56,9835066.96],[753720,9835064.26],[753726,9835062.53],[753730.95,9835061.23],[753763.2,9835056.27],[753814.39,9835049.54],[753861.21,9835042.64],[753903.45,9835037.25],[753979.49,9835025.92],[754000.15,9835023.39],[754016.37,9835022.78],[754032.48,9835022.64],[754051.27,9835023.81],[754107.29,9835031.59],[754159.73,9835038.3],[754185.31,9835042.02],[754196.85,9835044.55],[754208.04,9835047.61],[754218.51,9835052.1],[754228.77,9835057.02],[754237.05,9835062.84],[754244.34,9835068.89],[754250.21,9835074.21],[754255.23,9835079.57],[754283.6,9835117.38],[754315.3,9835161.52],[754339.22,9835193.84],[754371.01,9835237.24],[754391.67,9835266.38],[754415.38,9835298.85],[754446.81,9835341.12],[754465.5,9835365.07],[754484.73,9835390.57],[754539.72,9835468.18],[754572.21,9835513.24],[754594.24,9835544.24],[754634.52,9835598.84],[754664.1,9835640.17],[754701.44,9835691.48],[754739.06,9835742.82],[754771.51,9835786.91],[754795.5,9835820.27],[754822.81,9835857.69],[754835.87,9835875.95],[754866.25,9835917.46],[754895.1,9835957.21],[754924.31,9835998.48],[754954.3,9836039.04],[754987.47,9836085.17],[755008.86,9836113.87],[755044.06,9836162.4],[755076.55,9836206.77],[755108.32,9836250.9],[755139.67,9836293.75],[755197.74,9836372.87]]]}},{"type":"Feature","properties":{"nam":" "},"geometry":{"type":"MultiLineString","coordinates":[[[751355.25,9831798.5],[751358.19,9831803.46]]]}},{"type":"Feature","properties":{"nam":" "},"geometry":{"type":"MultiLineString","coordinates":[[[753048.74,9792142.56],[753039.53,9792131.25],[753033.95,9792124.57],[753025.62,9792117.88],[753018.61,9792113.7],[753009.44,9792109.59],[753000.77,9792107.16],[752991.43,9792105.98],[752983.25,9792105.96],[752973.16,9792107.28],[752962.47,9792110.27]]]}},{"type":"Feature","properties":{"nam":" "},"geometry":{"type":"MultiLineString","coordinates":[[[753048.74,9792142.56],[753041.44,9792125.01],[753025.43,9792087.11],[753021.97,9792077.67],[753019.64,9792070.1],[753018.13,9792061.26],[753016.69,9792051.29],[753016.01,9792041.55],[753015.99,9792030.09],[753016.91,9792014.12]]]}},{"type":"Feature","properties":{"nam":" "},"geometry":{"type":"MultiLineString","coordinates":[[[753048.74,9792142.56],[753051.43,9792147.37],[753055.92,9792157.05],[753068.56,9792186.69],[753092.75,9792239.87],[753109.12,9792279.53],[753112.53,9792289.38],[753114.77,9792297.39],[753116.42,9792306.07],[753117.58,9792315.33],[753117.89,9792325.01],[753117.29,9792335.27],[753116.19,9792345.95],[753111.99,9792363.88],[753107.96,9792379.89],[753102.34,9792398.9],[753094.29,9792425],[753085.82,9792456.36],[753083.29,9792470.03],[753082.28,9792480.04],[753082.26,9792491.97],[753083.24,9792505.82],[753085.05,9792520.51],[753087.37,9792533.78],[753088.68,9792543.88],[753088.84,9792554.22],[753088.47,9792566.88],[753087.31,9792576.8],[753085.58,9792585.2],[753084.1,9792590.94],[753082.64,9792598.04],[753079.69,9792609.5],[753076.8,9792618.74],[753070.3,9792637.62],[753065.57,9792647.53],[753058.73,9792663.48],[753053.06,9792675.29],[753050.19,9792681.67],[753045.74,9792692.24],[753042.47,9792700.38],[753038.35,9792710.29],[753034.68,9792718.61],[753021.38,9792750.33],[753015.65,9792765.13],[753012.53,9792773.77],[753008.61,9792783.3],[753002.7,9792799.3],[753000.01,9792806.37],[752997.66,9792812.94],[752995.37,9792819.8],[752993.18,9792826.84],[752991.31,9792833.31],[752985.11,9792859.82],[752982.97,9792869.89],[752981.07,9792879.72],[752978.17,9792893.46],[752975.54,9792905.25],[752972.35,9792924.84],[752970.05,9792939.77],[752969.22,9792943.94],[752966.5,9792959.14],[752964.02,9792973.95],[752961.29,9792988.05],[752959.2,9793000.73],[752956.79,9793014.23],[752953.47,9793031.4],[752950.73,9793043.83],[752949.24,9793051.41],[752947.75,9793057.91],[752945.86,9793066.79],[752941.4,9793086.34],[752937.08,9793102.26],[752931.98,9793119.4],[752927.97,9793132.24],[752926.24,9793137.3],[752921.84,9793150.92],[752913.72,9793172.33],[752908.29,9793186.12],[752902.22,9793201.06],[752894.78,9793218.65],[752885.79,9793242.59],[752878.86,9793259.77],[752868.75,9793288.34],[752866.15,9793298.36],[752862.15,9793318.55],[752860.79,9793329.57],[752859.14,9793345.72],[752858.06,9793366.72],[752857.1,9793389.69],[752855.75,9793407.03],[752855.68,9793413.12],[752854.82,9793428.06],[752852.54,9793478.37],[752851.03,9793499.76],[752849.25,9793527.53],[752848.57,9793542.58],[752847.86,9793561.03],[752846.7,9793578.07],[752846.03,9793593.86],[752845.2,9793609.9],[752843.18,9793642.65],[752840.98,9793664.28],[752838.38,9793683.77],[752835.98,9793699.14],[752832.92,9793713.89],[752828.76,9793730.47],[752825.82,9793742.84],[752819.85,9793763.53],[752814.85,9793777.14],[752810.45,9793788.2],[752804.86,9793800.2],[752799.52,9793812.33],[752796.02,9793820.01],[752792.06,9793827.97],[752785.3,9793842.11],[752777.92,9793855.95],[752768.2,9793875.71],[752761.85,9793888.12],[752757.05,9793898.12],[752753.49,9793904.96],[752747.36,9793916.56],[752738.41,9793932.57],[752730.02,9793948.55],[752722.46,9793963.98],[752713.92,9793979.1],[752705.22,9793995.08],[752697.67,9794009.42],[752691.57,9794021.5],[752677.8,9794047.55],[752658.92,9794084.59],[752646.74,9794108.06],[752634.87,9794129.92],[752620.9,9794156.83],[752608.66,9794180],[752595.06,9794206.86],[752590.13,9794216.37],[752571.48,9794255.01],[752562.95,9794275.76],[752556.59,9794293.75],[752548.59,9794318.47],[752545.84,9794329.69],[752537.07,9794355.24],[752534,9794365.04],[752527.77,9794386.22],[752518.5,9794415.38],[752509.28,9794444.97],[752499.77,9794474.63],[752490.97,9794501.1],[752472.93,9794560.82],[752461.23,9794597.06],[752452.1,9794624.77],[752442.86,9794651.32],[752435.91,9794670.75],[752429.72,9794689.22],[752416.16,9794723.93],[752406.83,9794744.72],[752401.62,9794757.12],[752399.86,9794761.65],[752390.47,9794781.97],[752381.49,9794802.7],[752367.07,9794835.29],[752350.51,9794869.55],[752308.75,9794947.34],[752291.52,9794979.27],[752277.71,9795005.14],[752262.89,9795032.21],[752255.27,9795047.05],[752237.07,9795083.28],[752220.96,9795116.38],[752212.97,9795134.28],[752206.64,9795150.04],[752202.74,9795159.12],[752197.77,9795171.5],[752192.98,9795186.79],[752191.51,9795193.17],[752190.13,9795201.36],[752189.63,9795208.55],[752189.56,9795215.28],[752189.7,9795221.79],[752190.4,9795230.34],[752191.32,9795238.2],[752192.86,9795245.79],[752195.28,9795253.62],[752198.37,9795262.75],[752206.39,9795287.19],[752211.37,9795300.58],[752214.26,9795308.64],[752222.28,9795332.49],[752225.86,9795342.03],[752229.82,9795353.73],[752232.85,9795363.46],[752235.98,9795372.97],[752241.74,9795389.94],[752246.6,9795406.07],[752248.65,9795414.3],[752252.07,9795431.1],[752253.37,9795441.72],[752254.52,9795452.78],[752256.22,9795472.95],[752257.14,9795491.94],[752257.88,9795502.73],[752258.35,9795514.62],[752259.18,9795526.28],[752259.97,9795539.79],[752260.25,9795559.8],[752259.91,9795571.91],[752259.02,9795581.59],[752256.98,9795595.78],[752255.77,9795603.44],[752254.5,9795606.92],[752248.72,9795623.73],[752244.17,9795636.28],[752234.08,9795663.26],[752228.67,9795678.02],[752218.02,9795708.36],[752209.13,9795731.43],[752203.76,9795745.84],[752198.05,9795761.88],[752192.07,9795778.01],[752184.85,9795796.8],[752174.97,9795824.18],[752166.67,9795843.86],[752158.39,9795864.3],[752151.95,9795878.97],[752144.28,9795893.17],[752129.94,9795914.05],[752092.65,9795966.91],[752075.1,9795992.85],[752053.15,9796026.5],[752043.25,9796040.91],[752037.17,9796048.02],[752030.5,9796054.71],[752021.89,9796061.19],[752010.14,9796068.24],[751995.1,9796074.63],[751974.14,9796084.04],[751958.67,9796091.21],[751948.49,9796097.89],[751938.35,9796106.62],[751932.99,9796112.4],[751928.67,9796117.65],[751923.01,9796125.96],[751920,9796132.05],[751917.03,9796138.62],[751912.41,9796152.12],[751910.48,9796161.28],[751910.27,9796168.83],[751910.29,9796176.12],[751910.87,9796186.71],[751912.23,9796197.31],[751916.28,9796211.77],[751917.93,9796218.78],[751920.67,9796228.74],[751926.06,9796245.64],[751929.57,9796256.97],[751932.86,9796269.49],[751937.39,9796289.55],[751939.9,9796302.54],[751939.64,9796329.15],[751938.8,9796336.74],[751937.33,9796347.59],[751935.55,9796356.4],[751933.6,9796363.62],[751931.07,9796371.37],[751926.5,9796383.19],[751921.69,9796394.12],[751914.53,9796408.65],[751907.45,9796423.46],[751900.38,9796436.84],[751888.73,9796459.96],[751879.69,9796479.75],[751873.23,9796494.83],[751867.69,9796509.77],[751863.81,9796526.56],[751862.11,9796538.72],[751860.61,9796555.41],[751860.06,9796577.27],[751859.69,9796607.8],[751859.51,9796614.57],[751858.76,9796627.07],[751858.26,9796637.84],[751857.5,9796644.69],[751855.86,9796656.61],[751854.51,9796663.59],[751851.07,9796676.03],[751845.24,9796690.3],[751842.71,9796695.5],[751838.65,9796702.47],[751835.4,9796707.62],[751829.33,9796715.55],[751824.65,9796721.07],[751818.83,9796727.07],[751810.02,9796735.24],[751798.95,9796743.81],[751781.38,9796755.23],[751763.25,9796766.53],[751750.82,9796775.12],[751740.94,9796782.98],[751729,9796792.32],[751721.77,9796799.43],[751711.25,9796811.59],[751702.65,9796823.32],[751694.87,9796836.59],[751689.45,9796846.92],[751683.1,9796863.36],[751678.2,9796881.62],[751672.8,9796905.81],[751666.38,9796938.22],[751659.09,9796974.12],[751651.61,9797012.65],[751650.45,9797020.83],[751649.69,9797032.84],[751649.59,9797046.79],[751650.36,9797062.05],[751652.27,9797079.15],[751655.11,9797099.07],[751659.8,9797127.52],[751664.13,9797154.43],[751666.99,9797173.17],[751669.96,9797187.99],[751674.48,9797217.61],[751677.12,9797236.25],[751682,9797266.51],[751688.8,9797310.91],[751692.47,9797334.11],[751695.38,9797353.78],[751698.84,9797376.27],[751702.62,9797402.65],[751704.85,9797419.4],[751706.17,9797431.31],[751707.37,9797445.46],[751708.27,9797461.17],[751708.56,9797473.75],[751708.4,9797486],[751707.92,9797497.78],[751706.37,9797531.21],[751705.84,9797549.92],[751705.85,9797567.9],[751706.57,9797583.27],[751708.31,9797600.47],[751709.86,9797611.61],[751712.13,9797622.22],[751715.27,9797635.34],[751721,9797655.37],[751727.94,9797676.42],[751733.44,9797693.52],[751739.53,9797714.19],[751747.41,9797738.37],[751753.41,9797757.8],[751766.54,9797798.03],[751770.82,9797811.64],[751774.96,9797825.18],[751780.12,9797841.08],[751785.46,9797858.2],[751796.72,9797891.4],[751803.82,9797909.67],[751809.49,9797923.08],[751826.37,9797960.8],[751844.6,9798001.13],[751855.3,9798024.09],[751865.66,9798046.06],[751884.83,9798087.61],[751892.13,9798103.22],[751898.44,9798117.73],[751902.17,9798128.18],[751904.94,9798138.12],[751907.04,9798147.65],[751908.48,9798156.87],[751909.22,9798165.8],[751909.38,9798175.47],[751908.82,9798186.55],[751907.02,9798200.67],[751904.51,9798213.78],[751900.47,9798229.2],[751891.29,9798262.36],[751887.18,9798277.57],[751882.37,9798297.65],[751878.37,9798313.92],[751876.34,9798326.16],[751874.89,9798336.44],[751873.74,9798348.87],[751872.72,9798366.15],[751872.5,9798382.13],[751872.77,9798400.86],[751873.48,9798416.51],[751874.81,9798439.68],[751876.28,9798462.72],[751877.45,9798484.85],[751877.67,9798498.68],[751877.43,9798509.63],[751876.69,9798519.21],[751875.66,9798527.74],[751873.67,9798538.26],[751870.85,9798548.29],[751867.21,9798559.42],[751862.42,9798571.87],[751855.95,9798587.4],[751848.82,9798602.35],[751842.38,9798616.89],[751835.14,9798632.29],[751827.94,9798648.21],[751814.31,9798677.92],[751806.33,9798695.08],[751799.36,9798709.53],[751792.27,9798724.68],[751785.31,9798740.35],[751776.68,9798758.3],[751759.88,9798796.16],[751754.24,9798811.02],[751749.92,9798823.36],[751746.77,9798834.6],[751744.1,9798847.09],[751742.4,9798857.74],[751741.64,9798867.43],[751741.26,9798878.75],[751741.27,9798893.29],[751741.59,9798904.3],[751742.35,9798914.44],[751743.79,9798925.33],[751746.41,9798941.64],[751751.22,9798970.09],[751757.29,9799004.1],[751760.22,9799021.17],[751762.34,9799035.11],[751766.72,9799062.32],[751769.35,9799080.53],[751771.01,9799093.16],[751771.98,9799103.03],[751772.38,9799114.53],[751772.31,9799126.49],[751771.16,9799139.06],[751769.64,9799149.35],[751767.47,9799159.68],[751764.19,9799171.24],[751760.41,9799181.68],[751755.54,9799193.77],[751744.14,9799216.09],[751739.12,9799224.67],[751733.88,9799233.26],[751722.28,9799250.64],[751715.3,9799259.94],[751698.2,9799280.56],[751688.18,9799291.57],[751679.43,9799301.01],[751655.58,9799324.95],[751646.92,9799333.84],[751628.22,9799352.31],[751620.06,9799360.68],[751612.54,9799369.09],[751606.17,9799376.94],[751601.29,9799383.3],[751596.91,9799390.12],[751592.93,9799397.37],[751590.34,9799403.09],[751587.92,9799409.2],[751585.27,9799417.17],[751582.84,9799427.52],[751581.65,9799434.56],[751580.83,9799443.13],[751580.64,9799451.52],[751581.06,9799461.57],[751581.86,9799471.47],[751584.25,9799486.99],[751588.51,9799505.7],[751598.13,9799546.48],[751602.37,9799563.39],[751613.52,9799612.19],[751620.14,9799640.2],[751627.5,9799670.34],[751635.55,9799707.05],[751638.02,9799721.6],[751639.75,9799736.49],[751640.84,9799749.42],[751640.9,9799761.9],[751640.24,9799778.22],[751639.56,9799789.09],[751637.83,9799804.24],[751635.36,9799818.67],[751632.14,9799832.98],[751628.01,9799848.34],[751622.99,9799863.64],[751616.79,9799878.74],[751609.69,9799893.62],[751602.55,9799906.99],[751595.61,9799918.95],[751588.43,9799929.39],[751579.82,9799940.86],[751573.24,9799948.98],[751567.64,9799956.25],[751560.65,9799964.03],[751551.01,9799972.94],[751538.75,9799984.09],[751525.21,9799995.98],[751510.56,9800009.18],[751495.97,9800022.8],[751482.69,9800037.28],[751475.7,9800045.44],[751468.47,9800055.02],[751461.21,9800066],[751455.54,9800076.12],[751451.23,9800084.92],[751445.89,9800098.16],[751440.79,9800113.14],[751436.91,9800126.97],[751434.43,9800138.2],[751425.52,9800193.57],[751422.15,9800217.4],[751418.92,9800245.54],[751409.92,9800305.69],[751406.51,9800329.09],[751404.41,9800349.41],[751401.07,9800384.65],[751399.25,9800407.1],[751397.42,9800431.58],[751395.61,9800453.71],[751391.36,9800502.35],[751389.49,9800529.36],[751388.01,9800555.09],[751387.29,9800573.83],[751387.4,9800589.42],[751388.51,9800606.74],[751390.57,9800626.16],[751393.59,9800652.18],[751398.2,9800683.2],[751401.92,9800707.59],[751405.8,9800737.38],[751410.55,9800769.38],[751416.58,9800813.41],[751418.46,9800828.84],[751421.65,9800845.48],[751424.01,9800856.58],[751427.79,9800871.02],[751432.69,9800884.22],[751440.12,9800899.85],[751449.09,9800916.79],[751460,9800938.19],[751467.44,9800951.13],[751477.84,9800971.45],[751490.29,9800995.14],[751498.4,9801011.12],[751503.03,9801020.75],[751508.14,9801033.84],[751512.51,9801047.99],[751516.73,9801065.99],[751520.14,9801084.83],[751523.65,9801105.33],[751529.21,9801134.16],[751531.58,9801143.99],[751534.37,9801152.92],[751538.5,9801164.65],[751545.58,9801181.65],[751555.62,9801202.73],[751567.48,9801229.14],[751574.18,9801245.49],[751577.24,9801254.18],[751579.26,9801262.68],[751580.79,9801270.89],[751581.7,9801280.62],[751581.82,9801288.66],[751581.42,9801296.64],[751580.67,9801304.76],[751579.61,9801312.74],[751577.62,9801322.4],[751574.88,9801333.65],[751569.97,9801349.95],[751565.56,9801363.85],[751563.22,9801374.33],[751562.08,9801381.51],[751561.65,9801387.98],[751561.41,9801394.79],[751561.96,9801402.79],[751563.37,9801410.43],[751566.26,9801422.11],[751578.48,9801465.16],[751580.52,9801474.57],[751582.08,9801484.78],[751582.86,9801492.07],[751583.34,9801500.64],[751582.75,9801526.21],[751580.54,9801590.35],[751579.63,9801610.53],[751577.79,9801656.79],[751576.47,9801684.48],[751575.89,9801705.71],[751576.06,9801708.22],[751576.17,9801715.74],[751575.73,9801728.79],[751575.52,9801739.72],[751575.48,9801756.61],[751576.19,9801766.85],[751577.01,9801773.66],[751578.81,9801782.47],[751581.56,9801791.07],[751584.4,9801798.69],[751588.3,9801805.82],[751591.68,9801811.04],[751597.6,9801821.4],[751605.37,9801834.65],[751614.84,9801849.88],[751630.03,9801873.4],[751644.14,9801896.22],[751659.78,9801921.2],[751670.45,9801939.28],[751675.69,9801950.02],[751679.8,9801960.39],[751682.9,9801971.7],[751684.7,9801981.14],[751685.59,9801989.76],[751685.63,9801994.75],[751684.8,9802003.98],[751683.75,9802011.24],[751681.62,9802020.27],[751679.72,9802026.92],[751674.15,9802040.3],[751669.67,9802048.88],[751665.9,9802055.63],[751654.4,9802073.32],[751637.4,9802099.81],[751618.98,9802127.92],[751605.22,9802150.17],[751596.3,9802166.23],[751588.14,9802182.92],[751583.42,9802194.84],[751580.74,9802202.53],[751578.46,9802210.49],[751575.19,9802222.8],[751555.42,9802319.13],[751548.68,9802348.73],[751542.81,9802378.39],[751538.06,9802401.99],[751534.25,9802417.27],[751530.65,9802427.92],[751525.83,9802438.27],[751520.99,9802446.66],[751516.4,9802453.05],[751511.94,9802457.92],[751505.3,9802464.47],[751497.97,9802469.92],[751491.68,9802474.11],[751481.89,9802480],[751464.3,9802490.13],[751446.45,9802500.04],[751434.1,9802507.71],[751423.53,9802515.31],[751417.28,9802520.06],[751408.19,9802527.3],[751396.38,9802538.92],[751386.42,9802551.7],[751375.43,9802565.64],[751336.94,9802616],[751327.48,9802629.38],[751320.94,9802640.79],[751316.9,9802648.56],[751313.93,9802656.51],[751312.41,9802662.79],[751310.83,9802672.81],[751310.68,9802687.25],[751311.59,9802707.45],[751313.47,9802732.81],[751313.65,9802745.3],[751312.41,9802759.87],[751310.56,9802769.6],[751304,9802787.47],[751298.59,9802798.05],[751289.69,9802810.68],[751280.98,9802819.61],[751272.2,9802826.26],[751253.56,9802838.16],[751210.53,9802864.79],[751194.37,9802877.14],[751176.21,9802892.52],[751162.05,9802905.89],[751133.76,9802934.76],[751113.53,9802956.01],[751089.31,9802980.59],[751067.67,9803003.32],[751047.42,9803023.99],[751012.61,9803059.32],[750985.44,9803086.69],[750963.49,9803109.78],[750948.16,9803125.73],[750928.92,9803143.06],[750915.88,9803153.09],[750908.24,9803158.31],[750897.77,9803163.07],[750889.04,9803165.63],[750870.76,9803170.4],[750847,9803176.12],[750827.08,9803182.13],[750813.25,9803187.28],[750804.63,9803191.47],[750791.15,9803199.15],[750785.15,9803202.79],[750778.61,9803207.87],[750769.04,9803215.95],[750757.96,9803226.74],[750746.41,9803238.81],[750730.95,9803255.76],[750720.31,9803267.15],[750711.59,9803275.17],[750702.49,9803283.17],[750697.31,9803287.34],[750678.8,9803297.88],[750656.11,9803309.75],[750638.55,9803319.49],[750625.98,9803327.4],[750619.51,9803332.07],[750608.47,9803341.94],[750599.8,9803351.61],[750592.3,9803361.11],[750587.23,9803368.29],[750580.75,9803379.36],[750575.21,9803390.02],[750562.68,9803414.71],[750544.14,9803451.61],[750526.81,9803485.71],[750507.43,9803525.42],[750476.91,9803583.79],[750466.51,9803605.67],[750459.13,9803621.53],[750439.16,9803660.41],[750433.41,9803674.74],[750428.74,9803688.86],[750423.99,9803705.96],[750420.65,9803722.58],[750419.49,9803735.05],[750418.95,9803746.25],[750419.15,9803766.02],[750420.62,9803819.73],[750420.55,9803830.39],[750419.84,9803838.17],[750419,9803844.37],[750417.56,9803851.51],[750415.35,9803859.88],[750412.2,9803869.37],[750408.36,9803878.98],[750392.39,9803911.79],[750382.46,9803932.79],[750375.99,9803949.43],[750367.6,9803974.87],[750361.05,9803998.84],[750353.83,9804024.54],[750348.86,9804040.88],[750341.36,9804057.7],[750334.53,9804068.27],[750324.91,9804080.81],[750316.31,9804089.17],[750295.36,9804107.87],[750279.75,9804123.22],[750269.95,9804134.7],[750260.69,9804148.07],[750253.72,9804160.61],[750248.85,9804171.64],[750244.25,9804184.98],[750239.27,9804204.31],[750229.74,9804252.1],[750225.27,9804274.11],[750220.15,9804295.14],[750213.58,9804320.47],[750207.01,9804340.49],[750200.35,9804361.88],[750193.52,9804381.06],[750188.25,9804395.09],[750181.41,9804412.25],[750175.02,9804427.33],[750168.64,9804441.35],[750162.79,9804454.74],[750154.3,9804472.58],[750141.87,9804496.57],[750133.71,9804512],[750124.4,9804528.88],[750115.38,9804545.03],[750105.91,9804562.6],[750063.46,9804636.82],[750052.47,9804655.63],[750043.65,9804671.36],[750032.4,9804692.89],[750022.05,9804711.71],[750013.56,9804729.26],[750005.18,9804751.08],[749999.91,9804770.47],[749996.7,9804784.06],[749993.97,9804799.79],[749992.56,9804819.47],[749991.86,9804830.33],[749990.79,9804850.51],[749989.15,9804878.8],[749988.39,9804886.8],[749987.19,9804901.07],[749983.95,9804921.31],[749980.21,9804943.6],[749975.37,9804963.76],[749969.35,9804983.5],[749968.29,9804987.21],[749963.52,9805001.58],[749956.88,9805017.76],[749949.8,9805034.38],[749943.72,9805047.32],[749935.43,9805063.43],[749925.64,9805080.67],[749915.86,9805095.59],[749901.71,9805114.9],[749888.23,9805133.48],[749874.47,9805152.09],[749856.42,9805177.04],[749844.5,9805192.61],[749831.89,9805208.85],[749819.39,9805226.44],[749791.09,9805265.06],[749779.25,9805280.83],[749764.75,9805299.72],[749739.81,9805333.47],[749728.83,9805348.62],[749718.86,9805361.91],[749708.76,9805375.86],[749696.25,9805394.13],[749685.98,9805412.02],[749679.61,9805424.11],[749672.96,9805439.22],[749667.56,9805455.16],[749662.38,9805472.37],[749655.89,9805499.17],[749650.51,9805523.77],[749646.45,9805543.74],[749642.03,9805563.05],[749636.41,9805590.42],[749629.57,9805619.89],[749625.56,9805640.4],[749622.11,9805656.2],[749617.74,9805677.41],[749612.22,9805700.87],[749606.34,9805718.66],[749600.71,9805734.27],[749595.37,9805746.61],[749587.92,9805761.13],[749577.57,9805778.94],[749564.3,9805799.38],[749550.56,9805822.44],[749542.16,9805836.92],[749529,9805861.33],[749508.33,9805902.04],[749495.99,9805925.44],[749484.81,9805946.25],[749469.46,9805976.31],[749468.49,9805977.86],[749462.71,9805988.68],[749443.25,9806028.09],[749437.02,9806041.09],[749430.12,9806057.9],[749424.35,9806073.53],[749417.84,9806090.59],[749411.05,9806109.61],[749407.47,9806119.36],[749400.98,9806136.21],[749395.89,9806148.62],[749389.47,9806167.5],[749384.62,9806180.89],[749380.05,9806192.8],[749375.83,9806204.23],[749370.65,9806217.3],[749360.61,9806245.89],[749356.34,9806258.62],[749352.99,9806271.21],[749350.73,9806283.86],[749348.89,9806295.23],[749343.42,9806335.49],[749341.2,9806348.7],[749338.1,9806365.02],[749334.5,9806377.36],[749330.03,9806390.39],[749325.84,9806403.4],[749324.64,9806406.39],[749321.9,9806412.34],[749318.03,9806417.78],[749314.69,9806422.85],[749310.72,9806432.59],[749295.82,9806467.89],[749289.22,9806484.57],[749286.66,9806492.07],[749283.25,9806506.49],[749281.67,9806517.41],[749281.3,9806527.65],[749281.39,9806548.78],[749282.67,9806585.46],[749283.69,9806626.22],[749284.64,9806652.53],[749286.52,9806714.03],[749288.65,9806777.23],[749289.08,9806797.73],[749291.42,9806868.58],[749292.02,9806884.37],[749293.83,9806948.12],[749293.77,9806960.75],[749292.83,9806976.1],[749291.89,9806987.45],[749290.64,9806995.11],[749287.16,9807012.64],[749280.39,9807041.38],[749254.44,9807154.79],[749247.06,9807185.91],[749243.82,9807201.16],[749209.79,9807347.52],[749196.38,9807406.76],[749191.37,9807430.46],[749175.73,9807494.34],[749144.75,9807631.84],[749139.23,9807660.09],[749137.86,9807670.28],[749133.57,9807709.08],[749127.62,9807765.49],[749124.07,9807802.3],[749119.12,9807852.06],[749114.8,9807898.65],[749111.32,9807932.08],[749101.45,9808031.86],[749089.96,9808144.74],[749080.56,9808242.41],[749073.56,9808312.96],[749062.14,9808422.57],[749050.98,9808534.15],[749039.5,9808650.05],[749032.45,9808723.38],[749027.1,9808773.83],[749024.46,9808802.32],[748994.92,9809095.69],[748985.8,9809192.7],[748981.75,9809260.85],[748979.96,9809311.54],[748978.97,9809336.37],[748977.74,9809358.56],[748976.53,9809370.96],[748974.91,9809382.88],[748970.53,9809400.43],[748966.2,9809412.86],[748960.08,9809427.25],[748953.25,9809442.8],[748936.93,9809477.2],[748923.68,9809505.47],[748913.03,9809529.75],[748910.28,9809538.45],[748902.31,9809566.19],[748894.31,9809594.76],[748888.82,9809615.47],[748877.81,9809651.37],[748869.36,9809682.48],[748867.76,9809690.05],[748866.54,9809697.81],[748865.5,9809706.14],[748864.9,9809714.33],[748865.15,9809723.86],[748868.31,9809749.33],[748874.19,9809789.93],[748882.8,9809841.33],[748885.41,9809854.41],[748887.13,9809861.67],[748889.22,9809868.2],[748891.51,9809874.3],[748894.89,9809881.48],[748898.88,9809888.41],[748903.76,9809895.8],[748909.58,9809903.17],[748914.8,9809908.55],[748924.66,9809917.65],[748935.64,9809925.61],[748966.76,9809947.44],[748997.3,9809968.48],[749039.73,9809998.02],[749049.25,9810004.86],[749075.03,9810027.41],[749120.99,9810070.75],[749151.34,9810098.81],[749160.4,9810107.8],[749175.93,9810121.78],[749183.57,9810128.04],[749193.16,9810134.05],[749200.84,9810138.72],[749207.11,9810141.84],[749213.43,9810144.26],[749238.38,9810151.01],[749280.05,9810160.07],[749306.33,9810166.22],[749319.66,9810169.23],[749329.61,9810171.2],[749340.87,9810172.2],[749350.52,9810172.15],[749359.48,9810171.34],[749373.82,9810168.69],[749396.96,9810163.41],[749428.19,9810155.69],[749457.14,9810148.79],[749518.4,9810133.9],[749530.29,9810131.64],[749538.91,9810130.76],[749559.95,9810130.5],[749596.07,9810131.95],[749630.03,9810133.47],[749662.24,9810135.33],[749670.9,9810136.62],[749678.7,9810138.54],[749688.05,9810142.56],[749696.74,9810147.71],[749705.77,9810155.71],[749713.29,9810166.39],[749718.51,9810176.3],[749721.11,9810183.48],[749721.51,9810192.36],[749721.46,9810201.3],[749720.69,9810208.38],[749718.92,9810215.17],[749714.88,9810223.88],[749710.05,9810232.13],[749702.4,9810240.79],[749694.4,9810246.95],[749685.98,9810251.66],[749657.41,9810260.27],[749617.33,9810270.59],[749584.94,9810278.31],[749572.39,9810282.46],[749555.86,9810288.89],[749541.99,9810296.26],[749531.37,9810303.72],[749520.88,9810312.56],[749511.7,9810321.93],[749493.11,9810345.14],[749467.57,9810377.79],[749441.82,9810411.08],[749413.33,9810448.33],[749386.31,9810482.53],[749368.52,9810506.36],[749348.99,9810531.52],[749338.25,9810547.36],[749333.01,9810560.61],[749330.24,9810568.8],[749327.76,9810578.98],[749326.77,9810588.99],[749326.81,9810596.71],[749327.2,9810603.12],[749328.6,9810615.72],[749330.39,9810622.34],[749332.43,9810628.66],[749334.73,9810634.14],[749337.82,9810640.75],[749341.79,9810648],[749347.82,9810656.74],[749352.15,9810661.51],[749358,9810667.7],[749365.59,9810673.48],[749373.25,9810678.95],[749385.43,9810685.52],[749392.33,9810688.57],[749400.13,9810690.76],[749417.26,9810694.89],[749452.04,9810700.57],[749497.46,9810707.43],[749522.74,9810712.4],[749533.22,9810715.59],[749540.46,9810718.82],[749544.7,9810721.29],[749548.71,9810724.22],[749553.01,9810728.07],[749557.08,9810732.14],[749560.64,9810736.63],[749564.09,9810742.03],[749566.46,9810746.75],[749568.67,9810752.4],[749570.53,9810758.69],[749571.74,9810768.69],[749571.76,9810773.94],[749571.44,9810778.28],[749570.29,9810785.22],[749569.07,9810789.45],[749567.66,9810793.49],[749564.88,9810799.74],[749562.33,9810804.1],[749559.05,9810808.41],[749555.26,9810812.77],[749550.8,9810816.65],[749545.31,9810820.82],[749538.95,9810824.69],[749531.67,9810827.73],[749523.96,9810830.19],[749511.17,9810831.35],[749497.05,9810831.34],[749454.69,9810828.53],[749378.55,9810823.71],[749358.74,9810823.17],[749342.51,9810823.94],[749330.95,9810825.88],[749319.9,9810829.22],[749311.53,9810833.08],[749304.92,9810836.65],[749292.23,9810845.14],[749284.31,9810851.89],[749277.48,9810858.6],[749261.03,9810876.86],[749239,9810902.71],[749166.79,9810988.61],[749146.96,9811012.65],[749130.37,9811032.08],[749124.66,9811038.94],[749103.42,9811063.08],[749087.99,9811082.47],[749083.63,9811088.56],[749079.02,9811095.59],[749073.73,9811104.51],[749066.69,9811117.18],[749059.09,9811130.39],[749044.24,9811154.65],[749037.87,9811165.46],[749029.95,9811178.46],[749022.46,9811191.53],[749013.32,9811206.35],[749003.63,9811222.7],[748992.3,9811241.54],[748985.75,9811252.36],[748977.81,9811265.08],[748967.12,9811281.3],[748961.61,9811288.71],[748952.99,9811299.48],[748945.87,9811307.18],[748939.22,9811313.84],[748933.06,9811319.71],[748927.35,9811324.95],[748918.98,9811331.62],[748909.51,9811338.03],[748895.65,9811348.52],[748879.31,9811359.49],[748855.23,9811375.27],[748835.94,9811387.47],[748818.85,9811399.01],[748803.25,9811409.28],[748788.81,9811418.23],[748766.16,9811433.22],[748745.22,9811446.53],[748740.61,9811449.98],[748728.75,9811457.75],[748719.76,9811462.84],[748717.23,9811465.27],[748694.14,9811480.43],[748676.82,9811491.6],[748671.42,9811495.19],[748661.62,9811501.53],[748639.42,9811516.45],[748628.42,9811523.49],[748612.86,9811533.65],[748602.39,9811540.24],[748585.08,9811551.52],[748561.05,9811567.38],[748552.74,9811572.42],[748535.77,9811583.58],[748522.84,9811592.3],[748512.57,9811598.96],[748500.91,9811606.32],[748483.44,9811618.4],[748472.46,9811625.6],[748461.88,9811632.17],[748453.62,9811638],[748445.16,9811643.5],[748433.97,9811650.41],[748424.32,9811656.82],[748414.56,9811662.9],[748405.3,9811669.15],[748383.17,9811683.24],[748370.28,9811692.33],[748360.34,9811699.16],[748348.5,9811706.68],[748337.98,9811713.78],[748324.84,9811722.38],[748311.23,9811732.13],[748282.21,9811751.77],[748270.65,9811761.26],[748265.08,9811766.22],[748259.95,9811771.11],[748254.9,9811777.1],[748250.64,9811782.51],[748245.92,9811789.99],[748240.41,9811799.16],[748227.9,9811822.25],[748211.22,9811852.31],[748189.13,9811892.63],[748184.8,9811901.45],[748180.83,9811910.3],[748177.71,9811918.85],[748174.41,9811929.28],[748172.45,9811934.98],[748170.85,9811940.85],[748169.14,9811950.83],[748167.74,9811960.36],[748165.39,9811981.64],[748164.14,9811993.75],[748162.73,9812005.35],[748161.87,9812018.42],[748162.1,9812031.48],[748163.1,9812040.89],[748166.26,9812062.66],[748167.98,9812075.21],[748172.96,9812095.43],[748175.93,9812102.27],[748179.16,9812107.95],[748182.93,9812113.45],[748187.01,9812119.07],[748191.58,9812124.9],[748197.43,9812131.52],[748211.41,9812146.76],[748219.3,9812156.15],[748239.33,9812173.97],[748245.82,9812180.83],[748253.87,9812189.1],[748261.47,9812197.63],[748273.97,9812210.53],[748283.68,9812220.9],[748293.55,9812232.55],[748298.2,9812239.04],[748303.84,9812248.34],[748320.77,9812278.58],[748328.38,9812292.5],[748339.72,9812312.8],[748347.96,9812327.34],[748364.66,9812355.37],[748381.65,9812385.63],[748388.71,9812397.68],[748391.51,9812402.69],[748397.51,9812412.99],[748414.33,9812442.67],[748420.19,9812451.68],[748424.92,9812458.38],[748430.77,9812466.44],[748439.86,9812476.13],[748453.31,9812488.19],[748477.21,9812507.74],[748484.13,9812513.14],[748496.29,9812522.81],[748508.06,9812532.52],[748533.5,9812553.01],[748560.57,9812572.93],[748573.45,9812582.51],[748584.92,9812591.28],[748599.02,9812601.85],[748610.78,9812610.05],[748621.21,9812617.72],[748644.87,9812634.8],[748653.94,9812642.89],[748673.15,9812658.4],[748675.78,9812660.07],[748694.95,9812670.13],[748706.99,9812674.72],[748715.85,9812677.29],[748723.61,9812679.02],[748735.28,9812681.39],[748743.74,9812682.72],[748751.67,9812683.63],[748756.89,9812684.58],[748779.68,9812688.41],[748792.84,9812690.25],[748805.13,9812692.32],[748818.46,9812694.28],[748846.46,9812697.79],[748864.38,9812697.68],[748874.73,9812697.2],[748882.36,9812696.23],[748887.28,9812695.25],[748895.24,9812692.73],[748903,9812689.8],[748908.68,9812687.13],[748916.19,9812683.23],[748926.08,9812676.43],[748934.98,9812668.69],[748943.52,9812659.85],[748952.92,9812650.34],[748965.63,9812638.02],[748975.02,9812629.1],[748989.54,9812613.89],[748999.83,9812602.62],[749011.54,9812592.03],[749020.88,9812582.38],[749029.26,9812574.83],[749033.94,9812571.21],[749037.94,9812568.97],[749045.22,9812565.46],[749055.53,9812561.23],[749061.77,9812559.49],[749068.95,9812557.6],[749074.88,9812556.33],[749084.45,9812553.82],[749097.66,9812551.25],[749104.05,9812549.53],[749110.9,9812547.41],[749116.72,9812545.73],[749127.68,9812541.83],[749134.86,9812538.22],[749140.53,9812534.69],[749146.03,9812530.99],[749150.48,9812527.72],[749156.01,9812522.94],[749161.34,9812518.07],[749164.67,9812514.87],[749168.69,9812510.24],[749173.86,9812503.28],[749180.17,9812493.46],[749191.88,9812472.86],[749197.81,9812461.35],[749203.57,9812450.51],[749209.52,9812440.01],[749214.38,9812433.08],[749219.91,9812425.74],[749223.5,9812421.82],[749227.07,9812418.47],[749231.63,9812414.66],[749236.69,9812410.84],[749240.4,9812408.29],[749244.64,9812405.76],[749249.56,9812403.39],[749255.75,9812400.84],[749262.08,9812399.28],[749266.93,9812397.96],[749273.45,9812397.05],[749279.62,9812396.66],[749293.93,9812396.59],[749298.26,9812397.02],[749305.5,9812399.2],[749314.05,9812401.57],[749322.51,9812405.25],[749329.13,9812408.77],[749335.22,9812412.99],[749340.25,9812417.18],[749347.29,9812424.32],[749353.17,9812431.86],[749358.04,9812439.58],[749361.89,9812447.12],[749365.4,9812455.99],[749367.22,9812463.23],[749368.66,9812472.16],[749369.32,9812482.2],[749369.03,9812491.85],[749367.94,9812501.52],[749366.15,9812512.19],[749361.94,9812531.1],[749356.19,9812554.94],[749350.66,9812576.04],[749344.25,9812601.79],[749339.35,9812622.23],[749333.59,9812645.22],[749329.24,9812660.42],[749320.94,9812694.91],[749320.28,9812703.84],[749320.33,9812709.52],[749320.97,9812717.37],[749322.79,9812725.73],[749327.14,9812734.98],[749330.98,9812740.97],[749336.2,9812747.42],[749340.1,9812751.92],[749344.18,9812755.47],[749348.83,9812758.85],[749354.43,9812761.82],[749360.51,9812764.65],[749367.45,9812767.25],[749374.08,9812768.41],[749381.09,9812768.94],[749394.86,9812768.09],[749404.47,9812766.55],[749417.87,9812764.56],[749433.12,9812761.98],[749445.99,9812760.62],[749454.65,9812760.57],[749464.97,9812760.76],[749476.04,9812762.04],[749484.06,9812764.45],[749493.17,9812767.68],[749499.91,9812770.99],[749506.37,9812774.48],[749511.99,9812778.82],[749522.3,9812787.75],[749529.24,9812795.77],[749535.71,9812804.55],[749540.23,9812812.44],[749543.63,9812820.76],[749546.55,9812830.54],[749548.3,9812841.28],[749548.91,9812849.95],[749548.94,9812857.1],[749547.68,9812867.49],[749545.58,9812879.07],[749541.34,9812891.82],[749539.65,9812895.27],[749537.48,9812899.18],[749532.26,9812906.8],[749528.82,9812911.21],[749525.42,9812915.24],[749522.1,9812918.66],[749518.39,9812922.09],[749510.01,9812928.45],[749502.05,9812933.68],[749489.53,9812940.19],[749475.73,9812947.77],[749461.32,9812954.94],[749446.03,9812962.97],[749430.86,9812970.69],[749416.76,9812977.59],[749375.04,9812997.61],[749355.81,9813006.93],[749336.4,9813016.82],[749318.68,9813025.17],[749302.93,9813032.96],[749290.25,9813039.61],[749278.51,9813047.41],[749267.98,9813054.23],[749233.18,9813078.05],[749217.4,9813089.22],[749196.03,9813105.34],[749178.74,9813117.52],[749163.48,9813129.05],[749151.57,9813138.21],[749135.65,9813149.79],[749114.68,9813165.55],[749088.89,9813184.57],[749072.65,9813192.87],[749052.43,9813208.46],[749037.29,9813221.11],[749021.18,9813233.21],[749006.38,9813243.84],[748990.67,9813255.64],[748977.92,9813264.31],[748970.15,9813270.3],[748958.43,9813279.62],[748939.74,9813297.94],[748932.55,9813307.37],[748922.82,9813323.04],[748920.68,9813326.91],[748914.71,9813339],[748907.23,9813357.86],[748900.47,9813376.83],[748893.33,9813395.85],[748885.84,9813416.84],[748880.43,9813432.74],[748874.11,9813449.74],[748871.46,9813458.41],[748867.64,9813469.94],[748864.35,9813479.55],[748861.03,9813489.83],[748860.09,9813493.58],[748855.8,9813509.56],[748853.78,9813520.33],[748853.05,9813528.47],[748852.69,9813535.89],[748852.22,9813551.98],[748852.1,9813572.19],[748851.84,9813594.17],[748851.89,9813609.82],[748851.6,9813624.38],[748851.64,9813638.88],[748851.19,9813677],[748850.97,9813722.76],[748851.08,9813762.79],[748850.82,9813790.11],[748851.03,9813857.76],[748850.85,9813899.85],[748851.49,9813919.12],[748852.29,9813933.01],[748854.11,9813950.36],[748855.7,9813962.56],[748857.87,9813973.58],[748859.67,9813983.24],[748863.87,9814002.01],[748868.43,9814016.71],[748873.25,9814029.55],[748878.95,9814043.08],[748895.16,9814083.04],[748900.5,9814094.88],[748907.77,9814111.59],[748915.15,9814129.53],[748919.86,9814140.5],[748923.25,9814149.31],[748926.77,9814159.33],[748928.7,9814166.35],[748929.73,9814172.7],[748930.68,9814182.94],[748930.7,9814189.01],[748930.33,9814194.84],[748929.5,9814200.11],[748927.37,9814210.86],[748926.31,9814215.63],[748922.39,9814227.07],[748913.23,9814251.4],[748908.36,9814263.93],[748902.97,9814279.43],[748899.21,9814291.15],[748897.43,9814300.35],[748896.79,9814310.21],[748896.85,9814319.79],[748897.28,9814330.88],[748898.1,9814339.47],[748901.37,9814352],[748904.82,9814362.27],[748911.96,9814380.89],[748919.86,9814400.94],[748928.7,9814422.54],[748937.63,9814445.11],[748946.76,9814465.75],[748956.74,9814492.36],[748963.14,9814511.48],[748970.23,9814532.07],[748978.19,9814557.17],[748984.52,9814579.18],[748990.26,9814596.81],[748996.98,9814617.96],[749004.76,9814640.16],[749010.2,9814657.97],[749016.28,9814674.77],[749023,9814696.65],[749028.8,9814714.28],[749041.85,9814758.14],[749051.45,9814793.55],[749057.85,9814811.9],[749060.2,9814816.99],[749062.2,9814820.81],[749064.49,9814824.51],[749070.02,9814831.95],[749074.5,9814837.5],[749080.22,9814843.17],[749088.98,9814851.28],[749102.99,9814863.31],[749122.53,9814881.1],[749143.49,9814900.91],[749155.33,9814912.25],[749159.76,9814917.1],[749165.45,9814923.8],[749173.67,9814933.16],[749181.87,9814944.26],[749192.02,9814957.77],[749200.31,9814970.09],[749209.77,9814983.66],[749223.06,9815003.58],[749239.3,9815029.96],[749250.79,9815048.41],[749258.11,9815061.11],[749266.21,9815075.46],[749273.99,9815089.44],[749277.63,9815096.3],[749282.84,9815106.76],[749290.39,9815120.1],[749295.99,9815130.44],[749302.26,9815141.17],[749309.53,9815152.37],[749317.16,9815163.83],[749324.7,9815172.91],[749338.04,9815186.44],[749345.66,9815193.81],[749353.64,9815202.13],[749360.4,9815210.43],[749365.24,9815216.62],[749372.83,9815226.67],[749376.44,9815232.3],[749379.18,9815236.96],[749384.02,9815246.49],[749388.45,9815256.51],[749391.81,9815265.83],[749395.29,9815277.43],[749398.8,9815289.56],[749410.49,9815329.13],[749417.6,9815352.05],[749421.33,9815364.65],[749423.73,9815371.73],[749432.7,9815404.36],[749439.77,9815429.32],[749441.88,9815438.82],[749443.55,9815450.18],[749443.89,9815460.38],[749443.89,9815465.04],[749443.7,9815473.43],[749443.49,9815476.84],[749443.1,9815480.56],[749440.59,9815498.9],[749439.46,9815507.69],[749438.22,9815515.96],[749436.75,9815524.86],[749435.65,9815534.53],[749435.01,9815545.24],[749435.46,9815553.09],[749436.24,9815560.91],[749437.95,9815572.3],[749440.15,9815580.93],[749441.28,9815584.03],[749442.78,9815587.51],[749444.42,9815591.06],[749446.35,9815595.07],[749449.94,9815601.99],[749455.28,9815610.76],[749461.72,9815622.76],[749467.39,9815631.96],[749472.49,9815642.15],[749475.79,9815649.27],[749479.09,9815658.5],[749482.03,9815669.18],[749484.44,9815678.57],[749488.34,9815697.33],[749492.2,9815712.13],[749494.25,9815720.53],[749496.68,9815728.02],[749499.1,9815734.91],[749505.36,9815749.88],[749511.84,9815764.06],[749518.58,9815776.86],[749528.16,9815796.24],[749537.46,9815815.72],[749549.4,9815839.89],[749552.48,9815845.3],[749564.57,9815871.02],[749568.69,9815879.52],[749571.17,9815885.49],[749575.58,9815894.5],[749580.11,9815903.45],[749583.73,9815911.83],[749591.59,9815931.57],[749593.95,9815939.02],[749595.24,9815944.52],[749595.6,9815947.4]]]}},{"type":"Feature","properties":{"nam":" "},"geometry":{"type":"MultiLineString","coordinates":[[[753703.63,9816972.69],[753710.47,9816969.82],[753738.24,9816958.98],[753762.83,9816954.89],[753784.7,9816954.76],[753799.72,9816956.18],[753816.4,9816960.76],[753836.13,9816968.11],[753861.65,9816978.86],[753896.88,9816996.9]]]}},{"type":"Feature","properties":{"nam":" "},"geometry":{"type":"MultiLineString","coordinates":[[[753703.63,9816972.69],[753743.37,9816965.03],[753765.22,9816963.35],[753789.46,9816964.6],[753811.14,9816969.37],[753828.47,9816974.53],[753858.4,9816984.58],[753896.88,9816996.9]]]}},{"type":"Feature","properties":{"nam":" "},"geometry":{"type":"MultiLineString","coordinates":[[[753591.04,9781449.8],[753570.38,9781518.04],[753558.89,9781553.68],[753537.41,9781622.49],[753526.41,9781655.76],[753505.34,9781724.43],[753497.86,9781748.35],[753489.46,9781773.89],[753483.99,9781791.22],[753473.71,9781822.04],[753461.76,9781861.99],[753451.56,9781891.21],[753450.06,9781895.69],[753440.29,9781928.02],[753430.19,9781961.94],[753420.44,9781992.6],[753408.87,9782028.55],[753385.99,9782100.19],[753375.79,9782134.31],[753365.75,9782166.28],[753355.42,9782197.02],[753345.08,9782228.8],[753335.82,9782260.99],[753326.38,9782288.89],[753316.23,9782321.15],[753306.38,9782351.27],[753296.95,9782383.82],[753288.99,9782406.56],[753280.59,9782436.68],[753272.52,9782460.73],[753260.4,9782497.65],[753253.16,9782522.57],[753244.09,9782550.57]]]}},{"type":"Feature","properties":{"nam":" "},"geometry":{"type":"MultiLineString","coordinates":[[[753244.09,9782550.57],[753237.41,9782570.99]]]}},{"type":"Feature","properties":{"nam":" "},"geometry":{"type":"MultiLineString","coordinates":[[[753237.41,9782570.99],[753227.85,9782600.16],[753220.69,9782620.87],[753215.46,9782649.1],[753215.75,9782664.13],[753218.29,9782679.4],[753224.18,9782699.91],[753231.5,9782726.22],[753236.8,9782750.34],[753239.59,9782762.5],[753243.28,9782786.29],[753248.3,9782800.21],[753257.7,9782818.76],[753265.63,9782830.61],[753274.72,9782843.06],[753282.75,9782851.92],[753293.31,9782862.22],[753304.62,9782872.01],[753312.75,9782878.82],[753345.91,9782901.11],[753365.35,9782914.29],[753395.48,9782935.3],[753451.04,9782971.91],[753492.4,9782999.95],[753508.19,9783011.06],[753518.41,9783018.61],[753528.04,9783026.62],[753539.04,9783036.94],[753550.67,9783048.49],[753559.94,9783058.16],[753571.15,9783070.4],[753582.94,9783084.37],[753595.01,9783098.26],[753605.5,9783109.76],[753616.34,9783121.35],[753628.27,9783134.84],[753636.94,9783144.93],[753657.83,9783164.68],[753668.72,9783174.09],[753679.87,9783182.88],[753690.72,9783190.02],[753701.15,9783196.25],[753710.98,9783201.8],[753720.2,9783206.65],[753733.16,9783212.53],[753745.38,9783217.63],[753753.66,9783221.32],[753777.36,9783231.04],[753791.78,9783237.07],[753805.07,9783242.31],[753817.3,9783248.1],[753835.97,9783257.41],[753860.62,9783268.57],[753881.47,9783277.31],[753903.15,9783286.23],[753919.79,9783293.17],[753965.55,9783313.46],[753984.95,9783321.87],[754007.46,9783332.15],[754028.13,9783342.44],[754047.23,9783353.21],[754062.76,9783363.36],[754074.5,9783371.35],[754083.59,9783378.37],[754101.97,9783394.24],[754121.73,9783413.89],[754141.58,9783439.37],[754160.85,9783463.7],[754177.86,9783488.36],[754193.46,9783509.23],[754209.25,9783530.85],[754225.75,9783554.02],[754242.32,9783577.09],[754258.41,9783600.85],[754274.96,9783623.69],[754291.78,9783647.99],[754310.75,9783674.08],[754327.69,9783696.89],[754342.84,9783717.84],[754362.94,9783747.44],[754380.72,9783772],[754389.25,9783783.14],[754406.37,9783808.34],[754420.86,9783828.23],[754438,9783852.85],[754447.94,9783870.31],[754453.44,9783882.67],[754458.68,9783900.26],[754459.58,9783904.25]]]}},{"type":"Feature","properties":{"nam":" "},"geometry":{"type":"MultiLineString","coordinates":[[[754459.58,9783904.25],[754463.35,9783927.44]]]}},{"type":"Feature","properties":{"nam":" "},"geometry":{"type":"MultiLineString","coordinates":[[[754461.03,9786129.51],[754456.36,9786134.75],[754438.37,9786153.6],[754430.18,9786169.22],[754421.47,9786190.4],[754415.1,9786206.38],[754409.38,9786223.87],[754402.97,9786240.75],[754395.84,9786258.68],[754389.69,9786274.56],[754382.66,9786291.23],[754376.9,9786303.76],[754369.31,9786315.37],[754364.45,9786322.03],[754360.48,9786326.86],[754353.73,9786333.79],[754347.27,9786339],[754338.68,9786345.57],[754332.5,9786349.8],[754318.71,9786354.93],[754304.45,9786359.6],[754284.14,9786365.75],[754264.22,9786370.79],[754241.48,9786376.98],[754228.58,9786380.74],[754210.42,9786385.45],[754194.29,9786388.91],[754182.45,9786392.45],[754170.46,9786396.94],[754144.5,9786409.83],[754126.74,9786419.42],[754115.16,9786424.42],[754104.56,9786428.68],[754080.17,9786433.76],[754064.04,9786435.32],[754042.75,9786436.66],[754016.66,9786438.76],[754000.55,9786441.21],[753992.42,9786442.92],[753978.74,9786446.49],[753962.64,9786451.39],[753948.54,9786456.82],[753917.39,9786468.47],[753906.03,9786473.96],[753891.23,9786479.62],[753880.69,9786485.46],[753875.47,9786489.05],[753862.83,9786500.4],[753858.67,9786504.37],[753853.9,9786509.08],[753849.59,9786513.95],[753841.05,9786523.99],[753835.44,9786530.12],[753818.24,9786553.73],[753806.17,9786570.5],[753798.57,9786582.46],[753795.16,9786588.57],[753791.53,9786594.57],[753788.66,9786600.74],[753786.13,9786605.61]]]}},{"type":"Feature","properties":{"nam":" "},"geometry":{"type":"MultiLineString","coordinates":[[[753786.13,9786605.61],[753778.91,9786627.7],[753767.68,9786660.51],[753752.74,9786705.46]]]}},{"type":"Feature","properties":{"nam":" "},"geometry":{"type":"MultiLineString","coordinates":[[[753389.91,9791058.3],[753380.58,9791063.17],[753369.88,9791071.12],[753361.34,9791078.55],[753353.11,9791088.08],[753347.13,9791097.76],[753341.3,9791109.68],[753338.09,9791119.43],[753335.7,9791128.87],[753334.51,9791136.22],[753334.3,9791144.76],[753336.59,9791179.98],[753338.05,9791207.26],[753338.29,9791218.5],[753337.85,9791227.49],[753337.11,9791234.69],[753335.78,9791246.08],[753332.81,9791266.02],[753327.6,9791295.48],[753322.16,9791324.12],[753318.59,9791346.15],[753315.76,9791358.45],[753313.67,9791366.02],[753310.24,9791375.84],[753305.23,9791386.19],[753299.18,9791397.29],[753294.99,9791404.11],[753290.05,9791410.26],[753284.66,9791416.49],[753266.32,9791434.5],[753256.74,9791443.13],[753251.65,9791448.46],[753245.59,9791456.49],[753236.47,9791469.61],[753213.65,9791504.04],[753192.86,9791536.67],[753174.61,9791564.04],[753161.67,9791583.62],[753142.67,9791613.17],[753130.7,9791631.17],[753117.09,9791650.9],[753105.95,9791667.48],[753095.47,9791682.25],[753079.02,9791707.01],[753074.08,9791715.71],[753068.55,9791726.95],[753065.19,9791735.73],[753061.68,9791746.15],[753057.51,9791765.71],[753054.16,9791785.2],[753044.05,9791846.29],[753040.7,9791869.91],[753035.64,9791897.49],[753032.15,9791921.4],[753018.91,9792000.03],[753016.91,9792014.12]]]}},{"type":"Feature","properties":{"nam":" "},"geometry":{"type":"MultiLineString","coordinates":[[[749597.09,9815966.21],[749597.16,9815967.5],[749596.98,9815987.75],[749593.57,9816074.61],[749592.98,9816086.57],[749592.37,9816092.84],[749591.14,9816100.53],[749589.34,9816108.85],[749587.97,9816113.53],[749573.22,9816156.06],[749571.66,9816160.76],[749570.36,9816165.48],[749568.25,9816174.04],[749566.36,9816187.9],[749564.43,9816213.2],[749563.41,9816238.5],[749562.52,9816270.38],[749562.57,9816286.91],[749563.14,9816298.8],[749563.57,9816304.24],[749564.56,9816312.88],[749565.45,9816317.38],[749572.52,9816336.97],[749576.83,9816345.99],[749581.5,9816354.88],[749586.85,9816363.76],[749594.98,9816374.49],[749607.1,9816389.04],[749622.83,9816406.34],[749636.53,9816421.84],[749648.85,9816435.34],[749654.88,9816441.74],[749659.85,9816446.57],[749671.17,9816456.26],[749686.23,9816466.74],[749697.43,9816472.34],[749703.12,9816474.49],[749710.45,9816477.12],[749718.31,9816479.55],[749727.35,9816482.06],[749734.26,9816483.37],[749742.33,9816484.22],[749753.67,9816485.19]]]}},{"type":"Feature","properties":{"nam":" "},"geometry":{"type":"MultiLineString","coordinates":[[[749753.67,9816485.19],[749769.86,9816486.26]]]}},{"type":"Feature","properties":{"nam":" "},"geometry":{"type":"MultiLineString","coordinates":[[[754463.35,9783927.44],[754465.23,9783938.17],[754466.78,9783960.9],[754466.26,9783984.3],[754463.38,9784005.23],[754456.75,9784032.06],[754446.9,9784063.21],[754439.03,9784085.95],[754430.68,9784109.4],[754423.38,9784133.35],[754413.45,9784161.93],[754406.35,9784186.46],[754398.12,9784213.83],[754389.81,9784243.21],[754382.1,9784268.68],[754378.14,9784287.88],[754376.99,9784304.84],[754377.4,9784321.63],[754379.17,9784344.67],[754382.3,9784373.04],[754384.75,9784401.79],[754387.98,9784429.58],[754391.36,9784457.35],[754393.07,9784477.05],[754395.61,9784494.76],[754401.67,9784518.23],[754409.91,9784543.21],[754420.05,9784576.75],[754428.64,9784603.81],[754432.76,9784619.61],[754436.94,9784639.36],[754440.1,9784664.33],[754442.1,9784693.33],[754445.42,9784720.51],[754451.07,9784745.45],[754457.91,9784770.4],[754467.9,9784801.31],[754474.41,9784824.06],[754480.73,9784844.29],[754485.33,9784857.57],[754497.85,9784899.66],[754500.85,9784914.61],[754503.82,9784938.53],[754508.75,9785012.17],[754511.92,9785034.99],[754515.78,9785053.23],[754524.9,9785079.69],[754537.68,9785110.66],[754550.85,9785140.04],[754560.53,9785166.14],[754575.57,9785200.31],[754588.24,9785232.85],[754598.27,9785261.65],[754608.87,9785294.39],[754614.7,9785316.21],[754618.42,9785342.84],[754622.23,9785358.53],[754627.78,9785373.26],[754636.81,9785392.21],[754648.59,9785412.92],[754658.61,9785428.77],[754671.59,9785451.98],[754681.55,9785466.58],[754699.49,9785498.97],[754712.77,9785520.98],[754723.71,9785540.4],[754733.67,9785556.23],[754748.16,9785579.85],[754759.47,9785599.37],[754772.03,9785620.29],[754786.78,9785645.45],[754801.74,9785670.16],[754815.13,9785692.69],[754824.73,9785707.96],[754834.91,9785726.46],[754841.17,9785741.62],[754845.02,9785756.29],[754846.18,9785766.58],[754846.26,9785776.31],[754845.35,9785786.54],[754842.88,9785798.44],[754838.71,9785809.7],[754832.72,9785822.16],[754830.03,9785826.24],[754819.56,9785842.7],[754802.42,9785872],[754787.05,9785896.39],[754769.63,9785922.85],[754757.32,9785942.76],[754752.11,9785950.83],[754734.29,9785979.02],[754722.43,9785995.58],[754705.96,9786014.12],[754699.77,9786019.59],[754688.21,9786027.27],[754666.59,9786037.86],[754647.25,9786046.67]]]}},{"type":"Feature","properties":{"nam":" "},"geometry":{"type":"MultiLineString","coordinates":[[[754647.25,9786046.67],[754642.61,9786049.55],[754628.75,9786057.54]]]}},{"type":"Feature","properties":{"nam":" "},"geometry":{"type":"MultiLineString","coordinates":[[[754647.25,9786046.67],[754624.88,9786054.58],[754593.73,9786066.92],[754562.06,9786079.31],[754541.67,9786086.92],[754510.31,9786099.18],[754491.97,9786107.6],[754480.85,9786114.12],[754465.69,9786124.27],[754461.03,9786129.51]]]}},{"type":"Feature","properties":{"nam":" "},"geometry":{"type":"MultiLineString","coordinates":[[[754628.75,9786057.54],[754625.07,9786060.71],[754618.48,9786068.07],[754611.69,9786076.86],[754606.67,9786084.53],[754602.47,9786093.08],[754598.09,9786104.38],[754596.79,9786109.72],[754593.88,9786127.59],[754591.1,9786149.59],[754586.17,9786191.76]]]}},{"type":"Feature","properties":{"nam":" "},"geometry":{"type":"MultiLineString","coordinates":[[[754493.07,9786111.91],[754496.07,9786110.49],[754504.97,9786106.93],[754519.19,9786100.79],[754545.63,9786090.05],[754580.41,9786076.31],[754594.04,9786071.09],[754610.02,9786064.61],[754628.75,9786057.54]]]}},{"type":"Feature","properties":{"nam":" "},"geometry":{"type":"MultiLineString","coordinates":[[[754461.03,9786129.51],[754476.75,9786121.06],[754490.06,9786113.33],[754493.07,9786111.91]]]}},{"type":"Feature","properties":{"nam":" "},"geometry":{"type":"MultiLineString","coordinates":[[[753752.74,9786705.46],[753747.37,9786722.77],[753744.88,9786731.47],[753741.9,9786744.39],[753740.15,9786760.79],[753737.34,9786785.04],[753733.98,9786803.02],[753729.26,9786825.06],[753722.43,9786846.58],[753713.42,9786869.5],[753705.62,9786885.87],[753698.98,9786898.91],[753686.9,9786915.93],[753678.62,9786928.6],[753668.37,9786944.71],[753658.47,9786959.18],[753649.12,9786977.03],[753639.24,9786993.46],[753630,9787008.27],[753620.78,9787021.76],[753609.21,9787038.39],[753598.54,9787051.56],[753590.87,9787060.02],[753581.95,9787069.34],[753571.21,9787080.1],[753557.13,9787093.22],[753549.54,9787100.85],[753540.8,9787110.28],[753529.43,9787124.02],[753516.73,9787140.64],[753496.37,9787169.38],[753486.09,9787184.65],[753472.43,9787207.01],[753466.92,9787216.73],[753462.54,9787229.07],[753459.29,9787244.41],[753456.55,9787268.25],[753455.57,9787291.69],[753453.21,9787319.91],[753450.8,9787334.41],[753446.29,9787349.34],[753442.34,9787360.97],[753437.9,9787370.39],[753432.52,9787381.4],[753422.26,9787400.9],[753417.63,9787410.22],[753414.23,9787426.38],[753412.4,9787438.57],[753412.33,9787451.93],[753413.92,9787473.01],[753415.52,9787487.49],[753416.65,9787504.63],[753420.08,9787538.09],[753420.17,9787563.72],[753419.38,9787590.65],[753418.15,9787613.13],[753416.97,9787626.5],[753415.62,9787657.7],[753415.14,9787674.62],[753414.47,9787704.28],[753411.95,9787747.78],[753409.7,9787766.01],[753407.09,9787779.76],[753404.2,9787791.48],[753400.53,9787802.26],[753396.39,9787811.59],[753392.3,9787819.05],[753387.23,9787827.02],[753375.46,9787846.24],[753369.31,9787858.14],[753363.14,9787869.52],[753360.48,9787877.02],[753358.03,9787890.23],[753357.44,9787902.09],[753358.08,9787914.51],[753361.62,9787934.06],[753366.4,9787955.23],[753372.71,9787975.02],[753374.54,9787981.43],[753376.01,9787987.22],[753382.97,9788017.59],[753389.56,9788044.89],[753396.89,9788077.13],[753405.05,9788107.58],[753412.99,9788136.08],[753417.37,9788153.26],[753420.92,9788169.83],[753422.47,9788179.5],[753422.75,9788187.74],[753422.2,9788195.84],[753420.67,9788205.2],[753417.88,9788212.99],[753413.73,9788222.04],[753408.46,9788231.7],[753402.14,9788242.1],[753391.75,9788257.65],[753376.18,9788278.37],[753362.41,9788297.59],[753352.25,9788313.3],[753347.51,9788322.21],[753344.11,9788329.69],[753342.6,9788336.43],[753340.4,9788345.05],[753339.78,9788354.04],[753341.29,9788376.08],[753348.63,9788427.46],[753353.34,9788452.94],[753359.1,9788481.72],[753363.96,9788506.98],[753366.57,9788523.02],[753367.32,9788528.71],[753366.94,9788534.11],[753365.81,9788543.03],[753364.16,9788552.84],[753361.16,9788565.51],[753354.7,9788586.26],[753350.64,9788602.82],[753346.51,9788622.98],[753344.33,9788633.17],[753343.21,9788642.01],[753342.98,9788649.06],[753343.42,9788653.93],[753345.37,9788665.47],[753347.24,9788672.89],[753351.43,9788682.86],[753370.89,9788722.14],[753375.31,9788731.74],[753378,9788741.11],[753379.05,9788748.75],[753379.34,9788757.74],[753378.89,9788765.69],[753378.14,9788774.38],[753377.08,9788782.25],[753374.83,9788791.62],[753371.75,9788806.08],[753368.29,9788824.66],[753366.64,9788836.88],[753366.78,9788848.12],[753368.05,9788858.31],[753370.3,9788868.73],[753375.16,9788882.3],[753382.2,9788899.61],[753394.92,9788930.34],[753403.75,9788954.25],[753408.84,9788969.84],[753411.83,9788981.09],[753413.78,9788991.81],[753415.49,9789005.67],[753417.06,9789025.38],[753418.54,9789046.82],[753419.81,9789067.13],[753420.32,9789088.26],[753420.32,9789102.87],[753419.94,9789112.99],[753418.28,9789132.47],[753415.57,9789155.85],[753413.16,9789179.46],[753407.36,9789228.17],[753405.33,9789239.26],[753402.48,9789251.25],[753397.9,9789269.61],[753392.27,9789285.94],[753383.19,9789314.34],[753369.08,9789360.72],[753367.07,9789370.34],[753366.03,9789379.46],[753365.88,9789387.91],[753367.11,9789396.62],[753368.98,9789404.86],[753372.12,9789413.48],[753375.79,9789420.08],[753379.68,9789426],[753385.3,9789432.23],[753396.01,9789442.87],[753411.82,9789456.37],[753426.73,9789469.27],[753435.42,9789477.97],[753441.86,9789484.71],[753445.23,9789489.36],[753449.2,9789495.88],[753452.26,9789503.53],[753454.96,9789511.48],[753457.58,9789521.97],[753468.42,9789570.09],[753475.75,9789603.36],[753480.91,9789625.18],[753483.43,9789634.84],[753488.02,9789647.52],[753490.99,9789654.73],[753494.93,9789661.64],[753499.93,9789668.4],[753505.82,9789674.42],[753517.84,9789685.19],[753533.76,9789697.84],[753544.06,9789708.08],[753550.02,9789714.77],[753557.32,9789726.19],[753563.57,9789737.46],[753568.32,9789749.1],[753570.98,9789757.65],[753573.19,9789767.63],[753573.99,9789774.53],[753574.25,9789782.32],[753574.5,9789796.04],[753572.91,9789818.29],[753570.33,9789843.08],[753569.3,9789857.24],[753570.06,9789872.09],[753571.29,9789882.43],[753572.54,9789890.68],[753577.7,9789911.01],[753584.73,9789933.52],[753598.17,9789980.27],[753603.85,9790001.95],[753606.96,9790013.28],[753607.45,9790020.33],[753606.67,9790027.74],[753605.15,9790033.96],[753602.65,9790040.39],[753598.87,9790048.24],[753594.49,9790054.82],[753587.65,9790061.91],[753575.99,9790071.61],[753542.16,9790097.92],[753521.56,9790113.58],[753509.9,9790124.17],[753503.57,9790131.64],[753499.12,9790138.74],[753496.02,9790146],[753493.66,9790154.53],[753492.36,9790161.72],[753492.56,9790168.54],[753493.35,9790175.89],[753496.01,9790184.44],[753499.35,9790194.12],[753504.84,9790206.59],[753515.02,9790227.61],[753528.9,9790259.82],[753531.49,9790268.15],[753533.84,9790279.55],[753537.08,9790294.55],[753540.22,9790314.95],[753543.64,9790339.4],[753546.78,9790360.77],[753549.02,9790380.71],[753550.74,9790400.2],[753552.2,9790426.06],[753553.3,9790450.8],[753554.39,9790478.38],[753555.42,9790501.84],[753555.72,9790519.31],[753555.35,9790535.72],[753554.84,9790551.01],[753554.03,9790566.66],[753550.82,9790617.39],[753548.98,9790644.96],[753547.93,9790663.17],[753546.93,9790687.89],[753545.53,9790737.65],[753546.13,9790756.69],[753547.25,9790776.25],[753551.53,9790819.23],[753551.84,9790829.8],[753551.49,9790843.74],[753550.75,9790850.93],[753549.71,9790857.6],[753547.92,9790864.95],[753544.85,9790873.05],[753540.74,9790882.2],[753533.72,9790895.92],[753512.86,9790934.99],[753503.89,9790952.99],[753482.51,9790992.74],[753475.33,9791005.56],[753469.87,9791013.51],[753463.73,9791020.41],[753455.5,9791027.62],[753448.38,9791032.72],[753439.4,9791037.61],[753428.54,9791042.04],[753414.3,9791047.61],[753404.94,9791051.14],[753402.23,9791052.4]]]}},{"type":"Feature","properties":{"nam":" "},"geometry":{"type":"MultiLineString","coordinates":[[[754586.17,9786191.76],[754585.69,9786180.22],[754583.44,9786166.81],[754580.53,9786157.32],[754577.96,9786150.36],[754573.32,9786142.12],[754564.41,9786131.24],[754555.63,9786123.52],[754552.9,9786121.78],[754545.46,9786117.67],[754538.49,9786114.51],[754529.08,9786111.6],[754520.79,9786110.5],[754511.55,9786110.05],[754502.41,9786110.8],[754493.07,9786111.91]]]}},{"type":"Feature","properties":{"nam":" "},"geometry":{"type":"MultiLineString","coordinates":[[[754586.17,9786191.76],[754583.32,9786211.34],[754579.96,9786235.56]]]}},{"type":"Feature","properties":{"nam":" "},"geometry":{"type":"MultiLineString","coordinates":[[[752962.47,9792110.27],[752971.53,9792103.21],[752981.56,9792093.91],[752990.39,9792084.08],[752995.33,9792076.05],[753001.09,9792066.98],[753005.27,9792057.91],[753008.78,9792046.51],[753012.06,9792034.22],[753016.91,9792014.12]]]}},{"type":"Feature","properties":{"nam":" "},"geometry":{"type":"MultiLineString","coordinates":[[[752962.47,9792110.27],[752950.87,9792115.92],[752934,9792123.99]]]}},{"type":"Feature","properties":{"nam":" "},"geometry":{"type":"MultiLineString","coordinates":[[[753402.23,9791052.4],[753392.55,9791056.92],[753389.91,9791058.3]]]}},{"type":"Feature","properties":{"nam":" "},"geometry":{"type":"MultiLineString","coordinates":[[[749769.86,9816486.26],[749810.21,9816488.67],[749830.94,9816490.21],[749857.94,9816492.36],[749869.66,9816493.88],[749879.3,9816495.85],[749896.53,9816500.45],[749902.89,9816502.95],[749910.93,9816506.51],[749921.67,9816512.3],[749929.8,9816517.35],[749936.69,9816522.19],[749944.73,9816528.07],[749953.45,9816535.76],[749959.59,9816542.13],[749966.6,9816550.07],[749972.34,9816558.34],[749979.23,9816567.99],[749985.38,9816579.29],[749991.31,9816592.02],[749995.27,9816603.77],[749999.24,9816617.86],[750005.66,9816649.95],[750029.58,9816787.7],[750044.52,9816870.79],[750049.37,9816899.07],[750053.23,9816922.7],[750056.08,9816938.62],[750056.89,9816945.61],[750057.78,9816967.99],[750058.76,9816996.33],[750058.79,9817009.84],[750058.38,9817041.43],[750058.5,9817090.52],[750058.78,9817097.21],[750059.67,9817107.63],[750060.73,9817118.57],[750063.61,9817136.37],[750069.91,9817173.34],[750074.52,9817196.35],[750078.14,9817212],[750081.46,9817225.25],[750084.16,9817233.7],[750086.11,9817238.57],[750090.53,9817248.01],[750092.78,9817252.26],[750096.25,9817258.26],[750100,9817264.17],[750102.62,9817267.98],[750105.52,9817271.99],[750109.87,9817277.35],[750114.33,9817282],[750118.01,9817285.42],[750129.77,9817295.64],[750136,9817299.94],[750140.81,9817302.75],[750148.28,9817307.27],[750160.86,9817313.64],[750170.92,9817318.14],[750181.08,9817321.96],[750191.91,9817325.63],[750203.71,9817328.9],[750218.84,9817332.57],[750230.64,9817333.93],[750247.38,9817335.18],[750261.53,9817335.8],[750276.49,9817335.54],[750293.63,9817334.04],[750315.41,9817331.29],[750330.04,9817329.97],[750358.48,9817326.1],[750392.84,9817321.89],[750412.39,9817320.53],[750426.33,9817320.68],[750442.75,9817321.62],[750464.9,9817325.53],[750486.4,9817331.1],[750523.14,9817344.82],[750566.28,9817363.35],[750598.29,9817375.65],[750631.5,9817388.21],[750654.08,9817394.58],[750674.12,9817399.27],[750685.08,9817400.68],[750717.12,9817403.84],[750769.96,9817411.47],[750791.42,9817416.21],[750808.69,9817421.64],[750829.47,9817429.95],[750839.89,9817434.37],[750859.67,9817443.28],[750890.09,9817455.86],[750908.78,9817461.69],[750918.12,9817464],[750932.95,9817465.48],[750950.59,9817464.61],[750974.61,9817458.62],[751004.77,9817449.74],[751028.8,9817444.89],[751045.44,9817443.23],[751069.7,9817441.57],[751097.81,9817438.04],[751120.03,9817432.84],[751134.3,9817426.75],[751174.6,9817405.73],[751220.95,9817378.18],[751245.64,9817356.46],[751269.57,9817328.14],[751302.47,9817283.48],[751319.17,9817254.4],[751331.6,9817221.43],[751347.66,9817177.58],[751354.09,9817147.92],[751357.35,9817100.03],[751360.21,9817067.98],[751366.7,9817041.43],[751376.27,9817017.5],[751388.57,9816997.03],[751405.05,9816973.29],[751421.85,9816955.3],[751437.7,9816940.83],[751458.49,9816923.42],[751483.94,9816908.56],[751507.62,9816896.95],[751537.93,9816884.91],[751564.64,9816878.04],[751593.17,9816873.07],[751617.1,9816870.6],[751641.36,9816870.71],[751666.59,9816873.45],[751694.47,9816878.6],[751735.49,9816886.91],[751777.19,9816896.23],[751833.63,9816909.28],[751866.38,9816916.4],[751901.88,9816924.69],[751955.97,9816936.36],[751986.43,9816940.62],[752001.37,9816940.74],[752025.11,9816938.19],[752075.66,9816928.23],[752129.49,9816913.78],[752186.01,9816895.25],[752249.51,9816873.2],[752293.82,9816859.8],[752308.6,9816857],[752340.03,9816851.94],[752364.38,9816849.43],[752399.67,9816846.32],[752421.32,9816843.47],[752441.28,9816836.07],[752473.43,9816823.69],[752490.29,9816821.92],[752507.03,9816822.1],[752520.28,9816825.22],[752534.1,9816831.7],[752540.53,9816836.91],[752546.67,9816842.95],[752557.97,9816862.66],[752579.5,9816911.18],[752598.73,9816951.55],[752612.69,9816968.64],[752640.32,9816994.32],[752651.8,9817001.85],[752670.08,9817011.03],[752709.1,9817028.35],[752746.35,9817041.14],[752767.59,9817045.17],[752787.86,9817046.84],[752805.16,9817046.1],[752832.67,9817041.26],[752870.54,9817028.08],[752937.35,9817008.89],[753008.43,9816989.77],[753066.8,9816977.23],[753091.74,9816975.19],[753106.41,9816976.68],[753120.71,9816980.54],[753134.9,9816987.43],[753144.48,9816994.63],[753155.42,9817005.22],[753180.14,9817031.29],[753210.59,9817063.75],[753221.04,9817071.79],[753232.36,9817078.02],[753242.76,9817082.1],[753252.04,9817084.16],[753263.24,9817085.65],[753272.53,9817085.63],[753295.28,9817080.08],[753327.43,9817069.33],[753376.23,9817051.5],[753392.91,9817041.44],[753408.27,9817029.54],[753430.56,9817011.45],[753445.9,9817000.28],[753459.34,9816992.28],[753477.22,9816984.07],[753497.85,9816978.51],[753511.88,9816976.56],[753522.69,9816976.53],[753538.42,9816978.59],[753555.27,9816983.67],[753584.61,9816996.26],[753600.31,9817001.41],[753609.33,9817002.39],[753618.37,9817002.36],[753633.3,9817000.2],[753671.18,9816986.28],[753703.63,9816972.69]]]}},{"type":"Feature","properties":{"nam":" "},"geometry":{"type":"MultiLineString","coordinates":[[[749595.6,9815947.4],[749596.13,9815951.61],[749596.71,9815958.48],[749597.09,9815966.21]]]}},{"type":"Feature","properties":{"nam":" "},"geometry":{"type":"MultiLineString","coordinates":[[[758509.98,9815804.77],[758520.99,9815800.38],[758560.87,9815785.67],[758574.94,9815780.91],[758579.38,9815779.29]]]}},{"type":"Feature","properties":{"nam":" "},"geometry":{"type":"MultiLineString","coordinates":[[[758579.38,9815779.29],[758586.87,9815776.75]]]}},{"type":"Feature","properties":{"nam":" "},"geometry":{"type":"MultiLineString","coordinates":[[[759462.6,9816342.28],[759461.09,9816347.12],[759460.74,9816349.17],[759460.25,9816350.78]]]}},{"type":"Feature","properties":{"nam":" "},"geometry":{"type":"MultiLineString","coordinates":[[[759937.65,9815489.58],[759952.83,9815491.37],[759957.34,9815492.65],[759962.25,9815494.67],[759966.92,9815497.07],[759972.64,9815501.16],[759981.95,9815508.61],[759988.63,9815516.23],[759991.23,9815520.43],[759993.96,9815526.4],[759996.26,9815532.11],[759999.23,9815541.02],[760000.82,9815546.35],[760005.34,9815564.47],[760006.87,9815575],[760006.89,9815579.27],[760005.62,9815588.51],[760003.91,9815595.24],[760000.42,9815604.21],[759996.9,9815610.47],[759993.67,9815615.51],[759990.22,9815619.44],[759985.19,9815623.97],[759978.43,9815628.48],[759910.63,9815663],[759892.27,9815673.91],[759882.11,9815681.11],[759876.27,9815686.13],[759849.55,9815709.89],[759845.41,9815713.25],[759831.1,9815725.27],[759789.47,9815764.64],[759750.57,9815805.03],[759700.26,9815853.25],[759639.95,9815913.29],[759632.63,9815921.37],[759613.27,9815941.92],[759604.98,9815952.96],[759600.2,9815959.14],[759596.03,9815965.21],[759587.18,9815979.6],[759579.2,9815994.83],[759574.79,9816003.59],[759569.74,9816015.66],[759568.02,9816020.17],[759562.83,9816034.63],[759549,9816076.69],[759544.09,9816092.7],[759533.06,9816127.57],[759522.4,9816159.96],[759514.3,9816185.18],[759502.46,9816222.65],[759496.25,9816241.92],[759486.24,9816271.87],[759481.93,9816285.47],[759472.93,9816312.56],[759464.52,9816336.16],[759462.6,9816342.28]]]}},{"type":"Feature","properties":{"nam":" "},"geometry":{"type":"MultiLineString","coordinates":[[[750072.15,9830536.07],[750029.33,9830497.25],[749970.66,9830444.95],[749944.09,9830420.97],[749917.5,9830397.7],[749892.88,9830374.42],[749866.71,9830351.82],[749844.32,9830331.4],[749835.63,9830323.17],[749823.13,9830309.52],[749814.64,9830298.31],[749805.15,9830282.86],[749798.88,9830268.73],[749792.97,9830250.21],[749790.2,9830235.4],[749789.01,9830215.58],[749789.78,9830201.95],[749792.15,9830186.36],[749795.49,9830173.05],[749801.68,9830155.88],[749807.46,9830145],[749823.04,9830122.32],[749831.75,9830112.12],[749845.27,9830098.91],[749903.67,9830040.7],[749927.11,9830016.53],[749937.11,9830005.11],[749944.47,9829995.14],[749950.85,9829984.93],[749955.42,9829976.04],[749962.02,9829960.23],[749974.27,9829926.7],[749993.42,9829872.45],[749998.6,9829856.16],[750001.93,9829842.72],[750004.25,9829828.91],[750005.34,9829811.36],[750004.62,9829793.83],[750001.81,9829775.39],[749998.57,9829761.75],[749992.27,9829743.19],[749986.33,9829729.07],[749981.01,9829719.09],[749972.17,9829707.06],[749964.38,9829697.24],[749955.81,9829687.01],[749946.36,9829677.65],[749931.12,9829664.86],[749911.19,9829648.99],[749878.65,9829623.62],[749865.6,9829614.53],[749851.94,9829606.48],[749836.65,9829600.42],[749825.67,9829598.38],[749813.04,9829597.56],[749787.58,9829597.97],[749730.24,9829598.57],[749697.64,9829598.59],[749672.7,9829599.41],[749655.62,9829599.68],[749638.14,9829598.74],[749622.12,9829596.58],[749611.65,9829594.07],[749597.71,9829589.03],[749587.09,9829583.33],[749578.17,9829577.03],[749566.72,9829566.99],[749559.87,9829559.41],[749550.97,9829546.6],[749545.01,9829534.48],[749540.58,9829523.45],[749538.42,9829513.48],[749536.71,9829499.58],[749536.78,9829488.97],[749538.86,9829467.64],[749543.21,9829439.96],[749566.2,9829308.19],[749578.54,9829240.14],[749586.85,9829185.73],[749599.78,9829116.13],[749608.95,9829062.43],[749619.31,9829000.7],[749631.15,9828936.74],[749640.15,9828897.97],[749649.96,9828870.88],[749667.65,9828833.72],[749694.46,9828774.65],[749719.2,9828720.66],[749729.08,9828692.18],[749733.43,9828673.41],[749734.42,9828654.95],[749734.81,9828640.42],[749733.57,9828625.57],[749729.96,9828609.74],[749719.68,9828576.66],[749699.17,9828507.19],[749681.36,9828454.27],[749677.84,9828434.54],[749675.01,9828413.69],[749676.31,9828397.44],[749681.6,9828364.13],[749694.39,9828305.29],[749706.54,9828255.77],[749735.3,9828132.92],[749757.28,9828042.31],[749769.03,9827984.08],[749770.49,9827972.4],[749771.1,9827957.29],[749770.7,9827943.16],[749769.33,9827926.76],[749765.26,9827905.35],[749764.78,9827902.11],[749754.79,9827858.55],[749744.84,9827816.95],[749731.02,9827758.7],[749722.61,9827722.82],[749708.78,9827665.37],[749695.75,9827608.65],[749683.41,9827554.4],[749681.43,9827547.29],[749671.54,9827501.21],[749670.21,9827492.13],[749669.08,9827479.74],[749669.21,9827469.69],[749669.93,9827456.89],[749672.27,9827443.8],[749678.24,9827419.02],[749686.69,9827387.07],[749699.24,9827348],[749711.61,9827303.4],[749714.25,9827292.15],[749715.35,9827281.71],[749715.62,9827269.95],[749715.26,9827259.51],[749713.38,9827247.11],[749708.84,9827234.63],[749703.14,9827220.85],[749694.62,9827207.93],[749676.79,9827184.83],[749642.53,9827140.87],[749622.28,9827115.43],[749580.91,9827062.13],[749566.45,9827042.76],[749555.62,9827025.46],[749550.34,9827016.03],[749545.29,9827001.84],[749542.42,9826992.05],[749540.7,9826978.45],[749540.45,9826969.45],[749540.71,9826958.22],[749542.16,9826943.82],[749545.45,9826930.49],[749548.23,9826921.01],[749550.27,9826915.51],[749553.53,9826908.38],[749555.36,9826904.93],[749559.63,9826897.81],[749562.87,9826892.7],[749567.18,9826886.7],[749571.08,9826881.87],[749576.62,9826876.24],[749587.72,9826866.68],[749604.6,9826855.19],[749626.53,9826842.7],[749640.56,9826833.06],[749653.37,9826822.09],[749661.59,9826811.21],[749670.51,9826796.61],[749674.62,9826788.85],[749682.01,9826774.36],[749687.2,9826763.56],[749700.5,9826735.48],[749712,9826711.53],[749714.35,9826707.21],[749719.29,9826698.51],[749723.37,9826692.22],[749728.59,9826685.1],[749732.08,9826680.58],[749737.37,9826674.76],[749744.52,9826667.78],[749751.3,9826661.98],[749770.23,9826649.79],[749781.04,9826644.27],[749796.54,9826638.74],[749813.39,9826634.82],[749829.99,9826633.21],[749845.13,9826632.63],[749857.36,9826632.7],[749884.76,9826633.59],[749906.98,9826635.71],[749943.68,9826637.89],[749976.14,9826640.16],[750012.47,9826642.23],[750040.18,9826643.48],[750055.86,9826642.61],[750066.61,9826640.68],[750079.13,9826636.81],[750089.76,9826632.07],[750098.72,9826626.8],[750105.21,9826622.42],[750113.55,9826615.46],[750119.38,9826609.91],[750129.44,9826596.1],[750136.04,9826583.12],[750139.15,9826574.96],[750141.38,9826567.41],[750143.11,9826554.2],[750143.33,9826546.14],[750142.2,9826524.39],[750139.86,9826504.73],[750136.34,9826478.24],[750132.95,9826449.53],[750131.95,9826435.62],[750131.95,9826425.44],[750133.66,9826411.11],[750137.66,9826395.34],[750140.35,9826386.92],[750145.95,9826376.29],[750157.25,9826359.7],[750169.34,9826340.47],[750174.57,9826330.6],[750178.53,9826321.06],[750181.34,9826312.15],[750183.34,9826302.55],[750184.44,9826294.21],[750184.5,9826285.58],[750182.45,9826270.56],[750178.72,9826256.93],[750172.44,9826242.8],[750165.27,9826231.66],[750158.97,9826223.23],[750154.94,9826218.82],[750151.47,9826215.51],[750148.82,9826213.19],[750146.22,9826211.1],[750140.38,9826206.93],[750136.57,9826204.64],[750129,9826200.31],[750122.27,9826196.8],[750111.47,9826191.95],[750093.56,9826185.13],[750075.76,9826179.41],[750067.85,9826177.27],[750056.16,9826174.24],[750032.47,9826171.29],[749998.91,9826166.97],[749967.91,9826163.96],[749928.6,9826159.56],[749887.63,9826155.96],[749844.59,9826151.31],[749819.21,9826146.64],[749804.5,9826142.34],[749779.81,9826131.75],[749763.69,9826121.79],[749750.87,9826111.01],[749726.69,9826086.47],[749718.31,9826074.15],[749707.58,9826056.85],[749700.59,9826041.23],[749695.62,9826025.89],[749692.23,9826011.6],[749689.24,9825991.43],[749688.65,9825973.47],[749689.75,9825957.7],[749692.87,9825939.72],[749699.51,9825907.87],[749708.63,9825862.18],[749717.01,9825823.9],[749724.04,9825788.84],[749742.6,9825699.4],[749752.5,9825654.03],[749778.03,9825530.85],[749787.65,9825485.82],[749796.9,9825439],[749806.84,9825396.53],[749817.15,9825344.07],[749827.76,9825294.56],[749840.56,9825239.26],[749858.47,9825148.87],[749869.56,9825088.6],[749881.7,9825034.17],[749892.59,9824986.85],[749903.36,9824931.44],[749916.97,9824866.32],[749918.59,9824858.23]]]}},{"type":"Feature","properties":{"nam":" "},"geometry":{"type":"MultiLineString","coordinates":[[[759460.25,9816350.78],[759458.47,9816356.73],[759450.52,9816382.28],[759440.62,9816412.63],[759436.3,9816425.48],[759421.82,9816467.63],[759418.3,9816475.97],[759400.76,9816529.67],[759393.06,9816553.52],[759376.83,9816602.59],[759369.35,9816626.2],[759363.8,9816644.45],[759360.54,9816656.17],[759353.08,9816678.23],[759349.09,9816690.76],[759341.96,9816712.15],[759326.95,9816758.23],[759319.64,9816781.49],[759310.92,9816807.43],[759302.16,9816834.86],[759293.69,9816859.64],[759289.57,9816872.84],[759282.3,9816895.56],[759274.86,9816917.56],[759265.17,9816946.93],[759259.09,9816964.17],[759251.37,9816984.34],[759243.87,9817002.51],[759237.97,9817016.12],[759233.22,9817026.73],[759227.45,9817037.6],[759220.92,9817049.33],[759213.49,9817062.32],[759201.82,9817080.56],[759190.32,9817097.94],[759176.77,9817117.82],[759166.1,9817133.16],[759152.45,9817152.43],[759134.88,9817178.48],[759119.13,9817201.19],[759101.12,9817226.51],[759077.94,9817261.53],[759061.61,9817284.84],[759045.2,9817308.96],[759028.21,9817334.2],[759000.04,9817375.29],[758996.74,9817380.08],[758905.57,9817509.87],[758870.65,9817562.49],[758824.9,9817632.12],[758817.08,9817641.81],[758768.79,9817712.36],[758759.11,9817726.16],[758673.03,9817850.3],[758641.33,9817898.58],[758626.74,9817918.61],[758601.54,9817952.03],[758591.06,9817969.09],[758580.12,9817985.63],[758564.49,9818008.92],[758539.91,9818042.81],[758516.17,9818077.22],[758465.07,9818152.22],[758441.72,9818187.76],[758427.03,9818209.45],[758407.82,9818236.85],[758400.19,9818248.24],[758394.5,9818257.56],[758383.37,9818274.33],[758356.42,9818313.77],[758335.75,9818343.72],[758307.96,9818383.34],[758287.88,9818410.57],[758281.1,9818419.4],[758255.25,9818455.2],[758231.33,9818491.23],[758211.13,9818521.34],[758190.3,9818551.37],[758179.95,9818566.96],[758153.21,9818605.34],[758131.93,9818637.07],[758113.5,9818663.38],[758098.33,9818685.41],[758091.22,9818697.7],[758078.63,9818715.72],[758067.78,9818730.55],[758042.33,9818767.48],[758032.01,9818781.96],[758024.88,9818791.76],[758016.38,9818805.22],[758005.95,9818823.56],[757998.71,9818837.12],[757985.18,9818865.34],[757980.94,9818876.45],[757978.03,9818884.66],[757974.12,9818897.48],[757970.63,9818908.27],[757964.83,9818929.12],[757961.61,9818941.5],[757958.19,9818955.14],[757956.14,9818965.76],[757954.56,9818978.41],[757953.3,9818991.66],[757952.82,9819000.23],[757952.16,9819008.22],[757951.14,9819025.24],[757950.74,9819034.56],[757951.46,9819057.04],[757952.36,9819076.95],[757953.6,9819090.64],[757956.61,9819119.68],[757958.16,9819144.61],[757960.64,9819177.6],[757962.32,9819193.78],[757964.46,9819221.9],[757967.84,9819261.44],[757970.24,9819294.47],[757972.31,9819321.29],[757975.24,9819356.45],[757976.86,9819379],[757979.95,9819417.63],[757982.38,9819444.55],[757991.56,9819571.08],[757995.61,9819611.77],[757998.29,9819648.14],[758002.19,9819694.85],[758005.36,9819735.95],[758013.97,9819839.82],[758016.01,9819866.96],[758016.62,9819882.5],[758016.47,9819897.38],[758015.81,9819906.53],[758013.84,9819920.56],[758011.89,9819930.85],[758008.95,9819942.25],[758004.81,9819955.58],[757997.62,9819972.71],[757979.99,9820011.13],[757973.78,9820022.65],[757967.7,9820032.08],[757959.02,9820043.55],[757954.92,9820048.32],[757946.09,9820056.13],[757939.41,9820061.76],[757932.08,9820067.17],[757924.68,9820071.75],[757917.63,9820075.68],[757909.08,9820079.69],[757883,9820090.53],[757868.09,9820096.84],[757857.87,9820101.89],[757846.85,9820108.18],[757838.32,9820114.14],[757830.54,9820120.63],[757821.49,9820128.97],[757810.43,9820140.09],[757798.51,9820152.85],[757786.9,9820165.75],[757767.26,9820187.21],[757748.85,9820207.1],[757736.1,9820221.03],[757717.92,9820240.39],[757698.28,9820260.57],[757680.52,9820276.36],[757662.88,9820290.23],[757640.37,9820305.27],[757615.44,9820320.44],[757593.08,9820333.71],[757571.84,9820347.42],[757547.47,9820361.26],[757498.12,9820390.61],[757444.97,9820422.49],[757413.2,9820441.34],[757357.7,9820474.49],[757337.53,9820486.81],[757323.84,9820496.88],[757312.78,9820507.1],[757304.91,9820515.66],[757297.07,9820527.1],[757284.18,9820545.52],[757270.69,9820569.23],[757254,9820597.9],[757238.8,9820623.04],[757222.06,9820647.39],[757206.79,9820667.77],[757189.83,9820687.89],[757174.83,9820703.79],[757158.03,9820720.29],[757145.84,9820732.67],[757138.77,9820738.94],[757101.95,9820777.62],[757083.34,9820795.25],[757063.81,9820816.67],[757040.45,9820840.16],[757019.51,9820860.8],[757004.91,9820873.25],[756995.37,9820879.58],[756977.1,9820889.04],[756958.94,9820895.73],[756935.96,9820901.24],[756910.07,9820909.44],[756889.32,9820920.89],[756877.76,9820931.37],[756864.08,9820945.16],[756852,9820964.7],[756843.06,9820981.91],[756829.3,9821011.08],[756816.9,9821037.89],[756801.44,9821069.5],[756788.01,9821090.47],[756772.58,9821111.03],[756761.44,9821123.25],[756743.21,9821138],[756728.42,9821148.14],[756705.98,9821161.35],[756667.47,9821182.04],[756634.14,9821198.48],[756598.02,9821215.65],[756568.21,9821230.15],[756512.87,9821257.77],[756475.92,9821275.56],[756445.1,9821289.44],[756418.37,9821298.74],[756392.33,9821307.42],[756358.01,9821316.37],[756318.62,9821327.88],[756283.87,9821337.69],[756247.82,9821348.4],[756194.12,9821362.3],[756165.96,9821368.17],[756133.93,9821372.9],[756105.88,9821377.9],[756085.06,9821381.06],[756040.97,9821393.26],[756012.85,9821404.53],[755995.08,9821416.24],[755954.45,9821445.65],[755929.73,9821464.07],[755915.17,9821476.96],[755905.5,9821484.99],[755893.81,9821493.64],[755878.46,9821503.05],[755864.35,9821511.56],[755848.73,9821519.63],[755831.22,9821524.71],[755806.91,9821532.26],[755771.53,9821543.06],[755745.89,9821549.94],[755724.21,9821556.53],[755698.8,9821565.56],[755669.21,9821578.95],[755662.89,9821581.61],[755655.6,9821585.86],[755648.15,9821592.42],[755630.86,9821604.86],[755602.17,9821624.83],[755580.12,9821640.9],[755560.77,9821657.76],[755550.61,9821666.1],[755536.09,9821679.74],[755530.61,9821683.28],[755525.18,9821686.17],[755519.97,9821689.57],[755504.6,9821700.77],[755486.63,9821713.18],[755471.91,9821721.23],[755437.15,9821733.64],[755417.65,9821739.21],[755388.91,9821743.88],[755359.6,9821747.42],[755326.85,9821751.54],[755299.57,9821754.59],[755285.85,9821756.68],[755279.02,9821757.51],[755259.21,9821762.9],[755236.63,9821773.35],[755219.84,9821783.82],[755187.53,9821808.25],[755175.1,9821818.32],[755160.55,9821829.55],[755144.63,9821841.55],[755106.14,9821871.14],[755086.95,9821885.39],[755072.96,9821896.26],[755055.99,9821909.04],[755039.24,9821921.35],[755032.59,9821925.86],[755026.77,9821928.99],[755017.84,9821934.32],[755007.32,9821938.55],[754998.38,9821940.71],[754991.83,9821941.86],[754985.51,9821942.48],[754977.04,9821942.7],[754973.7,9821942.66],[754965.82,9821942.12],[754959.24,9821941.28],[754952.46,9821939.96],[754946.25,9821938.33],[754933.31,9821933.95],[754923.08,9821930.63],[754914.55,9821928.1],[754907.19,9821926.25],[754897.34,9821923.98],[754886.17,9821921.56],[754864.92,9821916.68],[754856.19,9821915.37],[754847.96,9821913.95],[754841.75,9821913.26],[754834.11,9821913.31],[754821.71,9821914.02],[754812.63,9821915.22],[754801.57,9821917.58],[754789.86,9821921.11],[754773.94,9821927.18],[754757.04,9821935.02],[754738.69,9821942.1],[754719.75,9821950.12],[754708.21,9821954.68],[754690.78,9821961.82],[754674.63,9821968.11],[754656.61,9821975.54],[754636.9,9821983.33],[754614.63,9821992.56],[754595.15,9822000.17],[754569.24,9822010.84],[754555.6,9822016.13],[754519.97,9822030.63],[754503.24,9822037.19],[754481.45,9822045.9],[754458.34,9822055.42],[754410.49,9822074.28],[754394.28,9822081.65],[754385.18,9822085.37],[754357.96,9822095.78],[754344.45,9822100.28],[754337.82,9822102.31],[754326.88,9822104.79],[754317.5,9822106.63],[754304.81,9822107.95],[754293.37,9822108.37],[754272.36,9822107.87],[754255.46,9822107.37],[754212.93,9822105.96],[754192.7,9822105.04],[754173.27,9822104.4],[754154.2,9822103.29],[754131.5,9822102.26],[754118.89,9822101.57],[754095.01,9822101.29],[754073.87,9822099.97],[754036.15,9822098.51],[754010.56,9822097.67],[753990.3,9822096.74],[753984.08,9822096.23],[753972.21,9822094.65],[753965.4,9822093.37],[753956.04,9822090.85],[753944.98,9822086.85],[753937.31,9822083.01],[753930.35,9822078.82],[753921.18,9822072.98],[753912.68,9822065.8],[753904.75,9822057.57],[753896.09,9822047.76],[753875.27,9822022.79],[753866.17,9822012.65],[753855.21,9822000.05],[753840.03,9821985.13],[753832.18,9821977.7],[753823.67,9821971.4],[753809.96,9821961.84],[753798.46,9821953.57],[753785.19,9821943.68],[753772.65,9821935.04],[753757.34,9821923.99],[753745.71,9821915.77],[753720.26,9821897.28],[753704.17,9821886.07],[753697.09,9821880.85],[753692.46,9821877.8],[753681.2,9821871.62],[753673.52,9821867.17],[753666.38,9821863.2],[753658.57,9821859.32],[753650.63,9821855.65],[753626.85,9821845.2],[753611.95,9821838.43],[753600.1,9821833.6],[753589.06,9821828.59],[753576.45,9821823.24],[753565.38,9821818.21],[753543.14,9821807.25],[753535.4,9821803],[753526.44,9821797.72],[753517.9,9821793.08],[753506.99,9821786.08],[753482.55,9821770.71],[753459.79,9821752.02],[753448.95,9821742.84],[753440.08,9821735.16],[753431.79,9821727.4],[753422.31,9821718.16],[753415.65,9821711.39],[753405.43,9821700.04],[753398.44,9821690.25],[753391.39,9821681.83],[753380.97,9821669.16],[753347.21,9821622.41],[753325.59,9821595.13],[753314.53,9821580.88],[753304.87,9821567.89],[753285.17,9821542.33],[753276.36,9821530.7],[753255.97,9821503.44],[753248.44,9821493.16],[753230.88,9821472.06],[753222.85,9821463.32],[753214.27,9821454.39],[753204.97,9821446.75],[753193.36,9821438.28],[753185.88,9821433.55],[753167.9,9821424.34],[753157.48,9821420.11],[753150.49,9821417.63],[753140.91,9821414.89],[753132.13,9821412.5],[753101.51,9821406.16],[753087.26,9821403.47],[753063.17,9821398.24],[753037.06,9821393.11],[752957.95,9821376.78],[752939.32,9821373.11],[752919.08,9821369.29],[752902.57,9821366.73],[752880.12,9821362.84],[752862.31,9821361.33],[752845.25,9821360.43],[752827.5,9821360.47],[752810.71,9821360.38],[752790.09,9821361.83],[752775.27,9821363.37],[752755.66,9821366.3],[752737.06,9821369.55],[752712.03,9821375.56],[752702.34,9821378.54],[752685.23,9821384.2],[752665.68,9821391.92],[752649.08,9821399.01],[752589.1,9821426],[752520.1,9821458.6],[752496.58,9821469.92],[752477.35,9821479.29],[752439.02,9821496.07],[752413.24,9821508.34],[752364.33,9821532.15],[752336.75,9821544.66],[752315.04,9821551.51],[752297.13,9821555.22],[752278.72,9821557.67],[752257.37,9821558.07],[752226.02,9821554.35],[752172.88,9821546.65],[752101.51,9821535.56],[752041.28,9821526.73],[752009.38,9821522.17],[751989.59,9821520.77],[751973.29,9821520.51],[751948.92,9821520.86],[751916.93,9821524.6],[751888.73,9821529.84],[751859.99,9821537.6],[751840.7,9821544.74],[751818.34,9821555.62],[751781.51,9821575.38],[751761.87,9821588.95],[751735.27,9821609.83],[751678.12,9821663.01],[751640.23,9821696.97],[751618.78,9821718.69],[751616.64,9821720.75],[751598.15,9821737.04],[751568.74,9821765.13],[751518.01,9821811.39],[751472.32,9821852.88],[751432.4,9821890.74],[751405.74,9821914.68],[751380.89,9821937.36],[751367.18,9821948.62],[751292.32,9822003.56],[751216.67,9822057.72],[751189.8,9822077.95],[751169.99,9822092.11],[751157.32,9822104.59],[751146.75,9822116.85],[751134.68,9822133.29],[751076.56,9822229.83],[751056.27,9822262.77],[751050.34,9822271.59],[751039.1,9822283.56],[751030.13,9822290.44],[751020.07,9822297.46],[750968.89,9822328.19],[750915.25,9822359.86],[750875.62,9822383.13],[750863.22,9822390.81],[750836.78,9822406.22],[750796.45,9822431.21],[750776.6,9822443.14],[750761.29,9822451.69],[750746.03,9822460.03],[750735.16,9822466.72],[750718.32,9822477.47],[750702.47,9822486.7],[750691.52,9822492.86],[750675.97,9822502.68],[750648.75,9822519.28],[750601.28,9822547.56],[750583.46,9822558.53],[750559.47,9822571.91],[750534.95,9822586.59],[750508.65,9822601.95],[750484.98,9822616.47],[750464.87,9822630.51],[750445.34,9822645.76],[750427.46,9822660.88],[750413.21,9822675.58],[750399,9822693.54],[750386.21,9822712.02],[750365.54,9822749.87],[750357.57,9822767.59],[750351.16,9822787.42],[750346.96,9822803.09],[750341.85,9822826.62],[750336.2,9822854.7],[750333.62,9822866.55],[750323.8,9822914.39],[750300.63,9823026.26],[750291.74,9823068.66],[750271.23,9823167.44],[750257.8,9823230.74],[750217.73,9823422.76],[750206.31,9823475.18],[750193.95,9823533.73],[750184.12,9823583.88],[750176.67,9823620.3],[750172.11,9823640.52],[750168.76,9823658.11],[750122.64,9823878.49],[750108.15,9823948.68],[750097.97,9823996.71],[750091.23,9824031.11],[750076.48,9824100.03],[750052.3,9824216.83],[750041.11,9824270.32],[750032.13,9824313.77],[750017.85,9824381.95],[750005.58,9824439.93],[749993.3,9824499.07],[749984.09,9824543.89],[749931.09,9824797.47],[749923.63,9824833.43],[749918.59,9824858.23]]]}}]}