{"type":"FeatureCollection","name":"Cobertura Agua Potable","crs":{"type":"name","properties":{"name":"urn:ogc:def:crs:OGC:1.3:CRS84"}},"features":[{"type":"Feature","properties":{"tipo":"red","red":"El Carmen","zona":"Red El Carmen","subredes":18,"caudal_l_s":136.8,"area_m2":6114058.54,"area_ha":611.41,"perimetro_m":15555.23,"fuente":"EP Riobamba (ex EMAPAR)","actualizacion":"marzo 2025"},"geometry":{"type":"Polygon","coordinates":[[[-78.663009,-1.643738],[-78.662448,-1.643839],[-78.661564,-1.643619],[-78.661199,-1.643545],[-78.660791,-1.643597],[-78.660493,-1.643609],[-78.660052,-1.643743],[-78.659635,-1.644207],[-78.659609,-1.644414],[-78.659578,-1.644661],[-78.659315,-1.644974],[-78.659029,-1.645099],[-78.658651,-1.645543],[-78.658397,-1.645705],[-78.657815,-1.645806],[-78.657243,-1.645643],[-78.656981,-1.645712],[-78.656812,-1.645899],[-78.656675,-1.646114],[-78.656615,-1.646234],[-78.656519,-1.646427],[-78.656282,-1.646591],[-78.655988,-1.646417],[-78.655559,-1.646167],[-78.655254,-1.646343],[-78.654891,-1.646537],[-78.654472,-1.646894],[-78.654332,-1.647136],[-78.65417,-1.647401],[-78.654197,-1.647434],[-78.654245,-1.647501],[-78.654291,-1.647579],[-78.654369,-1.647779],[-78.654446,-1.648045],[-78.654523,-1.648218],[-78.654614,-1.648378],[-78.654781,-1.648592],[-78.655194,-1.648977],[-78.65626,-1.649931],[-78.656791,-1.650406],[-78.656973,-1.65058],[-78.657097,-1.650738],[-78.657218,-1.650931],[-78.657374,-1.651121],[-78.657514,-1.651246],[-78.657646,-1.651342],[-78.657862,-1.651455],[-78.658821,-1.651897],[-78.659065,-1.651975],[-78.659208,-1.651995],[-78.660111,-1.651991],[-78.660197,-1.651996],[-78.660291,-1.652013],[-78.660378,-1.652042],[-78.660464,-1.652082],[-78.660558,-1.652146],[-78.660639,-1.65222],[-78.660729,-1.652339],[-78.660784,-1.65245],[-78.660813,-1.652542],[-78.66083,-1.652639],[-78.66086,-1.652772],[-78.660899,-1.652941],[-78.660937,-1.653108],[-78.660982,-1.653302],[-78.661006,-1.653405],[-78.661044,-1.653538],[-78.661084,-1.65365],[-78.661113,-1.653721],[-78.661544,-1.654455],[-78.661967,-1.655155],[-78.662191,-1.655516],[-78.662159,-1.655571],[-78.662093,-1.655685],[-78.660038,-1.654442],[-78.658873,-1.653718],[-78.658029,-1.653219],[-78.657737,-1.654032],[-78.656923,-1.656291],[-78.657066,-1.656276],[-78.657167,-1.656271],[-78.657827,-1.656316],[-78.658262,-1.656455],[-78.658569,-1.65663],[-78.659167,-1.657009],[-78.660026,-1.657608],[-78.660401,-1.657941],[-78.660712,-1.658294],[-78.661042,-1.658767],[-78.661888,-1.660078],[-78.662852,-1.661574],[-78.663463,-1.662529],[-78.664009,-1.663348],[-78.6642,-1.663641],[-78.664834,-1.664629],[-78.665049,-1.664921],[-78.665294,-1.665142],[-78.665686,-1.665365],[-78.666602,-1.665653],[-78.666787,-1.665683],[-78.667967,-1.667311],[-78.668114,-1.66727],[-78.668313,-1.667415],[-78.669081,-1.668234],[-78.670484,-1.669672],[-78.670497,-1.669641],[-78.670503,-1.669616],[-78.670501,-1.669596],[-78.670492,-1.669578],[-78.670477,-1.669564],[-78.670487,-1.669429],[-78.670498,-1.6694],[-78.670503,-1.669365],[-78.670501,-1.669324],[-78.670505,-1.669294],[-78.670513,-1.669264],[-78.670527,-1.669236],[-78.670545,-1.66921],[-78.670566,-1.669188],[-78.670592,-1.66917],[-78.670619,-1.669156],[-78.670649,-1.669147],[-78.67068,-1.669144],[-78.670711,-1.669145],[-78.670741,-1.669152],[-78.670805,-1.669147],[-78.670857,-1.669145],[-78.670922,-1.669134],[-78.671193,-1.669126],[-78.671415,-1.669157],[-78.671447,-1.669171],[-78.67147,-1.669179],[-78.671497,-1.669173],[-78.671511,-1.669158],[-78.671558,-1.669104],[-78.671609,-1.66899],[-78.671706,-1.668865],[-78.671728,-1.668836],[-78.671757,-1.668814],[-78.671802,-1.668795],[-78.671841,-1.66879],[-78.671878,-1.668795],[-78.672043,-1.668852],[-78.672303,-1.668997],[-78.672339,-1.669011],[-78.672372,-1.669013],[-78.672398,-1.669007],[-78.672423,-1.668995],[-78.67245,-1.66897],[-78.672495,-1.668877],[-78.672518,-1.668724],[-78.672538,-1.668681],[-78.672559,-1.668643],[-78.672595,-1.668598],[-78.672628,-1.668568],[-78.672666,-1.668539],[-78.672699,-1.668521],[-78.672793,-1.668485],[-78.672884,-1.668461],[-78.673013,-1.668433],[-78.673119,-1.668432],[-78.673208,-1.668443],[-78.673263,-1.668436],[-78.673355,-1.668404],[-78.673434,-1.668324],[-78.673573,-1.668169],[-78.673602,-1.668132],[-78.67363,-1.668104],[-78.673655,-1.668083],[-78.67368,-1.668065],[-78.673709,-1.668048],[-78.673744,-1.668032],[-78.673774,-1.668021],[-78.673814,-1.66801],[-78.673853,-1.668005],[-78.673885,-1.668003],[-78.673918,-1.668001],[-78.673951,-1.668001],[-78.673988,-1.668004],[-78.674021,-1.668009],[-78.674056,-1.668016],[-78.674097,-1.668029],[-78.674129,-1.668043],[-78.674152,-1.668057],[-78.674183,-1.668067],[-78.674233,-1.66807],[-78.674285,-1.668056],[-78.67432,-1.668036],[-78.674369,-1.66797],[-78.674416,-1.667797],[-78.674423,-1.667766],[-78.674432,-1.667735],[-78.674445,-1.667698],[-78.674464,-1.667655],[-78.67448,-1.667623],[-78.6745,-1.667588],[-78.674522,-1.667556],[-78.674551,-1.667516],[-78.674579,-1.667485],[-78.674615,-1.667449],[-78.674644,-1.667423],[-78.67467,-1.667402],[-78.674699,-1.667381],[-78.674735,-1.667358],[-78.67477,-1.667339],[-78.674799,-1.667325],[-78.674834,-1.667311],[-78.674873,-1.667297],[-78.674925,-1.667283],[-78.675057,-1.66726],[-78.675188,-1.667262],[-78.67532,-1.6673],[-78.675418,-1.667322],[-78.675452,-1.667331],[-78.675482,-1.667337],[-78.675512,-1.667339],[-78.675547,-1.667338],[-78.67558,-1.667334],[-78.675681,-1.667312],[-78.675789,-1.667274],[-78.675872,-1.667252],[-78.676056,-1.667236],[-78.67611,-1.667242],[-78.676216,-1.667283],[-78.676295,-1.667287],[-78.676431,-1.667242],[-78.676479,-1.667242],[-78.676936,-1.667103],[-78.677046,-1.667032],[-78.677217,-1.667018],[-78.677455,-1.667044],[-78.677556,-1.667071],[-78.677644,-1.667153],[-78.677694,-1.667152],[-78.677781,-1.667185],[-78.677895,-1.667214],[-78.677935,-1.667215],[-78.677963,-1.667214],[-78.677993,-1.667212],[-78.678035,-1.667206],[-78.678134,-1.667188],[-78.678207,-1.667159],[-78.678297,-1.667076],[-78.678404,-1.667042],[-78.678533,-1.667047],[-78.678615,-1.667105],[-78.678709,-1.667219],[-78.678754,-1.667274],[-78.67886,-1.667459],[-78.678848,-1.667517],[-78.67891,-1.667604],[-78.678958,-1.667646],[-78.679029,-1.667692],[-78.679082,-1.667704],[-78.679143,-1.667717],[-78.679229,-1.667729],[-78.679303,-1.667744],[-78.679374,-1.667758],[-78.679396,-1.667829],[-78.679431,-1.667858],[-78.679477,-1.66787],[-78.679559,-1.667888],[-78.679637,-1.667977],[-78.679912,-1.668368],[-78.679981,-1.668459],[-78.680037,-1.668523],[-78.680103,-1.668587],[-78.680363,-1.668742],[-78.680474,-1.668798],[-78.680656,-1.668993],[-78.680746,-1.669162],[-78.680806,-1.66929],[-78.68081,-1.669326],[-78.680834,-1.669369],[-78.680866,-1.669392],[-78.68103,-1.669417],[-78.681123,-1.669439],[-78.681184,-1.669456],[-78.681254,-1.669482],[-78.681327,-1.669517],[-78.681395,-1.669559],[-78.681444,-1.669596],[-78.681483,-1.669628],[-78.68152,-1.669664],[-78.681661,-1.670048],[-78.681695,-1.67012],[-78.681716,-1.670143],[-78.681746,-1.670149],[-78.681809,-1.670151],[-78.68209,-1.670156],[-78.682836,-1.670143],[-78.682866,-1.670137],[-78.682899,-1.670122],[-78.682922,-1.670107],[-78.682942,-1.670087],[-78.682959,-1.670064],[-78.683032,-1.669836],[-78.683092,-1.669677],[-78.683117,-1.669635],[-78.683162,-1.669589],[-78.683213,-1.669555],[-78.683266,-1.669537],[-78.683307,-1.669529],[-78.68337,-1.669528],[-78.683431,-1.669543],[-78.683569,-1.669609],[-78.683677,-1.669662],[-78.683804,-1.669747],[-78.683904,-1.669777],[-78.684035,-1.6698],[-78.684073,-1.669806],[-78.684129,-1.669811],[-78.68417,-1.669812],[-78.684211,-1.66981],[-78.684256,-1.669804],[-78.684296,-1.669797],[-78.684345,-1.669785],[-78.684395,-1.669769],[-78.68444,-1.66975],[-78.684478,-1.669731],[-78.684521,-1.669706],[-78.684561,-1.669679],[-78.684602,-1.669646],[-78.684645,-1.669605],[-78.684685,-1.669561],[-78.684714,-1.669522],[-78.684838,-1.669371],[-78.684879,-1.66934],[-78.684963,-1.669314],[-78.685038,-1.669316],[-78.685096,-1.669334],[-78.685224,-1.669402],[-78.685359,-1.669498],[-78.685582,-1.669637],[-78.686298,-1.67002],[-78.685089,-1.66497],[-78.684533,-1.662618],[-78.684195,-1.661366],[-78.684049,-1.660862],[-78.683541,-1.659508],[-78.682664,-1.659753],[-78.681475,-1.660103],[-78.681377,-1.660006],[-78.680715,-1.659683],[-78.680352,-1.659386],[-78.680373,-1.659309],[-78.680427,-1.65891],[-78.680419,-1.658776],[-78.680265,-1.658195],[-78.679706,-1.656729],[-78.680162,-1.656377],[-78.680664,-1.656004],[-78.681877,-1.655131],[-78.682101,-1.654994],[-78.682783,-1.654864],[-78.683812,-1.654582],[-78.68409,-1.654464],[-78.68459,-1.654192],[-78.685047,-1.653908],[-78.684584,-1.653557],[-78.68392,-1.653143],[-78.684478,-1.652677],[-78.685225,-1.65204],[-78.686027,-1.65133],[-78.687349,-1.652368],[-78.687772,-1.652131],[-78.687243,-1.651301],[-78.686384,-1.649858],[-78.686387,-1.649811],[-78.686519,-1.649682],[-78.688272,-1.648042],[-78.688154,-1.64798],[-78.687981,-1.647909],[-78.687846,-1.647863],[-78.686982,-1.647671],[-78.68535,-1.647332],[-78.684674,-1.647173],[-78.684549,-1.647144],[-78.684522,-1.647233],[-78.684463,-1.647221],[-78.68442,-1.647223],[-78.684337,-1.647263],[-78.683638,-1.647704],[-78.683113,-1.648022],[-78.682619,-1.648371],[-78.682348,-1.648587],[-78.682035,-1.648824],[-78.681042,-1.649421],[-78.68063,-1.649688],[-78.680516,-1.649776],[-78.680084,-1.650082],[-78.679885,-1.650224],[-78.679498,-1.650475],[-78.67904,-1.650767],[-78.678648,-1.651013],[-78.677842,-1.651508],[-78.677202,-1.651896],[-78.676859,-1.652109],[-78.676641,-1.652242],[-78.676396,-1.65189],[-78.67615,-1.651539],[-78.676134,-1.651457],[-78.676119,-1.651374],[-78.674881,-1.65094],[-78.673643,-1.650506],[-78.67452,-1.649014],[-78.674082,-1.648775],[-78.673734,-1.648551],[-78.671722,-1.647469],[-78.671595,-1.647624],[-78.671334,-1.64794],[-78.669891,-1.647207],[-78.668754,-1.646902],[-78.667924,-1.646279],[-78.668312,-1.645578],[-78.667486,-1.644935],[-78.667028,-1.645606],[-78.666575,-1.645265],[-78.664032,-1.643354],[-78.663601,-1.64327],[-78.663434,-1.643398],[-78.663239,-1.643475],[-78.663135,-1.643495],[-78.663009,-1.643738]]]}},{"type":"Feature","properties":{"tipo":"red","red":"El Recreo","zona":"Red El Recreo","subredes":11,"caudal_l_s":39.6,"area_m2":2207222.9,"area_ha":220.72,"perimetro_m":8328.76,"fuente":"EP Riobamba (ex EMAPAR)","actualizacion":"marzo 2025"},"geometry":{"type":"Polygon","coordinates":[[[-78.684584,-1.653557],[-78.685047,-1.653908],[-78.68459,-1.654192],[-78.68409,-1.654464],[-78.683812,-1.654582],[-78.682783,-1.654864],[-78.682101,-1.654994],[-78.681877,-1.655131],[-78.680664,-1.656004],[-78.680162,-1.656377],[-78.679706,-1.656729],[-78.680265,-1.658195],[-78.680419,-1.658776],[-78.680427,-1.65891],[-78.680373,-1.659309],[-78.680352,-1.659386],[-78.680715,-1.659683],[-78.681377,-1.660006],[-78.681475,-1.660103],[-78.682664,-1.659753],[-78.683541,-1.659508],[-78.683541,-1.659508],[-78.683553,-1.659505],[-78.683541,-1.659508],[-78.684049,-1.660862],[-78.684195,-1.661366],[-78.684533,-1.662618],[-78.685089,-1.66497],[-78.685135,-1.664609],[-78.685352,-1.663334],[-78.685801,-1.663561],[-78.686286,-1.66358],[-78.686285,-1.664267],[-78.687237,-1.664304],[-78.68731,-1.663843],[-78.688067,-1.662979],[-78.688875,-1.662357],[-78.689305,-1.662071],[-78.689865,-1.661827],[-78.689968,-1.661657],[-78.691652,-1.661079],[-78.69252,-1.6602],[-78.69415,-1.659788],[-78.694894,-1.658116],[-78.694455,-1.657495],[-78.695229,-1.65642],[-78.695169,-1.655842],[-78.695359,-1.654652],[-78.69599,-1.652269],[-78.695751,-1.651607],[-78.695088,-1.6515],[-78.69475,-1.650878],[-78.694158,-1.65047],[-78.694016,-1.650223],[-78.694487,-1.649929],[-78.696828,-1.649889],[-78.698238,-1.649268],[-78.696253,-1.646707],[-78.694206,-1.646609],[-78.692118,-1.64651],[-78.690286,-1.645957],[-78.690491,-1.645353],[-78.68923,-1.644475],[-78.689195,-1.64442],[-78.688657,-1.644621],[-78.688316,-1.644736],[-78.688302,-1.645079],[-78.688301,-1.646011],[-78.688375,-1.6466],[-78.688412,-1.647154],[-78.688484,-1.647843],[-78.688084,-1.647861],[-78.687846,-1.647863],[-78.687981,-1.647909],[-78.688154,-1.64798],[-78.688272,-1.648042],[-78.686519,-1.649682],[-78.686387,-1.649811],[-78.686384,-1.649858],[-78.687243,-1.651301],[-78.687772,-1.652131],[-78.687349,-1.652368],[-78.686027,-1.65133],[-78.685225,-1.65204],[-78.684478,-1.652677],[-78.68392,-1.653143],[-78.684584,-1.653557]]]}},{"type":"Feature","properties":{"tipo":"red","red":"Maldonado","zona":"Red Maldonado","subredes":27,"caudal_l_s":136.06,"area_m2":6213148.22,"area_ha":621.31,"perimetro_m":16218.27,"fuente":"EP Riobamba (ex EMAPAR)","actualizacion":"marzo 2025"},"geometry":{"type":"Polygon","coordinates":[[[-78.648787,-1.68886],[-78.64897,-1.688605],[-78.649239,-1.688484],[-78.649487,-1.688477],[-78.649872,-1.688514],[-78.649984,-1.688525],[-78.650313,-1.68855],[-78.650431,-1.688566],[-78.650564,-1.688574],[-78.650717,-1.688579],[-78.650768,-1.688569],[-78.650832,-1.688544],[-78.650913,-1.688489],[-78.651041,-1.688365],[-78.651157,-1.688244],[-78.651298,-1.688114],[-78.651507,-1.687993],[-78.651673,-1.687939],[-78.651909,-1.6879],[-78.652109,-1.687857],[-78.652243,-1.687834],[-78.652323,-1.687831],[-78.652387,-1.687822],[-78.652522,-1.687781],[-78.652619,-1.687757],[-78.652714,-1.68772],[-78.652808,-1.687667],[-78.652908,-1.687606],[-78.653021,-1.68753],[-78.653125,-1.687421],[-78.653234,-1.687291],[-78.653287,-1.687239],[-78.653289,-1.687193],[-78.653341,-1.687142],[-78.653419,-1.687035],[-78.653453,-1.686913],[-78.653485,-1.686869],[-78.653544,-1.686788],[-78.65357,-1.686728],[-78.653581,-1.68667],[-78.65359,-1.686657],[-78.65367,-1.68639],[-78.653678,-1.686249],[-78.653837,-1.686158],[-78.653958,-1.685973],[-78.653967,-1.685907],[-78.653981,-1.685878],[-78.653981,-1.685875],[-78.654065,-1.685727],[-78.654261,-1.685601],[-78.654385,-1.685587],[-78.654656,-1.685626],[-78.654668,-1.685626],[-78.654872,-1.685603],[-78.654963,-1.685557],[-78.654975,-1.685535],[-78.655143,-1.685182],[-78.655258,-1.685024],[-78.65535,-1.684883],[-78.655427,-1.68478],[-78.655554,-1.68464],[-78.655708,-1.68446],[-78.655854,-1.684237],[-78.656056,-1.684005],[-78.656094,-1.683964],[-78.65615,-1.683899],[-78.65636,-1.683687],[-78.656518,-1.683558],[-78.656717,-1.683452],[-78.6569,-1.683389],[-78.657109,-1.683352],[-78.657299,-1.683353],[-78.657381,-1.683344],[-78.657444,-1.683331],[-78.657491,-1.683317],[-78.656806,-1.682432],[-78.655546,-1.680942],[-78.656364,-1.679969],[-78.656497,-1.679802],[-78.655982,-1.679178],[-78.655549,-1.678648],[-78.655073,-1.678059],[-78.654512,-1.67738],[-78.654124,-1.676925],[-78.653987,-1.676765],[-78.65365,-1.676359],[-78.653166,-1.675769],[-78.652713,-1.675215],[-78.652285,-1.674709],[-78.652274,-1.674695],[-78.651758,-1.674074],[-78.651309,-1.673526],[-78.650832,-1.672955],[-78.650364,-1.672377],[-78.64991,-1.671808],[-78.650476,-1.67131],[-78.650983,-1.67088],[-78.651034,-1.670835],[-78.651595,-1.670345],[-78.652146,-1.669863],[-78.652434,-1.669612],[-78.652542,-1.66952],[-78.652796,-1.669295],[-78.65234,-1.668771],[-78.651845,-1.668177],[-78.651332,-1.667568],[-78.650866,-1.667005],[-78.650269,-1.667531],[-78.649694,-1.668025],[-78.649113,-1.668531],[-78.648659,-1.667991],[-78.648184,-1.667388],[-78.648173,-1.667375],[-78.647075,-1.668358],[-78.644848,-1.67036],[-78.645901,-1.671589],[-78.646381,-1.672163],[-78.647261,-1.673249],[-78.647697,-1.673761],[-78.647686,-1.673771],[-78.647134,-1.674267],[-78.646754,-1.674594],[-78.646572,-1.674751],[-78.645992,-1.675243],[-78.644874,-1.676211],[-78.644387,-1.675632],[-78.643906,-1.675074],[-78.643448,-1.674531],[-78.642924,-1.673917],[-78.642546,-1.673464],[-78.641988,-1.673974],[-78.641402,-1.674463],[-78.640821,-1.674966],[-78.640241,-1.675452],[-78.639672,-1.67596],[-78.63922,-1.676343],[-78.638773,-1.676706],[-78.638362,-1.677108],[-78.637941,-1.677512],[-78.638272,-1.677892],[-78.638895,-1.678652],[-78.638739,-1.678674],[-78.638032,-1.678861],[-78.637328,-1.679044],[-78.635929,-1.679409],[-78.63554,-1.679509],[-78.634825,-1.67969],[-78.634364,-1.679792],[-78.633632,-1.679982],[-78.632711,-1.680219],[-78.632834,-1.680702],[-78.632937,-1.681128],[-78.633027,-1.681401],[-78.633137,-1.681571],[-78.633456,-1.681846],[-78.63376,-1.682146],[-78.633976,-1.682391],[-78.634341,-1.682834],[-78.634672,-1.683239],[-78.635013,-1.683682],[-78.635621,-1.684449],[-78.635139,-1.684964],[-78.634991,-1.68514],[-78.634153,-1.686326],[-78.633834,-1.686777],[-78.633256,-1.687585],[-78.632357,-1.688853],[-78.632022,-1.689322],[-78.631936,-1.689446],[-78.632203,-1.689638],[-78.632455,-1.68978],[-78.632748,-1.689912],[-78.633046,-1.690006],[-78.633292,-1.690073],[-78.633452,-1.690101],[-78.633906,-1.69015],[-78.634397,-1.690189],[-78.634837,-1.690199],[-78.635262,-1.690203],[-78.635522,-1.690183],[-78.635707,-1.690157],[-78.635941,-1.690111],[-78.636242,-1.690028],[-78.636428,-1.689971],[-78.636803,-1.68982],[-78.637149,-1.68964],[-78.637292,-1.68955],[-78.637406,-1.689477],[-78.637825,-1.689966],[-78.638603,-1.690792],[-78.639208,-1.691485],[-78.640011,-1.692404],[-78.640148,-1.692601],[-78.640995,-1.693484],[-78.640887,-1.693593],[-78.640572,-1.693781],[-78.640277,-1.694071],[-78.640599,-1.696235],[-78.640911,-1.698329],[-78.639715,-1.702049],[-78.639462,-1.70231],[-78.63874,-1.7031],[-78.638117,-1.703675],[-78.638559,-1.704108],[-78.638946,-1.704551],[-78.639311,-1.705018],[-78.639449,-1.705315],[-78.639501,-1.70537],[-78.639563,-1.705433],[-78.639503,-1.707745],[-78.64064,-1.710775],[-78.639273,-1.711912],[-78.63965,-1.712455],[-78.640225,-1.712139],[-78.640593,-1.712646],[-78.641527,-1.71243],[-78.642105,-1.712638],[-78.642301,-1.712686],[-78.642789,-1.712676],[-78.643123,-1.712661],[-78.643378,-1.712538],[-78.643606,-1.712267],[-78.643813,-1.711732],[-78.643951,-1.711451],[-78.644242,-1.711296],[-78.644937,-1.711001],[-78.645095,-1.710932],[-78.645315,-1.710919],[-78.645568,-1.710861],[-78.645638,-1.710661],[-78.645669,-1.710514],[-78.645805,-1.710237],[-78.645994,-1.709982],[-78.646225,-1.709641],[-78.646501,-1.709426],[-78.646841,-1.709157],[-78.647448,-1.708763],[-78.647966,-1.708548],[-78.648287,-1.708387],[-78.648618,-1.707992],[-78.648895,-1.707401],[-78.648941,-1.706823],[-78.64904,-1.706563],[-78.649406,-1.706411],[-78.649585,-1.706196],[-78.649763,-1.705873],[-78.649843,-1.705224],[-78.649802,-1.705],[-78.649797,-1.704954],[-78.649738,-1.704712],[-78.649703,-1.704616],[-78.649675,-1.704568],[-78.649426,-1.70435],[-78.649316,-1.704184],[-78.649222,-1.704059],[-78.649171,-1.703983],[-78.649137,-1.703962],[-78.649029,-1.703822],[-78.648971,-1.703651],[-78.64896,-1.703597],[-78.648954,-1.703542],[-78.648955,-1.703487],[-78.648961,-1.703432],[-78.648972,-1.703377],[-78.64899,-1.703325],[-78.649035,-1.703193],[-78.649246,-1.702701],[-78.649329,-1.702425],[-78.649374,-1.70207],[-78.649332,-1.701735],[-78.649313,-1.701579],[-78.649304,-1.701209],[-78.649318,-1.701098],[-78.649342,-1.700873],[-78.649385,-1.700764],[-78.649577,-1.700364],[-78.649644,-1.700192],[-78.64968,-1.700092],[-78.649692,-1.700049],[-78.649696,-1.700005],[-78.649694,-1.69996],[-78.649685,-1.699917],[-78.649669,-1.699875],[-78.649646,-1.699837],[-78.649613,-1.699811],[-78.649593,-1.699804],[-78.649546,-1.69979],[-78.649503,-1.69974],[-78.649423,-1.699733],[-78.649364,-1.699656],[-78.64932,-1.699615],[-78.649293,-1.699546],[-78.649259,-1.699451],[-78.649224,-1.699327],[-78.64924,-1.699096],[-78.649266,-1.69897],[-78.649299,-1.698976],[-78.649348,-1.698762],[-78.649378,-1.698669],[-78.649389,-1.698614],[-78.649365,-1.698532],[-78.649339,-1.698459],[-78.649358,-1.698273],[-78.649347,-1.698186],[-78.649354,-1.698125],[-78.649339,-1.698041],[-78.649294,-1.697978],[-78.649259,-1.697836],[-78.649203,-1.697708],[-78.649165,-1.69767],[-78.649124,-1.697632],[-78.649058,-1.697599],[-78.648993,-1.69758],[-78.648833,-1.697559],[-78.648733,-1.69761],[-78.648645,-1.697674],[-78.64858,-1.697726],[-78.648477,-1.697833],[-78.648308,-1.697867],[-78.648094,-1.697764],[-78.647993,-1.697603],[-78.647874,-1.697427],[-78.647794,-1.697256],[-78.647781,-1.697169],[-78.647726,-1.697047],[-78.647679,-1.696964],[-78.647636,-1.696907],[-78.647562,-1.696826],[-78.647368,-1.696564],[-78.647308,-1.696334],[-78.647286,-1.696163],[-78.647289,-1.695993],[-78.647312,-1.695834],[-78.647357,-1.695686],[-78.647364,-1.695654],[-78.647376,-1.695496],[-78.647361,-1.695294],[-78.647348,-1.69514],[-78.647407,-1.694905],[-78.647507,-1.694786],[-78.647525,-1.694596],[-78.64753,-1.694497],[-78.647568,-1.694396],[-78.647584,-1.694339],[-78.647611,-1.694142],[-78.647608,-1.694112],[-78.647594,-1.694053],[-78.647525,-1.693959],[-78.647455,-1.693883],[-78.647109,-1.693597],[-78.646933,-1.693405],[-78.646793,-1.693201],[-78.646801,-1.693189],[-78.646808,-1.693172],[-78.646802,-1.693156],[-78.646701,-1.693041],[-78.64673,-1.692766],[-78.646782,-1.69263],[-78.646801,-1.692543],[-78.646838,-1.692423],[-78.646905,-1.692285],[-78.647119,-1.691987],[-78.647271,-1.691834],[-78.647272,-1.691825],[-78.647241,-1.691436],[-78.647233,-1.691352],[-78.647226,-1.691273],[-78.647215,-1.691201],[-78.647236,-1.691074],[-78.64726,-1.690927],[-78.647338,-1.690812],[-78.64747,-1.690761],[-78.647545,-1.690781],[-78.64764,-1.690802],[-78.647717,-1.690798],[-78.647814,-1.690761],[-78.64794,-1.690623],[-78.648059,-1.690473],[-78.648101,-1.690353],[-78.648144,-1.690263],[-78.648432,-1.689627],[-78.648442,-1.689479],[-78.648539,-1.68932],[-78.648613,-1.689163],[-78.648704,-1.689019],[-78.648787,-1.68886]]]}},{"type":"Feature","properties":{"tipo":"red","red":"Piscín","zona":"Red Piscín","subredes":12,"caudal_l_s":41.5,"area_m2":6468406.67,"area_ha":646.84,"perimetro_m":19255.69,"fuente":"EP Riobamba (ex EMAPAR)","actualizacion":"marzo 2025"},"geometry":{"type":"Polygon","coordinates":[[[-78.612486,-1.696044],[-78.613531,-1.69637],[-78.613409,-1.696755],[-78.613147,-1.697249],[-78.612293,-1.698911],[-78.611939,-1.699921],[-78.612731,-1.700236],[-78.615016,-1.70103],[-78.614972,-1.701361],[-78.617913,-1.702507],[-78.618369,-1.702663],[-78.617678,-1.704527],[-78.616779,-1.705498],[-78.612252,-1.705099],[-78.610954,-1.709075],[-78.614949,-1.710526],[-78.616359,-1.710871],[-78.616205,-1.711703],[-78.606841,-1.711862],[-78.60703,-1.711965],[-78.607481,-1.711892],[-78.607936,-1.711894],[-78.608358,-1.711905],[-78.608654,-1.711916],[-78.60905,-1.711974],[-78.609247,-1.712014],[-78.609369,-1.712116],[-78.609482,-1.712261],[-78.609666,-1.712345],[-78.609828,-1.712446],[-78.610118,-1.712526],[-78.610379,-1.712541],[-78.610812,-1.712563],[-78.611023,-1.7126],[-78.611144,-1.712575],[-78.611295,-1.712654],[-78.611426,-1.712668],[-78.611589,-1.712683],[-78.611818,-1.712773],[-78.611888,-1.712793],[-78.611965,-1.712842],[-78.612037,-1.712886],[-78.612146,-1.713002],[-78.612304,-1.713181],[-78.612518,-1.713441],[-78.612609,-1.713562],[-78.612665,-1.713676],[-78.612728,-1.713808],[-78.612773,-1.713865],[-78.612839,-1.714094],[-78.612891,-1.71422],[-78.612931,-1.714413],[-78.612986,-1.714501],[-78.612964,-1.714556],[-78.613018,-1.714665],[-78.613012,-1.71487],[-78.613026,-1.714931],[-78.613097,-1.715059],[-78.613205,-1.715219],[-78.613216,-1.715232],[-78.613229,-1.715245],[-78.613242,-1.715257],[-78.613255,-1.715266],[-78.613269,-1.715274],[-78.613281,-1.71528],[-78.613293,-1.715285],[-78.613315,-1.715289],[-78.613334,-1.715291],[-78.613353,-1.715291],[-78.613374,-1.715291],[-78.613404,-1.715287],[-78.613428,-1.715282],[-78.613452,-1.715276],[-78.613468,-1.71527],[-78.613488,-1.715262],[-78.613503,-1.715254],[-78.613516,-1.715247],[-78.613536,-1.715234],[-78.613565,-1.715208],[-78.613659,-1.715232],[-78.613812,-1.715245],[-78.613953,-1.715257],[-78.614071,-1.715319],[-78.614027,-1.715416],[-78.61403,-1.715477],[-78.614094,-1.715783],[-78.614159,-1.716044],[-78.614196,-1.716183],[-78.614372,-1.71643],[-78.614529,-1.716686],[-78.614709,-1.716849],[-78.614916,-1.716914],[-78.615096,-1.716939],[-78.615317,-1.716878],[-78.615478,-1.716868],[-78.615664,-1.716857],[-78.615704,-1.716843],[-78.616113,-1.71649],[-78.616667,-1.71608],[-78.616958,-1.715773],[-78.617192,-1.715378],[-78.617367,-1.71494],[-78.617629,-1.714486],[-78.617896,-1.714177],[-78.618129,-1.714119],[-78.618581,-1.714105],[-78.61877,-1.714369],[-78.619163,-1.714545],[-78.619381,-1.714545],[-78.619527,-1.714399],[-78.619673,-1.714136],[-78.619891,-1.714019],[-78.62027,-1.714049],[-78.620444,-1.714181],[-78.620677,-1.714488],[-78.620895,-1.714796],[-78.621011,-1.715089],[-78.621185,-1.715162],[-78.62136,-1.715177],[-78.621622,-1.715134],[-78.621958,-1.715209],[-78.622016,-1.715399],[-78.622001,-1.715648],[-78.622488,-1.715941],[-78.622407,-1.716122],[-78.621832,-1.716609],[-78.623115,-1.717659],[-78.624104,-1.716558],[-78.62434,-1.715184],[-78.623687,-1.712914],[-78.621694,-1.711456],[-78.62247,-1.709125],[-78.623318,-1.705637],[-78.623274,-1.704932],[-78.623517,-1.704426],[-78.625163,-1.702774],[-78.625785,-1.702203],[-78.626638,-1.70142],[-78.630975,-1.695513],[-78.631013,-1.695552],[-78.634414,-1.694604],[-78.636184,-1.69411],[-78.636456,-1.694339],[-78.63766,-1.695351],[-78.635859,-1.697752],[-78.638193,-1.698831],[-78.639292,-1.696852],[-78.640911,-1.698329],[-78.640277,-1.694071],[-78.640572,-1.693781],[-78.640887,-1.693593],[-78.640995,-1.693484],[-78.640148,-1.692601],[-78.640011,-1.692404],[-78.639208,-1.691485],[-78.638603,-1.690792],[-78.637825,-1.689966],[-78.637406,-1.689477],[-78.637149,-1.68964],[-78.636803,-1.68982],[-78.636428,-1.689971],[-78.636242,-1.690028],[-78.635941,-1.690111],[-78.635707,-1.690157],[-78.635625,-1.690168],[-78.635522,-1.690183],[-78.635262,-1.690203],[-78.634837,-1.690199],[-78.634397,-1.690189],[-78.633906,-1.69015],[-78.633452,-1.690101],[-78.633292,-1.690073],[-78.633046,-1.690006],[-78.632748,-1.689912],[-78.632455,-1.68978],[-78.632203,-1.689638],[-78.631936,-1.689446],[-78.632022,-1.689322],[-78.632357,-1.688853],[-78.633256,-1.687585],[-78.633834,-1.686777],[-78.634153,-1.686326],[-78.634991,-1.68514],[-78.635139,-1.684964],[-78.635621,-1.684449],[-78.635013,-1.683682],[-78.634672,-1.683239],[-78.634341,-1.682834],[-78.633976,-1.682391],[-78.63376,-1.682146],[-78.633456,-1.681846],[-78.633137,-1.681571],[-78.633027,-1.681401],[-78.632937,-1.681128],[-78.632834,-1.680702],[-78.632711,-1.680219],[-78.630013,-1.680926],[-78.630017,-1.681005],[-78.629801,-1.681024],[-78.629445,-1.681033],[-78.628985,-1.68093],[-78.628212,-1.680616],[-78.627276,-1.680236],[-78.627146,-1.680175],[-78.626985,-1.679972],[-78.626589,-1.679306],[-78.626305,-1.679205],[-78.625804,-1.679129],[-78.625002,-1.679031],[-78.624195,-1.678972],[-78.622641,-1.678753],[-78.621848,-1.678995],[-78.621363,-1.679101],[-78.620938,-1.679163],[-78.620199,-1.67911],[-78.619642,-1.678955],[-78.618904,-1.680801],[-78.618408,-1.68183],[-78.617959,-1.682682],[-78.617124,-1.682797],[-78.617092,-1.682847],[-78.617068,-1.682902],[-78.617055,-1.682961],[-78.617053,-1.682988],[-78.617025,-1.683467],[-78.617006,-1.683644],[-78.61705,-1.683917],[-78.617087,-1.684232],[-78.6171,-1.68431],[-78.61708,-1.684421],[-78.617004,-1.684546],[-78.616975,-1.684556],[-78.616949,-1.684571],[-78.616926,-1.68459],[-78.616907,-1.684613],[-78.616892,-1.684639],[-78.616882,-1.684667],[-78.616876,-1.684696],[-78.616876,-1.684727],[-78.616877,-1.684735],[-78.616891,-1.684844],[-78.616926,-1.684936],[-78.616956,-1.685077],[-78.617006,-1.685208],[-78.617067,-1.685313],[-78.617176,-1.685435],[-78.617302,-1.685529],[-78.617344,-1.685602],[-78.617426,-1.685715],[-78.617341,-1.686005],[-78.617326,-1.686226],[-78.617411,-1.686417],[-78.617702,-1.686541],[-78.618816,-1.686616],[-78.619077,-1.687617],[-78.618849,-1.68825],[-78.618704,-1.688705],[-78.618602,-1.689112],[-78.618443,-1.689458],[-78.618268,-1.689834],[-78.618148,-1.6903],[-78.618031,-1.691035],[-78.617914,-1.691497],[-78.617705,-1.692143],[-78.61763,-1.692374],[-78.617498,-1.692544],[-78.617203,-1.69277],[-78.616646,-1.69324],[-78.615979,-1.693782],[-78.615985,-1.693836],[-78.615595,-1.693889],[-78.615187,-1.69393],[-78.614497,-1.693915],[-78.614101,-1.693946],[-78.612722,-1.695041],[-78.612773,-1.695248],[-78.61252,-1.695696],[-78.612486,-1.696044]]]}},{"type":"Feature","properties":{"tipo":"red","red":"Saboya","zona":"Red Saboya","subredes":37,"caudal_l_s":231.04,"area_m2":9072479.9,"area_ha":907.25,"perimetro_m":19245.21,"fuente":"EP Riobamba (ex EMAPAR)","actualizacion":"marzo 2025"},"geometry":{"type":"Polygon","coordinates":[[[-78.645631,-1.664329],[-78.646265,-1.665074],[-78.646737,-1.665666],[-78.647191,-1.66621],[-78.647673,-1.666779],[-78.648184,-1.667388],[-78.648659,-1.667991],[-78.649113,-1.668531],[-78.649694,-1.668025],[-78.650269,-1.667531],[-78.650866,-1.667005],[-78.651332,-1.667568],[-78.651845,-1.668177],[-78.65234,-1.668771],[-78.652796,-1.669295],[-78.651626,-1.670334],[-78.650983,-1.67088],[-78.650476,-1.67131],[-78.64991,-1.671808],[-78.650364,-1.672377],[-78.650832,-1.672955],[-78.651309,-1.673526],[-78.651758,-1.674074],[-78.652274,-1.674695],[-78.652285,-1.674709],[-78.652713,-1.675215],[-78.653166,-1.675769],[-78.65365,-1.676359],[-78.653987,-1.676765],[-78.654124,-1.676925],[-78.654512,-1.67738],[-78.655073,-1.678059],[-78.655549,-1.678648],[-78.655982,-1.679178],[-78.656443,-1.679737],[-78.656504,-1.679793],[-78.656364,-1.679969],[-78.655546,-1.680942],[-78.656806,-1.682432],[-78.657491,-1.683317],[-78.657605,-1.683266],[-78.657699,-1.683203],[-78.65778,-1.683129],[-78.657844,-1.683052],[-78.657908,-1.682987],[-78.658012,-1.682905],[-78.658167,-1.682833],[-78.658316,-1.682804],[-78.658453,-1.682803],[-78.658553,-1.682822],[-78.659476,-1.682887],[-78.659808,-1.682964],[-78.660294,-1.683013],[-78.661238,-1.683027],[-78.661808,-1.683054],[-78.661986,-1.683062],[-78.66202,-1.683061],[-78.662042,-1.683059],[-78.662066,-1.683054],[-78.662093,-1.683046],[-78.66212,-1.683034],[-78.662139,-1.683024],[-78.662164,-1.683007],[-78.662186,-1.682989],[-78.66221,-1.682964],[-78.662229,-1.682939],[-78.662245,-1.682912],[-78.662262,-1.682873],[-78.662398,-1.682309],[-78.662423,-1.682236],[-78.662487,-1.682143],[-78.662568,-1.682075],[-78.662664,-1.682031],[-78.662755,-1.682014],[-78.66278,-1.682044],[-78.662887,-1.682031],[-78.663191,-1.681899],[-78.663326,-1.681891],[-78.663461,-1.681962],[-78.663522,-1.681982],[-78.66353,-1.681984],[-78.66354,-1.681985],[-78.663547,-1.681985],[-78.663554,-1.681984],[-78.66356,-1.681982],[-78.663566,-1.68198],[-78.663573,-1.681976],[-78.663584,-1.681953],[-78.66359,-1.681918],[-78.663593,-1.681847],[-78.66359,-1.681803],[-78.663549,-1.681645],[-78.663536,-1.681463],[-78.663554,-1.681366],[-78.663561,-1.681301],[-78.663574,-1.681258],[-78.663578,-1.681237],[-78.663551,-1.68111],[-78.663538,-1.681072],[-78.663524,-1.681042],[-78.663472,-1.680995],[-78.663403,-1.680862],[-78.663369,-1.680733],[-78.663413,-1.680586],[-78.663591,-1.680369],[-78.663641,-1.680294],[-78.663664,-1.68025],[-78.663671,-1.680054],[-78.663674,-1.679949],[-78.663679,-1.679822],[-78.663687,-1.679687],[-78.663691,-1.679625],[-78.663719,-1.679553],[-78.663715,-1.679503],[-78.663729,-1.679481],[-78.663767,-1.679412],[-78.663842,-1.679458],[-78.663864,-1.67945],[-78.663888,-1.679423],[-78.66392,-1.679342],[-78.663939,-1.679216],[-78.663933,-1.679128],[-78.663907,-1.679063],[-78.663845,-1.678962],[-78.663832,-1.678834],[-78.663861,-1.678605],[-78.663837,-1.678385],[-78.663776,-1.678207],[-78.6638,-1.678125],[-78.663889,-1.677983],[-78.663891,-1.677948],[-78.663875,-1.677912],[-78.663798,-1.677816],[-78.663686,-1.67769],[-78.663646,-1.67764],[-78.663615,-1.677537],[-78.663631,-1.677422],[-78.663692,-1.677329],[-78.663962,-1.677152],[-78.664171,-1.677018],[-78.66418,-1.677012],[-78.664191,-1.677002],[-78.6642,-1.676992],[-78.664207,-1.676983],[-78.664208,-1.676981],[-78.664293,-1.676806],[-78.664394,-1.676706],[-78.664472,-1.67676],[-78.664566,-1.676855],[-78.664606,-1.676891],[-78.664613,-1.676896],[-78.664623,-1.676902],[-78.664632,-1.676905],[-78.664646,-1.676907],[-78.664657,-1.676907],[-78.66467,-1.676904],[-78.664677,-1.676902],[-78.664717,-1.676869],[-78.66474,-1.676825],[-78.664764,-1.676758],[-78.664763,-1.676665],[-78.664688,-1.676452],[-78.664627,-1.676254],[-78.664601,-1.676158],[-78.664597,-1.675914],[-78.664603,-1.67583],[-78.664621,-1.675752],[-78.664596,-1.675713],[-78.664555,-1.675665],[-78.664497,-1.675541],[-78.664481,-1.675448],[-78.664494,-1.675334],[-78.664587,-1.675167],[-78.664644,-1.675053],[-78.664698,-1.674946],[-78.664726,-1.674884],[-78.665004,-1.675096],[-78.665597,-1.675293],[-78.666231,-1.675399],[-78.666594,-1.675383],[-78.667032,-1.675152],[-78.667385,-1.674725],[-78.667645,-1.674331],[-78.667819,-1.674125],[-78.668,-1.673873],[-78.668245,-1.673657],[-78.668561,-1.673466],[-78.668741,-1.673336],[-78.668906,-1.673145],[-78.669102,-1.672937],[-78.669244,-1.672807],[-78.669439,-1.672803],[-78.669578,-1.672815],[-78.669643,-1.672822],[-78.670605,-1.671532],[-78.670863,-1.671131],[-78.670851,-1.670898],[-78.670748,-1.670724],[-78.670324,-1.670254],[-78.670484,-1.669672],[-78.669081,-1.668234],[-78.668313,-1.667415],[-78.668114,-1.66727],[-78.667967,-1.667311],[-78.666787,-1.665683],[-78.666602,-1.665653],[-78.665686,-1.665365],[-78.665294,-1.665142],[-78.665049,-1.664921],[-78.664849,-1.664649],[-78.664834,-1.664629],[-78.6642,-1.663641],[-78.664009,-1.663348],[-78.663463,-1.662529],[-78.662852,-1.661574],[-78.661888,-1.660078],[-78.661042,-1.658767],[-78.660712,-1.658294],[-78.660401,-1.657941],[-78.660026,-1.657608],[-78.659167,-1.657009],[-78.658569,-1.65663],[-78.658262,-1.656455],[-78.657827,-1.656316],[-78.657195,-1.656273],[-78.657167,-1.656271],[-78.657066,-1.656276],[-78.656923,-1.656291],[-78.658029,-1.653219],[-78.658873,-1.653718],[-78.660038,-1.654442],[-78.662093,-1.655685],[-78.662191,-1.655516],[-78.661967,-1.655155],[-78.661544,-1.654455],[-78.661103,-1.653703],[-78.661044,-1.653538],[-78.661006,-1.653405],[-78.660982,-1.653302],[-78.660937,-1.653108],[-78.660899,-1.652941],[-78.66086,-1.652772],[-78.66083,-1.652639],[-78.660813,-1.652542],[-78.660784,-1.65245],[-78.660729,-1.652339],[-78.660639,-1.65222],[-78.660558,-1.652146],[-78.660464,-1.652082],[-78.660378,-1.652042],[-78.660291,-1.652013],[-78.660197,-1.651996],[-78.660111,-1.651991],[-78.659208,-1.651995],[-78.659065,-1.651975],[-78.658821,-1.651897],[-78.657862,-1.651455],[-78.657646,-1.651342],[-78.657514,-1.651246],[-78.657374,-1.651121],[-78.657218,-1.650931],[-78.657097,-1.650738],[-78.656973,-1.65058],[-78.656791,-1.650406],[-78.65626,-1.649931],[-78.655194,-1.648977],[-78.654781,-1.648592],[-78.654614,-1.648378],[-78.654523,-1.648218],[-78.654446,-1.648045],[-78.654369,-1.647779],[-78.654291,-1.647579],[-78.654245,-1.647501],[-78.654197,-1.647434],[-78.65417,-1.647401],[-78.654102,-1.64751],[-78.654075,-1.647588],[-78.653573,-1.64816],[-78.652973,-1.6485],[-78.652486,-1.648591],[-78.652128,-1.648529],[-78.651761,-1.648454],[-78.651574,-1.648412],[-78.651387,-1.648385],[-78.651258,-1.64837],[-78.65112,-1.648285],[-78.65102,-1.648167],[-78.65096,-1.648126],[-78.650863,-1.648108],[-78.65071,-1.648054],[-78.65054,-1.647997],[-78.650378,-1.647926],[-78.65031,-1.647885],[-78.650173,-1.647803],[-78.650091,-1.647705],[-78.650005,-1.647579],[-78.649937,-1.647493],[-78.649855,-1.647392],[-78.649704,-1.647269],[-78.649601,-1.647164],[-78.64944,-1.647023],[-78.649246,-1.646894],[-78.649169,-1.646852],[-78.649073,-1.646798],[-78.649008,-1.646798],[-78.648904,-1.646906],[-78.648796,-1.646898],[-78.64861,-1.646779],[-78.648553,-1.646631],[-78.648496,-1.646494],[-78.648482,-1.646383],[-78.648428,-1.646354],[-78.648292,-1.646393],[-78.648195,-1.646404],[-78.648088,-1.646296],[-78.648081,-1.646202],[-78.64798,-1.646115],[-78.647837,-1.646122],[-78.647769,-1.646083],[-78.647629,-1.646093],[-78.647504,-1.646039],[-78.647396,-1.646007],[-78.647296,-1.646042],[-78.647138,-1.646067],[-78.646994,-1.646026],[-78.646818,-1.645932],[-78.64661,-1.64586],[-78.646618,-1.645777],[-78.646546,-1.645661],[-78.646456,-1.645582],[-78.646245,-1.64551],[-78.646159,-1.645333],[-78.646106,-1.645102],[-78.646077,-1.644854],[-78.646077,-1.644733],[-78.645871,-1.644592],[-78.645866,-1.644431],[-78.645805,-1.644344],[-78.645719,-1.644272],[-78.645655,-1.644261],[-78.645576,-1.644211],[-78.645454,-1.644138],[-78.645404,-1.644102],[-78.645372,-1.644],[-78.645329,-1.643964],[-78.645112,-1.643905],[-78.644995,-1.643787],[-78.644931,-1.643708],[-78.644885,-1.643599],[-78.644892,-1.643527],[-78.644896,-1.643405],[-78.644931,-1.643317],[-78.644946,-1.64313],[-78.644959,-1.642972],[-78.645082,-1.642842],[-78.645143,-1.642772],[-78.645169,-1.642696],[-78.645176,-1.642606],[-78.645137,-1.642527],[-78.645076,-1.642415],[-78.645079,-1.642303],[-78.645162,-1.642195],[-78.645162,-1.642097],[-78.645133,-1.642],[-78.645044,-1.641899],[-78.644965,-1.641838],[-78.644868,-1.641758],[-78.6448,-1.641675],[-78.644682,-1.64156],[-78.644546,-1.641513],[-78.644396,-1.64143],[-78.644163,-1.641347],[-78.643937,-1.641332],[-78.643726,-1.641314],[-78.643572,-1.641288],[-78.643482,-1.641202],[-78.6434,-1.641148],[-78.643307,-1.641144],[-78.643249,-1.641104],[-78.643228,-1.640823],[-78.643134,-1.640725],[-78.643012,-1.64067],[-78.642948,-1.640472],[-78.642888,-1.640407],[-78.64264,-1.640359],[-78.642482,-1.640261],[-78.642346,-1.64008],[-78.642231,-1.639882],[-78.642192,-1.639745],[-78.642106,-1.639655],[-78.642027,-1.639525],[-78.641941,-1.639435],[-78.64183,-1.639341],[-78.641576,-1.639283],[-78.641422,-1.639259],[-78.641318,-1.639128],[-78.641274,-1.639019],[-78.641249,-1.63886],[-78.641202,-1.638752],[-78.641145,-1.638691],[-78.641012,-1.638583],[-78.640891,-1.638546],[-78.640769,-1.638561],[-78.640665,-1.638557],[-78.640547,-1.638564],[-78.640468,-1.638618],[-78.640371,-1.638712],[-78.640306,-1.638802],[-78.640245,-1.638845],[-78.640095,-1.639003],[-78.639983,-1.639115],[-78.639878,-1.639306],[-78.639738,-1.639584],[-78.639689,-1.639628],[-78.639441,-1.639612],[-78.639283,-1.639601],[-78.639082,-1.639579],[-78.638835,-1.639586],[-78.638713,-1.639622],[-78.638588,-1.639651],[-78.638394,-1.639406],[-78.638269,-1.639341],[-78.63828,-1.639254],[-78.638287,-1.639143],[-78.638252,-1.639082],[-78.638073,-1.638995],[-78.637904,-1.638934],[-78.637882,-1.638921],[-78.637734,-1.638837],[-78.637597,-1.638892],[-78.637293,-1.639113],[-78.636996,-1.639257],[-78.63681,-1.639273],[-78.63674,-1.639112],[-78.636689,-1.638936],[-78.636597,-1.638768],[-78.636519,-1.638625],[-78.636379,-1.638423],[-78.636241,-1.638317],[-78.636085,-1.638255],[-78.63597,-1.638136],[-78.635935,-1.637992],[-78.635977,-1.637866],[-78.636025,-1.637767],[-78.636022,-1.637612],[-78.635977,-1.637423],[-78.635938,-1.637207],[-78.635916,-1.636914],[-78.635782,-1.636831],[-78.635705,-1.636995],[-78.635618,-1.637162],[-78.635551,-1.637351],[-78.635455,-1.637415],[-78.635318,-1.637386],[-78.635196,-1.637302],[-78.635011,-1.637151],[-78.634871,-1.637045],[-78.634756,-1.636913],[-78.634628,-1.636868],[-78.634522,-1.63689],[-78.634442,-1.636996],[-78.634311,-1.637186],[-78.634256,-1.637401],[-78.634227,-1.637597],[-78.634154,-1.637748],[-78.63401,-1.637815],[-78.633794,-1.63782],[-78.633302,-1.639072],[-78.633441,-1.640294],[-78.635532,-1.646254],[-78.634036,-1.646551],[-78.630415,-1.64674],[-78.63065,-1.646866],[-78.630915,-1.646983],[-78.631113,-1.647029],[-78.631329,-1.647042],[-78.631583,-1.646948],[-78.631744,-1.647127],[-78.631952,-1.64725],[-78.632157,-1.647347],[-78.632263,-1.647525],[-78.632325,-1.647603],[-78.632716,-1.647764],[-78.632925,-1.647869],[-78.633191,-1.648054],[-78.633429,-1.648212],[-78.633982,-1.648432],[-78.634693,-1.648637],[-78.634934,-1.648719],[-78.635541,-1.64921],[-78.63577,-1.649357],[-78.636001,-1.649437],[-78.636038,-1.649464],[-78.636211,-1.649588],[-78.636364,-1.649671],[-78.636528,-1.649783],[-78.636706,-1.650011],[-78.637189,-1.650744],[-78.637733,-1.65135],[-78.637804,-1.651441],[-78.637845,-1.651531],[-78.63786,-1.651722],[-78.637842,-1.651912],[-78.637705,-1.652364],[-78.637631,-1.652646],[-78.637617,-1.653215],[-78.637636,-1.654299],[-78.637585,-1.654548],[-78.637306,-1.655078],[-78.637,-1.655716],[-78.63692,-1.655916],[-78.637442,-1.655965],[-78.637862,-1.656061],[-78.638903,-1.656455],[-78.639598,-1.656791],[-78.639625,-1.656841],[-78.639189,-1.657449],[-78.638206,-1.658817],[-78.637651,-1.659862],[-78.637004,-1.660652],[-78.637338,-1.660866],[-78.637629,-1.661096],[-78.638176,-1.661564],[-78.639212,-1.662468],[-78.63986,-1.663052],[-78.640167,-1.66332],[-78.641194,-1.664067],[-78.641208,-1.664078],[-78.641988,-1.664639],[-78.642468,-1.665039],[-78.64294,-1.665612],[-78.643437,-1.666209],[-78.644496,-1.665347],[-78.645023,-1.664872],[-78.645631,-1.664329]]]}},{"type":"Feature","properties":{"tipo":"red","red":"San Martín de Veranillo","zona":"Red San Martín de Veranillo","subredes":23,"caudal_l_s":127.62,"area_m2":9446751.3,"area_ha":944.68,"perimetro_m":25072.04,"fuente":"EP Riobamba (ex EMAPAR)","actualizacion":"marzo 2025"},"geometry":{"type":"Polygon","coordinates":[[[-78.638903,-1.656455],[-78.637862,-1.656061],[-78.637442,-1.655965],[-78.63692,-1.655916],[-78.637,-1.655716],[-78.637306,-1.655078],[-78.637585,-1.654548],[-78.637636,-1.654299],[-78.637617,-1.653215],[-78.637631,-1.652646],[-78.637705,-1.652364],[-78.637868,-1.651827],[-78.637842,-1.65149],[-78.637733,-1.65135],[-78.637189,-1.650744],[-78.636706,-1.650011],[-78.636528,-1.649783],[-78.636364,-1.649671],[-78.636211,-1.649588],[-78.636001,-1.649437],[-78.63577,-1.649357],[-78.635541,-1.64921],[-78.634934,-1.648719],[-78.634693,-1.648637],[-78.633982,-1.648432],[-78.633429,-1.648212],[-78.633191,-1.648054],[-78.632925,-1.647869],[-78.632716,-1.647764],[-78.632325,-1.647603],[-78.632263,-1.647525],[-78.632157,-1.647347],[-78.631952,-1.64725],[-78.631744,-1.647127],[-78.631583,-1.646948],[-78.631329,-1.647042],[-78.631113,-1.647029],[-78.630915,-1.646983],[-78.63065,-1.646866],[-78.630415,-1.64674],[-78.62779,-1.646877],[-78.624968,-1.647503],[-78.622752,-1.648111],[-78.622103,-1.648181],[-78.62194,-1.6482],[-78.620446,-1.648374],[-78.612572,-1.647479],[-78.606903,-1.645628],[-78.605444,-1.641646],[-78.6034,-1.643154],[-78.601355,-1.644662],[-78.602425,-1.647294],[-78.602283,-1.650207],[-78.603145,-1.651699],[-78.604103,-1.651599],[-78.608388,-1.651175],[-78.610451,-1.652704],[-78.611997,-1.653829],[-78.61469,-1.65487],[-78.617762,-1.656547],[-78.619899,-1.65746],[-78.620687,-1.657784],[-78.622615,-1.658826],[-78.622763,-1.659296],[-78.622803,-1.659706],[-78.621862,-1.660704],[-78.622758,-1.662666],[-78.624601,-1.662876],[-78.625616,-1.662187],[-78.626262,-1.663],[-78.629515,-1.662355],[-78.627931,-1.664558],[-78.62728,-1.667255],[-78.627043,-1.667289],[-78.626883,-1.66729],[-78.626725,-1.667249],[-78.626292,-1.667837],[-78.626233,-1.668098],[-78.626223,-1.66846],[-78.6263,-1.668654],[-78.626481,-1.668982],[-78.626748,-1.669488],[-78.625175,-1.670747],[-78.624869,-1.671325],[-78.626627,-1.673461],[-78.627749,-1.674438],[-78.62648,-1.676679],[-78.62207,-1.675715],[-78.622616,-1.678619],[-78.622592,-1.678743],[-78.619434,-1.678111],[-78.618494,-1.676961],[-78.617981,-1.674503],[-78.616905,-1.672783],[-78.614128,-1.670052],[-78.613701,-1.67048],[-78.612693,-1.673998],[-78.611152,-1.675948],[-78.611764,-1.678495],[-78.610892,-1.680802],[-78.613065,-1.682088],[-78.612454,-1.684188],[-78.614383,-1.684379],[-78.615759,-1.683692],[-78.616223,-1.684946],[-78.616619,-1.68627],[-78.617073,-1.685924],[-78.617309,-1.685784],[-78.617346,-1.685591],[-78.617261,-1.685498],[-78.617176,-1.685435],[-78.617067,-1.685313],[-78.617006,-1.685208],[-78.616956,-1.685077],[-78.616926,-1.684936],[-78.616891,-1.684844],[-78.616874,-1.68471],[-78.616884,-1.684652],[-78.616915,-1.6846],[-78.616961,-1.684561],[-78.617031,-1.684536],[-78.617086,-1.684388],[-78.617098,-1.684323],[-78.617095,-1.684304],[-78.617095,-1.684284],[-78.617087,-1.684232],[-78.61705,-1.683917],[-78.617006,-1.683644],[-78.617025,-1.683467],[-78.617054,-1.682967],[-78.617068,-1.682902],[-78.617092,-1.682847],[-78.617124,-1.682797],[-78.617959,-1.682682],[-78.618408,-1.68183],[-78.618904,-1.680801],[-78.619642,-1.678955],[-78.620199,-1.67911],[-78.620938,-1.679163],[-78.621363,-1.679101],[-78.621848,-1.678995],[-78.622641,-1.678753],[-78.624195,-1.678972],[-78.625002,-1.679031],[-78.625804,-1.679129],[-78.626305,-1.679205],[-78.626589,-1.679306],[-78.62709,-1.680149],[-78.627276,-1.680236],[-78.628212,-1.680616],[-78.628985,-1.68093],[-78.629445,-1.681033],[-78.629801,-1.681024],[-78.630017,-1.681005],[-78.630013,-1.680926],[-78.632711,-1.680219],[-78.633632,-1.679982],[-78.634364,-1.679792],[-78.634825,-1.67969],[-78.63554,-1.679509],[-78.635921,-1.679411],[-78.636277,-1.679319],[-78.637328,-1.679044],[-78.638032,-1.678861],[-78.638739,-1.678674],[-78.638895,-1.678652],[-78.638272,-1.677892],[-78.637941,-1.677512],[-78.638362,-1.677108],[-78.638773,-1.676706],[-78.63922,-1.676343],[-78.639682,-1.675951],[-78.640241,-1.675452],[-78.640821,-1.674966],[-78.641402,-1.674463],[-78.641988,-1.673974],[-78.642546,-1.673464],[-78.642924,-1.673917],[-78.643448,-1.674531],[-78.643906,-1.675074],[-78.644387,-1.675632],[-78.644874,-1.676211],[-78.645433,-1.675727],[-78.645992,-1.675243],[-78.646572,-1.674751],[-78.646754,-1.674594],[-78.647134,-1.674267],[-78.647697,-1.673761],[-78.647261,-1.673249],[-78.646381,-1.672163],[-78.645901,-1.671589],[-78.645323,-1.670914],[-78.644848,-1.67036],[-78.647075,-1.668358],[-78.648173,-1.667375],[-78.647673,-1.666779],[-78.647191,-1.66621],[-78.646737,-1.665666],[-78.646265,-1.665074],[-78.645631,-1.664329],[-78.645023,-1.664872],[-78.644496,-1.665347],[-78.643437,-1.666209],[-78.64294,-1.665612],[-78.642468,-1.665039],[-78.641988,-1.664639],[-78.641208,-1.664078],[-78.641194,-1.664067],[-78.640167,-1.66332],[-78.63986,-1.663052],[-78.639212,-1.662468],[-78.638176,-1.661564],[-78.637629,-1.661096],[-78.637338,-1.660866],[-78.637004,-1.660652],[-78.637651,-1.659862],[-78.638206,-1.658817],[-78.639189,-1.657449],[-78.639645,-1.656814],[-78.638903,-1.656455]]]}},{"type":"Feature","properties":{"tipo":"red","red":"Tapi","zona":"Red Tapi","subredes":16,"caudal_l_s":57.79,"area_m2":3064709.89,"area_ha":306.47,"perimetro_m":8735.7,"fuente":"EP Riobamba (ex EMAPAR)","actualizacion":"marzo 2025"},"geometry":{"type":"Polygon","coordinates":[[[-78.671335,-1.64794],[-78.671528,-1.647704],[-78.671722,-1.647469],[-78.672728,-1.64801],[-78.673734,-1.648551],[-78.673908,-1.648663],[-78.674082,-1.648775],[-78.674301,-1.648895],[-78.67452,-1.649014],[-78.674082,-1.64976],[-78.673643,-1.650506],[-78.674881,-1.65094],[-78.675425,-1.651131],[-78.676119,-1.651374],[-78.676134,-1.651457],[-78.67615,-1.651539],[-78.676396,-1.65189],[-78.676641,-1.652242],[-78.67675,-1.652175],[-78.676859,-1.652109],[-78.67703,-1.652003],[-78.677202,-1.651896],[-78.677522,-1.651702],[-78.677842,-1.651508],[-78.678245,-1.651261],[-78.678648,-1.651013],[-78.678844,-1.65089],[-78.67904,-1.650767],[-78.679269,-1.650621],[-78.679498,-1.650475],[-78.679691,-1.650349],[-78.679885,-1.650224],[-78.679984,-1.650153],[-78.680084,-1.650082],[-78.6803,-1.649929],[-78.680516,-1.649776],[-78.68063,-1.649688],[-78.680836,-1.649554],[-78.681042,-1.649421],[-78.681538,-1.649122],[-78.682035,-1.648824],[-78.682192,-1.648706],[-78.682348,-1.648587],[-78.682483,-1.648479],[-78.682619,-1.648371],[-78.682866,-1.648196],[-78.683113,-1.648022],[-78.683375,-1.647863],[-78.683638,-1.647704],[-78.683987,-1.647484],[-78.684337,-1.647263],[-78.684378,-1.647243],[-78.68442,-1.647223],[-78.684441,-1.647222],[-78.684463,-1.647221],[-78.684493,-1.647227],[-78.684524,-1.647234],[-78.684533,-1.647188],[-78.684543,-1.647143],[-78.684549,-1.647144],[-78.684554,-1.647145],[-78.684614,-1.647159],[-78.684674,-1.647173],[-78.685012,-1.647253],[-78.68535,-1.647332],[-78.686166,-1.647501],[-78.686982,-1.647671],[-78.687414,-1.647767],[-78.687846,-1.647863],[-78.688084,-1.647861],[-78.688284,-1.647852],[-78.688484,-1.647843],[-78.688448,-1.647499],[-78.688412,-1.647154],[-78.688393,-1.646877],[-78.688375,-1.6466],[-78.688338,-1.646305],[-78.688301,-1.646011],[-78.688302,-1.645545],[-78.688302,-1.645079],[-78.688309,-1.644907],[-78.688316,-1.644736],[-78.688487,-1.644679],[-78.688657,-1.644621],[-78.688926,-1.64452],[-78.689195,-1.64442],[-78.689102,-1.644158],[-78.689008,-1.643895],[-78.688915,-1.643764],[-78.688822,-1.643634],[-78.688739,-1.643558],[-78.688656,-1.643482],[-78.68855,-1.643419],[-78.688444,-1.643356],[-78.688683,-1.643046],[-78.688921,-1.642736],[-78.688353,-1.642347],[-78.687833,-1.641992],[-78.687784,-1.641958],[-78.687443,-1.641668],[-78.687102,-1.641379],[-78.686976,-1.641555],[-78.68685,-1.641731],[-78.686392,-1.641432],[-78.685934,-1.641133],[-78.686329,-1.640473],[-78.686724,-1.639813],[-78.686152,-1.639403],[-78.68558,-1.638993],[-78.685193,-1.638748],[-78.684806,-1.638504],[-78.6844,-1.638247],[-78.683993,-1.637989],[-78.683531,-1.637619],[-78.683069,-1.637249],[-78.683017,-1.637136],[-78.683,-1.637099],[-78.682965,-1.637023],[-78.682738,-1.636895],[-78.682512,-1.636766],[-78.68204,-1.636479],[-78.681568,-1.636192],[-78.681352,-1.636032],[-78.681136,-1.635872],[-78.681058,-1.635896],[-78.680981,-1.63592],[-78.680921,-1.635939],[-78.680362,-1.63579],[-78.679804,-1.635641],[-78.6795,-1.635601],[-78.679181,-1.635558],[-78.678937,-1.635485],[-78.678835,-1.635404],[-78.678732,-1.635323],[-78.678557,-1.635114],[-78.678381,-1.634905],[-78.678273,-1.634714],[-78.678164,-1.634524],[-78.678025,-1.63407],[-78.677885,-1.633617],[-78.677809,-1.633493],[-78.677733,-1.63337],[-78.677518,-1.633167],[-78.677303,-1.632964],[-78.677257,-1.633077],[-78.677211,-1.63311],[-78.677165,-1.633142],[-78.67716,-1.633174],[-78.677155,-1.633206],[-78.67717,-1.633234],[-78.677164,-1.633281],[-78.677155,-1.633331],[-78.677091,-1.633402],[-78.677031,-1.63348],[-78.676973,-1.633543],[-78.676915,-1.633606],[-78.676821,-1.633693],[-78.676728,-1.63378],[-78.676472,-1.633979],[-78.676215,-1.634179],[-78.676128,-1.634251],[-78.676041,-1.634324],[-78.675971,-1.634345],[-78.675901,-1.634366],[-78.675845,-1.634353],[-78.675789,-1.63434],[-78.675735,-1.634353],[-78.67568,-1.634366],[-78.675667,-1.634405],[-78.675653,-1.634445],[-78.675684,-1.634488],[-78.675666,-1.634527],[-78.675647,-1.634566],[-78.675625,-1.634588],[-78.675604,-1.63461],[-78.675574,-1.634614],[-78.675544,-1.634617],[-78.675507,-1.634605],[-78.67547,-1.634593],[-78.675444,-1.634586],[-78.675418,-1.63458],[-78.675391,-1.634579],[-78.675364,-1.634577],[-78.675337,-1.634581],[-78.675309,-1.634585],[-78.675275,-1.634597],[-78.675242,-1.634609],[-78.675211,-1.634631],[-78.67518,-1.634652],[-78.675156,-1.634679],[-78.675132,-1.634707],[-78.675115,-1.63474],[-78.675098,-1.634774],[-78.67509,-1.634807],[-78.675082,-1.63484],[-78.675082,-1.634873],[-78.675082,-1.634906],[-78.675087,-1.634932],[-78.675092,-1.634958],[-78.675098,-1.634976],[-78.675105,-1.634995],[-78.675116,-1.635015],[-78.675126,-1.635034],[-78.675211,-1.635088],[-78.675231,-1.635148],[-78.675252,-1.635208],[-78.675248,-1.635279],[-78.675244,-1.63535],[-78.67524,-1.635423],[-78.675236,-1.635495],[-78.675233,-1.635544],[-78.675198,-1.635691],[-78.675163,-1.635838],[-78.675156,-1.635865],[-78.67515,-1.635892],[-78.675149,-1.635916],[-78.675149,-1.63594],[-78.675149,-1.635967],[-78.675149,-1.635995],[-78.675142,-1.636012],[-78.675135,-1.636029],[-78.67513,-1.636059],[-78.675125,-1.636088],[-78.675124,-1.636145],[-78.675122,-1.636203],[-78.675109,-1.636228],[-78.675097,-1.636254],[-78.675094,-1.636267],[-78.67509,-1.636281],[-78.67509,-1.63631],[-78.67509,-1.636339],[-78.675094,-1.636382],[-78.675099,-1.636424],[-78.675093,-1.636434],[-78.675088,-1.636443],[-78.675075,-1.636464],[-78.675063,-1.636484],[-78.675063,-1.636498],[-78.675062,-1.636513],[-78.675062,-1.636527],[-78.675062,-1.63654],[-78.675058,-1.636558],[-78.675054,-1.636575],[-78.675039,-1.636604],[-78.675025,-1.636633],[-78.675022,-1.63667],[-78.675019,-1.636707],[-78.675014,-1.636717],[-78.67501,-1.636726],[-78.674991,-1.636743],[-78.674977,-1.636759],[-78.674963,-1.636775],[-78.674958,-1.636792],[-78.674953,-1.636809],[-78.674947,-1.636818],[-78.674941,-1.636827],[-78.67494,-1.636845],[-78.674938,-1.636862],[-78.674941,-1.636895],[-78.674944,-1.636928],[-78.674944,-1.63695],[-78.674945,-1.636971],[-78.674962,-1.636995],[-78.67498,-1.637018],[-78.67499,-1.637062],[-78.67498,-1.637076],[-78.67497,-1.637089],[-78.674965,-1.63713],[-78.67496,-1.637171],[-78.67497,-1.637196],[-78.67498,-1.637222],[-78.674994,-1.637242],[-78.675008,-1.637262],[-78.675008,-1.637286],[-78.675002,-1.637297],[-78.674996,-1.637309],[-78.67499,-1.637326],[-78.674984,-1.637342],[-78.674989,-1.637358],[-78.675003,-1.637375],[-78.674999,-1.637396],[-78.67499,-1.637419],[-78.674978,-1.637457],[-78.674932,-1.637493],[-78.674854,-1.637524],[-78.674796,-1.637575],[-78.674737,-1.637627],[-78.674566,-1.637813],[-78.674396,-1.637999],[-78.674364,-1.638039],[-78.674332,-1.638079],[-78.674304,-1.638107],[-78.674276,-1.638135],[-78.674264,-1.638175],[-78.674251,-1.638216],[-78.674244,-1.638252],[-78.674236,-1.638288],[-78.674207,-1.638331],[-78.674177,-1.638373],[-78.674159,-1.6384],[-78.67414,-1.638427],[-78.674125,-1.638447],[-78.674109,-1.638467],[-78.674058,-1.638505],[-78.674007,-1.638542],[-78.673957,-1.63855],[-78.673906,-1.638558],[-78.673865,-1.638545],[-78.673824,-1.638531],[-78.673785,-1.638552],[-78.673747,-1.638572],[-78.67372,-1.638572],[-78.673693,-1.638571],[-78.673661,-1.638576],[-78.673629,-1.638581],[-78.673587,-1.638619],[-78.673545,-1.638657],[-78.673508,-1.638669],[-78.673472,-1.638681],[-78.673455,-1.638673],[-78.673438,-1.638665],[-78.673373,-1.638643],[-78.673309,-1.638622],[-78.673271,-1.638603],[-78.673227,-1.638587],[-78.673183,-1.63857],[-78.673147,-1.63857],[-78.673111,-1.63857],[-78.673066,-1.63857],[-78.673021,-1.63857],[-78.673002,-1.638602],[-78.672983,-1.638635],[-78.672955,-1.63866],[-78.672927,-1.638684],[-78.672884,-1.638694],[-78.67284,-1.638703],[-78.672783,-1.638699],[-78.672725,-1.638694],[-78.672697,-1.638714],[-78.672668,-1.638734],[-78.67262,-1.63875],[-78.672572,-1.638765],[-78.672524,-1.638779],[-78.672477,-1.638793],[-78.67244,-1.638806],[-78.672404,-1.638818],[-78.672381,-1.638809],[-78.672358,-1.6388],[-78.672298,-1.63882],[-78.672237,-1.63884],[-78.672221,-1.638878],[-78.672203,-1.638888],[-78.672188,-1.638887],[-78.672174,-1.638887],[-78.672114,-1.638901],[-78.672053,-1.638916],[-78.671898,-1.638945],[-78.671742,-1.638975],[-78.671638,-1.639059],[-78.671533,-1.639143],[-78.671457,-1.63914],[-78.671382,-1.639137],[-78.671323,-1.639113],[-78.671263,-1.639089],[-78.671247,-1.639058],[-78.671235,-1.639043],[-78.671223,-1.639029],[-78.671163,-1.639014],[-78.671108,-1.638999],[-78.671053,-1.638985],[-78.67101,-1.638917],[-78.670967,-1.63885],[-78.67088,-1.638748],[-78.670794,-1.638646],[-78.670769,-1.638617],[-78.670743,-1.638587],[-78.670709,-1.638577],[-78.670675,-1.638568],[-78.670662,-1.638563],[-78.67065,-1.638558],[-78.67064,-1.638561],[-78.67063,-1.638565],[-78.670627,-1.638574],[-78.670623,-1.638583],[-78.670623,-1.638594],[-78.670622,-1.638605],[-78.670606,-1.638624],[-78.670589,-1.638643],[-78.670559,-1.638693],[-78.670529,-1.638742],[-78.67052,-1.638767],[-78.67051,-1.638791],[-78.670478,-1.638805],[-78.670446,-1.638819],[-78.670425,-1.638819],[-78.670404,-1.638819],[-78.670383,-1.638797],[-78.670362,-1.638774],[-78.670342,-1.638767],[-78.670323,-1.63876],[-78.67029,-1.638788],[-78.670257,-1.638817],[-78.670155,-1.63882],[-78.670053,-1.638822],[-78.670031,-1.638839],[-78.67002,-1.638865],[-78.670006,-1.638845],[-78.669992,-1.638826],[-78.669954,-1.638799],[-78.669916,-1.638772],[-78.669855,-1.638726],[-78.669793,-1.638681],[-78.669734,-1.63865],[-78.669674,-1.638619],[-78.669612,-1.638595],[-78.66955,-1.638571],[-78.669497,-1.638563],[-78.669443,-1.638556],[-78.669427,-1.638552],[-78.66941,-1.638548],[-78.669383,-1.638545],[-78.669355,-1.638542],[-78.66932,-1.638541],[-78.669285,-1.63854],[-78.669261,-1.638548],[-78.669238,-1.638557],[-78.669219,-1.638576],[-78.669201,-1.638595],[-78.669185,-1.638626],[-78.669169,-1.638656],[-78.669145,-1.638674],[-78.66912,-1.638692],[-78.669093,-1.638705],[-78.669066,-1.638717],[-78.669044,-1.638726],[-78.669021,-1.638735],[-78.668977,-1.638741],[-78.668934,-1.638747],[-78.668921,-1.638752],[-78.668909,-1.638758],[-78.668896,-1.638758],[-78.668884,-1.638759],[-78.668869,-1.638754],[-78.668854,-1.638749],[-78.668836,-1.638742],[-78.668818,-1.638734],[-78.668786,-1.638716],[-78.668755,-1.638698],[-78.66872,-1.63868],[-78.668685,-1.638661],[-78.668661,-1.638649],[-78.668637,-1.638636],[-78.668611,-1.638615],[-78.668586,-1.638594],[-78.668572,-1.638572],[-78.668559,-1.63855],[-78.668528,-1.638522],[-78.668497,-1.638495],[-78.668475,-1.638482],[-78.668452,-1.638468],[-78.668431,-1.638477],[-78.66841,-1.638485],[-78.6684,-1.638488],[-78.668391,-1.638491],[-78.66837,-1.638497],[-78.668349,-1.638503],[-78.668329,-1.638501],[-78.66831,-1.638498],[-78.668288,-1.638502],[-78.668267,-1.638506],[-78.668248,-1.638497],[-78.668229,-1.638487],[-78.668213,-1.638495],[-78.668196,-1.638502],[-78.668191,-1.638512],[-78.668186,-1.638521],[-78.668179,-1.63853],[-78.668173,-1.63854],[-78.668167,-1.638547],[-78.668161,-1.638553],[-78.668156,-1.638559],[-78.66815,-1.638565],[-78.668141,-1.638573],[-78.668133,-1.63858],[-78.668124,-1.638586],[-78.668115,-1.638592],[-78.668103,-1.638599],[-78.668091,-1.638606],[-78.668074,-1.638612],[-78.668057,-1.638619],[-78.668041,-1.638622],[-78.668026,-1.638625],[-78.668011,-1.638627],[-78.667997,-1.638628],[-78.667982,-1.638627],[-78.667967,-1.638626],[-78.667942,-1.638622],[-78.667925,-1.638617],[-78.667911,-1.638608],[-78.667898,-1.638599],[-78.667873,-1.638599],[-78.667848,-1.638599],[-78.667835,-1.638599],[-78.667822,-1.638599],[-78.667804,-1.638593],[-78.667785,-1.638587],[-78.667761,-1.638579],[-78.667738,-1.638571],[-78.667706,-1.638559],[-78.667674,-1.638548],[-78.667627,-1.638563],[-78.667579,-1.638578],[-78.667511,-1.63857],[-78.667443,-1.638562],[-78.667294,-1.638531],[-78.667144,-1.6385],[-78.667094,-1.638499],[-78.667045,-1.638498],[-78.66699,-1.638539],[-78.666935,-1.63858],[-78.666929,-1.638667],[-78.666923,-1.638755],[-78.66693,-1.638816],[-78.666937,-1.638878],[-78.666932,-1.638931],[-78.666928,-1.638985],[-78.666908,-1.639057],[-78.666887,-1.639128],[-78.66685,-1.63919],[-78.666813,-1.639252],[-78.666758,-1.639323],[-78.666703,-1.639394],[-78.666625,-1.639452],[-78.666547,-1.639509],[-78.666492,-1.639595],[-78.666437,-1.63968],[-78.666364,-1.639804],[-78.666291,-1.639929],[-78.666208,-1.640004],[-78.666125,-1.640079],[-78.666054,-1.640179],[-78.665984,-1.640278],[-78.665903,-1.640355],[-78.665822,-1.640432],[-78.665723,-1.640578],[-78.665624,-1.640724],[-78.665573,-1.640781],[-78.665523,-1.640838],[-78.665422,-1.640939],[-78.665321,-1.64104],[-78.665246,-1.641144],[-78.665171,-1.641247],[-78.665066,-1.641372],[-78.66496,-1.641496],[-78.664851,-1.641642],[-78.664742,-1.641788],[-78.664609,-1.641941],[-78.664506,-1.6421],[-78.664402,-1.642259],[-78.664237,-1.642518],[-78.664072,-1.642776],[-78.663841,-1.64302],[-78.663611,-1.643263],[-78.663601,-1.64327],[-78.663816,-1.643312],[-78.664032,-1.643354],[-78.66553,-1.64448],[-78.666575,-1.645265],[-78.667028,-1.645606],[-78.667257,-1.64527],[-78.667486,-1.644935],[-78.667899,-1.645256],[-78.668312,-1.645578],[-78.668118,-1.645929],[-78.667924,-1.646279],[-78.668339,-1.646591],[-78.668754,-1.646902],[-78.669322,-1.647055],[-78.669891,-1.647207],[-78.670613,-1.647574],[-78.671335,-1.64794]]]}},{"type":"Feature","properties":{"tipo":"red","red":"Tratamiento","zona":"Red Tratamiento","subredes":7,"caudal_l_s":30.73,"area_m2":1682471.06,"area_ha":168.25,"perimetro_m":6240.32,"fuente":"EP Riobamba (ex EMAPAR)","actualizacion":"marzo 2025"},"geometry":{"type":"Polygon","coordinates":[[[-78.689581,-1.635726],[-78.689926,-1.632722],[-78.690574,-1.632292],[-78.691855,-1.630306],[-78.692045,-1.629772],[-78.692209,-1.629491],[-78.692438,-1.629221],[-78.692809,-1.628514],[-78.692966,-1.628328],[-78.692538,-1.628065],[-78.692096,-1.627796],[-78.691681,-1.627529],[-78.691499,-1.6274],[-78.69099,-1.627017],[-78.68829,-1.62864],[-78.685958,-1.627266],[-78.687349,-1.62483],[-78.686618,-1.624398],[-78.68612,-1.62406],[-78.685406,-1.623536],[-78.684927,-1.623317],[-78.684911,-1.623341],[-78.684897,-1.623405],[-78.684898,-1.623441],[-78.684872,-1.623484],[-78.68484,-1.623496],[-78.68479,-1.6235],[-78.684745,-1.623478],[-78.68452,-1.623312],[-78.68451,-1.623305],[-78.684499,-1.623301],[-78.684487,-1.623299],[-78.684474,-1.6233],[-78.684459,-1.623304],[-78.684449,-1.623309],[-78.68444,-1.623316],[-78.684431,-1.623326],[-78.684392,-1.623358],[-78.684365,-1.623378],[-78.684323,-1.623396],[-78.684283,-1.623405],[-78.684243,-1.623407],[-78.684199,-1.623401],[-78.684155,-1.623385],[-78.684131,-1.62337],[-78.683969,-1.623343],[-78.683949,-1.623341],[-78.683924,-1.623345],[-78.683908,-1.623351],[-78.683892,-1.62336],[-78.683877,-1.623374],[-78.683864,-1.623389],[-78.683857,-1.623404],[-78.683852,-1.623415],[-78.68385,-1.623426],[-78.683848,-1.623437],[-78.683792,-1.623488],[-78.683753,-1.623505],[-78.683714,-1.623502],[-78.683681,-1.623517],[-78.683655,-1.623524],[-78.683541,-1.623574],[-78.683426,-1.623615],[-78.683335,-1.623687],[-78.683249,-1.623714],[-78.683137,-1.623744],[-78.683096,-1.623758],[-78.683083,-1.6238],[-78.683087,-1.623851],[-78.683104,-1.623874],[-78.683117,-1.6239],[-78.683116,-1.623922],[-78.683086,-1.62393],[-78.683035,-1.623954],[-78.683025,-1.623966],[-78.683023,-1.623968],[-78.683022,-1.623971],[-78.683022,-1.623973],[-78.683022,-1.623975],[-78.683023,-1.623977],[-78.683024,-1.623979],[-78.683025,-1.62398],[-78.683026,-1.623981],[-78.68308,-1.624021],[-78.683095,-1.624034],[-78.682948,-1.624109],[-78.682883,-1.624129],[-78.682834,-1.624152],[-78.682736,-1.624187],[-78.682649,-1.624202],[-78.68264,-1.624204],[-78.682634,-1.624207],[-78.682629,-1.624212],[-78.682623,-1.624218],[-78.682619,-1.624225],[-78.682616,-1.624232],[-78.682616,-1.624237],[-78.682615,-1.624244],[-78.682622,-1.624275],[-78.68259,-1.624308],[-78.682575,-1.624334],[-78.682551,-1.624359],[-78.682519,-1.624398],[-78.68249,-1.624461],[-78.682442,-1.624511],[-78.682392,-1.624545],[-78.682355,-1.624594],[-78.682349,-1.624703],[-78.682337,-1.624923],[-78.682324,-1.625074],[-78.682374,-1.625174],[-78.682419,-1.625227],[-78.682449,-1.625244],[-78.682466,-1.625253],[-78.682482,-1.625264],[-78.682391,-1.625321],[-78.682344,-1.625344],[-78.682192,-1.625417],[-78.68209,-1.625444],[-78.682082,-1.625447],[-78.682074,-1.625452],[-78.682066,-1.625458],[-78.682061,-1.625465],[-78.682057,-1.625471],[-78.682054,-1.625477],[-78.682053,-1.625483],[-78.682052,-1.625487],[-78.682051,-1.625498],[-78.682062,-1.625564],[-78.682063,-1.625586],[-78.682051,-1.625623],[-78.68193,-1.625701],[-78.681854,-1.625675],[-78.681762,-1.625709],[-78.681693,-1.625771],[-78.681664,-1.625853],[-78.681596,-1.625951],[-78.681515,-1.626065],[-78.681458,-1.626057],[-78.681354,-1.626167],[-78.681228,-1.626201],[-78.6811,-1.626278],[-78.680752,-1.626493],[-78.680639,-1.626519],[-78.680616,-1.626547],[-78.680619,-1.626602],[-78.680594,-1.626653],[-78.680587,-1.626698],[-78.68061,-1.626735],[-78.680561,-1.626879],[-78.680522,-1.626927],[-78.680224,-1.627364],[-78.680135,-1.627404],[-78.680075,-1.627502],[-78.679991,-1.627617],[-78.679932,-1.627648],[-78.679878,-1.627763],[-78.679847,-1.627822],[-78.67976,-1.627894],[-78.679632,-1.627967],[-78.67953,-1.628004],[-78.679454,-1.628025],[-78.679395,-1.628054],[-78.679318,-1.628102],[-78.679222,-1.628131],[-78.679213,-1.628135],[-78.679203,-1.628142],[-78.679197,-1.628147],[-78.679192,-1.628155],[-78.679186,-1.628164],[-78.679183,-1.628174],[-78.679182,-1.628183],[-78.679184,-1.628225],[-78.679196,-1.628286],[-78.679133,-1.628506],[-78.679104,-1.628534],[-78.679055,-1.628542],[-78.678985,-1.628504],[-78.678977,-1.6285],[-78.678968,-1.628497],[-78.678958,-1.628495],[-78.678949,-1.628494],[-78.67894,-1.628494],[-78.678933,-1.628495],[-78.678926,-1.628496],[-78.678917,-1.628499],[-78.678768,-1.628569],[-78.678762,-1.628573],[-78.678757,-1.628577],[-78.678753,-1.628581],[-78.678751,-1.628585],[-78.678748,-1.628589],[-78.678747,-1.628593],[-78.678746,-1.628597],[-78.678745,-1.628602],[-78.678745,-1.628606],[-78.678745,-1.62861],[-78.678746,-1.628615],[-78.678798,-1.628697],[-78.678813,-1.628725],[-78.678698,-1.628978],[-78.67868,-1.629045],[-78.678685,-1.62923],[-78.678669,-1.629307],[-78.678608,-1.62939],[-78.678488,-1.629556],[-78.678302,-1.629765],[-78.678272,-1.629803],[-78.678253,-1.629835],[-78.678237,-1.629869],[-78.678224,-1.629908],[-78.678217,-1.629939],[-78.678212,-1.629979],[-78.678212,-1.630019],[-78.678216,-1.630058],[-78.678225,-1.630094],[-78.67823,-1.630113],[-78.678247,-1.630188],[-78.678104,-1.630404],[-78.67801,-1.630656],[-78.677993,-1.630735],[-78.678004,-1.630922],[-78.677955,-1.6311],[-78.677907,-1.631202],[-78.677823,-1.631373],[-78.677683,-1.63157],[-78.677666,-1.631596],[-78.677649,-1.631623],[-78.677635,-1.63165],[-78.677623,-1.631675],[-78.677612,-1.631704],[-78.677602,-1.631732],[-78.677594,-1.631759],[-78.677587,-1.631788],[-78.677582,-1.631817],[-78.677579,-1.63184],[-78.677577,-1.631864],[-78.677576,-1.631886],[-78.677576,-1.631901],[-78.677576,-1.631921],[-78.677577,-1.631937],[-78.677531,-1.63211],[-78.677509,-1.632236],[-78.677443,-1.63243],[-78.677354,-1.632837],[-78.677303,-1.632964],[-78.677733,-1.63337],[-78.677885,-1.633617],[-78.678164,-1.634524],[-78.678381,-1.634905],[-78.678732,-1.635323],[-78.678937,-1.635485],[-78.679196,-1.635562],[-78.679804,-1.635641],[-78.680921,-1.635939],[-78.680981,-1.63592],[-78.681136,-1.635872],[-78.681568,-1.636192],[-78.682512,-1.636766],[-78.682965,-1.637023],[-78.683069,-1.637249],[-78.683993,-1.637989],[-78.68558,-1.638993],[-78.686724,-1.639813],[-78.686961,-1.639417],[-78.686369,-1.638859],[-78.68774,-1.636935],[-78.688308,-1.637317],[-78.688362,-1.636969],[-78.688565,-1.635663],[-78.688609,-1.63562],[-78.689581,-1.635726]]]}},{"type":"Feature","properties":{"tipo":"red","red":"Yaruquíes","zona":"Red Yaruquíes","subredes":7,"caudal_l_s":33.99,"area_m2":4580420.66,"area_ha":458.04,"perimetro_m":13349.43,"fuente":"EP Riobamba (ex EMAPAR)","actualizacion":"marzo 2025"},"geometry":{"type":"Polygon","coordinates":[[[-78.653453,-1.686913],[-78.653419,-1.687035],[-78.653341,-1.687142],[-78.653289,-1.687193],[-78.653287,-1.687239],[-78.653234,-1.687291],[-78.653125,-1.687421],[-78.653021,-1.68753],[-78.652908,-1.687606],[-78.652808,-1.687667],[-78.652714,-1.68772],[-78.652619,-1.687757],[-78.652522,-1.687781],[-78.652387,-1.687822],[-78.652323,-1.687831],[-78.652243,-1.687834],[-78.652109,-1.687857],[-78.651909,-1.6879],[-78.651728,-1.68793],[-78.651603,-1.687962],[-78.651507,-1.687993],[-78.651374,-1.68807],[-78.651284,-1.688128],[-78.651157,-1.688244],[-78.651041,-1.688365],[-78.650913,-1.688489],[-78.650832,-1.688544],[-78.650768,-1.688569],[-78.650717,-1.688579],[-78.650564,-1.688574],[-78.650431,-1.688566],[-78.650313,-1.68855],[-78.649984,-1.688525],[-78.649695,-1.688495],[-78.649487,-1.688477],[-78.649239,-1.688484],[-78.64907,-1.68856],[-78.648927,-1.688664],[-78.648787,-1.68886],[-78.648704,-1.689019],[-78.648613,-1.689163],[-78.648539,-1.68932],[-78.648442,-1.689479],[-78.648432,-1.689627],[-78.648144,-1.690263],[-78.648101,-1.690353],[-78.648059,-1.690473],[-78.64794,-1.690623],[-78.647814,-1.690761],[-78.647717,-1.690798],[-78.64764,-1.690802],[-78.647525,-1.690776],[-78.647502,-1.690773],[-78.647477,-1.690772],[-78.647448,-1.690774],[-78.647419,-1.690781],[-78.647384,-1.690794],[-78.647359,-1.690809],[-78.647342,-1.690821],[-78.647324,-1.690838],[-78.647305,-1.690861],[-78.647292,-1.690879],[-78.647281,-1.6909],[-78.647269,-1.690923],[-78.647259,-1.690948],[-78.647254,-1.690964],[-78.647236,-1.691074],[-78.647215,-1.691201],[-78.647226,-1.691273],[-78.647233,-1.691352],[-78.647241,-1.691436],[-78.647262,-1.691693],[-78.647278,-1.69178],[-78.647271,-1.691834],[-78.647207,-1.691899],[-78.647099,-1.692015],[-78.646912,-1.692276],[-78.646873,-1.692352],[-78.646838,-1.692423],[-78.646801,-1.692543],[-78.646782,-1.69263],[-78.64675,-1.692714],[-78.646724,-1.692828],[-78.646715,-1.692906],[-78.646723,-1.692996],[-78.646748,-1.693094],[-78.64682,-1.693176],[-78.646809,-1.693181],[-78.646808,-1.693181],[-78.646807,-1.693182],[-78.646806,-1.693182],[-78.646805,-1.693183],[-78.646804,-1.693184],[-78.646803,-1.693185],[-78.646802,-1.693187],[-78.646801,-1.693189],[-78.6468,-1.69319],[-78.646799,-1.693192],[-78.646799,-1.693194],[-78.646799,-1.693196],[-78.646799,-1.693198],[-78.646799,-1.6932],[-78.6468,-1.693203],[-78.646801,-1.693205],[-78.646836,-1.693263],[-78.646933,-1.693405],[-78.647109,-1.693597],[-78.647455,-1.693883],[-78.647525,-1.693959],[-78.647594,-1.694053],[-78.647612,-1.694131],[-78.6476,-1.694224],[-78.647605,-1.694297],[-78.647586,-1.694329],[-78.647568,-1.694396],[-78.647538,-1.694475],[-78.647527,-1.694554],[-78.647525,-1.694596],[-78.647517,-1.69468],[-78.647515,-1.694777],[-78.647451,-1.694853],[-78.6474,-1.694932],[-78.647365,-1.695072],[-78.647349,-1.695158],[-78.647361,-1.695294],[-78.647376,-1.695496],[-78.647363,-1.695664],[-78.647322,-1.6958],[-78.647316,-1.695826],[-78.647309,-1.695862],[-78.647303,-1.695897],[-78.647298,-1.695929],[-78.647294,-1.695969],[-78.647291,-1.695999],[-78.647288,-1.696055],[-78.647287,-1.696098],[-78.647288,-1.696131],[-78.64729,-1.696178],[-78.647294,-1.696224],[-78.6473,-1.696275],[-78.647307,-1.696315],[-78.647315,-1.696357],[-78.647324,-1.696396],[-78.647334,-1.696433],[-78.647345,-1.696472],[-78.647357,-1.696507],[-78.64737,-1.696543],[-78.647381,-1.696571],[-78.647391,-1.696595],[-78.647562,-1.696826],[-78.647636,-1.696907],[-78.647679,-1.696964],[-78.647726,-1.697047],[-78.647781,-1.697169],[-78.647794,-1.697256],[-78.647874,-1.697427],[-78.647993,-1.697603],[-78.648077,-1.697737],[-78.648155,-1.697793],[-78.648235,-1.697832],[-78.648297,-1.697851],[-78.648363,-1.697856],[-78.648454,-1.697837],[-78.648511,-1.697798],[-78.64858,-1.697726],[-78.648645,-1.697674],[-78.648733,-1.69761],[-78.648839,-1.697555],[-78.648907,-1.697568],[-78.648993,-1.69758],[-78.649058,-1.697599],[-78.64913,-1.697635],[-78.649203,-1.697708],[-78.649259,-1.697836],[-78.649286,-1.697946],[-78.649311,-1.698002],[-78.649339,-1.698041],[-78.649354,-1.698125],[-78.649347,-1.698186],[-78.649358,-1.698273],[-78.64935,-1.698347],[-78.649343,-1.698434],[-78.649342,-1.69847],[-78.649365,-1.698532],[-78.649392,-1.698623],[-78.649348,-1.698762],[-78.649299,-1.698976],[-78.649266,-1.69897],[-78.649247,-1.699063],[-78.649236,-1.699157],[-78.649229,-1.699255],[-78.649238,-1.699377],[-78.650017,-1.698392],[-78.650287,-1.698254],[-78.650431,-1.698332],[-78.650543,-1.698397],[-78.650653,-1.698435],[-78.650729,-1.698451],[-78.650894,-1.698463],[-78.651013,-1.698492],[-78.651125,-1.698443],[-78.65116,-1.698431],[-78.651197,-1.698425],[-78.651234,-1.698424],[-78.651271,-1.698429],[-78.651418,-1.698459],[-78.651422,-1.698459],[-78.651426,-1.698459],[-78.651431,-1.698459],[-78.651437,-1.698459],[-78.651442,-1.698458],[-78.651447,-1.698456],[-78.651452,-1.698455],[-78.651458,-1.698452],[-78.651462,-1.698451],[-78.651466,-1.698448],[-78.651467,-1.698447],[-78.651503,-1.698409],[-78.651507,-1.698405],[-78.65151,-1.698402],[-78.651514,-1.698399],[-78.651539,-1.698381],[-78.65167,-1.698421],[-78.651724,-1.698444],[-78.651785,-1.698442],[-78.651923,-1.698498],[-78.65197,-1.698486],[-78.651975,-1.698485],[-78.652008,-1.698485],[-78.652019,-1.698515],[-78.652072,-1.698564],[-78.652073,-1.698565],[-78.652075,-1.698566],[-78.652076,-1.698566],[-78.652079,-1.698566],[-78.652079,-1.698566],[-78.65223,-1.698511],[-78.652326,-1.698489],[-78.652564,-1.698447],[-78.652738,-1.698467],[-78.653029,-1.698531],[-78.653115,-1.698532],[-78.653201,-1.69849],[-78.653301,-1.698435],[-78.653414,-1.698382],[-78.65345,-1.698374],[-78.653518,-1.698419],[-78.653632,-1.698414],[-78.653745,-1.698549],[-78.653751,-1.698554],[-78.65376,-1.698559],[-78.653769,-1.698564],[-78.653782,-1.69857],[-78.653795,-1.698574],[-78.653805,-1.698577],[-78.653819,-1.69858],[-78.653832,-1.698582],[-78.65384,-1.698582],[-78.653906,-1.698577],[-78.65397,-1.698593],[-78.654021,-1.698625],[-78.654122,-1.698745],[-78.654125,-1.698747],[-78.654131,-1.698752],[-78.654136,-1.698756],[-78.654145,-1.698761],[-78.654153,-1.698764],[-78.654161,-1.698767],[-78.65417,-1.698769],[-78.654177,-1.69877],[-78.654183,-1.69877],[-78.654185,-1.69877],[-78.654269,-1.698748],[-78.654331,-1.698748],[-78.654392,-1.698765],[-78.654443,-1.698809],[-78.654489,-1.698908],[-78.654543,-1.698961],[-78.654623,-1.698998],[-78.654671,-1.699],[-78.654755,-1.699032],[-78.654761,-1.699034],[-78.654767,-1.699035],[-78.654776,-1.699035],[-78.654784,-1.699034],[-78.654793,-1.699031],[-78.654799,-1.699029],[-78.654807,-1.699025],[-78.654813,-1.699021],[-78.65482,-1.699015],[-78.654824,-1.69901],[-78.654892,-1.69891],[-78.654903,-1.69889],[-78.654923,-1.698867],[-78.654942,-1.698891],[-78.655088,-1.69899],[-78.655138,-1.699079],[-78.65519,-1.699143],[-78.655276,-1.699195],[-78.655284,-1.6992],[-78.65529,-1.699203],[-78.655297,-1.699205],[-78.655304,-1.699207],[-78.655308,-1.699207],[-78.655354,-1.699201],[-78.655368,-1.699201],[-78.655406,-1.699202],[-78.655464,-1.699231],[-78.655499,-1.699276],[-78.655503,-1.699279],[-78.65551,-1.699284],[-78.655517,-1.699287],[-78.655525,-1.69929],[-78.655535,-1.699291],[-78.655543,-1.69929],[-78.655553,-1.699288],[-78.655562,-1.699284],[-78.65557,-1.699279],[-78.655578,-1.69927],[-78.655663,-1.699169],[-78.655709,-1.699134],[-78.655779,-1.699062],[-78.655783,-1.699058],[-78.655784,-1.699057],[-78.655794,-1.699046],[-78.655833,-1.699066],[-78.65582,-1.699091],[-78.655802,-1.699158],[-78.655803,-1.699167],[-78.655805,-1.699174],[-78.655809,-1.699183],[-78.655815,-1.699193],[-78.655825,-1.699203],[-78.65584,-1.699213],[-78.655851,-1.699216],[-78.655864,-1.699218],[-78.655873,-1.699217],[-78.655977,-1.699183],[-78.656028,-1.699172],[-78.656081,-1.6992],[-78.656169,-1.699196],[-78.65631,-1.69927],[-78.656416,-1.699319],[-78.656481,-1.699335],[-78.656563,-1.699355],[-78.656615,-1.699399],[-78.656622,-1.699401],[-78.656628,-1.699402],[-78.656637,-1.699404],[-78.656648,-1.699405],[-78.656659,-1.699405],[-78.656669,-1.699405],[-78.656679,-1.699403],[-78.65669,-1.6994],[-78.656702,-1.699396],[-78.656815,-1.699276],[-78.656836,-1.699249],[-78.656863,-1.699221],[-78.656926,-1.699203],[-78.656985,-1.69922],[-78.657072,-1.699311],[-78.657077,-1.699314],[-78.657083,-1.699317],[-78.657092,-1.699319],[-78.657099,-1.69932],[-78.657108,-1.69932],[-78.657117,-1.699318],[-78.657127,-1.699314],[-78.657132,-1.699311],[-78.657153,-1.699293],[-78.657202,-1.699276],[-78.657258,-1.699278],[-78.657288,-1.699294],[-78.657337,-1.699312],[-78.657423,-1.699305],[-78.657599,-1.699278],[-78.657656,-1.699281],[-78.657713,-1.699296],[-78.657743,-1.699311],[-78.657806,-1.699327],[-78.657816,-1.699329],[-78.657826,-1.699329],[-78.657836,-1.699329],[-78.657845,-1.699329],[-78.657853,-1.699328],[-78.657862,-1.699327],[-78.65787,-1.699325],[-78.657879,-1.699322],[-78.657891,-1.699318],[-78.657901,-1.699313],[-78.65791,-1.699308],[-78.657918,-1.699303],[-78.657925,-1.699297],[-78.657948,-1.699276],[-78.657954,-1.699271],[-78.657962,-1.699266],[-78.657992,-1.69925],[-78.658018,-1.699252],[-78.658144,-1.699265],[-78.658295,-1.699261],[-78.658368,-1.699221],[-78.658564,-1.699153],[-78.658713,-1.698999],[-78.658791,-1.698843],[-78.659302,-1.698448],[-78.659703,-1.698236],[-78.660228,-1.6983],[-78.66055,-1.697856],[-78.660035,-1.697186],[-78.659817,-1.696794],[-78.659588,-1.696608],[-78.659541,-1.696051],[-78.659758,-1.695877],[-78.659566,-1.695302],[-78.6596,-1.69496],[-78.659746,-1.694579],[-78.660091,-1.69443],[-78.660443,-1.694427],[-78.660832,-1.694598],[-78.661465,-1.694841],[-78.66193,-1.694942],[-78.662341,-1.695019],[-78.662738,-1.694506],[-78.662414,-1.694201],[-78.66209,-1.693895],[-78.661966,-1.693408],[-78.661849,-1.693151],[-78.661754,-1.692456],[-78.661945,-1.691894],[-78.662507,-1.691576],[-78.663176,-1.691785],[-78.663415,-1.692094],[-78.663787,-1.692126],[-78.664108,-1.691943],[-78.664511,-1.692279],[-78.664545,-1.692512],[-78.664773,-1.692592],[-78.665007,-1.692502],[-78.665286,-1.69287],[-78.665439,-1.692894],[-78.665864,-1.692652],[-78.665933,-1.692704],[-78.665912,-1.693082],[-78.666036,-1.693141],[-78.666298,-1.69301],[-78.666394,-1.693156],[-78.666587,-1.693187],[-78.66677,-1.693017],[-78.666774,-1.692584],[-78.666602,-1.692338],[-78.666665,-1.69203],[-78.667297,-1.691126],[-78.667553,-1.691113],[-78.667907,-1.691373],[-78.668136,-1.692029],[-78.66826,-1.692235],[-78.668252,-1.692448],[-78.668307,-1.69262],[-78.668439,-1.69267],[-78.668539,-1.692585],[-78.668777,-1.692098],[-78.668835,-1.692028],[-78.66891,-1.691973],[-78.668977,-1.691945],[-78.669082,-1.691923],[-78.669373,-1.69188],[-78.669552,-1.691813],[-78.669709,-1.691808],[-78.669723,-1.691811],[-78.669735,-1.691813],[-78.66975,-1.691814],[-78.669769,-1.691814],[-78.669785,-1.691813],[-78.6698,-1.691811],[-78.669814,-1.691808],[-78.669831,-1.691804],[-78.669847,-1.691798],[-78.669864,-1.691791],[-78.669878,-1.691784],[-78.669893,-1.691776],[-78.669908,-1.691765],[-78.67055,-1.691287],[-78.670689,-1.691194],[-78.670781,-1.691161],[-78.670985,-1.691118],[-78.671118,-1.691097],[-78.671365,-1.691045],[-78.671641,-1.690982],[-78.671744,-1.690992],[-78.672038,-1.691072],[-78.67215,-1.691172],[-78.672391,-1.691492],[-78.672397,-1.691495],[-78.672403,-1.691497],[-78.672412,-1.691498],[-78.672419,-1.691497],[-78.672428,-1.691495],[-78.672742,-1.691356],[-78.672921,-1.691288],[-78.672991,-1.691319],[-78.673282,-1.691572],[-78.673488,-1.691669],[-78.673709,-1.69189],[-78.674247,-1.692426],[-78.673401,-1.693329],[-78.675115,-1.695175],[-78.677247,-1.692999],[-78.676933,-1.69252],[-78.678178,-1.691096],[-78.679218,-1.692001],[-78.680271,-1.690674],[-78.679769,-1.690004],[-78.680003,-1.689679],[-78.679698,-1.689344],[-78.680184,-1.688748],[-78.679259,-1.687843],[-78.680968,-1.686019],[-78.67966,-1.683626],[-78.67946,-1.683411],[-78.677393,-1.685635],[-78.676701,-1.683972],[-78.676633,-1.683812],[-78.676523,-1.683535],[-78.676421,-1.683298],[-78.676318,-1.683001],[-78.676285,-1.682806],[-78.676282,-1.68265],[-78.67631,-1.682397],[-78.676451,-1.68097],[-78.676463,-1.6809],[-78.67648,-1.680812],[-78.676495,-1.680741],[-78.676512,-1.680683],[-78.676537,-1.680624],[-78.676574,-1.680557],[-78.676618,-1.680499],[-78.677478,-1.679567],[-78.677489,-1.67955],[-78.677496,-1.679536],[-78.6775,-1.679522],[-78.677502,-1.679511],[-78.677503,-1.679502],[-78.677503,-1.679492],[-78.677502,-1.679484],[-78.677501,-1.67948],[-78.677498,-1.679467],[-78.677495,-1.679458],[-78.677492,-1.679452],[-78.677163,-1.678774],[-78.677153,-1.67875],[-78.677142,-1.67873],[-78.677125,-1.678705],[-78.677111,-1.678691],[-78.677097,-1.678679],[-78.677079,-1.678666],[-78.67697,-1.678763],[-78.676661,-1.678907],[-78.676471,-1.67891],[-78.675612,-1.678947],[-78.674824,-1.679065],[-78.674525,-1.67927],[-78.674092,-1.679285],[-78.673588,-1.679372],[-78.672736,-1.679832],[-78.671019,-1.680711],[-78.670783,-1.680811],[-78.670114,-1.681015],[-78.669206,-1.681583],[-78.668655,-1.681731],[-78.668133,-1.681696],[-78.667759,-1.681646],[-78.667259,-1.681824],[-78.666742,-1.682041],[-78.666437,-1.682228],[-78.665777,-1.682193],[-78.665365,-1.682203],[-78.664936,-1.682237],[-78.664019,-1.682411],[-78.663752,-1.682411],[-78.663567,-1.682422],[-78.663103,-1.682224],[-78.662906,-1.682091],[-78.662891,-1.682032],[-78.662861,-1.682034],[-78.662837,-1.682037],[-78.662795,-1.682045],[-78.662784,-1.682049],[-78.662757,-1.682016],[-78.66273,-1.682019],[-78.662699,-1.682024],[-78.662677,-1.68203],[-78.662655,-1.682037],[-78.662633,-1.682045],[-78.6626,-1.68206],[-78.66257,-1.682078],[-78.662546,-1.682095],[-78.662535,-1.682103],[-78.662524,-1.682112],[-78.662509,-1.682126],[-78.662494,-1.682141],[-78.662482,-1.682154],[-78.66247,-1.682168],[-78.66246,-1.682182],[-78.662449,-1.682197],[-78.662438,-1.682215],[-78.662428,-1.682234],[-78.662419,-1.682253],[-78.662409,-1.682277],[-78.6624,-1.682302],[-78.662394,-1.682324],[-78.662257,-1.682892],[-78.662221,-1.682953],[-78.662167,-1.683009],[-78.662094,-1.683048],[-78.662019,-1.683064],[-78.661808,-1.683054],[-78.661238,-1.683027],[-78.660294,-1.683013],[-78.659808,-1.682964],[-78.659476,-1.682887],[-78.658553,-1.682822],[-78.658486,-1.68281],[-78.658421,-1.682804],[-78.658345,-1.682804],[-78.658287,-1.68281],[-78.658209,-1.682825],[-78.658133,-1.68285],[-78.658045,-1.68289],[-78.657984,-1.682927],[-78.657908,-1.682987],[-78.657844,-1.683052],[-78.65778,-1.683129],[-78.657699,-1.683203],[-78.657605,-1.683266],[-78.657473,-1.683325],[-78.657381,-1.683344],[-78.657299,-1.683353],[-78.657222,-1.683353],[-78.657143,-1.683354],[-78.657045,-1.683364],[-78.656949,-1.68338],[-78.656853,-1.683405],[-78.656762,-1.683436],[-78.65668,-1.683471],[-78.656571,-1.683529],[-78.656475,-1.683592],[-78.65636,-1.683687],[-78.656215,-1.683837],[-78.656111,-1.683944],[-78.655854,-1.684237],[-78.655708,-1.68446],[-78.655554,-1.68464],[-78.655427,-1.68478],[-78.65535,-1.684883],[-78.655258,-1.685024],[-78.655173,-1.685141],[-78.655115,-1.68524],[-78.655032,-1.685415],[-78.654992,-1.685502],[-78.654963,-1.685557],[-78.654872,-1.685603],[-78.654808,-1.685611],[-78.654728,-1.685627],[-78.654656,-1.685626],[-78.654507,-1.685604],[-78.654363,-1.685589],[-78.654261,-1.685601],[-78.654152,-1.685671],[-78.654056,-1.685744],[-78.653988,-1.685863],[-78.653967,-1.685907],[-78.653963,-1.685932],[-78.653968,-1.685943],[-78.653981,-1.685948],[-78.653981,-1.685956],[-78.653974,-1.685964],[-78.653922,-1.686028],[-78.653882,-1.686089],[-78.653851,-1.68615],[-78.653798,-1.68618],[-78.653714,-1.686256],[-78.653675,-1.686299],[-78.653673,-1.686348],[-78.653686,-1.686386],[-78.65368,-1.686431],[-78.653656,-1.686437],[-78.653626,-1.686535],[-78.653633,-1.686596],[-78.653581,-1.68667],[-78.65357,-1.686728],[-78.653544,-1.686788],[-78.653485,-1.686869],[-78.653453,-1.686913]]]}},{"type":"Feature","properties":{"tipo":"subred","red":"El Carmen","subred":"C-01","zona":"Red El Carmen · subred C-01","sector":"1","parroquia_ep":"1","caudal_l_s":28.31,"area_m2":1208462.79,"area_ha":120.85,"perimetro_m":6531.52,"fuente":"EP Riobamba (ex EMAPAR)","actualizacion":"marzo 2025"},"geometry":{"type":"Polygon","coordinates":[[[-78.676145,-1.653581],[-78.675454,-1.654657],[-78.674952,-1.653957],[-78.674451,-1.653257],[-78.674414,-1.653251],[-78.673975,-1.653594],[-78.673536,-1.653936],[-78.673326,-1.654377],[-78.673117,-1.654818],[-78.673041,-1.654933],[-78.672966,-1.655049],[-78.672904,-1.655141],[-78.672761,-1.655353],[-78.67268,-1.655473],[-78.67259,-1.655608],[-78.672499,-1.655742],[-78.672421,-1.655858],[-78.672343,-1.655974],[-78.672298,-1.656041],[-78.672252,-1.656109],[-78.672214,-1.656165],[-78.672177,-1.656222],[-78.672243,-1.656294],[-78.672304,-1.656361],[-78.672366,-1.656428],[-78.672662,-1.656749],[-78.673004,-1.657119],[-78.673263,-1.657401],[-78.673521,-1.657683],[-78.673939,-1.658134],[-78.674535,-1.658776],[-78.674713,-1.658966],[-78.674357,-1.659337],[-78.674001,-1.659707],[-78.674232,-1.659938],[-78.674463,-1.66017],[-78.674491,-1.6602],[-78.67452,-1.66023],[-78.674646,-1.660132],[-78.674773,-1.660034],[-78.674853,-1.659872],[-78.674934,-1.659711],[-78.674959,-1.659667],[-78.674984,-1.659623],[-78.675003,-1.6596],[-78.675167,-1.659687],[-78.675332,-1.659773],[-78.675341,-1.659801],[-78.675349,-1.659829],[-78.675254,-1.660045],[-78.675159,-1.66026],[-78.675159,-1.660358],[-78.67518,-1.66038],[-78.675179,-1.660396],[-78.675176,-1.660835],[-78.675173,-1.661275],[-78.675324,-1.661233],[-78.675474,-1.661191],[-78.675649,-1.66114],[-78.675824,-1.661089],[-78.67587,-1.661338],[-78.675874,-1.661354],[-78.675901,-1.661367],[-78.675943,-1.661513],[-78.675986,-1.661667],[-78.677343,-1.66131],[-78.67803,-1.661111],[-78.679498,-1.660686],[-78.680433,-1.66041],[-78.681475,-1.660103],[-78.681377,-1.660006],[-78.680715,-1.659683],[-78.680352,-1.659386],[-78.680373,-1.659309],[-78.680427,-1.65891],[-78.680419,-1.658776],[-78.680265,-1.658195],[-78.679706,-1.656729],[-78.680162,-1.656377],[-78.680664,-1.656004],[-78.681877,-1.655131],[-78.682101,-1.654994],[-78.682783,-1.654864],[-78.683812,-1.654582],[-78.68409,-1.654464],[-78.68459,-1.654192],[-78.685047,-1.653908],[-78.684584,-1.653557],[-78.68392,-1.653143],[-78.684478,-1.652677],[-78.685225,-1.65204],[-78.686027,-1.65133],[-78.687349,-1.652368],[-78.687772,-1.652131],[-78.687243,-1.651301],[-78.686384,-1.649858],[-78.686387,-1.649811],[-78.686519,-1.649682],[-78.688272,-1.648042],[-78.688154,-1.64798],[-78.687981,-1.647909],[-78.687846,-1.647863],[-78.686982,-1.647671],[-78.68535,-1.647332],[-78.684674,-1.647173],[-78.684554,-1.647145],[-78.684543,-1.647143],[-78.684522,-1.647233],[-78.684463,-1.647221],[-78.68442,-1.647223],[-78.684337,-1.647263],[-78.683638,-1.647704],[-78.683113,-1.648022],[-78.682619,-1.648371],[-78.682348,-1.648587],[-78.682035,-1.648824],[-78.681042,-1.649421],[-78.68063,-1.649688],[-78.680516,-1.649776],[-78.680084,-1.650082],[-78.679885,-1.650224],[-78.679498,-1.650475],[-78.67904,-1.650767],[-78.678648,-1.651013],[-78.677842,-1.651508],[-78.677202,-1.651896],[-78.676859,-1.652109],[-78.676641,-1.652242],[-78.676739,-1.652374],[-78.676837,-1.652505],[-78.676145,-1.653581]]]}},{"type":"Feature","properties":{"tipo":"subred","red":"El Carmen","subred":"C-02","zona":"Red El Carmen · subred C-02","sector":"1","parroquia_ep":"1","caudal_l_s":8.69,"area_m2":370474.95,"area_ha":37.05,"perimetro_m":4222.2,"fuente":"EP Riobamba (ex EMAPAR)","actualizacion":"marzo 2025"},"geometry":{"type":"Polygon","coordinates":[[[-78.671738,-1.651464],[-78.670927,-1.65266],[-78.670658,-1.653048],[-78.67039,-1.653436],[-78.670255,-1.653662],[-78.67012,-1.653888],[-78.669941,-1.654277],[-78.669762,-1.654665],[-78.669715,-1.654801],[-78.669669,-1.654938],[-78.669919,-1.655235],[-78.67006,-1.655402],[-78.6702,-1.655569],[-78.6703,-1.655688],[-78.6704,-1.655808],[-78.670507,-1.655901],[-78.670595,-1.655977],[-78.670597,-1.655976],[-78.670993,-1.656393],[-78.671373,-1.656793],[-78.671948,-1.657586],[-78.6723,-1.658072],[-78.672523,-1.65838],[-78.672876,-1.658866],[-78.673228,-1.659352],[-78.674197,-1.660626],[-78.675166,-1.661901],[-78.675917,-1.661685],[-78.675986,-1.661667],[-78.675943,-1.661513],[-78.675901,-1.661367],[-78.675874,-1.661354],[-78.67587,-1.661338],[-78.675824,-1.661089],[-78.675649,-1.66114],[-78.675474,-1.661191],[-78.675324,-1.661233],[-78.675173,-1.661275],[-78.675176,-1.660835],[-78.67518,-1.66038],[-78.675159,-1.660358],[-78.675159,-1.66026],[-78.675254,-1.660045],[-78.675349,-1.659829],[-78.675332,-1.659773],[-78.675167,-1.659687],[-78.675003,-1.6596],[-78.674984,-1.659623],[-78.674959,-1.659667],[-78.674934,-1.659711],[-78.674853,-1.659872],[-78.674773,-1.660034],[-78.674646,-1.660132],[-78.67452,-1.66023],[-78.674491,-1.6602],[-78.674463,-1.66017],[-78.674232,-1.659938],[-78.674001,-1.659707],[-78.674357,-1.659337],[-78.674713,-1.658966],[-78.674535,-1.658776],[-78.673939,-1.658134],[-78.673521,-1.657683],[-78.673263,-1.657401],[-78.673004,-1.657119],[-78.672662,-1.656749],[-78.672304,-1.656361],[-78.672243,-1.656294],[-78.672177,-1.656222],[-78.672214,-1.656165],[-78.672252,-1.656109],[-78.672298,-1.656041],[-78.672343,-1.655974],[-78.672421,-1.655858],[-78.672499,-1.655742],[-78.67259,-1.655608],[-78.67268,-1.655473],[-78.672761,-1.655353],[-78.672904,-1.655141],[-78.672966,-1.655049],[-78.673041,-1.654933],[-78.673117,-1.654818],[-78.673326,-1.654377],[-78.673536,-1.653936],[-78.673975,-1.653594],[-78.674414,-1.653251],[-78.674451,-1.653257],[-78.674952,-1.653957],[-78.675454,-1.654657],[-78.676145,-1.653581],[-78.676837,-1.652505],[-78.676739,-1.652374],[-78.676641,-1.652242],[-78.676396,-1.65189],[-78.67615,-1.651539],[-78.676134,-1.651457],[-78.676119,-1.651374],[-78.674881,-1.65094],[-78.673643,-1.650506],[-78.673402,-1.650415],[-78.673161,-1.650324],[-78.672898,-1.650234],[-78.672635,-1.650143],[-78.672592,-1.650205],[-78.672549,-1.650268],[-78.671738,-1.651464]]]}},{"type":"Feature","properties":{"tipo":"subred","red":"El Carmen","subred":"C-03","zona":"Red El Carmen · subred C-03","sector":"1","parroquia_ep":"1","caudal_l_s":5.73,"area_m2":244019.94,"area_ha":24.4,"perimetro_m":2367.98,"fuente":"EP Riobamba (ex EMAPAR)","actualizacion":"marzo 2025"},"geometry":{"type":"Polygon","coordinates":[[[-78.670927,-1.65266],[-78.671738,-1.651464],[-78.672549,-1.650268],[-78.672592,-1.650205],[-78.672635,-1.650143],[-78.672898,-1.650234],[-78.673161,-1.650324],[-78.673402,-1.650415],[-78.673643,-1.650506],[-78.67452,-1.649014],[-78.674082,-1.648775],[-78.673734,-1.648551],[-78.671722,-1.647469],[-78.671595,-1.647624],[-78.671334,-1.64794],[-78.669926,-1.649644],[-78.669165,-1.65059],[-78.669043,-1.65074],[-78.668148,-1.651838],[-78.667609,-1.652495],[-78.668265,-1.653273],[-78.668772,-1.653874],[-78.669265,-1.654458],[-78.669669,-1.654938],[-78.669715,-1.654801],[-78.669762,-1.654665],[-78.669941,-1.654277],[-78.67012,-1.653888],[-78.670255,-1.653662],[-78.67039,-1.653436],[-78.670658,-1.653048],[-78.670927,-1.65266]]]}},{"type":"Feature","properties":{"tipo":"subred","red":"El Carmen","subred":"C-04","zona":"Red El Carmen · subred C-04","sector":"1","parroquia_ep":"3","caudal_l_s":4.07,"area_m2":166673.85,"area_ha":16.67,"perimetro_m":1972.42,"fuente":"EP Riobamba (ex EMAPAR)","actualizacion":"marzo 2025"},"geometry":{"type":"Polygon","coordinates":[[[-78.668295,-1.648046],[-78.66625,-1.650974],[-78.667569,-1.652544],[-78.667588,-1.652521],[-78.667609,-1.652495],[-78.668148,-1.651838],[-78.669043,-1.65074],[-78.669165,-1.65059],[-78.669926,-1.649644],[-78.671334,-1.64794],[-78.669891,-1.647207],[-78.668754,-1.646902],[-78.667924,-1.646279],[-78.66736,-1.647338],[-78.668295,-1.648046]]]}},{"type":"Feature","properties":{"tipo":"subred","red":"El Carmen","subred":"C-05","zona":"Red El Carmen · subred C-05","sector":"1","parroquia_ep":"3","caudal_l_s":3.88,"area_m2":158932.59,"area_ha":15.89,"perimetro_m":1822.19,"fuente":"EP Riobamba (ex EMAPAR)","actualizacion":"marzo 2025"},"geometry":{"type":"Polygon","coordinates":[[[-78.668295,-1.648046],[-78.66736,-1.647338],[-78.667924,-1.646279],[-78.668312,-1.645578],[-78.667486,-1.644935],[-78.667028,-1.645606],[-78.666575,-1.645265],[-78.665443,-1.646759],[-78.6649,-1.647522],[-78.664187,-1.648693],[-78.664475,-1.648952],[-78.665488,-1.650067],[-78.66625,-1.650974],[-78.668295,-1.648046]]]}},{"type":"Feature","properties":{"tipo":"subred","red":"El Carmen","subred":"C-06","zona":"Red El Carmen · subred C-06","sector":"1","parroquia_ep":"3","caudal_l_s":5.86,"area_m2":239985.01,"area_ha":24,"perimetro_m":2078.99,"fuente":"EP Riobamba (ex EMAPAR)","actualizacion":"marzo 2025"},"geometry":{"type":"Polygon","coordinates":[[[-78.659609,-1.644414],[-78.662921,-1.647556],[-78.664187,-1.648693],[-78.6649,-1.647522],[-78.665443,-1.646759],[-78.666575,-1.645265],[-78.664032,-1.643354],[-78.663601,-1.64327],[-78.663434,-1.643398],[-78.663239,-1.643475],[-78.663135,-1.643495],[-78.663009,-1.643738],[-78.662448,-1.643839],[-78.661564,-1.643619],[-78.661199,-1.643545],[-78.660791,-1.643597],[-78.660493,-1.643609],[-78.660052,-1.643743],[-78.659635,-1.644207],[-78.659609,-1.644414]]]}},{"type":"Feature","properties":{"tipo":"subred","red":"El Carmen","subred":"C-07","zona":"Red El Carmen · subred C-07","sector":"1","parroquia_ep":"3","caudal_l_s":9.18,"area_m2":375855.93,"area_ha":37.59,"perimetro_m":3084.06,"fuente":"EP Riobamba (ex EMAPAR)","actualizacion":"marzo 2025"},"geometry":{"type":"Polygon","coordinates":[[[-78.660738,-1.648906],[-78.660088,-1.650216],[-78.659729,-1.650917],[-78.660838,-1.652143],[-78.661172,-1.651884],[-78.662304,-1.652463],[-78.662618,-1.653165],[-78.662671,-1.653276],[-78.66423,-1.651479],[-78.664593,-1.651097],[-78.665488,-1.650067],[-78.664475,-1.648952],[-78.664187,-1.648693],[-78.662921,-1.647556],[-78.659609,-1.644414],[-78.659578,-1.644661],[-78.659315,-1.644974],[-78.659029,-1.645099],[-78.658651,-1.645543],[-78.658397,-1.645705],[-78.657815,-1.645806],[-78.657243,-1.645643],[-78.656981,-1.645712],[-78.656812,-1.645899],[-78.656675,-1.646114],[-78.656615,-1.646234],[-78.660738,-1.648906]]]}},{"type":"Feature","properties":{"tipo":"subred","red":"El Carmen","subred":"C-08","zona":"Red El Carmen · subred C-08","sector":"1","parroquia_ep":"3","caudal_l_s":4.11,"area_m2":168177.21,"area_ha":16.82,"perimetro_m":1664.78,"fuente":"EP Riobamba (ex EMAPAR)","actualizacion":"marzo 2025"},"geometry":{"type":"Polygon","coordinates":[[[-78.66423,-1.651479],[-78.662671,-1.653276],[-78.66269,-1.653316],[-78.662876,-1.653571],[-78.663206,-1.653884],[-78.664278,-1.654898],[-78.664392,-1.655036],[-78.664954,-1.655742],[-78.665025,-1.655656],[-78.665925,-1.654553],[-78.666417,-1.653951],[-78.666744,-1.653553],[-78.667018,-1.653219],[-78.667105,-1.653113],[-78.667416,-1.652732],[-78.667569,-1.652544],[-78.66625,-1.650974],[-78.665488,-1.650067],[-78.664593,-1.651097],[-78.66423,-1.651479]]]}},{"type":"Feature","properties":{"tipo":"subred","red":"El Carmen","subred":"C-09","zona":"Red El Carmen · subred C-09","sector":"1","parroquia_ep":"1","caudal_l_s":5.31,"area_m2":207311.72,"area_ha":20.73,"perimetro_m":1825.28,"fuente":"EP Riobamba (ex EMAPAR)","actualizacion":"marzo 2025"},"geometry":{"type":"Polygon","coordinates":[[[-78.666417,-1.653951],[-78.665925,-1.654553],[-78.665025,-1.655656],[-78.664963,-1.655731],[-78.664915,-1.65579],[-78.666181,-1.657174],[-78.66745,-1.658395],[-78.66858,-1.657547],[-78.66889,-1.657313],[-78.670595,-1.655977],[-78.670507,-1.655901],[-78.6704,-1.655808],[-78.6703,-1.655688],[-78.6702,-1.655569],[-78.67006,-1.655402],[-78.669919,-1.655235],[-78.669669,-1.654938],[-78.669265,-1.654458],[-78.668772,-1.653874],[-78.668265,-1.653273],[-78.667609,-1.652496],[-78.667569,-1.652544],[-78.667416,-1.652732],[-78.667105,-1.653113],[-78.667018,-1.653219],[-78.666744,-1.653553],[-78.666417,-1.653951]]]}},{"type":"Feature","properties":{"tipo":"subred","red":"El Carmen","subred":"C-10","zona":"Red El Carmen · subred C-10","sector":"1","parroquia_ep":"1","caudal_l_s":3.83,"area_m2":149986.43,"area_ha":15,"perimetro_m":1576.64,"fuente":"EP Riobamba (ex EMAPAR)","actualizacion":"marzo 2025"},"geometry":{"type":"Polygon","coordinates":[[[-78.670595,-1.655977],[-78.66889,-1.657313],[-78.66858,-1.657547],[-78.66745,-1.658395],[-78.668276,-1.659195],[-78.668339,-1.659257],[-78.669443,-1.660867],[-78.671779,-1.658925],[-78.672523,-1.65838],[-78.6723,-1.658072],[-78.671948,-1.657586],[-78.671373,-1.656793],[-78.670993,-1.656393],[-78.670614,-1.655994],[-78.670595,-1.655977]]]}},{"type":"Feature","properties":{"tipo":"subred","red":"El Carmen","subred":"C-11","zona":"Red El Carmen · subred C-11","sector":"1","parroquia_ep":"1","caudal_l_s":4.56,"area_m2":178487,"area_ha":17.85,"perimetro_m":1726.56,"fuente":"EP Riobamba (ex EMAPAR)","actualizacion":"marzo 2025"},"geometry":{"type":"Polygon","coordinates":[[[-78.671779,-1.658925],[-78.669443,-1.660867],[-78.671067,-1.663237],[-78.671117,-1.663216],[-78.671932,-1.662878],[-78.672676,-1.662627],[-78.673411,-1.662401],[-78.673525,-1.66237],[-78.674234,-1.662179],[-78.674635,-1.662068],[-78.675166,-1.661901],[-78.674197,-1.660626],[-78.673228,-1.659352],[-78.672876,-1.658866],[-78.672523,-1.65838],[-78.671779,-1.658925]]]}},{"type":"Feature","properties":{"tipo":"subred","red":"El Carmen","subred":"C-12","zona":"Red El Carmen · subred C-12","sector":"1","parroquia_ep":"1","caudal_l_s":5.89,"area_m2":322015.91,"area_ha":32.2,"perimetro_m":2435.98,"fuente":"EP Riobamba (ex EMAPAR)","actualizacion":"marzo 2025"},"geometry":{"type":"Polygon","coordinates":[[[-78.679833,-1.664845],[-78.680086,-1.664604],[-78.680294,-1.664462],[-78.680409,-1.664338],[-78.681159,-1.66359],[-78.681131,-1.663151],[-78.681154,-1.662951],[-78.681057,-1.662555],[-78.680433,-1.66041],[-78.679498,-1.660686],[-78.67803,-1.661111],[-78.677343,-1.66131],[-78.675986,-1.661667],[-78.675917,-1.661685],[-78.675166,-1.661901],[-78.675654,-1.663873],[-78.676116,-1.664314],[-78.676291,-1.664394],[-78.676494,-1.664673],[-78.677046,-1.667032],[-78.677217,-1.667018],[-78.677455,-1.667044],[-78.677556,-1.667071],[-78.677644,-1.667153],[-78.677694,-1.667152],[-78.677781,-1.667185],[-78.677895,-1.667214],[-78.677935,-1.667215],[-78.677963,-1.667214],[-78.677993,-1.667212],[-78.678023,-1.667209],[-78.678048,-1.667204],[-78.678134,-1.667188],[-78.678207,-1.667159],[-78.678297,-1.667076],[-78.678404,-1.667042],[-78.678533,-1.667047],[-78.678615,-1.667105],[-78.678709,-1.667219],[-78.678754,-1.667274],[-78.67886,-1.667459],[-78.678848,-1.667517],[-78.67891,-1.667604],[-78.678958,-1.667646],[-78.679029,-1.667692],[-78.679082,-1.667704],[-78.679143,-1.667717],[-78.679229,-1.667729],[-78.679303,-1.667744],[-78.679374,-1.667758],[-78.679753,-1.664951],[-78.679833,-1.664845]]]}},{"type":"Feature","properties":{"tipo":"subred","red":"El Carmen","subred":"C-13","zona":"Red El Carmen · subred C-13","sector":"1","parroquia_ep":"1","caudal_l_s":5.69,"area_m2":573396.94,"area_ha":57.34,"perimetro_m":3447.95,"fuente":"EP Riobamba (ex EMAPAR)","actualizacion":"marzo 2025"},"geometry":{"type":"Polygon","coordinates":[[[-78.685089,-1.66497],[-78.684533,-1.662618],[-78.684195,-1.661366],[-78.684049,-1.660862],[-78.683541,-1.659508],[-78.682664,-1.659753],[-78.681475,-1.660103],[-78.680433,-1.66041],[-78.681057,-1.662555],[-78.681154,-1.662951],[-78.681131,-1.663151],[-78.681159,-1.66359],[-78.680409,-1.664338],[-78.680294,-1.664462],[-78.680086,-1.664604],[-78.679833,-1.664845],[-78.679753,-1.664951],[-78.679374,-1.667758],[-78.679396,-1.667829],[-78.679431,-1.667857],[-78.679477,-1.66787],[-78.679559,-1.667888],[-78.679637,-1.667977],[-78.679912,-1.668368],[-78.679981,-1.668459],[-78.680037,-1.668523],[-78.680103,-1.668587],[-78.680363,-1.668742],[-78.680474,-1.668798],[-78.680656,-1.668993],[-78.680746,-1.669162],[-78.680806,-1.66929],[-78.680807,-1.669315],[-78.680813,-1.669338],[-78.680825,-1.66936],[-78.680843,-1.669378],[-78.680866,-1.669392],[-78.68103,-1.669417],[-78.681123,-1.669439],[-78.681184,-1.669456],[-78.681254,-1.669482],[-78.681327,-1.669517],[-78.681412,-1.66957],[-78.681483,-1.669628],[-78.68152,-1.669664],[-78.681661,-1.670048],[-78.681695,-1.67012],[-78.681716,-1.670143],[-78.681746,-1.670149],[-78.681809,-1.670151],[-78.68209,-1.670156],[-78.682829,-1.670144],[-78.682843,-1.670142],[-78.682859,-1.670139],[-78.682874,-1.670134],[-78.682892,-1.670127],[-78.682907,-1.670118],[-78.682922,-1.670107],[-78.682936,-1.670094],[-78.682948,-1.67008],[-78.682959,-1.670064],[-78.683032,-1.669836],[-78.683092,-1.669677],[-78.683117,-1.669635],[-78.683162,-1.669589],[-78.683213,-1.669555],[-78.683287,-1.66953],[-78.68337,-1.669528],[-78.683431,-1.669543],[-78.683569,-1.669609],[-78.683677,-1.669662],[-78.683804,-1.669747],[-78.683904,-1.669777],[-78.684035,-1.6698],[-78.684061,-1.669805],[-78.684085,-1.669808],[-78.684129,-1.669811],[-78.68417,-1.669812],[-78.684211,-1.66981],[-78.684256,-1.669804],[-78.684296,-1.669797],[-78.684345,-1.669785],[-78.684395,-1.669769],[-78.68444,-1.66975],[-78.684478,-1.669731],[-78.684521,-1.669706],[-78.684561,-1.669679],[-78.684602,-1.669646],[-78.684645,-1.669605],[-78.684685,-1.669561],[-78.684714,-1.669522],[-78.684838,-1.669371],[-78.684879,-1.66934],[-78.684963,-1.669314],[-78.685038,-1.669316],[-78.685096,-1.669334],[-78.685224,-1.669402],[-78.685359,-1.669498],[-78.685582,-1.669637],[-78.686298,-1.67002],[-78.685089,-1.66497]]]}},{"type":"Feature","properties":{"tipo":"subred","red":"El Carmen","subred":"C-14","zona":"Red El Carmen · subred C-14","sector":"1","parroquia_ep":"1","caudal_l_s":7.04,"area_m2":328183.73,"area_ha":32.82,"perimetro_m":2453.83,"fuente":"EP Riobamba (ex EMAPAR)","actualizacion":"marzo 2025"},"geometry":{"type":"Polygon","coordinates":[[[-78.675654,-1.663873],[-78.675166,-1.661901],[-78.674635,-1.662068],[-78.674234,-1.662179],[-78.673525,-1.66237],[-78.673411,-1.662401],[-78.672676,-1.662627],[-78.671932,-1.662878],[-78.671117,-1.663216],[-78.671067,-1.663237],[-78.670758,-1.663365],[-78.67122,-1.664488],[-78.671152,-1.664597],[-78.671303,-1.664749],[-78.671519,-1.665016],[-78.671541,-1.665102],[-78.671473,-1.665617],[-78.672043,-1.668852],[-78.672303,-1.668997],[-78.67233,-1.669009],[-78.672348,-1.669012],[-78.672372,-1.669013],[-78.672398,-1.669007],[-78.672423,-1.668995],[-78.672442,-1.66898],[-78.672458,-1.66896],[-78.672495,-1.668877],[-78.67252,-1.668713],[-78.672559,-1.668643],[-78.672606,-1.668585],[-78.672681,-1.668528],[-78.672793,-1.668485],[-78.672884,-1.668461],[-78.673013,-1.668433],[-78.673119,-1.668432],[-78.673208,-1.668443],[-78.673263,-1.668436],[-78.673355,-1.668404],[-78.673434,-1.668324],[-78.673573,-1.668169],[-78.673602,-1.668132],[-78.673641,-1.668093],[-78.673695,-1.668055],[-78.673759,-1.668025],[-78.673832,-1.668006],[-78.673885,-1.668003],[-78.673918,-1.668001],[-78.67397,-1.668001],[-78.674044,-1.668012],[-78.674117,-1.668035],[-78.674136,-1.668048],[-78.674152,-1.668057],[-78.674173,-1.668064],[-78.674193,-1.668069],[-78.674221,-1.668071],[-78.674245,-1.668069],[-78.674275,-1.668061],[-78.674296,-1.668052],[-78.67432,-1.668036],[-78.674369,-1.66797],[-78.674416,-1.667797],[-78.674423,-1.667766],[-78.674438,-1.667714],[-78.67447,-1.667639],[-78.67451,-1.66757],[-78.674551,-1.667516],[-78.674593,-1.667468],[-78.674656,-1.667412],[-78.674717,-1.667368],[-78.674784,-1.667331],[-78.674855,-1.667302],[-78.674925,-1.667283],[-78.675057,-1.66726],[-78.675188,-1.667262],[-78.67532,-1.6673],[-78.675418,-1.667322],[-78.675444,-1.66733],[-78.67546,-1.667333],[-78.675482,-1.667337],[-78.675502,-1.667338],[-78.675521,-1.667339],[-78.675547,-1.667338],[-78.675571,-1.667335],[-78.675588,-1.667332],[-78.675681,-1.667312],[-78.675789,-1.667274],[-78.675872,-1.667252],[-78.676056,-1.667236],[-78.67611,-1.667242],[-78.676216,-1.667283],[-78.676295,-1.667287],[-78.676431,-1.667242],[-78.676479,-1.667242],[-78.676936,-1.667103],[-78.677045,-1.66703],[-78.676494,-1.664673],[-78.676291,-1.664394],[-78.676116,-1.664314],[-78.675654,-1.663873]]]}},{"type":"Feature","properties":{"tipo":"subred","red":"El Carmen","subred":"C-15","zona":"Red El Carmen · subred C-15","sector":"1","parroquia_ep":"1","caudal_l_s":9.43,"area_m2":403916.22,"area_ha":40.39,"perimetro_m":3015.3,"fuente":"EP Riobamba (ex EMAPAR)","actualizacion":"marzo 2025"},"geometry":{"type":"Polygon","coordinates":[[[-78.670758,-1.663365],[-78.671067,-1.663237],[-78.669443,-1.660867],[-78.668339,-1.659257],[-78.668276,-1.659195],[-78.667826,-1.660583],[-78.667387,-1.661942],[-78.66707,-1.662955],[-78.666931,-1.663315],[-78.666766,-1.663623],[-78.666587,-1.663863],[-78.666287,-1.664166],[-78.665294,-1.665142],[-78.665686,-1.665365],[-78.666602,-1.665653],[-78.666787,-1.665683],[-78.667967,-1.667311],[-78.668114,-1.66727],[-78.668313,-1.667415],[-78.669081,-1.668234],[-78.670478,-1.669666],[-78.670486,-1.669659],[-78.670492,-1.669651],[-78.670497,-1.669642],[-78.670501,-1.669633],[-78.670503,-1.669622],[-78.670504,-1.669612],[-78.670502,-1.669602],[-78.670499,-1.669592],[-78.670495,-1.669583],[-78.670489,-1.669574],[-78.670482,-1.669567],[-78.670473,-1.669561],[-78.670487,-1.669429],[-78.670494,-1.669412],[-78.6705,-1.669393],[-78.670503,-1.669375],[-78.670503,-1.669356],[-78.670501,-1.669324],[-78.670505,-1.669294],[-78.670513,-1.669264],[-78.670527,-1.669236],[-78.670545,-1.66921],[-78.670566,-1.669188],[-78.670592,-1.66917],[-78.670619,-1.669156],[-78.670649,-1.669147],[-78.67068,-1.669144],[-78.670711,-1.669145],[-78.670741,-1.669152],[-78.670805,-1.669147],[-78.670857,-1.669145],[-78.670922,-1.669134],[-78.671193,-1.669126],[-78.671434,-1.66916],[-78.671446,-1.669171],[-78.671452,-1.669174],[-78.67146,-1.669178],[-78.671469,-1.66918],[-78.671481,-1.669179],[-78.671492,-1.669176],[-78.671494,-1.669175],[-78.671558,-1.669104],[-78.671609,-1.66899],[-78.6717,-1.668874],[-78.671711,-1.668856],[-78.671744,-1.668818],[-78.671802,-1.668793],[-78.671863,-1.668788],[-78.672043,-1.668852],[-78.671473,-1.665617],[-78.671541,-1.665102],[-78.671519,-1.665016],[-78.671303,-1.664749],[-78.671152,-1.664597],[-78.67122,-1.664488],[-78.670758,-1.663365]]]}},{"type":"Feature","properties":{"tipo":"subred","red":"El Carmen","subred":"C-16","zona":"Red El Carmen · subred C-16","sector":"1","parroquia_ep":"1","caudal_l_s":10.3,"area_m2":402706.75,"area_ha":40.27,"perimetro_m":2544.46,"fuente":"EP Riobamba (ex EMAPAR)","actualizacion":"marzo 2025"},"geometry":{"type":"Polygon","coordinates":[[[-78.66745,-1.658395],[-78.666181,-1.657174],[-78.664915,-1.65579],[-78.664911,-1.655794],[-78.664339,-1.656503],[-78.664329,-1.656516],[-78.663932,-1.65707],[-78.663768,-1.657305],[-78.663317,-1.657955],[-78.663092,-1.658293],[-78.662317,-1.659455],[-78.662126,-1.659732],[-78.661888,-1.660078],[-78.662852,-1.661574],[-78.663463,-1.662529],[-78.664009,-1.663348],[-78.6642,-1.663641],[-78.664834,-1.664629],[-78.665049,-1.664921],[-78.665294,-1.665142],[-78.666287,-1.664166],[-78.666587,-1.663863],[-78.666766,-1.663623],[-78.666931,-1.663315],[-78.66707,-1.662955],[-78.667387,-1.661942],[-78.667826,-1.660583],[-78.668276,-1.659195],[-78.66745,-1.658395]]]}},{"type":"Feature","properties":{"tipo":"subred","red":"El Carmen","subred":"C-17","zona":"Red El Carmen · subred C-17","sector":"1","parroquia_ep":"3","caudal_l_s":9.22,"area_m2":377545.31,"area_ha":37.75,"perimetro_m":3842.38,"fuente":"EP Riobamba (ex EMAPAR)","actualizacion":"marzo 2025"},"geometry":{"type":"Polygon","coordinates":[[[-78.65626,-1.649931],[-78.656791,-1.650406],[-78.656973,-1.65058],[-78.657097,-1.650738],[-78.657218,-1.650931],[-78.657374,-1.651121],[-78.657514,-1.651246],[-78.657646,-1.651342],[-78.657862,-1.651455],[-78.658821,-1.651897],[-78.659065,-1.651975],[-78.659208,-1.651995],[-78.660111,-1.651991],[-78.660197,-1.651996],[-78.660291,-1.652013],[-78.660378,-1.652042],[-78.660464,-1.652082],[-78.660558,-1.652146],[-78.660639,-1.65222],[-78.660729,-1.652339],[-78.660784,-1.65245],[-78.660813,-1.652542],[-78.66083,-1.652639],[-78.66086,-1.652772],[-78.660899,-1.652941],[-78.660937,-1.653108],[-78.660982,-1.653302],[-78.661006,-1.653405],[-78.661044,-1.653538],[-78.661084,-1.65365],[-78.661113,-1.653721],[-78.661544,-1.654455],[-78.661967,-1.655155],[-78.662191,-1.655516],[-78.662159,-1.655571],[-78.662257,-1.655671],[-78.662857,-1.65632],[-78.663768,-1.657305],[-78.663932,-1.65707],[-78.664339,-1.656503],[-78.664911,-1.655794],[-78.664915,-1.65579],[-78.664954,-1.655742],[-78.664954,-1.655742],[-78.664392,-1.655036],[-78.664278,-1.654898],[-78.663206,-1.653884],[-78.662876,-1.653571],[-78.66269,-1.653316],[-78.662671,-1.653276],[-78.662618,-1.653165],[-78.662304,-1.652463],[-78.661172,-1.651884],[-78.660838,-1.652143],[-78.659729,-1.650917],[-78.660088,-1.650216],[-78.660738,-1.648906],[-78.656615,-1.646234],[-78.656519,-1.646427],[-78.656282,-1.646591],[-78.655988,-1.646417],[-78.655559,-1.646167],[-78.655254,-1.646343],[-78.654891,-1.646537],[-78.654472,-1.646894],[-78.654332,-1.647136],[-78.654171,-1.647398],[-78.654245,-1.647501],[-78.654291,-1.647579],[-78.654369,-1.647779],[-78.654446,-1.648045],[-78.654523,-1.648218],[-78.654614,-1.648378],[-78.654781,-1.648592],[-78.655194,-1.648977],[-78.65626,-1.649931]]]}},{"type":"Feature","properties":{"tipo":"subred","red":"El Carmen","subred":"C-18","zona":"Red El Carmen · subred C-18","sector":"1","parroquia_ep":"3","caudal_l_s":5.7,"area_m2":237921.48,"area_ha":23.79,"perimetro_m":2268.72,"fuente":"EP Riobamba (ex EMAPAR)","actualizacion":"marzo 2025"},"geometry":{"type":"Polygon","coordinates":[[[-78.663092,-1.658293],[-78.663317,-1.657955],[-78.663768,-1.657305],[-78.662857,-1.65632],[-78.662257,-1.655671],[-78.662159,-1.655571],[-78.662093,-1.655685],[-78.660038,-1.654442],[-78.658873,-1.653718],[-78.658029,-1.653219],[-78.657737,-1.654032],[-78.656923,-1.656291],[-78.657066,-1.656276],[-78.657167,-1.656271],[-78.657827,-1.656316],[-78.658262,-1.656455],[-78.658569,-1.65663],[-78.659167,-1.657009],[-78.660026,-1.657608],[-78.660401,-1.657941],[-78.660712,-1.658294],[-78.661042,-1.658767],[-78.661888,-1.660078],[-78.662126,-1.659732],[-78.662317,-1.659455],[-78.663092,-1.658293]]]}},{"type":"Feature","properties":{"tipo":"subred","red":"El Recreo","subred":"R-01","zona":"Red El Recreo · subred R-01","sector":"1","parroquia_ep":"1","caudal_l_s":5.17,"area_m2":432848.24,"area_ha":43.28,"perimetro_m":3248.07,"fuente":"EP Riobamba (ex EMAPAR)","actualizacion":"marzo 2025"},"geometry":{"type":"Polygon","coordinates":[[[-78.698238,-1.649268],[-78.697245,-1.647987],[-78.696253,-1.646707],[-78.69523,-1.646658],[-78.694206,-1.646609],[-78.693162,-1.64656],[-78.692118,-1.64651],[-78.691202,-1.646233],[-78.690286,-1.645957],[-78.690388,-1.645655],[-78.690491,-1.645353],[-78.68986,-1.644914],[-78.68923,-1.644475],[-78.689213,-1.644447],[-78.689195,-1.64442],[-78.688926,-1.64452],[-78.688657,-1.644621],[-78.688487,-1.644679],[-78.688316,-1.644736],[-78.688309,-1.644907],[-78.688302,-1.645079],[-78.688302,-1.645545],[-78.688301,-1.646011],[-78.688338,-1.646305],[-78.688375,-1.6466],[-78.688393,-1.646877],[-78.688412,-1.647154],[-78.688448,-1.647499],[-78.688484,-1.647843],[-78.688284,-1.647852],[-78.688084,-1.647861],[-78.687846,-1.647863],[-78.687913,-1.647886],[-78.687981,-1.647909],[-78.688068,-1.647945],[-78.688154,-1.64798],[-78.688213,-1.648011],[-78.688272,-1.648042],[-78.688217,-1.648093],[-78.688418,-1.64817],[-78.68862,-1.648246],[-78.690057,-1.649918],[-78.690942,-1.650948],[-78.691494,-1.65159],[-78.691939,-1.65116],[-78.692385,-1.650729],[-78.692643,-1.650455],[-78.6929,-1.65018],[-78.692991,-1.65009],[-78.693083,-1.65],[-78.69355,-1.650112],[-78.694016,-1.650223],[-78.694252,-1.650076],[-78.694487,-1.649929],[-78.695658,-1.649909],[-78.696828,-1.649889],[-78.697533,-1.649579],[-78.698238,-1.649268]]]}},{"type":"Feature","properties":{"tipo":"subred","red":"El Recreo","subred":"R-02","zona":"Red El Recreo · subred R-02","sector":"1","parroquia_ep":"1","caudal_l_s":2.7,"area_m2":121782.85,"area_ha":12.18,"perimetro_m":1415.22,"fuente":"EP Riobamba (ex EMAPAR)","actualizacion":"marzo 2025"},"geometry":{"type":"Polygon","coordinates":[[[-78.690942,-1.650948],[-78.690499,-1.650433],[-78.690057,-1.649918],[-78.689338,-1.649082],[-78.68862,-1.648246],[-78.688519,-1.648208],[-78.688418,-1.64817],[-78.688318,-1.648131],[-78.688217,-1.648093],[-78.687396,-1.648862],[-78.686532,-1.64967],[-78.686684,-1.649833],[-78.686837,-1.649997],[-78.687089,-1.6503],[-78.68734,-1.650603],[-78.687612,-1.650933],[-78.687883,-1.651264],[-78.688013,-1.651419],[-78.688142,-1.651575],[-78.688211,-1.65166],[-78.68828,-1.651745],[-78.688375,-1.651859],[-78.68847,-1.651973],[-78.6886,-1.652136],[-78.68873,-1.652299],[-78.688809,-1.65239],[-78.688887,-1.652481],[-78.688956,-1.652566],[-78.689026,-1.652652],[-78.689533,-1.652222],[-78.690044,-1.651789],[-78.690493,-1.651369],[-78.690942,-1.650948]]]}},{"type":"Feature","properties":{"tipo":"subred","red":"El Recreo","subred":"R-03","zona":"Red El Recreo · subred R-03","sector":"1","parroquia_ep":"1","caudal_l_s":1.64,"area_m2":78899.31,"area_ha":7.89,"perimetro_m":1715.22,"fuente":"EP Riobamba (ex EMAPAR)","actualizacion":"marzo 2025"},"geometry":{"type":"Polygon","coordinates":[[[-78.689026,-1.652652],[-78.688991,-1.652609],[-78.688956,-1.652566],[-78.688922,-1.652523],[-78.688887,-1.652481],[-78.688848,-1.652435],[-78.688809,-1.65239],[-78.68877,-1.652345],[-78.68873,-1.652299],[-78.688665,-1.652218],[-78.6886,-1.652136],[-78.688535,-1.652055],[-78.68847,-1.651973],[-78.688423,-1.651916],[-78.688375,-1.651859],[-78.688327,-1.651802],[-78.68828,-1.651745],[-78.688245,-1.651703],[-78.688211,-1.65166],[-78.688177,-1.651618],[-78.688142,-1.651575],[-78.688077,-1.651497],[-78.688013,-1.651419],[-78.687948,-1.651342],[-78.687883,-1.651264],[-78.687747,-1.651099],[-78.687612,-1.650933],[-78.687476,-1.650768],[-78.68734,-1.650603],[-78.687214,-1.650452],[-78.687089,-1.6503],[-78.686963,-1.650148],[-78.686837,-1.649997],[-78.686761,-1.649915],[-78.686684,-1.649833],[-78.686608,-1.649752],[-78.686532,-1.64967],[-78.686453,-1.649747],[-78.686387,-1.649811],[-78.686385,-1.649835],[-78.686384,-1.649858],[-78.686813,-1.65058],[-78.687243,-1.651301],[-78.687508,-1.651716],[-78.687772,-1.652131],[-78.687561,-1.65225],[-78.687349,-1.652368],[-78.686688,-1.651849],[-78.686027,-1.65133],[-78.685626,-1.651685],[-78.685285,-1.651987],[-78.685501,-1.652285],[-78.685718,-1.652583],[-78.685935,-1.652861],[-78.686152,-1.653139],[-78.686135,-1.653152],[-78.686118,-1.653164],[-78.686581,-1.653723],[-78.687044,-1.654281],[-78.687629,-1.653796],[-78.688214,-1.653311],[-78.688618,-1.652983],[-78.689026,-1.652652]]]}},{"type":"Feature","properties":{"tipo":"subred","red":"El Recreo","subred":"R-04","zona":"Red El Recreo · subred R-04","sector":"1","parroquia_ep":"1","caudal_l_s":2.78,"area_m2":121414.83,"area_ha":12.14,"perimetro_m":1829.67,"fuente":"EP Riobamba (ex EMAPAR)","actualizacion":"marzo 2025"},"geometry":{"type":"Polygon","coordinates":[[[-78.687044,-1.654281],[-78.686813,-1.654002],[-78.686581,-1.653723],[-78.68635,-1.653443],[-78.686118,-1.653164],[-78.686127,-1.653158],[-78.686135,-1.653152],[-78.686143,-1.653145],[-78.686152,-1.653139],[-78.686043,-1.653],[-78.685935,-1.652861],[-78.685826,-1.652722],[-78.685718,-1.652583],[-78.68561,-1.652434],[-78.685501,-1.652285],[-78.685393,-1.652136],[-78.685285,-1.651987],[-78.685225,-1.65204],[-78.684852,-1.652359],[-78.684478,-1.652677],[-78.684199,-1.65291],[-78.68392,-1.653143],[-78.684252,-1.65335],[-78.684584,-1.653557],[-78.684815,-1.653732],[-78.685047,-1.653908],[-78.684818,-1.65405],[-78.68459,-1.654192],[-78.68434,-1.654328],[-78.68409,-1.654464],[-78.683951,-1.654523],[-78.683812,-1.654582],[-78.683298,-1.654723],[-78.682783,-1.654864],[-78.682442,-1.654929],[-78.682101,-1.654994],[-78.681989,-1.655063],[-78.681952,-1.655085],[-78.68229,-1.655617],[-78.682628,-1.656149],[-78.682917,-1.65659],[-78.683207,-1.65703],[-78.683367,-1.656885],[-78.683526,-1.65674],[-78.683993,-1.656382],[-78.684459,-1.656025],[-78.684915,-1.655747],[-78.685371,-1.655469],[-78.685834,-1.655181],[-78.686259,-1.654917],[-78.686298,-1.654893],[-78.686671,-1.654587],[-78.687044,-1.654281]]]}},{"type":"Feature","properties":{"tipo":"subred","red":"El Recreo","subred":"R-05","zona":"Red El Recreo · subred R-05","sector":"1","parroquia_ep":"1","caudal_l_s":3.7,"area_m2":157557.35,"area_ha":15.76,"perimetro_m":1562.99,"fuente":"EP Riobamba (ex EMAPAR)","actualizacion":"marzo 2025"},"geometry":{"type":"Polygon","coordinates":[[[-78.683671,-1.659472],[-78.683597,-1.659205],[-78.683523,-1.658937],[-78.683495,-1.658697],[-78.683466,-1.658457],[-78.683482,-1.658344],[-78.683499,-1.658232],[-78.683542,-1.657961],[-78.683585,-1.657691],[-78.683555,-1.657611],[-78.683524,-1.657531],[-78.683372,-1.65728],[-78.683207,-1.65703],[-78.683062,-1.65681],[-78.682917,-1.65659],[-78.682773,-1.656369],[-78.682628,-1.656149],[-78.682459,-1.655883],[-78.68229,-1.655617],[-78.682121,-1.655351],[-78.681952,-1.655085],[-78.681877,-1.655131],[-78.68127,-1.655568],[-78.680664,-1.656004],[-78.680413,-1.65619],[-78.680162,-1.656377],[-78.679934,-1.656553],[-78.679706,-1.656729],[-78.679986,-1.657462],[-78.680265,-1.658195],[-78.680342,-1.658486],[-78.680419,-1.658776],[-78.680423,-1.658843],[-78.680427,-1.65891],[-78.6804,-1.65911],[-78.680373,-1.659309],[-78.680363,-1.659347],[-78.680352,-1.659386],[-78.680534,-1.659534],[-78.680715,-1.659683],[-78.681046,-1.659845],[-78.681377,-1.660006],[-78.681426,-1.660054],[-78.681475,-1.660103],[-78.682069,-1.659928],[-78.682664,-1.659753],[-78.683102,-1.659631],[-78.683541,-1.659508],[-78.683547,-1.659506],[-78.683613,-1.659488],[-78.683671,-1.659472]]]}},{"type":"Feature","properties":{"tipo":"subred","red":"El Recreo","subred":"R-06","zona":"Red El Recreo · subred R-06","sector":"1","parroquia_ep":"1","caudal_l_s":4.03,"area_m2":171539.93,"area_ha":17.15,"perimetro_m":1685.13,"fuente":"EP Riobamba (ex EMAPAR)","actualizacion":"marzo 2025"},"geometry":{"type":"Polygon","coordinates":[[[-78.688452,-1.658118],[-78.688174,-1.657504],[-78.687904,-1.65691],[-78.687895,-1.656891],[-78.687571,-1.656503],[-78.687247,-1.656116],[-78.686753,-1.655517],[-78.686259,-1.654917],[-78.686047,-1.655049],[-78.685834,-1.655181],[-78.685602,-1.655325],[-78.685371,-1.655469],[-78.685143,-1.655608],[-78.684915,-1.655747],[-78.684687,-1.655886],[-78.684459,-1.656025],[-78.684226,-1.656203],[-78.683993,-1.656382],[-78.683759,-1.656561],[-78.683526,-1.65674],[-78.683446,-1.656812],[-78.683367,-1.656885],[-78.683287,-1.656958],[-78.683207,-1.65703],[-78.683289,-1.657155],[-78.683372,-1.65728],[-78.683448,-1.657406],[-78.683524,-1.657531],[-78.683539,-1.657571],[-78.683555,-1.657611],[-78.68357,-1.657651],[-78.683585,-1.657691],[-78.683564,-1.657826],[-78.683542,-1.657961],[-78.68352,-1.658096],[-78.683499,-1.658232],[-78.68349,-1.658288],[-78.683482,-1.658344],[-78.683474,-1.658401],[-78.683466,-1.658457],[-78.68348,-1.658577],[-78.683495,-1.658697],[-78.683509,-1.658817],[-78.683523,-1.658937],[-78.68356,-1.659071],[-78.683597,-1.659205],[-78.683634,-1.659338],[-78.683671,-1.659472],[-78.683673,-1.659472],[-78.684203,-1.659325],[-78.684733,-1.659179],[-78.685622,-1.658936],[-78.68651,-1.658693],[-78.686567,-1.658677],[-78.686623,-1.658662],[-78.687537,-1.65839],[-78.688452,-1.658118]]]}},{"type":"Feature","properties":{"tipo":"subred","red":"El Recreo","subred":"R-07","zona":"Red El Recreo · subred R-07","sector":"1","parroquia_ep":"1","caudal_l_s":4.98,"area_m2":230461.6,"area_ha":23.05,"perimetro_m":2014.93,"fuente":"EP Riobamba (ex EMAPAR)","actualizacion":"marzo 2025"},"geometry":{"type":"Polygon","coordinates":[[[-78.692998,-1.653342],[-78.692724,-1.653022],[-78.691494,-1.65159],[-78.691218,-1.651269],[-78.690942,-1.650948],[-78.690717,-1.651158],[-78.690493,-1.651369],[-78.690268,-1.651579],[-78.690044,-1.651789],[-78.689788,-1.652006],[-78.689533,-1.652222],[-78.689279,-1.652437],[-78.689026,-1.652652],[-78.688822,-1.652818],[-78.688618,-1.652983],[-78.688416,-1.653147],[-78.688214,-1.653311],[-78.687921,-1.653553],[-78.687629,-1.653796],[-78.687336,-1.654039],[-78.687044,-1.654281],[-78.686858,-1.654434],[-78.686671,-1.654587],[-78.686484,-1.65474],[-78.686298,-1.654893],[-78.686278,-1.654905],[-78.686259,-1.654917],[-78.686506,-1.655217],[-78.686753,-1.655517],[-78.687,-1.655816],[-78.687247,-1.656116],[-78.687409,-1.65631],[-78.687571,-1.656503],[-78.687733,-1.656697],[-78.687895,-1.656891],[-78.6879,-1.656901],[-78.687904,-1.65691],[-78.68865,-1.656538],[-78.689396,-1.656165],[-78.689634,-1.656003],[-78.689872,-1.655841],[-78.690094,-1.655738],[-78.690317,-1.655635],[-78.690688,-1.655379],[-78.69106,-1.655122],[-78.692029,-1.654232],[-78.692998,-1.653342]]]}},{"type":"Feature","properties":{"tipo":"subred","red":"El Recreo","subred":"R-08","zona":"Red El Recreo · subred R-08","sector":"1","parroquia_ep":"1","caudal_l_s":3.5,"area_m2":161798.06,"area_ha":16.18,"perimetro_m":1728.24,"fuente":"EP Riobamba (ex EMAPAR)","actualizacion":"marzo 2025"},"geometry":{"type":"Polygon","coordinates":[[[-78.694016,-1.650223],[-78.693783,-1.650167],[-78.69355,-1.650112],[-78.693316,-1.650056],[-78.693083,-1.65],[-78.693037,-1.650045],[-78.692991,-1.65009],[-78.692946,-1.650135],[-78.6929,-1.65018],[-78.692771,-1.650317],[-78.692643,-1.650455],[-78.692514,-1.650592],[-78.692385,-1.650729],[-78.692162,-1.650944],[-78.691939,-1.65116],[-78.691716,-1.651375],[-78.691494,-1.65159],[-78.692109,-1.652306],[-78.692724,-1.653022],[-78.692861,-1.653182],[-78.692998,-1.653342],[-78.693955,-1.654454],[-78.694562,-1.655148],[-78.695169,-1.655842],[-78.695264,-1.655247],[-78.695359,-1.654652],[-78.695674,-1.653461],[-78.69599,-1.652269],[-78.695871,-1.651938],[-78.695751,-1.651607],[-78.69542,-1.651553],[-78.695088,-1.6515],[-78.694919,-1.651189],[-78.69475,-1.650878],[-78.694454,-1.650674],[-78.694158,-1.65047],[-78.694087,-1.650346],[-78.694016,-1.650223]]]}},{"type":"Feature","properties":{"tipo":"subred","red":"El Recreo","subred":"R-09","zona":"Red El Recreo · subred R-09","sector":"1","parroquia_ep":"1","caudal_l_s":3.72,"area_m2":172130.39,"area_ha":17.21,"perimetro_m":1999.67,"fuente":"EP Riobamba (ex EMAPAR)","actualizacion":"marzo 2025"},"geometry":{"type":"Polygon","coordinates":[[[-78.695169,-1.655842],[-78.694865,-1.655495],[-78.694562,-1.655148],[-78.694258,-1.654801],[-78.693955,-1.654454],[-78.693476,-1.653898],[-78.692998,-1.653342],[-78.692514,-1.653787],[-78.692029,-1.654232],[-78.691544,-1.654677],[-78.69106,-1.655122],[-78.690874,-1.65525],[-78.690688,-1.655379],[-78.690503,-1.655507],[-78.690317,-1.655635],[-78.690205,-1.655687],[-78.690094,-1.655738],[-78.689983,-1.65579],[-78.689872,-1.655841],[-78.689753,-1.655922],[-78.689634,-1.656003],[-78.689515,-1.656084],[-78.689396,-1.656165],[-78.689023,-1.656351],[-78.68865,-1.656538],[-78.688277,-1.656724],[-78.687904,-1.65691],[-78.688039,-1.657207],[-78.688174,-1.657504],[-78.688313,-1.657811],[-78.688452,-1.658118],[-78.689804,-1.657707],[-78.691157,-1.657297],[-78.693163,-1.656569],[-78.695169,-1.655842]]]}},{"type":"Feature","properties":{"tipo":"subred","red":"El Recreo","subred":"R-10","zona":"Red El Recreo · subred R-10","sector":"1","parroquia_ep":"1","caudal_l_s":2.34,"area_m2":131381.26,"area_ha":13.14,"perimetro_m":1521.2,"fuente":"EP Riobamba (ex EMAPAR)","actualizacion":"marzo 2025"},"geometry":{"type":"Polygon","coordinates":[[[-78.68651,-1.658693],[-78.686066,-1.658814],[-78.685622,-1.658936],[-78.685178,-1.659058],[-78.684733,-1.659179],[-78.684468,-1.659252],[-78.684203,-1.659325],[-78.683938,-1.659398],[-78.683671,-1.659472],[-78.683642,-1.65948],[-78.683613,-1.659488],[-78.68358,-1.659497],[-78.683541,-1.659508],[-78.683795,-1.660185],[-78.684049,-1.660862],[-78.684122,-1.661114],[-78.684195,-1.661366],[-78.684364,-1.661992],[-78.684533,-1.662618],[-78.684684,-1.663258],[-78.684863,-1.663197],[-78.685041,-1.663136],[-78.685207,-1.663018],[-78.685372,-1.6629],[-78.685479,-1.662767],[-78.685585,-1.662633],[-78.685759,-1.662411],[-78.685932,-1.662189],[-78.686068,-1.66211],[-78.686204,-1.662032],[-78.686233,-1.661771],[-78.686262,-1.66151],[-78.686843,-1.661306],[-78.687424,-1.661102],[-78.687594,-1.660951],[-78.687764,-1.6608],[-78.68776,-1.660756],[-78.687756,-1.660712],[-78.687717,-1.660593],[-78.687677,-1.660473],[-78.687666,-1.660434],[-78.687656,-1.660394],[-78.687565,-1.660165],[-78.687474,-1.659937],[-78.68732,-1.659744],[-78.687167,-1.659552],[-78.686955,-1.659312],[-78.686743,-1.659073],[-78.686626,-1.658883],[-78.68651,-1.658693]]]}},{"type":"Feature","properties":{"tipo":"subred","red":"El Recreo","subred":"R-11","zona":"Red El Recreo · subred R-11","sector":"1","parroquia_ep":"1","caudal_l_s":5.04,"area_m2":427408.88,"area_ha":42.74,"perimetro_m":3888.74,"fuente":"EP Riobamba (ex EMAPAR)","actualizacion":"marzo 2025"},"geometry":{"type":"Polygon","coordinates":[[[-78.695169,-1.655842],[-78.694166,-1.656205],[-78.693163,-1.656569],[-78.69216,-1.656933],[-78.691157,-1.657297],[-78.690481,-1.657502],[-78.689804,-1.657707],[-78.689128,-1.657913],[-78.688452,-1.658118],[-78.687995,-1.658254],[-78.687537,-1.65839],[-78.68708,-1.658526],[-78.686623,-1.658662],[-78.686595,-1.658669],[-78.686567,-1.658677],[-78.686538,-1.658685],[-78.68651,-1.658693],[-78.686568,-1.658788],[-78.686626,-1.658883],[-78.686684,-1.658978],[-78.686743,-1.659073],[-78.686849,-1.659193],[-78.686955,-1.659312],[-78.687061,-1.659432],[-78.687167,-1.659552],[-78.687244,-1.659648],[-78.68732,-1.659744],[-78.687397,-1.65984],[-78.687474,-1.659937],[-78.687519,-1.660051],[-78.687565,-1.660165],[-78.68761,-1.660279],[-78.687656,-1.660394],[-78.687661,-1.660414],[-78.687666,-1.660434],[-78.687672,-1.660454],[-78.687677,-1.660473],[-78.687697,-1.660533],[-78.687717,-1.660593],[-78.687736,-1.660652],[-78.687756,-1.660712],[-78.687758,-1.660734],[-78.68776,-1.660756],[-78.687762,-1.660778],[-78.687764,-1.6608],[-78.687679,-1.660875],[-78.687594,-1.660951],[-78.687509,-1.661026],[-78.687424,-1.661102],[-78.687134,-1.661204],[-78.686843,-1.661306],[-78.686553,-1.661408],[-78.686262,-1.66151],[-78.686248,-1.661641],[-78.686233,-1.661771],[-78.686218,-1.661902],[-78.686204,-1.662032],[-78.686136,-1.662071],[-78.686068,-1.66211],[-78.686,-1.662149],[-78.685932,-1.662189],[-78.685846,-1.6623],[-78.685759,-1.662411],[-78.685672,-1.662522],[-78.685585,-1.662633],[-78.685532,-1.6627],[-78.685479,-1.662767],[-78.685426,-1.662834],[-78.685372,-1.6629],[-78.685289,-1.662959],[-78.685207,-1.663018],[-78.685124,-1.663077],[-78.685041,-1.663136],[-78.684952,-1.663167],[-78.684863,-1.663197],[-78.684773,-1.663228],[-78.684684,-1.663258],[-78.684811,-1.663794],[-78.685089,-1.66497],[-78.685112,-1.66479],[-78.685135,-1.664609],[-78.685243,-1.663972],[-78.685352,-1.663334],[-78.685576,-1.663448],[-78.685801,-1.663561],[-78.686043,-1.66357],[-78.686286,-1.66358],[-78.686285,-1.663923],[-78.686285,-1.664267],[-78.686761,-1.664285],[-78.687237,-1.664304],[-78.687273,-1.664073],[-78.68731,-1.663843],[-78.687688,-1.663411],[-78.688067,-1.662979],[-78.688471,-1.662668],[-78.688875,-1.662357],[-78.68909,-1.662214],[-78.689305,-1.662071],[-78.689585,-1.661949],[-78.689865,-1.661827],[-78.689916,-1.661742],[-78.689968,-1.661657],[-78.69081,-1.661368],[-78.691652,-1.661079],[-78.692086,-1.660639],[-78.69252,-1.6602],[-78.693335,-1.659994],[-78.69415,-1.659788],[-78.694522,-1.658952],[-78.694894,-1.658116],[-78.694674,-1.657806],[-78.694455,-1.657495],[-78.694842,-1.656957],[-78.695229,-1.65642],[-78.695199,-1.656131],[-78.695169,-1.655842]]]}},{"type":"Feature","properties":{"tipo":"subred","red":"Maldonado","subred":"M-01","zona":"Red Maldonado · subred M-01","sector":"5","parroquia_ep":"3","caudal_l_s":7.43,"area_m2":159204.35,"area_ha":15.92,"perimetro_m":2006.63,"fuente":"EP Riobamba (ex EMAPAR)","actualizacion":"marzo 2025"},"geometry":{"type":"Polygon","coordinates":[[[-78.649069,-1.669573],[-78.649559,-1.670171],[-78.648994,-1.670658],[-78.64991,-1.671808],[-78.650476,-1.67131],[-78.650983,-1.67088],[-78.651034,-1.670835],[-78.651595,-1.670345],[-78.652146,-1.669863],[-78.652434,-1.669612],[-78.652542,-1.66952],[-78.652796,-1.669295],[-78.65234,-1.668771],[-78.651845,-1.668177],[-78.651332,-1.667568],[-78.650866,-1.667005],[-78.650269,-1.667531],[-78.649694,-1.668025],[-78.649113,-1.668531],[-78.648659,-1.667991],[-78.648184,-1.667388],[-78.648173,-1.667375],[-78.647075,-1.668358],[-78.6485,-1.67007],[-78.649069,-1.669573]]]}},{"type":"Feature","properties":{"tipo":"subred","red":"Maldonado","subred":"M-02","zona":"Red Maldonado · subred M-02","sector":"5","parroquia_ep":"4","caudal_l_s":7.16,"area_m2":170439.82,"area_ha":17.04,"perimetro_m":1816.84,"fuente":"EP Riobamba (ex EMAPAR)","actualizacion":"marzo 2025"},"geometry":{"type":"Polygon","coordinates":[[[-78.647691,-1.673766],[-78.648253,-1.673282],[-78.648816,-1.672788],[-78.649359,-1.67231],[-78.64991,-1.671808],[-78.648994,-1.670658],[-78.649559,-1.670171],[-78.649069,-1.669573],[-78.6485,-1.67007],[-78.647075,-1.668358],[-78.644848,-1.67036],[-78.645901,-1.671589],[-78.646381,-1.672163],[-78.647261,-1.673249],[-78.647697,-1.673761],[-78.647691,-1.673766]]]}},{"type":"Feature","properties":{"tipo":"subred","red":"Maldonado","subred":"M-03","zona":"Red Maldonado · subred M-03","sector":"5","parroquia_ep":"4","caudal_l_s":5.09,"area_m2":174124.73,"area_ha":17.41,"perimetro_m":1674.41,"fuente":"EP Riobamba (ex EMAPAR)","actualizacion":"marzo 2025"},"geometry":{"type":"Polygon","coordinates":[[[-78.639671,-1.67596],[-78.640312,-1.676694],[-78.640495,-1.67726],[-78.641297,-1.6782],[-78.641642,-1.678614],[-78.641784,-1.6788],[-78.641834,-1.678855],[-78.64257,-1.678197],[-78.64353,-1.677358],[-78.64441,-1.676602],[-78.644874,-1.676211],[-78.644387,-1.675632],[-78.643906,-1.675074],[-78.643448,-1.674531],[-78.642924,-1.673917],[-78.642546,-1.673464],[-78.641988,-1.673974],[-78.641402,-1.674463],[-78.640821,-1.674966],[-78.640241,-1.675452],[-78.639682,-1.675951],[-78.639671,-1.67596]]]}},{"type":"Feature","properties":{"tipo":"subred","red":"Maldonado","subred":"M-04","zona":"Red Maldonado · subred M-04","sector":"5","parroquia_ep":"4","caudal_l_s":5.45,"area_m2":193253.17,"area_ha":19.33,"perimetro_m":2095.57,"fuente":"EP Riobamba (ex EMAPAR)","actualizacion":"marzo 2025"},"geometry":{"type":"Polygon","coordinates":[[[-78.635929,-1.679409],[-78.636285,-1.679826],[-78.637171,-1.680826],[-78.638228,-1.682042],[-78.638261,-1.682075],[-78.638333,-1.682007],[-78.638753,-1.681637],[-78.639404,-1.681054],[-78.64033,-1.680214],[-78.64175,-1.678939],[-78.641834,-1.678855],[-78.641784,-1.6788],[-78.641642,-1.678614],[-78.641297,-1.6782],[-78.640495,-1.67726],[-78.640312,-1.676694],[-78.639671,-1.67596],[-78.63922,-1.676343],[-78.638773,-1.676706],[-78.638362,-1.677108],[-78.637941,-1.677512],[-78.638272,-1.677892],[-78.638895,-1.678652],[-78.638739,-1.678674],[-78.638032,-1.678861],[-78.637328,-1.679044],[-78.636277,-1.679319],[-78.635929,-1.679409]]]}},{"type":"Feature","properties":{"tipo":"subred","red":"Maldonado","subred":"M-05","zona":"Red Maldonado · subred M-05","sector":"5","parroquia_ep":"4","caudal_l_s":5.75,"area_m2":185910.12,"area_ha":18.59,"perimetro_m":1737.22,"fuente":"EP Riobamba (ex EMAPAR)","actualizacion":"marzo 2025"},"geometry":{"type":"Polygon","coordinates":[[[-78.633456,-1.681846],[-78.63376,-1.682146],[-78.633976,-1.682391],[-78.634341,-1.682834],[-78.634672,-1.683239],[-78.635013,-1.683682],[-78.635621,-1.684449],[-78.635849,-1.684222],[-78.636631,-1.683526],[-78.63756,-1.682652],[-78.638261,-1.682075],[-78.638228,-1.682042],[-78.637171,-1.680826],[-78.636285,-1.679826],[-78.635929,-1.679409],[-78.63554,-1.679509],[-78.634825,-1.67969],[-78.634364,-1.679792],[-78.633632,-1.679982],[-78.632711,-1.680219],[-78.632834,-1.680702],[-78.632937,-1.681128],[-78.633027,-1.681401],[-78.633137,-1.681571],[-78.633456,-1.681846]]]}},{"type":"Feature","properties":{"tipo":"subred","red":"Maldonado","subred":"M-06","zona":"Red Maldonado · subred M-06","sector":"5","parroquia_ep":"2","caudal_l_s":5.64,"area_m2":127974.34,"area_ha":12.8,"perimetro_m":1648.11,"fuente":"EP Riobamba (ex EMAPAR)","actualizacion":"marzo 2025"},"geometry":{"type":"Polygon","coordinates":[[[-78.647686,-1.673771],[-78.648279,-1.674487],[-78.648729,-1.675035],[-78.649189,-1.675558],[-78.64962,-1.676097],[-78.650077,-1.676642],[-78.650627,-1.676186],[-78.650146,-1.67558],[-78.650694,-1.675093],[-78.651165,-1.675654],[-78.651747,-1.675132],[-78.652274,-1.674695],[-78.651758,-1.674074],[-78.651309,-1.673526],[-78.650832,-1.672955],[-78.650364,-1.672377],[-78.64991,-1.671808],[-78.649359,-1.67231],[-78.648816,-1.672788],[-78.648253,-1.673282],[-78.647691,-1.673766],[-78.647686,-1.673771]]]}},{"type":"Feature","properties":{"tipo":"subred","red":"Maldonado","subred":"M-07","zona":"Red Maldonado · subred M-07","sector":"5","parroquia_ep":"2","caudal_l_s":7.41,"area_m2":170153.35,"area_ha":17.02,"perimetro_m":1652.47,"fuente":"EP Riobamba (ex EMAPAR)","actualizacion":"marzo 2025"},"geometry":{"type":"Polygon","coordinates":[[[-78.645992,-1.675243],[-78.644874,-1.676211],[-78.644994,-1.676365],[-78.645685,-1.67717],[-78.646397,-1.678],[-78.647266,-1.679062],[-78.648262,-1.678214],[-78.649362,-1.67725],[-78.650077,-1.676642],[-78.64962,-1.676097],[-78.649189,-1.675558],[-78.648729,-1.675035],[-78.648279,-1.674487],[-78.647686,-1.673771],[-78.647134,-1.674267],[-78.646754,-1.674594],[-78.646572,-1.674751],[-78.645992,-1.675243]]]}},{"type":"Feature","properties":{"tipo":"subred","red":"Maldonado","subred":"M-08","zona":"Red Maldonado · subred M-08","sector":"5","parroquia_ep":"2","caudal_l_s":5.28,"area_m2":159862.51,"area_ha":15.99,"perimetro_m":1767.4,"fuente":"EP Riobamba (ex EMAPAR)","actualizacion":"marzo 2025"},"geometry":{"type":"Polygon","coordinates":[[[-78.641846,-1.678869],[-78.64216,-1.679254],[-78.642895,-1.680093],[-78.642934,-1.680589],[-78.642965,-1.680577],[-78.64364,-1.680428],[-78.644043,-1.680186],[-78.644621,-1.679526],[-78.645666,-1.680714],[-78.645727,-1.680771],[-78.646195,-1.680098],[-78.646701,-1.679566],[-78.647258,-1.679069],[-78.647266,-1.679062],[-78.646397,-1.678],[-78.645685,-1.67717],[-78.644994,-1.676365],[-78.644874,-1.676211],[-78.64441,-1.676602],[-78.64353,-1.677358],[-78.64257,-1.678197],[-78.641834,-1.678855],[-78.641846,-1.678869]]]}},{"type":"Feature","properties":{"tipo":"subred","red":"Maldonado","subred":"M-09","zona":"Red Maldonado · subred M-09","sector":"5","parroquia_ep":"2","caudal_l_s":4.43,"area_m2":146612.65,"area_ha":14.66,"perimetro_m":1795.55,"fuente":"EP Riobamba (ex EMAPAR)","actualizacion":"marzo 2025"},"geometry":{"type":"Polygon","coordinates":[[[-78.638261,-1.682075],[-78.63756,-1.682652],[-78.638161,-1.683331],[-78.638606,-1.683865],[-78.639286,-1.684541],[-78.639471,-1.684707],[-78.639928,-1.683991],[-78.640506,-1.683047],[-78.640783,-1.682582],[-78.641148,-1.681825],[-78.641552,-1.681455],[-78.64209,-1.681033],[-78.64249,-1.680761],[-78.642934,-1.680589],[-78.642895,-1.680093],[-78.64216,-1.679254],[-78.641846,-1.678869],[-78.641834,-1.678855],[-78.64175,-1.678939],[-78.64033,-1.680214],[-78.639404,-1.681054],[-78.638753,-1.681637],[-78.638333,-1.682007],[-78.638261,-1.682075]]]}},{"type":"Feature","properties":{"tipo":"subred","red":"Maldonado","subred":"M-10","zona":"Red Maldonado · subred M-10","sector":"5","parroquia_ep":"2","caudal_l_s":4.59,"area_m2":165567.74,"area_ha":16.56,"perimetro_m":1704.83,"fuente":"EP Riobamba (ex EMAPAR)","actualizacion":"marzo 2025"},"geometry":{"type":"Polygon","coordinates":[[[-78.634991,-1.68514],[-78.634153,-1.686326],[-78.634791,-1.686928],[-78.635395,-1.687502],[-78.635879,-1.688029],[-78.635999,-1.688167],[-78.636102,-1.688078],[-78.636756,-1.687306],[-78.637558,-1.686392],[-78.638723,-1.685335],[-78.639467,-1.684714],[-78.639471,-1.684707],[-78.639286,-1.684541],[-78.638606,-1.683865],[-78.638161,-1.683331],[-78.63756,-1.682652],[-78.636631,-1.683526],[-78.635849,-1.684222],[-78.635621,-1.684449],[-78.635139,-1.684964],[-78.634991,-1.68514]]]}},{"type":"Feature","properties":{"tipo":"subred","red":"Maldonado","subred":"M-11","zona":"Red Maldonado · subred M-11","sector":"5","parroquia_ep":"2","caudal_l_s":3.87,"area_m2":139680.96,"area_ha":13.97,"perimetro_m":1551.41,"fuente":"EP Riobamba (ex EMAPAR)","actualizacion":"marzo 2025"},"geometry":{"type":"Polygon","coordinates":[[[-78.632357,-1.688853],[-78.632022,-1.689322],[-78.631936,-1.689446],[-78.632203,-1.689638],[-78.632455,-1.68978],[-78.632748,-1.689912],[-78.633046,-1.690006],[-78.633292,-1.690073],[-78.633452,-1.690101],[-78.633906,-1.69015],[-78.634397,-1.690189],[-78.634837,-1.690199],[-78.635262,-1.690203],[-78.635522,-1.690183],[-78.635707,-1.690157],[-78.635941,-1.690111],[-78.636242,-1.690028],[-78.636428,-1.689971],[-78.636803,-1.68982],[-78.637149,-1.68964],[-78.637292,-1.68955],[-78.636849,-1.689066],[-78.636358,-1.688544],[-78.635999,-1.688167],[-78.635879,-1.688029],[-78.635395,-1.687502],[-78.634791,-1.686928],[-78.634153,-1.686326],[-78.633834,-1.686777],[-78.633256,-1.687585],[-78.632357,-1.688853]]]}},{"type":"Feature","properties":{"tipo":"subred","red":"Maldonado","subred":"M-12","zona":"Red Maldonado · subred M-12","sector":"5","parroquia_ep":"2","caudal_l_s":5,"area_m2":111089.81,"area_ha":11.11,"perimetro_m":1455.6,"fuente":"EP Riobamba (ex EMAPAR)","actualizacion":"marzo 2025"},"geometry":{"type":"Polygon","coordinates":[[[-78.650138,-1.676715],[-78.650694,-1.677382],[-78.651502,-1.678342],[-78.651924,-1.67885],[-78.652076,-1.678703],[-78.652633,-1.678225],[-78.654124,-1.676925],[-78.653987,-1.676765],[-78.65365,-1.676359],[-78.653166,-1.675769],[-78.652713,-1.675215],[-78.652285,-1.674709],[-78.652274,-1.674695],[-78.651747,-1.675132],[-78.651165,-1.675654],[-78.650694,-1.675093],[-78.650146,-1.67558],[-78.650627,-1.676186],[-78.650077,-1.676642],[-78.650138,-1.676715]]]}},{"type":"Feature","properties":{"tipo":"subred","red":"Maldonado","subred":"M-13","zona":"Red Maldonado · subred M-13","sector":"5","parroquia_ep":"2","caudal_l_s":5.25,"area_m2":136589.98,"area_ha":13.66,"perimetro_m":1922.76,"fuente":"EP Riobamba (ex EMAPAR)","actualizacion":"marzo 2025"},"geometry":{"type":"Polygon","coordinates":[[[-78.648262,-1.678214],[-78.647266,-1.679062],[-78.648136,-1.680089],[-78.648783,-1.680855],[-78.649136,-1.681272],[-78.649258,-1.681415],[-78.649551,-1.681765],[-78.650659,-1.680812],[-78.649766,-1.679782],[-78.650897,-1.678799],[-78.651807,-1.679878],[-78.652384,-1.679399],[-78.651989,-1.678928],[-78.651924,-1.67885],[-78.651502,-1.678342],[-78.650694,-1.677382],[-78.650138,-1.676715],[-78.650077,-1.676642],[-78.649362,-1.67725],[-78.648262,-1.678214]]]}},{"type":"Feature","properties":{"tipo":"subred","red":"Maldonado","subred":"M-14","zona":"Red Maldonado · subred M-14","sector":"5","parroquia_ep":"2","caudal_l_s":6.67,"area_m2":201732.03,"area_ha":20.17,"perimetro_m":2341.56,"fuente":"EP Riobamba (ex EMAPAR)","actualizacion":"marzo 2025"},"geometry":{"type":"Polygon","coordinates":[[[-78.642933,-1.680584],[-78.643095,-1.682431],[-78.643189,-1.683668],[-78.643241,-1.684124],[-78.643538,-1.683947],[-78.643615,-1.683907],[-78.643904,-1.6835],[-78.644269,-1.682967],[-78.644955,-1.681992],[-78.647299,-1.68361],[-78.648577,-1.681718],[-78.649136,-1.681272],[-78.648783,-1.680855],[-78.648136,-1.680089],[-78.647266,-1.679062],[-78.647258,-1.679069],[-78.646701,-1.679566],[-78.646195,-1.680098],[-78.645727,-1.680771],[-78.645666,-1.680714],[-78.644621,-1.679526],[-78.644043,-1.680186],[-78.64364,-1.680428],[-78.642933,-1.680584]]]}},{"type":"Feature","properties":{"tipo":"subred","red":"Maldonado","subred":"M-15","zona":"Red Maldonado · subred M-15","sector":"5","parroquia_ep":"2","caudal_l_s":4.87,"area_m2":175646.7,"area_ha":17.56,"perimetro_m":1755.99,"fuente":"EP Riobamba (ex EMAPAR)","actualizacion":"marzo 2025"},"geometry":{"type":"Polygon","coordinates":[[[-78.639473,-1.684703],[-78.640486,-1.685718],[-78.641389,-1.686618],[-78.641463,-1.686707],[-78.641672,-1.686562],[-78.64233,-1.68617],[-78.642788,-1.686002],[-78.643435,-1.685888],[-78.643332,-1.684929],[-78.643189,-1.683668],[-78.643095,-1.682431],[-78.642934,-1.680589],[-78.64249,-1.680761],[-78.64209,-1.681033],[-78.641552,-1.681455],[-78.641148,-1.681825],[-78.640783,-1.682582],[-78.640506,-1.683047],[-78.639928,-1.683991],[-78.639473,-1.684703]]]}},{"type":"Feature","properties":{"tipo":"subred","red":"Maldonado","subred":"M-16","zona":"Red Maldonado · subred M-16","sector":"5","parroquia_ep":"2","caudal_l_s":4.12,"area_m2":148898.39,"area_ha":14.89,"perimetro_m":1630.23,"fuente":"EP Riobamba (ex EMAPAR)","actualizacion":"marzo 2025"},"geometry":{"type":"Polygon","coordinates":[[[-78.636756,-1.687306],[-78.636102,-1.688078],[-78.635999,-1.688167],[-78.636358,-1.688544],[-78.636849,-1.689066],[-78.637292,-1.68955],[-78.637406,-1.689477],[-78.637972,-1.689078],[-78.638971,-1.688428],[-78.640885,-1.687109],[-78.641463,-1.686707],[-78.641389,-1.686618],[-78.640486,-1.685718],[-78.639473,-1.684703],[-78.639467,-1.684714],[-78.638723,-1.685335],[-78.637558,-1.686392],[-78.636756,-1.687306]]]}},{"type":"Feature","properties":{"tipo":"subred","red":"Maldonado","subred":"M-17","zona":"Red Maldonado · subred M-17","sector":"5","parroquia_ep":"2","caudal_l_s":5.5,"area_m2":141939.97,"area_ha":14.19,"perimetro_m":1527.41,"fuente":"EP Riobamba (ex EMAPAR)","actualizacion":"marzo 2025"},"geometry":{"type":"Polygon","coordinates":[[[-78.651989,-1.678928],[-78.652384,-1.679399],[-78.652888,-1.68],[-78.653933,-1.681244],[-78.654625,-1.682045],[-78.655546,-1.680942],[-78.656364,-1.679969],[-78.656504,-1.679793],[-78.656443,-1.679737],[-78.655982,-1.679178],[-78.655549,-1.678648],[-78.655073,-1.678059],[-78.654512,-1.67738],[-78.654124,-1.676925],[-78.652633,-1.678225],[-78.652076,-1.678703],[-78.651924,-1.67885],[-78.651989,-1.678928]]]}},{"type":"Feature","properties":{"tipo":"subred","red":"Maldonado","subred":"M-18","zona":"Red Maldonado · subred M-18","sector":"5","parroquia_ep":"2","caudal_l_s":4.94,"area_m2":199609.53,"area_ha":19.96,"perimetro_m":1958.96,"fuente":"EP Riobamba (ex EMAPAR)","actualizacion":"marzo 2025"},"geometry":{"type":"Polygon","coordinates":[[[-78.650659,-1.680812],[-78.649551,-1.681765],[-78.650134,-1.682461],[-78.651015,-1.683521],[-78.651954,-1.68464],[-78.652099,-1.684786],[-78.652335,-1.684628],[-78.652743,-1.684343],[-78.653249,-1.683777],[-78.653843,-1.683049],[-78.654577,-1.682106],[-78.654625,-1.682045],[-78.653933,-1.681244],[-78.652888,-1.68],[-78.652384,-1.679399],[-78.651807,-1.679878],[-78.650897,-1.678799],[-78.649766,-1.679782],[-78.650659,-1.680812]]]}},{"type":"Feature","properties":{"tipo":"subred","red":"Maldonado","subred":"M-19","zona":"Red Maldonado · subred M-19","sector":"5","parroquia_ep":"2","caudal_l_s":3.9,"area_m2":150020.24,"area_ha":15,"perimetro_m":1634.16,"fuente":"EP Riobamba (ex EMAPAR)","actualizacion":"marzo 2025"},"geometry":{"type":"Polygon","coordinates":[[[-78.647841,-1.684031],[-78.647503,-1.685681],[-78.648168,-1.685629],[-78.649214,-1.685559],[-78.649396,-1.685558],[-78.649941,-1.685554],[-78.650974,-1.685334],[-78.651415,-1.685176],[-78.651992,-1.684858],[-78.652099,-1.684786],[-78.651954,-1.68464],[-78.651015,-1.683521],[-78.650134,-1.682461],[-78.649551,-1.681765],[-78.649258,-1.681415],[-78.649136,-1.681272],[-78.648577,-1.681718],[-78.647299,-1.68361],[-78.647841,-1.684031]]]}},{"type":"Feature","properties":{"tipo":"subred","red":"Maldonado","subred":"M-20","zona":"Red Maldonado · subred M-20","sector":"5","parroquia_ep":"2","caudal_l_s":4.9,"area_m2":148278.99,"area_ha":14.83,"perimetro_m":1536.03,"fuente":"EP Riobamba (ex EMAPAR)","actualizacion":"marzo 2025"},"geometry":{"type":"Polygon","coordinates":[[[-78.643241,-1.684124],[-78.643332,-1.684929],[-78.643435,-1.685888],[-78.645765,-1.685757],[-78.647118,-1.685711],[-78.647503,-1.685681],[-78.647841,-1.684031],[-78.647299,-1.68361],[-78.644955,-1.681992],[-78.644269,-1.682967],[-78.643904,-1.6835],[-78.643615,-1.683907],[-78.643538,-1.683947],[-78.643241,-1.684124]]]}},{"type":"Feature","properties":{"tipo":"subred","red":"Maldonado","subred":"M-21","zona":"Red Maldonado · subred M-21","sector":"5","parroquia_ep":"2","caudal_l_s":6.57,"area_m2":265695.56,"area_ha":26.57,"perimetro_m":2711.12,"fuente":"EP Riobamba (ex EMAPAR)","actualizacion":"marzo 2025"},"geometry":{"type":"Polygon","coordinates":[[[-78.649396,-1.685558],[-78.649614,-1.685951],[-78.649982,-1.686591],[-78.650094,-1.68757],[-78.649894,-1.688177],[-78.649872,-1.688513],[-78.649984,-1.688525],[-78.650313,-1.68855],[-78.650431,-1.688566],[-78.650564,-1.688574],[-78.650717,-1.688579],[-78.650768,-1.688569],[-78.650832,-1.688544],[-78.650913,-1.688489],[-78.651041,-1.688365],[-78.651157,-1.688244],[-78.651284,-1.688128],[-78.651374,-1.68807],[-78.651507,-1.687993],[-78.651603,-1.687962],[-78.651728,-1.68793],[-78.651909,-1.6879],[-78.652109,-1.687857],[-78.652243,-1.687834],[-78.652323,-1.687831],[-78.652387,-1.687822],[-78.652522,-1.687781],[-78.652619,-1.687757],[-78.652714,-1.68772],[-78.652808,-1.687667],[-78.652908,-1.687606],[-78.653021,-1.68753],[-78.653125,-1.687421],[-78.653234,-1.687291],[-78.653287,-1.687239],[-78.653289,-1.687193],[-78.653341,-1.687142],[-78.653419,-1.687035],[-78.653453,-1.686913],[-78.653485,-1.686869],[-78.653544,-1.686788],[-78.65357,-1.686728],[-78.653581,-1.68667],[-78.653602,-1.686639],[-78.653632,-1.686587],[-78.653626,-1.686535],[-78.653656,-1.686437],[-78.65368,-1.686431],[-78.653686,-1.686386],[-78.653673,-1.686348],[-78.653675,-1.686299],[-78.653714,-1.686256],[-78.653798,-1.68618],[-78.653851,-1.68615],[-78.653882,-1.686089],[-78.653922,-1.686028],[-78.653974,-1.685964],[-78.653981,-1.685956],[-78.653981,-1.685948],[-78.653962,-1.685941],[-78.653967,-1.685907],[-78.653988,-1.685863],[-78.654056,-1.685744],[-78.654152,-1.685671],[-78.654261,-1.685601],[-78.654363,-1.685589],[-78.654507,-1.685604],[-78.654656,-1.685626],[-78.654728,-1.685627],[-78.654808,-1.685611],[-78.654872,-1.685603],[-78.654963,-1.685557],[-78.654992,-1.685502],[-78.655032,-1.685415],[-78.655115,-1.68524],[-78.655173,-1.685141],[-78.655258,-1.685024],[-78.65535,-1.684883],[-78.655427,-1.68478],[-78.655554,-1.68464],[-78.655708,-1.68446],[-78.655854,-1.684237],[-78.656056,-1.684005],[-78.656094,-1.683964],[-78.656111,-1.683944],[-78.65614,-1.683914],[-78.656213,-1.683836],[-78.65636,-1.683687],[-78.656475,-1.683592],[-78.656571,-1.683529],[-78.65668,-1.683471],[-78.656762,-1.683436],[-78.656853,-1.683405],[-78.656949,-1.68338],[-78.657045,-1.683364],[-78.657143,-1.683354],[-78.657222,-1.683353],[-78.657299,-1.683353],[-78.657381,-1.683344],[-78.657444,-1.683331],[-78.657491,-1.683317],[-78.656806,-1.682432],[-78.655546,-1.680942],[-78.654625,-1.682045],[-78.654577,-1.682106],[-78.653843,-1.683049],[-78.653249,-1.683777],[-78.652743,-1.684343],[-78.652335,-1.684628],[-78.652099,-1.684786],[-78.651992,-1.684858],[-78.651415,-1.685176],[-78.650974,-1.685334],[-78.649941,-1.685554],[-78.649396,-1.685558]]]}},{"type":"Feature","properties":{"tipo":"subred","red":"Maldonado","subred":"M-22","zona":"Red Maldonado · subred M-22","sector":"5","parroquia_ep":"2","caudal_l_s":3.62,"area_m2":146229.42,"area_ha":14.62,"perimetro_m":1602.99,"fuente":"EP Riobamba (ex EMAPAR)","actualizacion":"marzo 2025"},"geometry":{"type":"Polygon","coordinates":[[[-78.646862,-1.687698],[-78.646793,-1.688271],[-78.646692,-1.688842],[-78.646507,-1.689856],[-78.647419,-1.690781],[-78.647448,-1.690774],[-78.647477,-1.690772],[-78.647502,-1.690773],[-78.647532,-1.690777],[-78.647545,-1.690781],[-78.64764,-1.690802],[-78.647717,-1.690798],[-78.647814,-1.690761],[-78.64794,-1.690623],[-78.648059,-1.690473],[-78.648101,-1.690353],[-78.648144,-1.690263],[-78.648432,-1.689627],[-78.648442,-1.689479],[-78.648539,-1.68932],[-78.648613,-1.689163],[-78.648704,-1.689019],[-78.648787,-1.68886],[-78.648927,-1.688664],[-78.64907,-1.68856],[-78.649239,-1.688484],[-78.649487,-1.688477],[-78.649872,-1.688514],[-78.649894,-1.688177],[-78.650094,-1.68757],[-78.649982,-1.686591],[-78.649614,-1.685951],[-78.649396,-1.685558],[-78.649214,-1.685559],[-78.648168,-1.685629],[-78.647503,-1.685681],[-78.647501,-1.685767],[-78.64726,-1.686485],[-78.6471,-1.686975],[-78.646862,-1.687698]]]}},{"type":"Feature","properties":{"tipo":"subred","red":"Maldonado","subred":"M-23","zona":"Red Maldonado · subred M-23","sector":"5","parroquia_ep":"2","caudal_l_s":5.31,"area_m2":214506.84,"area_ha":21.45,"perimetro_m":2194.12,"fuente":"EP Riobamba (ex EMAPAR)","actualizacion":"marzo 2025"},"geometry":{"type":"Polygon","coordinates":[[[-78.643817,-1.688444],[-78.644009,-1.689948],[-78.644041,-1.690262],[-78.644392,-1.690318],[-78.644588,-1.690486],[-78.644831,-1.690272],[-78.645227,-1.690916],[-78.64541,-1.691172],[-78.645688,-1.691494],[-78.646002,-1.691751],[-78.646221,-1.69193],[-78.646873,-1.692352],[-78.646912,-1.692276],[-78.647099,-1.692015],[-78.647207,-1.691899],[-78.647271,-1.691834],[-78.647278,-1.69178],[-78.647262,-1.691693],[-78.647241,-1.691436],[-78.647233,-1.691352],[-78.647226,-1.691273],[-78.647215,-1.691201],[-78.647236,-1.691074],[-78.647255,-1.690959],[-78.647278,-1.690901],[-78.647316,-1.690844],[-78.647362,-1.690803],[-78.647419,-1.690781],[-78.646507,-1.689856],[-78.646692,-1.688842],[-78.646793,-1.688271],[-78.646862,-1.687698],[-78.6471,-1.686975],[-78.64726,-1.686485],[-78.647501,-1.685767],[-78.647503,-1.685681],[-78.647118,-1.685711],[-78.645765,-1.685757],[-78.643435,-1.685888],[-78.643586,-1.686824],[-78.643817,-1.688444]]]}},{"type":"Feature","properties":{"tipo":"subred","red":"Maldonado","subred":"M-24","zona":"Red Maldonado · subred M-24","sector":"5","parroquia_ep":"2","caudal_l_s":4.72,"area_m2":205908.99,"area_ha":20.59,"perimetro_m":1987.51,"fuente":"EP Riobamba (ex EMAPAR)","actualizacion":"marzo 2025"},"geometry":{"type":"Polygon","coordinates":[[[-78.640656,-1.687267],[-78.640852,-1.690145],[-78.643756,-1.693286],[-78.64382,-1.693334],[-78.643943,-1.692784],[-78.644046,-1.692169],[-78.644004,-1.690262],[-78.644041,-1.690262],[-78.644009,-1.689948],[-78.643817,-1.688444],[-78.643586,-1.686824],[-78.643435,-1.685888],[-78.642788,-1.686002],[-78.64233,-1.68617],[-78.641672,-1.686562],[-78.640885,-1.687109],[-78.640656,-1.687267]]]}},{"type":"Feature","properties":{"tipo":"subred","red":"Maldonado","subred":"M-25","zona":"Red Maldonado · subred M-25","sector":"4","parroquia_ep":"2","caudal_l_s":5.6,"area_m2":763164.88,"area_ha":76.32,"perimetro_m":5562.07,"fuente":"EP Riobamba (ex EMAPAR)","actualizacion":"marzo 2025"},"geometry":{"type":"Polygon","coordinates":[[[-78.640277,-1.694071],[-78.640599,-1.696235],[-78.640791,-1.696208],[-78.641084,-1.696297],[-78.641201,-1.696386],[-78.641239,-1.696571],[-78.641996,-1.696999],[-78.642076,-1.697024],[-78.64229,-1.69673],[-78.642448,-1.696522],[-78.643148,-1.696753],[-78.644515,-1.69807],[-78.644522,-1.698168],[-78.64447,-1.698281],[-78.644926,-1.698591],[-78.644889,-1.698711],[-78.64483,-1.698888],[-78.645264,-1.699092],[-78.645579,-1.699401],[-78.647817,-1.701551],[-78.649332,-1.701735],[-78.649313,-1.701579],[-78.649304,-1.701209],[-78.649318,-1.701098],[-78.649342,-1.700873],[-78.649369,-1.700805],[-78.649404,-1.700743],[-78.649438,-1.700653],[-78.649577,-1.700364],[-78.649644,-1.700192],[-78.649681,-1.700089],[-78.649692,-1.700046],[-78.649696,-1.700003],[-78.649694,-1.699959],[-78.649685,-1.699916],[-78.649669,-1.699875],[-78.649646,-1.699837],[-78.649613,-1.699811],[-78.649593,-1.699804],[-78.649546,-1.69979],[-78.649503,-1.69974],[-78.649449,-1.699735],[-78.649398,-1.6997],[-78.649364,-1.699656],[-78.64932,-1.699615],[-78.649293,-1.699546],[-78.649259,-1.699451],[-78.649238,-1.699377],[-78.649229,-1.699255],[-78.649236,-1.699157],[-78.649247,-1.699063],[-78.649266,-1.69897],[-78.649299,-1.698976],[-78.649348,-1.698762],[-78.649378,-1.698669],[-78.649389,-1.698614],[-78.649365,-1.698532],[-78.649342,-1.69847],[-78.649343,-1.698434],[-78.64935,-1.698347],[-78.649358,-1.698273],[-78.649347,-1.698186],[-78.649354,-1.698125],[-78.649339,-1.698041],[-78.649311,-1.698002],[-78.649286,-1.697946],[-78.649259,-1.697836],[-78.649203,-1.697708],[-78.649165,-1.69767],[-78.649124,-1.697632],[-78.649058,-1.697599],[-78.648993,-1.69758],[-78.648907,-1.697568],[-78.648839,-1.697555],[-78.648733,-1.69761],[-78.648645,-1.697674],[-78.64858,-1.697726],[-78.648511,-1.697798],[-78.648454,-1.697837],[-78.648363,-1.697856],[-78.648297,-1.697851],[-78.648235,-1.697832],[-78.648155,-1.697793],[-78.648077,-1.697737],[-78.647993,-1.697603],[-78.647874,-1.697427],[-78.647794,-1.697256],[-78.647781,-1.697169],[-78.647726,-1.697047],[-78.647679,-1.696964],[-78.647636,-1.696907],[-78.647562,-1.696826],[-78.647391,-1.696595],[-78.647381,-1.696571],[-78.647363,-1.696524],[-78.647339,-1.696453],[-78.647319,-1.696376],[-78.647303,-1.696294],[-78.647294,-1.696224],[-78.64729,-1.696178],[-78.647287,-1.696115],[-78.647288,-1.696055],[-78.647291,-1.695999],[-78.647296,-1.695948],[-78.647306,-1.695879],[-78.64732,-1.695807],[-78.647357,-1.695686],[-78.647364,-1.695654],[-78.647376,-1.695496],[-78.647361,-1.695294],[-78.647349,-1.695158],[-78.647365,-1.695072],[-78.6474,-1.694932],[-78.647451,-1.694853],[-78.647515,-1.694777],[-78.647517,-1.69468],[-78.647525,-1.694596],[-78.647527,-1.694554],[-78.647538,-1.694475],[-78.647568,-1.694396],[-78.647586,-1.694329],[-78.647605,-1.694297],[-78.6476,-1.694224],[-78.647611,-1.694142],[-78.647608,-1.694112],[-78.647594,-1.694053],[-78.647525,-1.693959],[-78.647455,-1.693883],[-78.647109,-1.693597],[-78.646933,-1.693405],[-78.646836,-1.693263],[-78.646796,-1.693197],[-78.646801,-1.693189],[-78.646808,-1.693172],[-78.646802,-1.693156],[-78.646748,-1.693094],[-78.646723,-1.692996],[-78.646715,-1.692906],[-78.646724,-1.692828],[-78.64675,-1.692714],[-78.646782,-1.69263],[-78.646801,-1.692543],[-78.646838,-1.692423],[-78.646873,-1.692352],[-78.646221,-1.69193],[-78.646002,-1.691751],[-78.645688,-1.691494],[-78.64541,-1.691172],[-78.645227,-1.690916],[-78.644831,-1.690272],[-78.644588,-1.690486],[-78.644392,-1.690318],[-78.644041,-1.690262],[-78.644004,-1.690262],[-78.644046,-1.692169],[-78.643943,-1.692784],[-78.64382,-1.693334],[-78.643756,-1.693286],[-78.640852,-1.690145],[-78.640656,-1.687267],[-78.638971,-1.688428],[-78.637972,-1.689078],[-78.637406,-1.689477],[-78.637825,-1.689966],[-78.638603,-1.690792],[-78.639208,-1.691485],[-78.640011,-1.692404],[-78.640148,-1.692601],[-78.640995,-1.693484],[-78.640887,-1.693593],[-78.640572,-1.693781],[-78.640277,-1.694071]]]}},{"type":"Feature","properties":{"tipo":"subred","red":"Maldonado","subred":"M-26","zona":"Red Maldonado · subred M-26","sector":"4","parroquia_ep":null,"caudal_l_s":1.99,"area_m2":891270.61,"area_ha":89.13,"perimetro_m":4191.47,"fuente":"EP Riobamba (ex EMAPAR)","actualizacion":"marzo 2025"},"geometry":{"type":"Polygon","coordinates":[[[-78.639462,-1.70231],[-78.63874,-1.7031],[-78.638117,-1.703675],[-78.638559,-1.704108],[-78.638946,-1.704551],[-78.639311,-1.705018],[-78.639449,-1.705315],[-78.639501,-1.70537],[-78.639563,-1.705433],[-78.639844,-1.705676],[-78.640068,-1.706156],[-78.640225,-1.706547],[-78.640354,-1.707067],[-78.640415,-1.707202],[-78.640652,-1.707157],[-78.641137,-1.707282],[-78.641362,-1.707497],[-78.641452,-1.707928],[-78.641542,-1.708268],[-78.641677,-1.708405],[-78.64223,-1.708292],[-78.642873,-1.708043],[-78.643324,-1.707715],[-78.644081,-1.706855],[-78.64598,-1.705765],[-78.646566,-1.706174],[-78.646927,-1.705936],[-78.647051,-1.705698],[-78.647131,-1.705279],[-78.647524,-1.704986],[-78.648214,-1.704496],[-78.648971,-1.703651],[-78.64896,-1.703597],[-78.648954,-1.703542],[-78.648955,-1.703487],[-78.648961,-1.703432],[-78.648972,-1.703377],[-78.64899,-1.703325],[-78.649035,-1.703193],[-78.649246,-1.702701],[-78.649329,-1.702425],[-78.649374,-1.70207],[-78.649332,-1.701735],[-78.647817,-1.701551],[-78.645579,-1.699401],[-78.645264,-1.699092],[-78.64483,-1.698888],[-78.644889,-1.698711],[-78.644926,-1.698591],[-78.64447,-1.698281],[-78.644522,-1.698168],[-78.644515,-1.69807],[-78.643148,-1.696753],[-78.642448,-1.696522],[-78.64229,-1.69673],[-78.642076,-1.697024],[-78.641996,-1.696999],[-78.641239,-1.696571],[-78.641201,-1.696386],[-78.641084,-1.696297],[-78.640791,-1.696208],[-78.640599,-1.696235],[-78.640911,-1.698329],[-78.639715,-1.702049],[-78.639462,-1.70231]]]}},{"type":"Feature","properties":{"tipo":"subred","red":"Maldonado","subred":"M-27","zona":"Red Maldonado · subred M-27","sector":"4","parroquia_ep":null,"caudal_l_s":1,"area_m2":520091.84,"area_ha":52.01,"perimetro_m":4220.91,"fuente":"EP Riobamba (ex EMAPAR)","actualizacion":"marzo 2025"},"geometry":{"type":"Polygon","coordinates":[[[-78.639503,-1.707745],[-78.64064,-1.710775],[-78.639273,-1.711912],[-78.63965,-1.712455],[-78.640225,-1.712139],[-78.640593,-1.712646],[-78.641527,-1.71243],[-78.642105,-1.712638],[-78.642301,-1.712686],[-78.642789,-1.712676],[-78.643123,-1.712661],[-78.643378,-1.712538],[-78.643606,-1.712267],[-78.643813,-1.711732],[-78.643951,-1.711451],[-78.644242,-1.711296],[-78.644937,-1.711001],[-78.645095,-1.710932],[-78.645315,-1.710919],[-78.645568,-1.710861],[-78.645638,-1.710661],[-78.645669,-1.710514],[-78.645805,-1.710237],[-78.645994,-1.709982],[-78.646225,-1.709641],[-78.646501,-1.709426],[-78.646841,-1.709157],[-78.647448,-1.708763],[-78.647966,-1.708548],[-78.648287,-1.708387],[-78.648618,-1.707992],[-78.648895,-1.707401],[-78.648941,-1.706823],[-78.64904,-1.706563],[-78.649406,-1.706411],[-78.649585,-1.706196],[-78.649763,-1.705873],[-78.649843,-1.705224],[-78.649802,-1.705],[-78.649797,-1.704954],[-78.649738,-1.704712],[-78.649703,-1.704616],[-78.649655,-1.704532],[-78.649582,-1.704487],[-78.649426,-1.70435],[-78.649316,-1.704184],[-78.649222,-1.704059],[-78.649171,-1.703983],[-78.649137,-1.703962],[-78.649029,-1.703822],[-78.648971,-1.703651],[-78.648214,-1.704496],[-78.647524,-1.704986],[-78.647131,-1.705279],[-78.647051,-1.705698],[-78.646927,-1.705936],[-78.646566,-1.706174],[-78.64598,-1.705765],[-78.644081,-1.706855],[-78.643324,-1.707715],[-78.642873,-1.708043],[-78.64223,-1.708292],[-78.641677,-1.708405],[-78.641542,-1.708268],[-78.641452,-1.707928],[-78.641362,-1.707497],[-78.641137,-1.707282],[-78.640652,-1.707157],[-78.640415,-1.707202],[-78.640354,-1.707067],[-78.640225,-1.706547],[-78.640068,-1.706156],[-78.639844,-1.705676],[-78.639563,-1.705433],[-78.639503,-1.707745]]]}},{"type":"Feature","properties":{"tipo":"subred","red":"Piscín","subred":"P-01","zona":"Red Piscín · subred P-01","sector":"2","parroquia_ep":null,"caudal_l_s":0.31,"area_m2":274574.67,"area_ha":27.46,"perimetro_m":2402.37,"fuente":"EP Riobamba (ex EMAPAR)","actualizacion":"marzo 2025"},"geometry":{"type":"Polygon","coordinates":[[[-78.626589,-1.679306],[-78.626305,-1.679205],[-78.625804,-1.679129],[-78.625002,-1.679031],[-78.624195,-1.678972],[-78.622641,-1.678753],[-78.621848,-1.678995],[-78.621363,-1.679101],[-78.620938,-1.679163],[-78.620199,-1.67911],[-78.619642,-1.678955],[-78.618904,-1.680801],[-78.618408,-1.68183],[-78.617959,-1.682683],[-78.618617,-1.682521],[-78.619054,-1.68246],[-78.620129,-1.682376],[-78.621375,-1.682198],[-78.622538,-1.681883],[-78.622763,-1.681863],[-78.623029,-1.681862],[-78.623303,-1.681947],[-78.623628,-1.682123],[-78.623843,-1.682145],[-78.62441,-1.682065],[-78.625252,-1.681934],[-78.625365,-1.681928],[-78.626589,-1.679306],[-78.626589,-1.679306]]]}},{"type":"Feature","properties":{"tipo":"subred","red":"Piscín","subred":"P-02","zona":"Red Piscín · subred P-02","sector":"2","parroquia_ep":null,"caudal_l_s":0.56,"area_m2":469334.86,"area_ha":46.93,"perimetro_m":2851.49,"fuente":"EP Riobamba (ex EMAPAR)","actualizacion":"marzo 2025"},"geometry":{"type":"Polygon","coordinates":[[[-78.616891,-1.684844],[-78.616926,-1.684936],[-78.616956,-1.685077],[-78.617006,-1.685208],[-78.617067,-1.685313],[-78.617176,-1.685435],[-78.617261,-1.685498],[-78.617323,-1.685566],[-78.617344,-1.685602],[-78.617426,-1.685715],[-78.617341,-1.686005],[-78.617326,-1.686226],[-78.617411,-1.686417],[-78.617702,-1.686541],[-78.618816,-1.686616],[-78.619077,-1.687617],[-78.621766,-1.68737],[-78.622463,-1.687508],[-78.622792,-1.687163],[-78.623078,-1.686664],[-78.623481,-1.686333],[-78.623846,-1.686084],[-78.62411,-1.685982],[-78.624424,-1.685901],[-78.624746,-1.685747],[-78.625753,-1.6852],[-78.625605,-1.684957],[-78.625503,-1.684252],[-78.62534,-1.682854],[-78.62534,-1.682498],[-78.625365,-1.681928],[-78.625252,-1.681934],[-78.62441,-1.682065],[-78.623843,-1.682145],[-78.623628,-1.682123],[-78.623303,-1.681947],[-78.623029,-1.681862],[-78.622763,-1.681863],[-78.622538,-1.681883],[-78.621375,-1.682198],[-78.620129,-1.682376],[-78.619054,-1.68246],[-78.618617,-1.682521],[-78.618139,-1.682638],[-78.617959,-1.682682],[-78.617124,-1.682797],[-78.617092,-1.682847],[-78.617068,-1.682902],[-78.617055,-1.682961],[-78.617053,-1.682988],[-78.617025,-1.683467],[-78.617006,-1.683644],[-78.61705,-1.683917],[-78.617087,-1.684232],[-78.617095,-1.684284],[-78.617095,-1.684336],[-78.617086,-1.684388],[-78.617067,-1.684438],[-78.617052,-1.684466],[-78.617004,-1.684546],[-78.616975,-1.684556],[-78.616949,-1.684571],[-78.616926,-1.68459],[-78.616907,-1.684613],[-78.616892,-1.684639],[-78.616882,-1.684667],[-78.616876,-1.684696],[-78.616876,-1.684727],[-78.616877,-1.684735],[-78.616891,-1.684844]]]}},{"type":"Feature","properties":{"tipo":"subred","red":"Piscín","subred":"P-03","zona":"Red Piscín · subred P-03","sector":"2","parroquia_ep":null,"caudal_l_s":4.72,"area_m2":352144.99,"area_ha":35.21,"perimetro_m":2810.15,"fuente":"EP Riobamba (ex EMAPAR)","actualizacion":"marzo 2025"},"geometry":{"type":"Polygon","coordinates":[[[-78.618704,-1.688705],[-78.618602,-1.689112],[-78.618443,-1.689458],[-78.618268,-1.689834],[-78.618148,-1.6903],[-78.618031,-1.691035],[-78.617914,-1.691497],[-78.618787,-1.691392],[-78.619297,-1.691112],[-78.620873,-1.690593],[-78.622303,-1.690326],[-78.623899,-1.689742],[-78.625108,-1.689281],[-78.62516,-1.689254],[-78.625928,-1.68897],[-78.626248,-1.688776],[-78.626988,-1.688339],[-78.62731,-1.688152],[-78.627563,-1.688006],[-78.627545,-1.68798],[-78.626902,-1.686816],[-78.626601,-1.686293],[-78.626341,-1.685906],[-78.626306,-1.685844],[-78.626073,-1.685565],[-78.625753,-1.6852],[-78.624746,-1.685747],[-78.624424,-1.685901],[-78.62411,-1.685982],[-78.623846,-1.686084],[-78.623481,-1.686333],[-78.623078,-1.686664],[-78.622792,-1.687163],[-78.622463,-1.687508],[-78.621766,-1.68737],[-78.619077,-1.687617],[-78.618849,-1.68825],[-78.618704,-1.688705]]]}},{"type":"Feature","properties":{"tipo":"subred","red":"Piscín","subred":"P-04","zona":"Red Piscín · subred P-04","sector":"2","parroquia_ep":"4","caudal_l_s":5.2,"area_m2":231369.96,"area_ha":23.14,"perimetro_m":2061.24,"fuente":"EP Riobamba (ex EMAPAR)","actualizacion":"marzo 2025"},"geometry":{"type":"Polygon","coordinates":[[[-78.62534,-1.682498],[-78.62534,-1.682854],[-78.625503,-1.684252],[-78.625605,-1.684957],[-78.625753,-1.6852],[-78.626073,-1.685565],[-78.626306,-1.685844],[-78.626672,-1.685654],[-78.627093,-1.68543],[-78.626994,-1.684926],[-78.62783,-1.684462],[-78.628507,-1.684048],[-78.629676,-1.683752],[-78.630078,-1.683645],[-78.630108,-1.683644],[-78.630017,-1.681005],[-78.629801,-1.681024],[-78.629445,-1.681033],[-78.628985,-1.68093],[-78.628212,-1.680616],[-78.627276,-1.680236],[-78.627146,-1.680175],[-78.626985,-1.679972],[-78.626589,-1.679306],[-78.625365,-1.681928],[-78.62534,-1.682498]]]}},{"type":"Feature","properties":{"tipo":"subred","red":"Piscín","subred":"P-05","zona":"Red Piscín · subred P-05","sector":"2","parroquia_ep":"4","caudal_l_s":3.87,"area_m2":170827.11,"area_ha":17.08,"perimetro_m":1731.2,"fuente":"EP Riobamba (ex EMAPAR)","actualizacion":"marzo 2025"},"geometry":{"type":"Polygon","coordinates":[[[-78.626601,-1.686293],[-78.626902,-1.686816],[-78.627545,-1.68798],[-78.627563,-1.688006],[-78.62731,-1.688152],[-78.627816,-1.688916],[-78.628817,-1.688378],[-78.630165,-1.687644],[-78.630672,-1.687372],[-78.630722,-1.687355],[-78.630574,-1.686913],[-78.630295,-1.685913],[-78.630206,-1.685494],[-78.630163,-1.684942],[-78.630113,-1.683784],[-78.630108,-1.683644],[-78.630078,-1.683645],[-78.629676,-1.683752],[-78.628507,-1.684048],[-78.62783,-1.684462],[-78.626994,-1.684926],[-78.627093,-1.68543],[-78.626672,-1.685654],[-78.626306,-1.685844],[-78.626341,-1.685906],[-78.626601,-1.686293]]]}},{"type":"Feature","properties":{"tipo":"subred","red":"Piscín","subred":"P-06","zona":"Red Piscín · subred P-06","sector":"2","parroquia_ep":"4","caudal_l_s":11.68,"area_m2":377088.48,"area_ha":37.71,"perimetro_m":2572.9,"fuente":"EP Riobamba (ex EMAPAR)","actualizacion":"marzo 2025"},"geometry":{"type":"Polygon","coordinates":[[[-78.630113,-1.683784],[-78.630163,-1.684942],[-78.630206,-1.685494],[-78.630295,-1.685913],[-78.630574,-1.686913],[-78.630722,-1.687355],[-78.630818,-1.687642],[-78.631124,-1.688484],[-78.631306,-1.688779],[-78.631767,-1.689316],[-78.631936,-1.689446],[-78.632022,-1.689322],[-78.632357,-1.688853],[-78.633256,-1.687585],[-78.633834,-1.686777],[-78.634153,-1.686326],[-78.634991,-1.68514],[-78.635139,-1.684964],[-78.635621,-1.684449],[-78.635013,-1.683682],[-78.634672,-1.683239],[-78.634341,-1.682834],[-78.633976,-1.682391],[-78.63376,-1.682146],[-78.633456,-1.681846],[-78.633137,-1.681571],[-78.633027,-1.681401],[-78.632937,-1.681128],[-78.632834,-1.680702],[-78.632711,-1.680219],[-78.630013,-1.680926],[-78.630017,-1.681005],[-78.630108,-1.683644],[-78.630113,-1.683784]]]}},{"type":"Feature","properties":{"tipo":"subred","red":"Piscín","subred":"P-07","zona":"Red Piscín · subred P-07","sector":"2","parroquia_ep":"2","caudal_l_s":6.05,"area_m2":266597.74,"area_ha":26.66,"perimetro_m":2270.3,"fuente":"EP Riobamba (ex EMAPAR)","actualizacion":"marzo 2025"},"geometry":{"type":"Polygon","coordinates":[[[-78.625724,-1.690096],[-78.628719,-1.693904],[-78.630284,-1.691722],[-78.631936,-1.689446],[-78.631767,-1.689316],[-78.631306,-1.688779],[-78.631124,-1.688484],[-78.630818,-1.687642],[-78.630722,-1.687355],[-78.630672,-1.687372],[-78.630165,-1.687644],[-78.628817,-1.688378],[-78.627816,-1.688916],[-78.62731,-1.688152],[-78.626988,-1.688339],[-78.626248,-1.688776],[-78.625928,-1.68897],[-78.62516,-1.689254],[-78.625724,-1.690096]]]}},{"type":"Feature","properties":{"tipo":"subred","red":"Piscín","subred":"P-08","zona":"Red Piscín · subred P-08","sector":"2","parroquia_ep":null,"caudal_l_s":3.05,"area_m2":2086402.93,"area_ha":208.64,"perimetro_m":7246.6,"fuente":"EP Riobamba (ex EMAPAR)","actualizacion":"marzo 2025"},"geometry":{"type":"Polygon","coordinates":[[[-78.613531,-1.69637],[-78.613409,-1.696755],[-78.613147,-1.697249],[-78.613096,-1.697348],[-78.613841,-1.698282],[-78.613899,-1.698555],[-78.614023,-1.698857],[-78.614184,-1.698953],[-78.614866,-1.699197],[-78.614998,-1.699301],[-78.615591,-1.699397],[-78.615789,-1.699621],[-78.61668,-1.699822],[-78.617084,-1.699778],[-78.617604,-1.699795],[-78.617951,-1.699836],[-78.618455,-1.700073],[-78.618665,-1.700129],[-78.618769,-1.700018],[-78.618824,-1.69997],[-78.618972,-1.699926],[-78.619071,-1.699938],[-78.619226,-1.70003],[-78.619337,-1.700102],[-78.625163,-1.702774],[-78.624624,-1.703315],[-78.625403,-1.703807],[-78.626345,-1.703176],[-78.628047,-1.703162],[-78.628858,-1.703949],[-78.629719,-1.703428],[-78.630737,-1.703604],[-78.631689,-1.703407],[-78.632855,-1.702474],[-78.631554,-1.700998],[-78.632205,-1.700479],[-78.631225,-1.699344],[-78.63039,-1.699953],[-78.628807,-1.698466],[-78.630975,-1.695513],[-78.630196,-1.69476],[-78.630783,-1.694383],[-78.631191,-1.693951],[-78.629859,-1.692315],[-78.628719,-1.693904],[-78.625724,-1.690096],[-78.62516,-1.689254],[-78.625108,-1.689281],[-78.623899,-1.689742],[-78.622303,-1.690326],[-78.620873,-1.690593],[-78.619297,-1.691112],[-78.618787,-1.691392],[-78.617914,-1.691497],[-78.617705,-1.692143],[-78.61763,-1.692374],[-78.617498,-1.692544],[-78.617203,-1.69277],[-78.616646,-1.69324],[-78.615979,-1.693782],[-78.615985,-1.693836],[-78.615595,-1.693889],[-78.615187,-1.69393],[-78.614497,-1.693915],[-78.614101,-1.693946],[-78.612722,-1.695041],[-78.612773,-1.695248],[-78.61252,-1.695696],[-78.612486,-1.696044],[-78.613531,-1.69637]]]}},{"type":"Feature","properties":{"tipo":"subred","red":"Piscín","subred":"P-09","zona":"Red Piscín · subred P-09","sector":"2","parroquia_ep":null,"caudal_l_s":2.59,"area_m2":1251010.07,"area_ha":125.1,"perimetro_m":9352.01,"fuente":"EP Riobamba (ex EMAPAR)","actualizacion":"marzo 2025"},"geometry":{"type":"Polygon","coordinates":[[[-78.612252,-1.705099],[-78.610954,-1.709075],[-78.614949,-1.710526],[-78.616359,-1.710871],[-78.616205,-1.711703],[-78.606841,-1.711862],[-78.60703,-1.711965],[-78.607482,-1.711892],[-78.607936,-1.711894],[-78.608358,-1.711905],[-78.608654,-1.711916],[-78.60905,-1.711974],[-78.609247,-1.712014],[-78.609369,-1.712116],[-78.609482,-1.712261],[-78.609666,-1.712345],[-78.609828,-1.712446],[-78.610118,-1.712526],[-78.610379,-1.712541],[-78.61076,-1.712561],[-78.610909,-1.71258],[-78.611023,-1.7126],[-78.611143,-1.712575],[-78.611213,-1.712611],[-78.611295,-1.712654],[-78.611426,-1.712668],[-78.611551,-1.712679],[-78.61165,-1.712707],[-78.611818,-1.712773],[-78.611888,-1.712793],[-78.611965,-1.712842],[-78.612037,-1.712886],[-78.612146,-1.713002],[-78.612304,-1.713181],[-78.612518,-1.713441],[-78.612609,-1.713562],[-78.612665,-1.713676],[-78.612728,-1.713808],[-78.612739,-1.713821],[-78.612683,-1.713817],[-78.612681,-1.713818],[-78.612679,-1.713819],[-78.612678,-1.713821],[-78.612677,-1.713823],[-78.612677,-1.713825],[-78.612678,-1.713827],[-78.612679,-1.713829],[-78.612728,-1.713881],[-78.612795,-1.713941],[-78.612839,-1.714094],[-78.612873,-1.714176],[-78.612871,-1.714226],[-78.612881,-1.714254],[-78.612906,-1.714291],[-78.612931,-1.714413],[-78.612986,-1.714501],[-78.612964,-1.714556],[-78.613002,-1.714632],[-78.613015,-1.71476],[-78.613012,-1.71487],[-78.613026,-1.714931],[-78.613097,-1.715059],[-78.613205,-1.715219],[-78.613216,-1.715232],[-78.613229,-1.715245],[-78.613242,-1.715257],[-78.613255,-1.715266],[-78.613269,-1.715274],[-78.613281,-1.71528],[-78.613293,-1.715285],[-78.613315,-1.715289],[-78.613334,-1.715291],[-78.613353,-1.715291],[-78.613374,-1.715291],[-78.613404,-1.715287],[-78.613428,-1.715282],[-78.613452,-1.715276],[-78.613468,-1.71527],[-78.613488,-1.715262],[-78.613503,-1.715254],[-78.613516,-1.715247],[-78.613536,-1.715234],[-78.613565,-1.715208],[-78.613659,-1.715232],[-78.613812,-1.715245],[-78.613953,-1.715257],[-78.614042,-1.715303],[-78.614053,-1.71536],[-78.614027,-1.715416],[-78.61403,-1.715477],[-78.614094,-1.715783],[-78.614159,-1.716044],[-78.614196,-1.716183],[-78.614372,-1.71643],[-78.614529,-1.716686],[-78.614709,-1.716849],[-78.614916,-1.716914],[-78.615096,-1.716939],[-78.615317,-1.716878],[-78.615478,-1.716868],[-78.615664,-1.716857],[-78.615704,-1.716843],[-78.616113,-1.71649],[-78.616667,-1.71608],[-78.616958,-1.715773],[-78.617192,-1.715378],[-78.617367,-1.71494],[-78.617629,-1.714486],[-78.617896,-1.714177],[-78.617727,-1.713248],[-78.617822,-1.711561],[-78.618384,-1.709265],[-78.619087,-1.707826],[-78.619834,-1.70689],[-78.620465,-1.705485],[-78.620559,-1.70452],[-78.620719,-1.703759],[-78.620751,-1.703763],[-78.623274,-1.704932],[-78.623517,-1.704426],[-78.625163,-1.702774],[-78.619337,-1.700102],[-78.619226,-1.70003],[-78.619071,-1.699938],[-78.618972,-1.699926],[-78.618824,-1.69997],[-78.618769,-1.700018],[-78.618665,-1.700129],[-78.618455,-1.700073],[-78.617951,-1.699836],[-78.617604,-1.699795],[-78.617084,-1.699778],[-78.61668,-1.699822],[-78.615789,-1.699621],[-78.615591,-1.699397],[-78.614998,-1.699301],[-78.614866,-1.699197],[-78.614184,-1.698953],[-78.614023,-1.698857],[-78.613899,-1.698555],[-78.613841,-1.698282],[-78.613096,-1.697348],[-78.612293,-1.698911],[-78.611939,-1.699921],[-78.612731,-1.700236],[-78.615016,-1.70103],[-78.614972,-1.701361],[-78.617913,-1.702507],[-78.618369,-1.702663],[-78.617678,-1.704527],[-78.616779,-1.705498],[-78.612252,-1.705099]]]}},{"type":"Feature","properties":{"tipo":"subred","red":"Piscín","subred":"P-10","zona":"Red Piscín · subred P-10","sector":"2","parroquia_ep":null,"caudal_l_s":1.34,"area_m2":583410.76,"area_ha":58.34,"perimetro_m":4107.48,"fuente":"EP Riobamba (ex EMAPAR)","actualizacion":"marzo 2025"},"geometry":{"type":"Polygon","coordinates":[[[-78.618384,-1.709265],[-78.617822,-1.711561],[-78.617727,-1.713248],[-78.617896,-1.714177],[-78.618129,-1.714119],[-78.618581,-1.714105],[-78.61877,-1.714369],[-78.619163,-1.714545],[-78.619381,-1.714545],[-78.619527,-1.714399],[-78.619673,-1.714136],[-78.619891,-1.714019],[-78.62027,-1.714049],[-78.620444,-1.714181],[-78.620677,-1.714488],[-78.620895,-1.714796],[-78.621011,-1.715089],[-78.621185,-1.715162],[-78.62136,-1.715177],[-78.621622,-1.715134],[-78.621958,-1.715209],[-78.622016,-1.715399],[-78.622001,-1.715648],[-78.622488,-1.715941],[-78.622407,-1.716122],[-78.621832,-1.716609],[-78.623115,-1.717659],[-78.624104,-1.716558],[-78.62434,-1.715184],[-78.623687,-1.712914],[-78.621694,-1.711456],[-78.62247,-1.709125],[-78.623318,-1.705637],[-78.623274,-1.704932],[-78.620751,-1.703763],[-78.620719,-1.703759],[-78.620559,-1.70452],[-78.620465,-1.705485],[-78.619834,-1.70689],[-78.619087,-1.707826],[-78.618384,-1.709265]]]}},{"type":"Feature","properties":{"tipo":"subred","red":"Piscín","subred":"P-11","zona":"Red Piscín · subred P-11","sector":"2","parroquia_ep":null,"caudal_l_s":1.12,"area_m2":354001.66,"area_ha":35.4,"perimetro_m":2520.47,"fuente":"EP Riobamba (ex EMAPAR)","actualizacion":"marzo 2025"},"geometry":{"type":"Polygon","coordinates":[[[-78.629859,-1.692315],[-78.631191,-1.693951],[-78.630783,-1.694383],[-78.630196,-1.69476],[-78.630975,-1.695513],[-78.631013,-1.695552],[-78.634414,-1.694604],[-78.636184,-1.69411],[-78.636456,-1.694339],[-78.636864,-1.69379],[-78.636755,-1.693703],[-78.637073,-1.692988],[-78.636766,-1.692741],[-78.636806,-1.691411],[-78.635625,-1.690168],[-78.635522,-1.690183],[-78.635262,-1.690203],[-78.634837,-1.690199],[-78.634397,-1.690189],[-78.633906,-1.69015],[-78.633452,-1.690101],[-78.633292,-1.690073],[-78.633046,-1.690006],[-78.632748,-1.689912],[-78.632455,-1.68978],[-78.632203,-1.689638],[-78.631936,-1.689446],[-78.630284,-1.691722],[-78.629859,-1.692315]]]}},{"type":"Feature","properties":{"tipo":"subred","red":"Piscín","subred":"P-12","zona":"Red Piscín · subred P-12","sector":"2","parroquia_ep":null,"caudal_l_s":1.01,"area_m2":336315.75,"area_ha":33.63,"perimetro_m":3237.81,"fuente":"EP Riobamba (ex EMAPAR)","actualizacion":"marzo 2025"},"geometry":{"type":"Polygon","coordinates":[[[-78.636864,-1.69379],[-78.636456,-1.694339],[-78.63766,-1.695351],[-78.635859,-1.697752],[-78.638193,-1.698831],[-78.639292,-1.696852],[-78.640911,-1.698329],[-78.640277,-1.694071],[-78.640572,-1.693781],[-78.640887,-1.693593],[-78.640995,-1.693484],[-78.640148,-1.692601],[-78.640011,-1.692404],[-78.639208,-1.691485],[-78.638603,-1.690792],[-78.637825,-1.689966],[-78.637406,-1.689477],[-78.637149,-1.68964],[-78.636803,-1.68982],[-78.636428,-1.689971],[-78.636242,-1.690028],[-78.635941,-1.690111],[-78.635707,-1.690157],[-78.635625,-1.690168],[-78.636806,-1.691411],[-78.636766,-1.692741],[-78.637073,-1.692988],[-78.636755,-1.693703],[-78.636864,-1.69379]]]}},{"type":"Feature","properties":{"tipo":"subred","red":"Saboya","subred":"S-01","zona":"Red Saboya · subred S-01","sector":"3","parroquia_ep":"3","caudal_l_s":1.65,"area_m2":549098.26,"area_ha":54.91,"perimetro_m":3614.21,"fuente":"EP Riobamba (ex EMAPAR)","actualizacion":"marzo 2025"},"geometry":{"type":"Polygon","coordinates":[[[-78.63972,-1.642802],[-78.641046,-1.645552],[-78.641479,-1.646421],[-78.641895,-1.647339],[-78.642239,-1.648312],[-78.642822,-1.649916],[-78.642937,-1.649857],[-78.643111,-1.649763],[-78.643567,-1.649153],[-78.643659,-1.64915],[-78.643841,-1.649219],[-78.644463,-1.648525],[-78.646187,-1.646541],[-78.64661,-1.64586],[-78.646618,-1.645777],[-78.646546,-1.645661],[-78.646456,-1.645582],[-78.646245,-1.64551],[-78.646159,-1.645333],[-78.646106,-1.645102],[-78.646077,-1.644854],[-78.646077,-1.644719],[-78.645998,-1.644679],[-78.645898,-1.644611],[-78.64587,-1.644553],[-78.645866,-1.644431],[-78.645805,-1.644344],[-78.645719,-1.644272],[-78.645655,-1.644261],[-78.645576,-1.644211],[-78.645454,-1.644138],[-78.645404,-1.644102],[-78.645372,-1.644],[-78.645329,-1.643964],[-78.645157,-1.643917],[-78.645089,-1.643881],[-78.644995,-1.643787],[-78.644931,-1.643708],[-78.644885,-1.643599],[-78.644892,-1.643527],[-78.644896,-1.643405],[-78.644931,-1.643317],[-78.644946,-1.64313],[-78.644957,-1.642997],[-78.645007,-1.642921],[-78.645082,-1.642842],[-78.645143,-1.642772],[-78.645169,-1.642696],[-78.645176,-1.642606],[-78.645137,-1.642527],[-78.645076,-1.642415],[-78.645079,-1.642303],[-78.645162,-1.642195],[-78.645162,-1.642097],[-78.645133,-1.642],[-78.645044,-1.641899],[-78.644965,-1.641838],[-78.644868,-1.641758],[-78.6448,-1.641675],[-78.644682,-1.64156],[-78.644546,-1.641513],[-78.644396,-1.64143],[-78.644163,-1.641347],[-78.643937,-1.641332],[-78.643726,-1.641314],[-78.643572,-1.641288],[-78.643482,-1.641202],[-78.6434,-1.641148],[-78.643307,-1.641144],[-78.643249,-1.641104],[-78.643228,-1.640823],[-78.643134,-1.640725],[-78.643038,-1.640681],[-78.642998,-1.640627],[-78.642948,-1.640472],[-78.642888,-1.640407],[-78.64264,-1.640359],[-78.642482,-1.640261],[-78.642346,-1.64008],[-78.642231,-1.639882],[-78.642192,-1.639745],[-78.642106,-1.639655],[-78.642027,-1.639525],[-78.641941,-1.639435],[-78.64183,-1.639341],[-78.641576,-1.639283],[-78.641436,-1.639261],[-78.641375,-1.6392],[-78.641318,-1.639128],[-78.641274,-1.639019],[-78.641249,-1.63886],[-78.641202,-1.638752],[-78.641145,-1.638691],[-78.641012,-1.638583],[-78.640891,-1.638546],[-78.640769,-1.638561],[-78.640665,-1.638557],[-78.640547,-1.638564],[-78.640468,-1.638618],[-78.640371,-1.638712],[-78.640306,-1.638802],[-78.640245,-1.638845],[-78.640095,-1.639003],[-78.639983,-1.639115],[-78.639878,-1.639306],[-78.639738,-1.639584],[-78.639699,-1.63962],[-78.639609,-1.639623],[-78.639441,-1.639612],[-78.639283,-1.639601],[-78.639082,-1.639579],[-78.638835,-1.639586],[-78.638713,-1.639622],[-78.638588,-1.639651],[-78.638394,-1.639406],[-78.638269,-1.639341],[-78.63828,-1.639254],[-78.638287,-1.639143],[-78.638252,-1.639082],[-78.638073,-1.638995],[-78.637904,-1.638934],[-78.637882,-1.638921],[-78.639367,-1.642093],[-78.639456,-1.642282],[-78.63972,-1.642802]]]}},{"type":"Feature","properties":{"tipo":"subred","red":"Saboya","subred":"S-02","zona":"Red Saboya · subred S-02","sector":"3","parroquia_ep":"3","caudal_l_s":2.77,"area_m2":573477.71,"area_ha":57.35,"perimetro_m":4773.1,"fuente":"EP Riobamba (ex EMAPAR)","actualizacion":"marzo 2025"},"geometry":{"type":"Polygon","coordinates":[[[-78.633441,-1.640294],[-78.635532,-1.646254],[-78.634036,-1.646551],[-78.630415,-1.64674],[-78.63065,-1.646866],[-78.630915,-1.646983],[-78.631113,-1.647029],[-78.631329,-1.647042],[-78.631539,-1.646964],[-78.631607,-1.646975],[-78.631744,-1.647127],[-78.631952,-1.64725],[-78.632157,-1.647347],[-78.632263,-1.647525],[-78.632325,-1.647603],[-78.632716,-1.647764],[-78.632925,-1.647869],[-78.633191,-1.648054],[-78.633429,-1.648212],[-78.633982,-1.648432],[-78.634693,-1.648637],[-78.634934,-1.648719],[-78.635541,-1.64921],[-78.63577,-1.649357],[-78.636001,-1.649437],[-78.636038,-1.649464],[-78.636164,-1.649439],[-78.63727,-1.649638],[-78.63743,-1.649622],[-78.638477,-1.649141],[-78.638834,-1.649005],[-78.638921,-1.648973],[-78.6389,-1.648928],[-78.638845,-1.648828],[-78.638585,-1.648601],[-78.63829,-1.648367],[-78.637907,-1.64806],[-78.637596,-1.647774],[-78.637291,-1.64743],[-78.637045,-1.647127],[-78.637083,-1.646981],[-78.637083,-1.646533],[-78.637122,-1.646219],[-78.637213,-1.645799],[-78.637386,-1.64524],[-78.637578,-1.644836],[-78.637602,-1.644613],[-78.637605,-1.644464],[-78.637559,-1.644168],[-78.637561,-1.644013],[-78.637692,-1.643702],[-78.637805,-1.643172],[-78.637838,-1.643112],[-78.637904,-1.643098],[-78.638019,-1.643143],[-78.638197,-1.643134],[-78.638454,-1.64304],[-78.638655,-1.642832],[-78.63884,-1.642612],[-78.639274,-1.642207],[-78.639345,-1.642133],[-78.639367,-1.642093],[-78.637882,-1.638921],[-78.637734,-1.638837],[-78.637597,-1.638892],[-78.637293,-1.639113],[-78.636996,-1.639257],[-78.63681,-1.639273],[-78.63674,-1.639112],[-78.636689,-1.638936],[-78.636597,-1.638768],[-78.636519,-1.638625],[-78.636379,-1.638423],[-78.636241,-1.638317],[-78.636085,-1.638255],[-78.63597,-1.638136],[-78.635935,-1.637992],[-78.635977,-1.637866],[-78.636025,-1.637767],[-78.636022,-1.637612],[-78.635977,-1.637423],[-78.635938,-1.637207],[-78.635916,-1.636914],[-78.635782,-1.636831],[-78.635705,-1.636995],[-78.635618,-1.637162],[-78.635551,-1.637351],[-78.635455,-1.637415],[-78.635318,-1.637386],[-78.635196,-1.637302],[-78.635011,-1.637151],[-78.634871,-1.637045],[-78.634756,-1.636913],[-78.634628,-1.636868],[-78.634522,-1.63689],[-78.634442,-1.636996],[-78.634311,-1.637186],[-78.634256,-1.637401],[-78.634227,-1.637597],[-78.634154,-1.637748],[-78.63401,-1.637815],[-78.633794,-1.63782],[-78.633302,-1.639072],[-78.633441,-1.640294]]]}},{"type":"Feature","properties":{"tipo":"subred","red":"Saboya","subred":"S-03","zona":"Red Saboya · subred S-03","sector":"3","parroquia_ep":"3","caudal_l_s":5.11,"area_m2":520388.09,"area_ha":52.04,"perimetro_m":3582.37,"fuente":"EP Riobamba (ex EMAPAR)","actualizacion":"marzo 2025"},"geometry":{"type":"Polygon","coordinates":[[[-78.638921,-1.648973],[-78.639039,-1.649357],[-78.639293,-1.64981],[-78.639488,-1.650138],[-78.63975,-1.650529],[-78.640002,-1.650907],[-78.640035,-1.651031],[-78.640026,-1.651416],[-78.640062,-1.651599],[-78.640272,-1.65212],[-78.640679,-1.652986],[-78.640971,-1.653547],[-78.641324,-1.654352],[-78.641546,-1.654816],[-78.641961,-1.655571],[-78.642723,-1.655134],[-78.644103,-1.654314],[-78.644704,-1.653952],[-78.644564,-1.653543],[-78.644033,-1.652772],[-78.64351,-1.651867],[-78.643221,-1.651095],[-78.642852,-1.650001],[-78.642822,-1.649916],[-78.642239,-1.648312],[-78.641895,-1.647339],[-78.641479,-1.646421],[-78.641046,-1.645552],[-78.63972,-1.642802],[-78.639456,-1.642282],[-78.639367,-1.642093],[-78.639345,-1.642133],[-78.639274,-1.642207],[-78.63884,-1.642612],[-78.638655,-1.642832],[-78.638454,-1.64304],[-78.638197,-1.643134],[-78.638019,-1.643143],[-78.637904,-1.643098],[-78.637838,-1.643112],[-78.637805,-1.643172],[-78.637692,-1.643702],[-78.637561,-1.644013],[-78.637559,-1.644168],[-78.637605,-1.644464],[-78.637602,-1.644613],[-78.637578,-1.644836],[-78.637386,-1.64524],[-78.637213,-1.645799],[-78.637122,-1.646219],[-78.637083,-1.646533],[-78.637083,-1.646981],[-78.637045,-1.647127],[-78.637291,-1.64743],[-78.637596,-1.647774],[-78.637907,-1.64806],[-78.63829,-1.648367],[-78.638585,-1.648601],[-78.638845,-1.648828],[-78.6389,-1.648928],[-78.638921,-1.648973]]]}},{"type":"Feature","properties":{"tipo":"subred","red":"Saboya","subred":"S-04","zona":"Red Saboya · subred S-04","sector":"5","parroquia_ep":"3","caudal_l_s":7.99,"area_m2":607076.09,"area_ha":60.71,"perimetro_m":3294.3,"fuente":"EP Riobamba (ex EMAPAR)","actualizacion":"marzo 2025"},"geometry":{"type":"Polygon","coordinates":[[[-78.642852,-1.650001],[-78.643221,-1.651095],[-78.64351,-1.651867],[-78.644033,-1.652772],[-78.644564,-1.653543],[-78.644704,-1.653952],[-78.644977,-1.654984],[-78.645083,-1.65554],[-78.646032,-1.655328],[-78.647905,-1.654627],[-78.649126,-1.653098],[-78.649437,-1.653251],[-78.649437,-1.653251],[-78.650272,-1.653662],[-78.650409,-1.653732],[-78.650435,-1.65362],[-78.651029,-1.651477],[-78.650995,-1.651248],[-78.65091,-1.650911],[-78.650541,-1.650443],[-78.649625,-1.649311],[-78.649525,-1.649084],[-78.649557,-1.648895],[-78.649984,-1.648523],[-78.650166,-1.648388],[-78.65021,-1.648313],[-78.650273,-1.648016],[-78.65031,-1.647885],[-78.650173,-1.647803],[-78.650091,-1.647705],[-78.650005,-1.647579],[-78.649937,-1.647493],[-78.649855,-1.647392],[-78.649704,-1.647269],[-78.649601,-1.647164],[-78.64944,-1.647023],[-78.649246,-1.646894],[-78.649169,-1.646852],[-78.649073,-1.646798],[-78.649008,-1.646798],[-78.648904,-1.646906],[-78.648796,-1.646898],[-78.64861,-1.646779],[-78.648553,-1.646631],[-78.648496,-1.646494],[-78.648482,-1.646383],[-78.648428,-1.646354],[-78.648292,-1.646393],[-78.648195,-1.646404],[-78.648088,-1.646296],[-78.648081,-1.646202],[-78.64798,-1.646115],[-78.647837,-1.646122],[-78.647769,-1.646083],[-78.647629,-1.646093],[-78.647504,-1.646039],[-78.647396,-1.646007],[-78.647296,-1.646042],[-78.647138,-1.646067],[-78.646994,-1.646026],[-78.646818,-1.645932],[-78.64661,-1.64586],[-78.646187,-1.646541],[-78.644463,-1.648525],[-78.643841,-1.649219],[-78.643659,-1.64915],[-78.643567,-1.649153],[-78.643111,-1.649763],[-78.642937,-1.649857],[-78.642822,-1.649916],[-78.642852,-1.650001]]]}},{"type":"Feature","properties":{"tipo":"subred","red":"Saboya","subred":"S-05","zona":"Red Saboya · subred S-05","sector":"5","parroquia_ep":"3","caudal_l_s":1.31,"area_m2":258427.48,"area_ha":25.84,"perimetro_m":2465.36,"fuente":"EP Riobamba (ex EMAPAR)","actualizacion":"marzo 2025"},"geometry":{"type":"Polygon","coordinates":[[[-78.637617,-1.653215],[-78.637636,-1.654299],[-78.637585,-1.654548],[-78.637306,-1.655078],[-78.637,-1.655716],[-78.63692,-1.655916],[-78.637442,-1.655965],[-78.637862,-1.656061],[-78.638903,-1.656455],[-78.639598,-1.656791],[-78.639665,-1.656777],[-78.639699,-1.656782],[-78.639748,-1.656703],[-78.640094,-1.656264],[-78.640514,-1.655758],[-78.641089,-1.654763],[-78.641324,-1.654352],[-78.640971,-1.653547],[-78.640679,-1.652986],[-78.640272,-1.65212],[-78.640062,-1.651599],[-78.640026,-1.651416],[-78.640035,-1.651031],[-78.640002,-1.650907],[-78.63975,-1.650529],[-78.639488,-1.650138],[-78.639293,-1.64981],[-78.639039,-1.649357],[-78.638921,-1.648973],[-78.638834,-1.649005],[-78.638477,-1.649141],[-78.63743,-1.649622],[-78.63727,-1.649638],[-78.636164,-1.649439],[-78.636038,-1.649464],[-78.636211,-1.649588],[-78.636364,-1.649671],[-78.636528,-1.649783],[-78.636706,-1.650011],[-78.637189,-1.650744],[-78.637733,-1.65135],[-78.637804,-1.651441],[-78.637845,-1.651531],[-78.63786,-1.651722],[-78.637842,-1.651912],[-78.637705,-1.652364],[-78.637631,-1.652646],[-78.637617,-1.653215]]]}},{"type":"Feature","properties":{"tipo":"subred","red":"Saboya","subred":"S-06","zona":"Red Saboya · subred S-06","sector":"5","parroquia_ep":"3","caudal_l_s":23.92,"area_m2":998284.85,"area_ha":99.83,"perimetro_m":5921.72,"fuente":"EP Riobamba (ex EMAPAR)","actualizacion":"marzo 2025"},"geometry":{"type":"Polygon","coordinates":[[[-78.650194,-1.654652],[-78.650094,-1.655492],[-78.649817,-1.658146],[-78.649847,-1.659467],[-78.649727,-1.66028],[-78.649355,-1.662452],[-78.649169,-1.662578],[-78.650127,-1.663034],[-78.651181,-1.66216],[-78.650934,-1.661738],[-78.651253,-1.660671],[-78.651578,-1.660034],[-78.651902,-1.660293],[-78.652279,-1.659879],[-78.65268,-1.659424],[-78.653192,-1.659876],[-78.653445,-1.658968],[-78.653597,-1.658466],[-78.653892,-1.657842],[-78.654385,-1.657234],[-78.654529,-1.65714],[-78.654913,-1.656837],[-78.655701,-1.656469],[-78.656923,-1.656291],[-78.657737,-1.654032],[-78.658029,-1.653219],[-78.658873,-1.653718],[-78.660038,-1.654442],[-78.662093,-1.655685],[-78.662191,-1.655516],[-78.661967,-1.655155],[-78.661544,-1.654455],[-78.661113,-1.653721],[-78.661084,-1.65365],[-78.661044,-1.653538],[-78.661006,-1.653405],[-78.660982,-1.653302],[-78.660937,-1.653108],[-78.660899,-1.652941],[-78.66086,-1.652772],[-78.66083,-1.652639],[-78.660813,-1.652542],[-78.660784,-1.65245],[-78.660729,-1.652339],[-78.660639,-1.65222],[-78.660558,-1.652146],[-78.660464,-1.652082],[-78.660378,-1.652042],[-78.660291,-1.652013],[-78.660197,-1.651996],[-78.660111,-1.651991],[-78.659208,-1.651995],[-78.659065,-1.651975],[-78.658821,-1.651897],[-78.657862,-1.651455],[-78.657646,-1.651342],[-78.657514,-1.651246],[-78.657374,-1.651121],[-78.657218,-1.650931],[-78.657097,-1.650738],[-78.656973,-1.65058],[-78.656791,-1.650406],[-78.65626,-1.649931],[-78.655194,-1.648977],[-78.654781,-1.648592],[-78.654614,-1.648378],[-78.654523,-1.648218],[-78.654446,-1.648045],[-78.654369,-1.647779],[-78.654291,-1.647579],[-78.654245,-1.647501],[-78.654197,-1.647434],[-78.65417,-1.647401],[-78.654102,-1.64751],[-78.654075,-1.647588],[-78.653573,-1.64816],[-78.652973,-1.6485],[-78.652486,-1.648591],[-78.652128,-1.648529],[-78.651761,-1.648454],[-78.651574,-1.648412],[-78.651387,-1.648385],[-78.651258,-1.64837],[-78.651156,-1.648308],[-78.651073,-1.64823],[-78.65102,-1.648167],[-78.65096,-1.648126],[-78.650863,-1.648108],[-78.65071,-1.648054],[-78.65054,-1.647997],[-78.650378,-1.647926],[-78.65031,-1.647885],[-78.650273,-1.648016],[-78.65021,-1.648313],[-78.650166,-1.648388],[-78.649984,-1.648523],[-78.649557,-1.648895],[-78.649525,-1.649084],[-78.649625,-1.649311],[-78.650541,-1.650443],[-78.65091,-1.650911],[-78.650995,-1.651248],[-78.651029,-1.651477],[-78.650435,-1.65362],[-78.650409,-1.653732],[-78.650194,-1.654652]]]}},{"type":"Feature","properties":{"tipo":"subred","red":"Saboya","subred":"S-07","zona":"Red Saboya · subred S-07","sector":"5","parroquia_ep":"3","caudal_l_s":7.61,"area_m2":284161.92,"area_ha":28.42,"perimetro_m":2250.32,"fuente":"EP Riobamba (ex EMAPAR)","actualizacion":"marzo 2025"},"geometry":{"type":"Polygon","coordinates":[[[-78.650409,-1.653732],[-78.65034,-1.653697],[-78.650272,-1.653662],[-78.649855,-1.653457],[-78.649437,-1.653251],[-78.649282,-1.653175],[-78.649126,-1.653098],[-78.648515,-1.653863],[-78.647905,-1.654627],[-78.646968,-1.654978],[-78.646032,-1.655328],[-78.645557,-1.655434],[-78.645083,-1.65554],[-78.645097,-1.655616],[-78.645123,-1.655716],[-78.645149,-1.655816],[-78.64517,-1.655896],[-78.64519,-1.655975],[-78.645316,-1.65647],[-78.645442,-1.656965],[-78.645624,-1.657389],[-78.645807,-1.657814],[-78.646231,-1.658348],[-78.646655,-1.658882],[-78.64714,-1.659476],[-78.647625,-1.66007],[-78.647878,-1.660392],[-78.648124,-1.660704],[-78.648434,-1.660472],[-78.648744,-1.66024],[-78.649054,-1.660008],[-78.649364,-1.659776],[-78.649405,-1.659733],[-78.649446,-1.659691],[-78.649487,-1.659648],[-78.649529,-1.659605],[-78.649554,-1.659548],[-78.64958,-1.659491],[-78.649606,-1.659434],[-78.649631,-1.659377],[-78.649658,-1.659264],[-78.649684,-1.65915],[-78.649711,-1.659037],[-78.649738,-1.658923],[-78.649786,-1.658923],[-78.649834,-1.658923],[-78.649832,-1.658807],[-78.649817,-1.658146],[-78.649956,-1.656819],[-78.650094,-1.655492],[-78.650144,-1.655072],[-78.650194,-1.654652],[-78.650302,-1.654192],[-78.650409,-1.653732]]]}},{"type":"Feature","properties":{"tipo":"subred","red":"Saboya","subred":"S-08","zona":"Red Saboya · subred S-08","sector":"5","parroquia_ep":"3","caudal_l_s":5.2,"area_m2":185606.65,"area_ha":18.56,"perimetro_m":2063.18,"fuente":"EP Riobamba (ex EMAPAR)","actualizacion":"marzo 2025"},"geometry":{"type":"Polygon","coordinates":[[[-78.639868,-1.656807],[-78.640662,-1.657775],[-78.641751,-1.659173],[-78.642065,-1.659561],[-78.642244,-1.659792],[-78.642331,-1.659867],[-78.642282,-1.659541],[-78.642302,-1.659284],[-78.642435,-1.658955],[-78.642897,-1.6584],[-78.643475,-1.657768],[-78.644114,-1.657021],[-78.644708,-1.656342],[-78.645125,-1.655831],[-78.645149,-1.655816],[-78.645097,-1.655616],[-78.644977,-1.654984],[-78.644704,-1.653952],[-78.644103,-1.654314],[-78.642723,-1.655134],[-78.641961,-1.655571],[-78.641546,-1.654816],[-78.641324,-1.654352],[-78.641089,-1.654763],[-78.640514,-1.655758],[-78.640094,-1.656264],[-78.639748,-1.656703],[-78.639699,-1.656782],[-78.639868,-1.656807]]]}},{"type":"Feature","properties":{"tipo":"subred","red":"Saboya","subred":"S-09","zona":"Red Saboya · subred S-09","sector":"5","parroquia_ep":"3","caudal_l_s":6.16,"area_m2":219923.88,"area_ha":21.99,"perimetro_m":1976.96,"fuente":"EP Riobamba (ex EMAPAR)","actualizacion":"marzo 2025"},"geometry":{"type":"Polygon","coordinates":[[[-78.642282,-1.659541],[-78.642331,-1.659867],[-78.642393,-1.659919],[-78.643296,-1.660582],[-78.645328,-1.661981],[-78.645478,-1.662091],[-78.645699,-1.661986],[-78.648157,-1.66076],[-78.648131,-1.660713],[-78.647625,-1.66007],[-78.646655,-1.658882],[-78.645807,-1.657814],[-78.645442,-1.656965],[-78.64519,-1.655975],[-78.645149,-1.655816],[-78.645125,-1.655831],[-78.644708,-1.656342],[-78.644114,-1.657021],[-78.643475,-1.657768],[-78.642897,-1.6584],[-78.642435,-1.658955],[-78.642302,-1.659284],[-78.642282,-1.659541]]]}},{"type":"Feature","properties":{"tipo":"subred","red":"Saboya","subred":"S-10","zona":"Red Saboya · subred S-10","sector":"5","parroquia_ep":"3","caudal_l_s":6.24,"area_m2":222341.45,"area_ha":22.23,"perimetro_m":1907.34,"fuente":"EP Riobamba (ex EMAPAR)","actualizacion":"marzo 2025"},"geometry":{"type":"Polygon","coordinates":[[[-78.637651,-1.659862],[-78.637004,-1.660652],[-78.637338,-1.660866],[-78.637629,-1.661096],[-78.638176,-1.661564],[-78.639212,-1.662468],[-78.63986,-1.663052],[-78.640167,-1.66332],[-78.640679,-1.662643],[-78.641208,-1.661945],[-78.641492,-1.661429],[-78.641739,-1.660933],[-78.642007,-1.660494],[-78.642393,-1.659919],[-78.642244,-1.659792],[-78.642065,-1.659561],[-78.641751,-1.659173],[-78.640662,-1.657775],[-78.639868,-1.656807],[-78.639665,-1.656777],[-78.639598,-1.656791],[-78.639625,-1.656841],[-78.639189,-1.657449],[-78.638206,-1.658817],[-78.637651,-1.659862]]]}},{"type":"Feature","properties":{"tipo":"subred","red":"Saboya","subred":"S-11","zona":"Red Saboya · subred S-11","sector":"5","parroquia_ep":"3","caudal_l_s":3.48,"area_m2":123780.08,"area_ha":12.38,"perimetro_m":1536.46,"fuente":"EP Riobamba (ex EMAPAR)","actualizacion":"marzo 2025"},"geometry":{"type":"Polygon","coordinates":[[[-78.641208,-1.661945],[-78.640679,-1.662643],[-78.640167,-1.66332],[-78.641194,-1.664067],[-78.64185,-1.663779],[-78.642489,-1.663461],[-78.643622,-1.662935],[-78.645478,-1.662091],[-78.645328,-1.661981],[-78.643296,-1.660582],[-78.642393,-1.659919],[-78.642007,-1.660494],[-78.641739,-1.660933],[-78.641492,-1.661429],[-78.641208,-1.661945]]]}},{"type":"Feature","properties":{"tipo":"subred","red":"Saboya","subred":"S-12","zona":"Red Saboya · subred S-12","sector":"5","parroquia_ep":"3","caudal_l_s":0.8,"area_m2":33206.76,"area_ha":3.32,"perimetro_m":850.86,"fuente":"EP Riobamba (ex EMAPAR)","actualizacion":"marzo 2025"},"geometry":{"type":"Polygon","coordinates":[[[-78.651253,-1.660671],[-78.650934,-1.661738],[-78.651181,-1.66216],[-78.651838,-1.661617],[-78.652386,-1.661132],[-78.65262,-1.660891],[-78.652935,-1.660438],[-78.653192,-1.659876],[-78.65268,-1.659424],[-78.652279,-1.659879],[-78.651902,-1.660293],[-78.651578,-1.660034],[-78.651253,-1.660671]]]}},{"type":"Feature","properties":{"tipo":"subred","red":"Saboya","subred":"S-13","zona":"Red Saboya · subred S-13","sector":"5","parroquia_ep":"3","caudal_l_s":3.55,"area_m2":131935.63,"area_ha":13.19,"perimetro_m":1872.67,"fuente":"EP Riobamba (ex EMAPAR)","actualizacion":"marzo 2025"},"geometry":{"type":"Polygon","coordinates":[[[-78.649834,-1.658923],[-78.649738,-1.658923],[-78.649684,-1.65915],[-78.649631,-1.659377],[-78.64958,-1.659491],[-78.649529,-1.659605],[-78.649446,-1.659691],[-78.649364,-1.659776],[-78.648744,-1.66024],[-78.648124,-1.660704],[-78.648131,-1.660713],[-78.648144,-1.660737],[-78.648157,-1.66076],[-78.646928,-1.661373],[-78.645699,-1.661986],[-78.645589,-1.662038],[-78.645478,-1.662091],[-78.646171,-1.662683],[-78.646846,-1.663261],[-78.647009,-1.663459],[-78.647172,-1.663657],[-78.647454,-1.664015],[-78.647736,-1.664373],[-78.647824,-1.664503],[-78.647911,-1.664633],[-78.648066,-1.66449],[-78.648141,-1.664422],[-78.64837,-1.66421],[-78.648731,-1.663907],[-78.649092,-1.663604],[-78.649222,-1.663631],[-78.649353,-1.663659],[-78.649576,-1.663482],[-78.6498,-1.663304],[-78.649963,-1.663169],[-78.650127,-1.663034],[-78.649648,-1.662806],[-78.649169,-1.662578],[-78.649262,-1.662515],[-78.649355,-1.662452],[-78.649541,-1.661366],[-78.649727,-1.66028],[-78.649787,-1.659873],[-78.649847,-1.659467],[-78.649834,-1.658923]]]}},{"type":"Feature","properties":{"tipo":"subred","red":"Saboya","subred":"S-14","zona":"Red Saboya · subred S-14","sector":"5","parroquia_ep":"3","caudal_l_s":7.07,"area_m2":164859.94,"area_ha":16.49,"perimetro_m":1950.63,"fuente":"EP Riobamba (ex EMAPAR)","actualizacion":"marzo 2025"},"geometry":{"type":"Polygon","coordinates":[[[-78.64185,-1.663779],[-78.641194,-1.664067],[-78.641208,-1.664078],[-78.641988,-1.664639],[-78.642468,-1.665039],[-78.64294,-1.665612],[-78.643437,-1.666209],[-78.644496,-1.665347],[-78.645023,-1.664872],[-78.645631,-1.664329],[-78.646265,-1.665074],[-78.646737,-1.665666],[-78.647099,-1.665345],[-78.647762,-1.66477],[-78.647911,-1.664633],[-78.647736,-1.664373],[-78.647172,-1.663657],[-78.646846,-1.663261],[-78.645496,-1.662105],[-78.645478,-1.662091],[-78.643622,-1.662935],[-78.642489,-1.663461],[-78.64185,-1.663779]]]}},{"type":"Feature","properties":{"tipo":"subred","red":"Saboya","subred":"S-15","zona":"Red Saboya · subred S-15","sector":"5","parroquia_ep":"3","caudal_l_s":4.71,"area_m2":161102.02,"area_ha":16.11,"perimetro_m":1711.11,"fuente":"EP Riobamba (ex EMAPAR)","actualizacion":"marzo 2025"},"geometry":{"type":"Polygon","coordinates":[[[-78.656615,-1.658124],[-78.656474,-1.659673],[-78.656891,-1.659723],[-78.657539,-1.661032],[-78.657608,-1.661177],[-78.657674,-1.661122],[-78.658248,-1.66061],[-78.659133,-1.659832],[-78.65967,-1.659366],[-78.66016,-1.659893],[-78.660335,-1.659924],[-78.660537,-1.659915],[-78.660756,-1.659252],[-78.660874,-1.658914],[-78.660951,-1.65883],[-78.661048,-1.658776],[-78.661042,-1.658767],[-78.660712,-1.658294],[-78.660401,-1.657941],[-78.660026,-1.657608],[-78.659167,-1.657009],[-78.658569,-1.65663],[-78.658262,-1.656455],[-78.657827,-1.656316],[-78.657195,-1.656273],[-78.656737,-1.657505],[-78.656615,-1.658124]]]}},{"type":"Feature","properties":{"tipo":"subred","red":"Saboya","subred":"S-16","zona":"Red Saboya · subred S-16","sector":"5","parroquia_ep":"3","caudal_l_s":10.74,"area_m2":313361.41,"area_ha":31.34,"perimetro_m":2453.17,"fuente":"EP Riobamba (ex EMAPAR)","actualizacion":"marzo 2025"},"geometry":{"type":"Polygon","coordinates":[[[-78.652935,-1.660438],[-78.65262,-1.660891],[-78.652386,-1.661132],[-78.651838,-1.661617],[-78.653024,-1.663066],[-78.65376,-1.663945],[-78.654028,-1.664247],[-78.65416,-1.6644],[-78.654237,-1.664337],[-78.655339,-1.663385],[-78.656142,-1.662687],[-78.656232,-1.662608],[-78.656962,-1.661993],[-78.657578,-1.661202],[-78.657608,-1.661177],[-78.657539,-1.661032],[-78.656891,-1.659723],[-78.656474,-1.659673],[-78.656615,-1.658124],[-78.656737,-1.657505],[-78.657195,-1.656273],[-78.657167,-1.656271],[-78.657066,-1.656276],[-78.656923,-1.656291],[-78.655701,-1.656469],[-78.654913,-1.656837],[-78.654529,-1.65714],[-78.654385,-1.657234],[-78.653892,-1.657842],[-78.653597,-1.658466],[-78.653445,-1.658968],[-78.653192,-1.659876],[-78.652935,-1.660438]]]}},{"type":"Feature","properties":{"tipo":"subred","red":"Saboya","subred":"S-17","zona":"Red Saboya · subred S-17","sector":"5","parroquia_ep":"3","caudal_l_s":6.88,"area_m2":146028.44,"area_ha":14.6,"perimetro_m":1553.61,"fuente":"EP Riobamba (ex EMAPAR)","actualizacion":"marzo 2025"},"geometry":{"type":"Polygon","coordinates":[[[-78.649353,-1.663659],[-78.649332,-1.66435],[-78.649544,-1.664214],[-78.649655,-1.664342],[-78.650761,-1.665699],[-78.651423,-1.66651],[-78.652128,-1.665885],[-78.653008,-1.665129],[-78.653454,-1.664728],[-78.654028,-1.664247],[-78.65376,-1.663945],[-78.653024,-1.663066],[-78.651838,-1.661617],[-78.6498,-1.663304],[-78.649353,-1.663659]]]}},{"type":"Feature","properties":{"tipo":"subred","red":"Saboya","subred":"S-18","zona":"Red Saboya · subred S-18","sector":"5","parroquia_ep":"3","caudal_l_s":6.29,"area_m2":141567.01,"area_ha":14.16,"perimetro_m":1564.47,"fuente":"EP Riobamba (ex EMAPAR)","actualizacion":"marzo 2025"},"geometry":{"type":"Polygon","coordinates":[[[-78.647191,-1.66621],[-78.647673,-1.666779],[-78.648173,-1.667375],[-78.648184,-1.667388],[-78.648659,-1.667991],[-78.649113,-1.668531],[-78.649694,-1.668025],[-78.650269,-1.667531],[-78.650866,-1.667005],[-78.651316,-1.666605],[-78.651423,-1.66651],[-78.650761,-1.665699],[-78.649655,-1.664342],[-78.649544,-1.664214],[-78.649332,-1.66435],[-78.649353,-1.663659],[-78.649092,-1.663604],[-78.64837,-1.66421],[-78.647762,-1.66477],[-78.647099,-1.665345],[-78.646737,-1.665666],[-78.647191,-1.66621]]]}},{"type":"Feature","properties":{"tipo":"subred","red":"Saboya","subred":"S-19","zona":"Red Saboya · subred S-19","sector":"5","parroquia_ep":"3","caudal_l_s":5.65,"area_m2":180247.18,"area_ha":18.02,"perimetro_m":2011.19,"fuente":"EP Riobamba (ex EMAPAR)","actualizacion":"marzo 2025"},"geometry":{"type":"Polygon","coordinates":[[[-78.656962,-1.661993],[-78.656232,-1.662608],[-78.656142,-1.662687],[-78.656561,-1.663137],[-78.65706,-1.663209],[-78.657329,-1.663321],[-78.657919,-1.664019],[-78.658732,-1.664919],[-78.65878,-1.664661],[-78.659059,-1.664236],[-78.659602,-1.663447],[-78.660033,-1.662786],[-78.660368,-1.662307],[-78.660849,-1.661599],[-78.661429,-1.660722],[-78.661889,-1.66008],[-78.661888,-1.660078],[-78.661048,-1.658776],[-78.660951,-1.65883],[-78.660874,-1.658914],[-78.660756,-1.659252],[-78.660537,-1.659915],[-78.660335,-1.659924],[-78.66016,-1.659893],[-78.65967,-1.659366],[-78.659133,-1.659832],[-78.658248,-1.66061],[-78.657674,-1.661122],[-78.657578,-1.661202],[-78.656962,-1.661993]]]}},{"type":"Feature","properties":{"tipo":"subred","red":"Saboya","subred":"S-20","zona":"Red Saboya · subred S-20","sector":"5","parroquia_ep":"3","caudal_l_s":6.3,"area_m2":167261.62,"area_ha":16.73,"perimetro_m":1655.9,"fuente":"EP Riobamba (ex EMAPAR)","actualizacion":"marzo 2025"},"geometry":{"type":"Polygon","coordinates":[[[-78.654028,-1.664247],[-78.653454,-1.664728],[-78.653796,-1.665135],[-78.654406,-1.665835],[-78.654966,-1.666507],[-78.655868,-1.667556],[-78.655916,-1.667647],[-78.656609,-1.667014],[-78.658669,-1.665261],[-78.658732,-1.664919],[-78.657919,-1.664019],[-78.657329,-1.663321],[-78.65706,-1.663209],[-78.656561,-1.663137],[-78.656142,-1.662687],[-78.655339,-1.663385],[-78.654237,-1.664337],[-78.65416,-1.6644],[-78.654028,-1.664247]]]}},{"type":"Feature","properties":{"tipo":"subred","red":"Saboya","subred":"S-21","zona":"Red Saboya · subred S-21","sector":"5","parroquia_ep":"3","caudal_l_s":7.72,"area_m2":162375.35,"area_ha":16.24,"perimetro_m":1610.24,"fuente":"EP Riobamba (ex EMAPAR)","actualizacion":"marzo 2025"},"geometry":{"type":"Polygon","coordinates":[[[-78.650866,-1.667005],[-78.651332,-1.667568],[-78.651845,-1.668177],[-78.65234,-1.668771],[-78.652796,-1.669295],[-78.653144,-1.669688],[-78.65332,-1.669907],[-78.655916,-1.667647],[-78.655868,-1.667556],[-78.654966,-1.666507],[-78.654406,-1.665835],[-78.653796,-1.665135],[-78.653454,-1.664728],[-78.653008,-1.665129],[-78.652128,-1.665885],[-78.651316,-1.666605],[-78.650866,-1.667005]]]}},{"type":"Feature","properties":{"tipo":"subred","red":"Saboya","subred":"S-22","zona":"Red Saboya · subred S-22","sector":"5","parroquia_ep":"1","caudal_l_s":5.26,"area_m2":185732.9,"area_ha":18.57,"perimetro_m":1784.99,"fuente":"EP Riobamba (ex EMAPAR)","actualizacion":"marzo 2025"},"geometry":{"type":"Polygon","coordinates":[[[-78.660033,-1.662786],[-78.660627,-1.664237],[-78.661357,-1.666113],[-78.662169,-1.665813],[-78.663284,-1.66534],[-78.664202,-1.664941],[-78.664849,-1.664649],[-78.664834,-1.664629],[-78.6642,-1.663641],[-78.664009,-1.663348],[-78.663463,-1.662529],[-78.662852,-1.661574],[-78.661889,-1.66008],[-78.661429,-1.660722],[-78.660849,-1.661599],[-78.660368,-1.662307],[-78.660033,-1.662786]]]}},{"type":"Feature","properties":{"tipo":"subred","red":"Saboya","subred":"S-23","zona":"Red Saboya · subred S-23","sector":"5","parroquia_ep":"1","caudal_l_s":6.68,"area_m2":191833.65,"area_ha":19.18,"perimetro_m":1994.05,"fuente":"EP Riobamba (ex EMAPAR)","actualizacion":"marzo 2025"},"geometry":{"type":"Polygon","coordinates":[[[-78.658669,-1.665261],[-78.656609,-1.667014],[-78.655916,-1.667647],[-78.655917,-1.667649],[-78.65599,-1.667783],[-78.656529,-1.668396],[-78.656731,-1.668632],[-78.65678,-1.668669],[-78.657002,-1.66862],[-78.659594,-1.667959],[-78.661848,-1.6673],[-78.661357,-1.666113],[-78.660627,-1.664237],[-78.660033,-1.662786],[-78.659602,-1.663447],[-78.659059,-1.664236],[-78.65878,-1.664661],[-78.658669,-1.665261]]]}},{"type":"Feature","properties":{"tipo":"subred","red":"Saboya","subred":"S-24","zona":"Red Saboya · subred S-24","sector":"5","parroquia_ep":"1","caudal_l_s":8.61,"area_m2":304098.52,"area_ha":30.41,"perimetro_m":2224.25,"fuente":"EP Riobamba (ex EMAPAR)","actualizacion":"marzo 2025"},"geometry":{"type":"Polygon","coordinates":[[[-78.661969,-1.667592],[-78.662411,-1.668738],[-78.66263,-1.669264],[-78.662904,-1.669971],[-78.663137,-1.670552],[-78.663428,-1.671262],[-78.663531,-1.671507],[-78.663551,-1.67149],[-78.665398,-1.669876],[-78.665779,-1.669558],[-78.666958,-1.66854],[-78.66775,-1.667759],[-78.667967,-1.667465],[-78.667967,-1.667311],[-78.666787,-1.665683],[-78.666602,-1.665653],[-78.665686,-1.665365],[-78.665294,-1.665142],[-78.665049,-1.664921],[-78.664849,-1.664649],[-78.664202,-1.664941],[-78.663284,-1.66534],[-78.662169,-1.665813],[-78.661357,-1.666113],[-78.661969,-1.667592]]]}},{"type":"Feature","properties":{"tipo":"subred","red":"Saboya","subred":"S-25","zona":"Red Saboya · subred S-25","sector":"5","parroquia_ep":"1","caudal_l_s":4.18,"area_m2":136724.87,"area_ha":13.67,"perimetro_m":1662.96,"fuente":"EP Riobamba (ex EMAPAR)","actualizacion":"marzo 2025"},"geometry":{"type":"Polygon","coordinates":[[[-78.656908,-1.668765],[-78.657212,-1.66914],[-78.657807,-1.669928],[-78.658697,-1.671096],[-78.658742,-1.671158],[-78.659804,-1.670292],[-78.660266,-1.669918],[-78.660496,-1.669826],[-78.661086,-1.669743],[-78.661548,-1.669655],[-78.662062,-1.669471],[-78.66263,-1.669264],[-78.662411,-1.668738],[-78.661969,-1.667592],[-78.661848,-1.6673],[-78.659594,-1.667959],[-78.657002,-1.66862],[-78.65678,-1.668669],[-78.656908,-1.668765]]]}},{"type":"Feature","properties":{"tipo":"subred","red":"Saboya","subred":"S-26","zona":"Red Saboya · subred S-26","sector":"5","parroquia_ep":"1","caudal_l_s":4.43,"area_m2":126967.07,"area_ha":12.7,"perimetro_m":1427.81,"fuente":"EP Riobamba (ex EMAPAR)","actualizacion":"marzo 2025"},"geometry":{"type":"Polygon","coordinates":[[[-78.653642,-1.670308],[-78.65427,-1.671109],[-78.655167,-1.672216],[-78.655167,-1.672216],[-78.655712,-1.67176],[-78.656221,-1.671301],[-78.657058,-1.670578],[-78.657807,-1.669928],[-78.657212,-1.66914],[-78.656908,-1.668765],[-78.656731,-1.668632],[-78.656529,-1.668396],[-78.65599,-1.667783],[-78.655916,-1.667647],[-78.65332,-1.669907],[-78.653642,-1.670308]]]}},{"type":"Feature","properties":{"tipo":"subred","red":"Saboya","subred":"S-27","zona":"Red Saboya · subred S-27","sector":"5","parroquia_ep":"1","caudal_l_s":7.87,"area_m2":176729.31,"area_ha":17.67,"perimetro_m":1679.12,"fuente":"EP Riobamba (ex EMAPAR)","actualizacion":"marzo 2025"},"geometry":{"type":"Polygon","coordinates":[[[-78.64991,-1.671808],[-78.650364,-1.672377],[-78.650832,-1.672955],[-78.651309,-1.673526],[-78.651758,-1.674074],[-78.652274,-1.674695],[-78.652329,-1.67465],[-78.652855,-1.674201],[-78.653999,-1.673218],[-78.654583,-1.672724],[-78.655167,-1.672216],[-78.65427,-1.671109],[-78.653642,-1.670308],[-78.653144,-1.669688],[-78.652796,-1.669295],[-78.651626,-1.670334],[-78.650983,-1.67088],[-78.650476,-1.67131],[-78.64991,-1.671808]]]}},{"type":"Feature","properties":{"tipo":"subred","red":"Saboya","subred":"S-28","zona":"Red Saboya · subred S-28","sector":"5","parroquia_ep":"1","caudal_l_s":5.01,"area_m2":306146.93,"area_ha":30.61,"perimetro_m":2615.2,"fuente":"EP Riobamba (ex EMAPAR)","actualizacion":"marzo 2025"},"geometry":{"type":"Polygon","coordinates":[[[-78.666403,-1.672346],[-78.666171,-1.67337],[-78.665926,-1.673295],[-78.665717,-1.6739],[-78.664987,-1.674593],[-78.664726,-1.674884],[-78.665004,-1.675096],[-78.665597,-1.675293],[-78.666231,-1.675399],[-78.666594,-1.675383],[-78.667032,-1.675152],[-78.667385,-1.674725],[-78.667645,-1.674331],[-78.667819,-1.674125],[-78.668,-1.673873],[-78.668245,-1.673657],[-78.668561,-1.673466],[-78.668741,-1.673336],[-78.668906,-1.673145],[-78.669102,-1.672937],[-78.669244,-1.672807],[-78.669439,-1.672803],[-78.669578,-1.672815],[-78.669643,-1.672822],[-78.670605,-1.671532],[-78.670863,-1.671131],[-78.670851,-1.670898],[-78.670748,-1.670724],[-78.670324,-1.670254],[-78.670484,-1.669672],[-78.669081,-1.668234],[-78.668313,-1.667415],[-78.668114,-1.66727],[-78.667967,-1.667311],[-78.667967,-1.667465],[-78.66775,-1.667759],[-78.666958,-1.66854],[-78.665779,-1.669558],[-78.665398,-1.669876],[-78.665479,-1.669969],[-78.666101,-1.670745],[-78.666436,-1.671167],[-78.666689,-1.671368],[-78.666831,-1.671768],[-78.666403,-1.672346]]]}},{"type":"Feature","properties":{"tipo":"subred","red":"Saboya","subred":"S-29","zona":"Red Saboya · subred S-29","sector":"5","parroquia_ep":"1","caudal_l_s":5.26,"area_m2":162621.48,"area_ha":16.26,"perimetro_m":1630.39,"fuente":"EP Riobamba (ex EMAPAR)","actualizacion":"marzo 2025"},"geometry":{"type":"Polygon","coordinates":[[[-78.662705,-1.672186],[-78.662263,-1.672894],[-78.662201,-1.672996],[-78.662731,-1.673596],[-78.663392,-1.674353],[-78.663887,-1.674944],[-78.663994,-1.675016],[-78.664533,-1.675266],[-78.66454,-1.675251],[-78.664587,-1.675167],[-78.664644,-1.675053],[-78.664698,-1.674946],[-78.664726,-1.674884],[-78.664987,-1.674593],[-78.665717,-1.6739],[-78.665926,-1.673295],[-78.666171,-1.67337],[-78.666403,-1.672346],[-78.666831,-1.671768],[-78.666689,-1.671368],[-78.666436,-1.671167],[-78.666101,-1.670745],[-78.665479,-1.669969],[-78.665398,-1.669876],[-78.663551,-1.67149],[-78.662705,-1.672186]]]}},{"type":"Feature","properties":{"tipo":"subred","red":"Saboya","subred":"S-30","zona":"Red Saboya · subred S-30","sector":"5","parroquia_ep":"1","caudal_l_s":5.77,"area_m2":161710.47,"area_ha":16.17,"perimetro_m":1625.55,"fuente":"EP Riobamba (ex EMAPAR)","actualizacion":"marzo 2025"},"geometry":{"type":"Polygon","coordinates":[[[-78.658742,-1.671158],[-78.659379,-1.672029],[-78.660121,-1.67298],[-78.661009,-1.674103],[-78.661227,-1.674389],[-78.661737,-1.673789],[-78.662201,-1.672996],[-78.662263,-1.672894],[-78.662705,-1.672186],[-78.663531,-1.671507],[-78.663428,-1.671262],[-78.663137,-1.670552],[-78.662904,-1.669971],[-78.66263,-1.669264],[-78.662062,-1.669471],[-78.661548,-1.669655],[-78.661086,-1.669743],[-78.660496,-1.669826],[-78.660266,-1.669918],[-78.659804,-1.670292],[-78.658742,-1.671158]]]}},{"type":"Feature","properties":{"tipo":"subred","red":"Saboya","subred":"S-31","zona":"Red Saboya · subred S-31","sector":"5","parroquia_ep":"1","caudal_l_s":6.11,"area_m2":126149.43,"area_ha":12.61,"perimetro_m":1421.28,"fuente":"EP Riobamba (ex EMAPAR)","actualizacion":"marzo 2025"},"geometry":{"type":"Polygon","coordinates":[[[-78.655167,-1.672216],[-78.65597,-1.673176],[-78.656568,-1.673933],[-78.656952,-1.674394],[-78.657053,-1.674509],[-78.657752,-1.67393],[-78.658609,-1.67321],[-78.659599,-1.67231],[-78.659379,-1.672029],[-78.658697,-1.671096],[-78.657807,-1.669928],[-78.657058,-1.670578],[-78.656221,-1.671301],[-78.655712,-1.67176],[-78.655167,-1.672216]]]}},{"type":"Feature","properties":{"tipo":"subred","red":"Saboya","subred":"S-32","zona":"Red Saboya · subred S-32","sector":"5","parroquia_ep":"1","caudal_l_s":5.42,"area_m2":167557.93,"area_ha":16.76,"perimetro_m":2092.03,"fuente":"EP Riobamba (ex EMAPAR)","actualizacion":"marzo 2025"},"geometry":{"type":"Polygon","coordinates":[[[-78.660683,-1.678212],[-78.660574,-1.678296],[-78.661104,-1.679195],[-78.661219,-1.679405],[-78.661701,-1.680285],[-78.662354,-1.68153],[-78.6626,-1.68206],[-78.662633,-1.682045],[-78.662655,-1.682037],[-78.662677,-1.68203],[-78.662699,-1.682024],[-78.66273,-1.682019],[-78.662757,-1.682016],[-78.662784,-1.682049],[-78.662795,-1.682045],[-78.662837,-1.682037],[-78.662861,-1.682034],[-78.662891,-1.682032],[-78.662961,-1.681998],[-78.66315,-1.681916],[-78.663196,-1.681921],[-78.663246,-1.681896],[-78.663326,-1.681891],[-78.663461,-1.681962],[-78.663522,-1.681982],[-78.66353,-1.681984],[-78.66354,-1.681985],[-78.663547,-1.681985],[-78.663554,-1.681984],[-78.66356,-1.681982],[-78.663566,-1.68198],[-78.663573,-1.681976],[-78.663584,-1.681953],[-78.66359,-1.681918],[-78.663593,-1.681847],[-78.66359,-1.681803],[-78.663549,-1.681645],[-78.663536,-1.681463],[-78.663554,-1.681366],[-78.663561,-1.681301],[-78.663574,-1.681258],[-78.663584,-1.681208],[-78.663574,-1.681174],[-78.663562,-1.681162],[-78.663551,-1.68111],[-78.663538,-1.681072],[-78.663524,-1.681042],[-78.663498,-1.681019],[-78.663444,-1.68094],[-78.663403,-1.680862],[-78.663369,-1.680733],[-78.663413,-1.680586],[-78.663591,-1.680369],[-78.663641,-1.680294],[-78.663664,-1.68025],[-78.663671,-1.680054],[-78.663674,-1.679949],[-78.663679,-1.679822],[-78.663687,-1.679687],[-78.663691,-1.679625],[-78.663711,-1.679573],[-78.663718,-1.679566],[-78.66372,-1.679564],[-78.663722,-1.679561],[-78.663723,-1.679557],[-78.663724,-1.679554],[-78.663723,-1.679551],[-78.663723,-1.679548],[-78.663717,-1.679532],[-78.663715,-1.679503],[-78.663729,-1.679481],[-78.663745,-1.679452],[-78.663777,-1.679444],[-78.663818,-1.679444],[-78.663842,-1.679458],[-78.663864,-1.67945],[-78.663888,-1.679423],[-78.66392,-1.679342],[-78.663939,-1.679216],[-78.663933,-1.679128],[-78.663907,-1.679063],[-78.663845,-1.678962],[-78.663834,-1.678856],[-78.66384,-1.678769],[-78.663861,-1.678605],[-78.663837,-1.678385],[-78.663776,-1.678207],[-78.663797,-1.678137],[-78.663834,-1.678072],[-78.663889,-1.677983],[-78.663891,-1.677948],[-78.663875,-1.677912],[-78.663798,-1.677816],[-78.663686,-1.67769],[-78.66367,-1.67767],[-78.663656,-1.677649],[-78.663645,-1.677628],[-78.663635,-1.677603],[-78.663627,-1.677577],[-78.663622,-1.677547],[-78.66362,-1.67752],[-78.663621,-1.677495],[-78.663625,-1.677467],[-78.66363,-1.677445],[-78.663636,-1.677427],[-78.663642,-1.677413],[-78.66365,-1.677395],[-78.663658,-1.677382],[-78.663669,-1.677365],[-78.66368,-1.67735],[-78.663694,-1.677335],[-78.663708,-1.677322],[-78.663724,-1.677308],[-78.663962,-1.677152],[-78.664171,-1.677018],[-78.66418,-1.677012],[-78.664191,-1.677002],[-78.6642,-1.676992],[-78.664207,-1.676983],[-78.664214,-1.676972],[-78.664217,-1.676966],[-78.66422,-1.676959],[-78.664222,-1.676951],[-78.664282,-1.676828],[-78.66431,-1.676789],[-78.664356,-1.676744],[-78.664365,-1.676736],[-78.664378,-1.676729],[-78.664395,-1.676725],[-78.664414,-1.676726],[-78.664431,-1.676732],[-78.664447,-1.676743],[-78.664457,-1.676757],[-78.664528,-1.676817],[-78.664566,-1.676855],[-78.664606,-1.676891],[-78.664613,-1.676896],[-78.664623,-1.676902],[-78.664632,-1.676905],[-78.664646,-1.676907],[-78.664657,-1.676907],[-78.66467,-1.676904],[-78.664677,-1.676902],[-78.664717,-1.676869],[-78.66474,-1.676825],[-78.664764,-1.676758],[-78.664763,-1.676649],[-78.664749,-1.676626],[-78.664688,-1.676452],[-78.664627,-1.676254],[-78.664607,-1.676182],[-78.6646,-1.676107],[-78.664597,-1.675914],[-78.664603,-1.67583],[-78.664621,-1.675752],[-78.664596,-1.675713],[-78.66456,-1.675671],[-78.66452,-1.675591],[-78.664497,-1.675541],[-78.664487,-1.675484],[-78.664485,-1.675415],[-78.664492,-1.675351],[-78.664533,-1.675266],[-78.663994,-1.675016],[-78.663731,-1.675523],[-78.663542,-1.675655],[-78.661704,-1.677308],[-78.660683,-1.678212]]]}},{"type":"Feature","properties":{"tipo":"subred","red":"Saboya","subred":"S-33","zona":"Red Saboya · subred S-33","sector":"5","parroquia_ep":"1","caudal_l_s":6.57,"area_m2":201803.22,"area_ha":20.18,"perimetro_m":2114.77,"fuente":"EP Riobamba (ex EMAPAR)","actualizacion":"marzo 2025"},"geometry":{"type":"Polygon","coordinates":[[[-78.660173,-1.675548],[-78.659433,-1.676387],[-78.659209,-1.676637],[-78.659033,-1.676833],[-78.65844,-1.677485],[-78.657442,-1.678662],[-78.658851,-1.679851],[-78.660574,-1.678296],[-78.660683,-1.678212],[-78.661704,-1.677308],[-78.663542,-1.675655],[-78.663731,-1.675523],[-78.663994,-1.675016],[-78.663887,-1.674944],[-78.663392,-1.674353],[-78.662731,-1.673596],[-78.662201,-1.672996],[-78.661737,-1.673789],[-78.661227,-1.674389],[-78.660173,-1.675548]]]}},{"type":"Feature","properties":{"tipo":"subred","red":"Saboya","subred":"S-34","zona":"Red Saboya · subred S-34","sector":"5","parroquia_ep":"1","caudal_l_s":6.04,"area_m2":115313.77,"area_ha":11.53,"perimetro_m":1369.42,"fuente":"EP Riobamba (ex EMAPAR)","actualizacion":"marzo 2025"},"geometry":{"type":"Polygon","coordinates":[[[-78.657059,-1.674517],[-78.657897,-1.675526],[-78.658811,-1.676589],[-78.659033,-1.676833],[-78.659209,-1.676637],[-78.659433,-1.676387],[-78.660173,-1.675548],[-78.661227,-1.674389],[-78.661009,-1.674103],[-78.660121,-1.67298],[-78.659599,-1.67231],[-78.658609,-1.67321],[-78.657752,-1.67393],[-78.657053,-1.674509],[-78.657059,-1.674517]]]}},{"type":"Feature","properties":{"tipo":"subred","red":"Saboya","subred":"S-35","zona":"Red Saboya · subred S-35","sector":"5","parroquia_ep":"1","caudal_l_s":6.99,"area_m2":137363.02,"area_ha":13.74,"perimetro_m":1495.31,"fuente":"EP Riobamba (ex EMAPAR)","actualizacion":"marzo 2025"},"geometry":{"type":"Polygon","coordinates":[[[-78.653166,-1.675769],[-78.65365,-1.676359],[-78.653987,-1.676765],[-78.654124,-1.676925],[-78.654536,-1.6766],[-78.655337,-1.675929],[-78.655963,-1.675403],[-78.657053,-1.674509],[-78.656952,-1.674394],[-78.656568,-1.673933],[-78.65597,-1.673176],[-78.655167,-1.672216],[-78.655167,-1.672216],[-78.654583,-1.672724],[-78.653999,-1.673218],[-78.652855,-1.674201],[-78.652329,-1.67465],[-78.652274,-1.674695],[-78.652285,-1.674709],[-78.652713,-1.675215],[-78.653166,-1.675769]]]}},{"type":"Feature","properties":{"tipo":"subred","red":"Saboya","subred":"S-36","zona":"Red Saboya · subred S-36","sector":"5","parroquia_ep":"1","caudal_l_s":8.37,"area_m2":158145.68,"area_ha":15.81,"perimetro_m":1605.66,"fuente":"EP Riobamba (ex EMAPAR)","actualizacion":"marzo 2025"},"geometry":{"type":"Polygon","coordinates":[[[-78.654124,-1.676925],[-78.654512,-1.67738],[-78.655073,-1.678059],[-78.655549,-1.678648],[-78.655982,-1.679178],[-78.656443,-1.679737],[-78.656504,-1.679793],[-78.657442,-1.678662],[-78.65844,-1.677485],[-78.659033,-1.676833],[-78.658811,-1.676589],[-78.657897,-1.675526],[-78.657059,-1.674517],[-78.657053,-1.674509],[-78.655963,-1.675403],[-78.655337,-1.675929],[-78.654536,-1.6766],[-78.654124,-1.676925]]]}},{"type":"Feature","properties":{"tipo":"subred","red":"Saboya","subred":"S-37","zona":"Red Saboya · subred S-37","sector":"5","parroquia_ep":"2","caudal_l_s":7.32,"area_m2":269231.42,"area_ha":26.92,"perimetro_m":2266.71,"fuente":"EP Riobamba (ex EMAPAR)","actualizacion":"marzo 2025"},"geometry":{"type":"Polygon","coordinates":[[[-78.655546,-1.680942],[-78.656806,-1.682432],[-78.657491,-1.683317],[-78.657605,-1.683266],[-78.657699,-1.683203],[-78.65778,-1.683129],[-78.657844,-1.683052],[-78.657908,-1.682987],[-78.657984,-1.682927],[-78.658045,-1.68289],[-78.658133,-1.68285],[-78.658209,-1.682825],[-78.658287,-1.68281],[-78.658345,-1.682804],[-78.658421,-1.682804],[-78.658486,-1.68281],[-78.658553,-1.682822],[-78.659476,-1.682887],[-78.659808,-1.682964],[-78.660294,-1.683013],[-78.661238,-1.683027],[-78.661808,-1.683054],[-78.661986,-1.683062],[-78.66202,-1.683061],[-78.662042,-1.683059],[-78.662066,-1.683054],[-78.662093,-1.683046],[-78.66212,-1.683034],[-78.662139,-1.683024],[-78.662164,-1.683007],[-78.662186,-1.682989],[-78.66221,-1.682964],[-78.662229,-1.682939],[-78.662245,-1.682912],[-78.662262,-1.682873],[-78.662394,-1.682324],[-78.6624,-1.682302],[-78.662409,-1.682277],[-78.662419,-1.682253],[-78.662428,-1.682234],[-78.662438,-1.682215],[-78.662449,-1.682197],[-78.66246,-1.682182],[-78.66247,-1.682168],[-78.662482,-1.682154],[-78.662494,-1.682141],[-78.662509,-1.682126],[-78.662524,-1.682112],[-78.662535,-1.682103],[-78.662546,-1.682095],[-78.66257,-1.682078],[-78.6626,-1.68206],[-78.662354,-1.68153],[-78.661701,-1.680285],[-78.661219,-1.679405],[-78.661104,-1.679195],[-78.660574,-1.678296],[-78.658851,-1.679851],[-78.657442,-1.678662],[-78.656504,-1.679793],[-78.656364,-1.679969],[-78.655546,-1.680942]]]}},{"type":"Feature","properties":{"tipo":"subred","red":"San Martín de Veranillo","subred":"SM-01","zona":"Red San Martín de Veranillo · subred SM-01","sector":"3","parroquia_ep":null,"caudal_l_s":2.85,"area_m2":763600.08,"area_ha":76.36,"perimetro_m":3524.79,"fuente":"EP Riobamba (ex EMAPAR)","actualizacion":"marzo 2025"},"geometry":{"type":"Polygon","coordinates":[[[-78.628385,-1.650518],[-78.629249,-1.652318],[-78.629702,-1.653149],[-78.630407,-1.655028],[-78.631111,-1.654944],[-78.632426,-1.654988],[-78.632888,-1.655129],[-78.633444,-1.655132],[-78.634095,-1.655171],[-78.634487,-1.655253],[-78.634571,-1.655272],[-78.635462,-1.655498],[-78.635685,-1.655573],[-78.636287,-1.655793],[-78.636744,-1.655898],[-78.63692,-1.655916],[-78.637,-1.655716],[-78.637306,-1.655078],[-78.637585,-1.654548],[-78.637636,-1.654299],[-78.637617,-1.653215],[-78.637631,-1.652646],[-78.637705,-1.652364],[-78.637842,-1.651912],[-78.63786,-1.651722],[-78.637845,-1.651531],[-78.637804,-1.651441],[-78.637733,-1.65135],[-78.637189,-1.650744],[-78.636706,-1.650011],[-78.636528,-1.649783],[-78.636364,-1.649671],[-78.636211,-1.649588],[-78.636001,-1.649437],[-78.63577,-1.649357],[-78.635541,-1.64921],[-78.634934,-1.648719],[-78.634693,-1.648637],[-78.633982,-1.648432],[-78.633429,-1.648212],[-78.633191,-1.648054],[-78.632925,-1.647869],[-78.632716,-1.647764],[-78.632325,-1.647603],[-78.632263,-1.647525],[-78.632157,-1.647347],[-78.631952,-1.64725],[-78.631744,-1.647127],[-78.631607,-1.646975],[-78.631539,-1.646964],[-78.631329,-1.647042],[-78.631113,-1.647029],[-78.630915,-1.646983],[-78.63065,-1.646866],[-78.630415,-1.64674],[-78.62779,-1.646877],[-78.627757,-1.646885],[-78.62791,-1.647903],[-78.628251,-1.650191],[-78.628385,-1.650518]]]}},{"type":"Feature","properties":{"tipo":"subred","red":"San Martín de Veranillo","subred":"SM-02","zona":"Red San Martín de Veranillo · subred SM-02","sector":"3","parroquia_ep":null,"caudal_l_s":3.35,"area_m2":558869.96,"area_ha":55.89,"perimetro_m":4269.06,"fuente":"EP Riobamba (ex EMAPAR)","actualizacion":"marzo 2025"},"geometry":{"type":"Polygon","coordinates":[[[-78.624374,-1.651555],[-78.625968,-1.653216],[-78.626498,-1.653783],[-78.627194,-1.654493],[-78.627883,-1.655126],[-78.628326,-1.655418],[-78.628629,-1.655605],[-78.629756,-1.656202],[-78.630715,-1.656686],[-78.631207,-1.656972],[-78.632859,-1.658213],[-78.633345,-1.658572],[-78.633765,-1.657974],[-78.633248,-1.657595],[-78.633393,-1.657286],[-78.63369,-1.65677],[-78.633909,-1.656476],[-78.634103,-1.656166],[-78.634307,-1.655765],[-78.63442,-1.65548],[-78.634487,-1.655253],[-78.634095,-1.655171],[-78.633444,-1.655132],[-78.632888,-1.655129],[-78.632426,-1.654988],[-78.631111,-1.654944],[-78.630407,-1.655028],[-78.629702,-1.653149],[-78.629249,-1.652318],[-78.628385,-1.650518],[-78.628251,-1.650191],[-78.62791,-1.647903],[-78.627757,-1.646885],[-78.624968,-1.647503],[-78.622752,-1.648111],[-78.622103,-1.648181],[-78.62194,-1.6482],[-78.621982,-1.648572],[-78.623243,-1.650341],[-78.624374,-1.651555]]]}},{"type":"Feature","properties":{"tipo":"subred","red":"San Martín de Veranillo","subred":"SM-03","zona":"Red San Martín de Veranillo · subred SM-03","sector":"3","parroquia_ep":null,"caudal_l_s":17.54,"area_m2":2303815.05,"area_ha":230.38,"perimetro_m":7923.32,"fuente":"EP Riobamba (ex EMAPAR)","actualizacion":"marzo 2025"},"geometry":{"type":"Polygon","coordinates":[[[-78.608388,-1.651175],[-78.610451,-1.652704],[-78.611997,-1.653829],[-78.61469,-1.65487],[-78.617762,-1.656547],[-78.619899,-1.65746],[-78.620687,-1.657784],[-78.622615,-1.658826],[-78.622763,-1.659296],[-78.623248,-1.65935],[-78.62351,-1.659405],[-78.623866,-1.659536],[-78.623982,-1.659507],[-78.62439,-1.659281],[-78.624428,-1.659175],[-78.624569,-1.658991],[-78.624694,-1.658858],[-78.624857,-1.658738],[-78.625585,-1.658248],[-78.626391,-1.657704],[-78.626775,-1.657384],[-78.626863,-1.657275],[-78.627208,-1.65692],[-78.627511,-1.656495],[-78.627594,-1.656392],[-78.628018,-1.655977],[-78.628104,-1.655793],[-78.628204,-1.655649],[-78.628318,-1.655531],[-78.628386,-1.655455],[-78.628326,-1.655418],[-78.627883,-1.655126],[-78.627194,-1.654493],[-78.626498,-1.653783],[-78.625968,-1.653216],[-78.624374,-1.651555],[-78.623243,-1.650341],[-78.621982,-1.648572],[-78.62194,-1.6482],[-78.620446,-1.648374],[-78.612572,-1.647479],[-78.606903,-1.645628],[-78.605444,-1.641646],[-78.6034,-1.643154],[-78.601355,-1.644662],[-78.602425,-1.647294],[-78.602283,-1.650207],[-78.603145,-1.651699],[-78.604103,-1.651599],[-78.608388,-1.651175]]]}},{"type":"Feature","properties":{"tipo":"subred","red":"San Martín de Veranillo","subred":"SM-04","zona":"Red San Martín de Veranillo · subred SM-04","sector":"3","parroquia_ep":"3","caudal_l_s":3.93,"area_m2":251295.95,"area_ha":25.13,"perimetro_m":2034.24,"fuente":"EP Riobamba (ex EMAPAR)","actualizacion":"marzo 2025"},"geometry":{"type":"Polygon","coordinates":[[[-78.633248,-1.657595],[-78.633765,-1.657974],[-78.633345,-1.658572],[-78.633346,-1.658573],[-78.633967,-1.658996],[-78.634973,-1.659692],[-78.636725,-1.660509],[-78.637004,-1.660652],[-78.637651,-1.659862],[-78.638206,-1.658817],[-78.639189,-1.657449],[-78.639625,-1.656841],[-78.639598,-1.656791],[-78.638903,-1.656455],[-78.637862,-1.656061],[-78.637442,-1.655965],[-78.63692,-1.655916],[-78.636744,-1.655898],[-78.636287,-1.655793],[-78.635685,-1.655573],[-78.635462,-1.655498],[-78.634571,-1.655272],[-78.634487,-1.655253],[-78.63442,-1.65548],[-78.634307,-1.655765],[-78.634103,-1.656166],[-78.633909,-1.656476],[-78.63369,-1.65677],[-78.633393,-1.657286],[-78.633248,-1.657595]]]}},{"type":"Feature","properties":{"tipo":"subred","red":"San Martín de Veranillo","subred":"SM-05","zona":"Red San Martín de Veranillo · subred SM-05","sector":"3","parroquia_ep":null,"caudal_l_s":4.3,"area_m2":602998.37,"area_ha":60.3,"perimetro_m":3476.91,"fuente":"EP Riobamba (ex EMAPAR)","actualizacion":"marzo 2025"},"geometry":{"type":"Polygon","coordinates":[[[-78.622803,-1.659706],[-78.621862,-1.660704],[-78.622758,-1.662666],[-78.624601,-1.662876],[-78.625616,-1.662187],[-78.626262,-1.663],[-78.629515,-1.662355],[-78.630121,-1.661585],[-78.630561,-1.661055],[-78.631039,-1.660936],[-78.631254,-1.660801],[-78.631547,-1.66078],[-78.632068,-1.660751],[-78.632245,-1.660476],[-78.632516,-1.660079],[-78.632745,-1.659869],[-78.633122,-1.659602],[-78.633476,-1.659248],[-78.633977,-1.659082],[-78.634021,-1.659034],[-78.633967,-1.658996],[-78.633346,-1.658573],[-78.632859,-1.658213],[-78.631207,-1.656972],[-78.630715,-1.656686],[-78.629756,-1.656202],[-78.628629,-1.655605],[-78.628386,-1.655455],[-78.628318,-1.655531],[-78.628204,-1.655649],[-78.628104,-1.655793],[-78.628018,-1.655977],[-78.627594,-1.656392],[-78.627511,-1.656495],[-78.627208,-1.65692],[-78.626863,-1.657275],[-78.626775,-1.657384],[-78.626391,-1.657704],[-78.625585,-1.658248],[-78.624857,-1.658738],[-78.624694,-1.658858],[-78.624569,-1.658991],[-78.624428,-1.659175],[-78.62439,-1.659281],[-78.623982,-1.659507],[-78.623866,-1.659536],[-78.62351,-1.659405],[-78.623248,-1.65935],[-78.622763,-1.659296],[-78.622803,-1.659706]]]}},{"type":"Feature","properties":{"tipo":"subred","red":"San Martín de Veranillo","subred":"SM-06","zona":"Red San Martín de Veranillo · subred SM-06","sector":"3","parroquia_ep":"4","caudal_l_s":3.62,"area_m2":159829.69,"area_ha":15.98,"perimetro_m":1544.82,"fuente":"EP Riobamba (ex EMAPAR)","actualizacion":"marzo 2025"},"geometry":{"type":"Polygon","coordinates":[[[-78.632035,-1.661125],[-78.632048,-1.661719],[-78.632367,-1.661944],[-78.63274,-1.662235],[-78.633205,-1.662527],[-78.633565,-1.662735],[-78.633764,-1.662819],[-78.63414,-1.662866],[-78.634649,-1.66295],[-78.634937,-1.663027],[-78.635181,-1.663148],[-78.635385,-1.663245],[-78.635441,-1.66328],[-78.635463,-1.663248],[-78.635578,-1.663061],[-78.635778,-1.66275],[-78.635964,-1.662464],[-78.636358,-1.661892],[-78.636603,-1.661408],[-78.636974,-1.660677],[-78.637004,-1.660652],[-78.636725,-1.660509],[-78.634973,-1.659692],[-78.634021,-1.659034],[-78.633977,-1.659082],[-78.633476,-1.659248],[-78.633122,-1.659602],[-78.632745,-1.659869],[-78.632516,-1.660079],[-78.632245,-1.660476],[-78.632068,-1.660751],[-78.632035,-1.661125]]]}},{"type":"Feature","properties":{"tipo":"subred","red":"San Martín de Veranillo","subred":"SM-07","zona":"Red San Martín de Veranillo · subred SM-07","sector":"5","parroquia_ep":"4","caudal_l_s":4.71,"area_m2":206635.63,"area_ha":20.66,"perimetro_m":1923.44,"fuente":"EP Riobamba (ex EMAPAR)","actualizacion":"marzo 2025"},"geometry":{"type":"Polygon","coordinates":[[[-78.635197,-1.663634],[-78.635681,-1.664094],[-78.63611,-1.664519],[-78.636524,-1.664963],[-78.636848,-1.66531],[-78.637224,-1.665709],[-78.637586,-1.666099],[-78.638002,-1.666542],[-78.638069,-1.666606],[-78.638361,-1.666677],[-78.638394,-1.666546],[-78.638831,-1.665783],[-78.639191,-1.665253],[-78.639657,-1.664889],[-78.641194,-1.664067],[-78.640167,-1.66332],[-78.63986,-1.663052],[-78.639212,-1.662468],[-78.638176,-1.661564],[-78.637629,-1.661096],[-78.637338,-1.660866],[-78.637004,-1.660652],[-78.636974,-1.660677],[-78.636603,-1.661408],[-78.636358,-1.661892],[-78.635964,-1.662464],[-78.635778,-1.66275],[-78.635578,-1.663061],[-78.635463,-1.663248],[-78.635197,-1.663634]]]}},{"type":"Feature","properties":{"tipo":"subred","red":"San Martín de Veranillo","subred":"SM-08","zona":"Red San Martín de Veranillo · subred SM-08","sector":"3","parroquia_ep":null,"caudal_l_s":4.65,"area_m2":412153.96,"area_ha":41.22,"perimetro_m":2686.68,"fuente":"EP Riobamba (ex EMAPAR)","actualizacion":"marzo 2025"},"geometry":{"type":"Polygon","coordinates":[[[-78.627931,-1.664558],[-78.62728,-1.667255],[-78.627773,-1.667218],[-78.628114,-1.667194],[-78.629124,-1.667212],[-78.629827,-1.667313],[-78.630348,-1.667502],[-78.630678,-1.667598],[-78.631147,-1.667543],[-78.631683,-1.667511],[-78.632196,-1.667572],[-78.632692,-1.667635],[-78.632781,-1.667647],[-78.633053,-1.667294],[-78.633436,-1.666216],[-78.633969,-1.665443],[-78.634611,-1.664508],[-78.635197,-1.663634],[-78.635441,-1.66328],[-78.635385,-1.663245],[-78.635181,-1.663148],[-78.634937,-1.663027],[-78.634649,-1.66295],[-78.63414,-1.662866],[-78.633764,-1.662819],[-78.633565,-1.662735],[-78.633205,-1.662527],[-78.63274,-1.662235],[-78.632367,-1.661944],[-78.632048,-1.661719],[-78.632035,-1.661125],[-78.632068,-1.660751],[-78.631547,-1.66078],[-78.631254,-1.660801],[-78.631039,-1.660936],[-78.630561,-1.661055],[-78.630121,-1.661585],[-78.629515,-1.662355],[-78.627931,-1.664558]]]}},{"type":"Feature","properties":{"tipo":"subred","red":"San Martín de Veranillo","subred":"SM-09","zona":"Red San Martín de Veranillo · subred SM-09","sector":"5","parroquia_ep":"3","caudal_l_s":10.25,"area_m2":221295.39,"area_ha":22.13,"perimetro_m":1890.31,"fuente":"EP Riobamba (ex EMAPAR)","actualizacion":"marzo 2025"},"geometry":{"type":"Polygon","coordinates":[[[-78.642196,-1.667232],[-78.642726,-1.667863],[-78.643638,-1.668924],[-78.644848,-1.67036],[-78.647075,-1.668358],[-78.648173,-1.667375],[-78.647673,-1.666779],[-78.647191,-1.66621],[-78.646737,-1.665666],[-78.646265,-1.665074],[-78.645631,-1.664329],[-78.645023,-1.664872],[-78.644496,-1.665347],[-78.643437,-1.666209],[-78.642196,-1.667232]]]}},{"type":"Feature","properties":{"tipo":"subred","red":"San Martín de Veranillo","subred":"SM-10","zona":"Red San Martín de Veranillo · subred SM-10","sector":"5","parroquia_ep":"4","caudal_l_s":8.16,"area_m2":166318.57,"area_ha":16.63,"perimetro_m":1767.23,"fuente":"EP Riobamba (ex EMAPAR)","actualizacion":"marzo 2025"},"geometry":{"type":"Polygon","coordinates":[[[-78.638831,-1.665783],[-78.638394,-1.666546],[-78.638361,-1.666677],[-78.638537,-1.666677],[-78.638902,-1.666639],[-78.640056,-1.667395],[-78.639747,-1.667672],[-78.641003,-1.669183],[-78.642663,-1.667789],[-78.642196,-1.667232],[-78.643437,-1.666209],[-78.64294,-1.665612],[-78.642468,-1.665039],[-78.641988,-1.664639],[-78.641208,-1.664078],[-78.641194,-1.664067],[-78.639657,-1.664889],[-78.639191,-1.665253],[-78.638831,-1.665783]]]}},{"type":"Feature","properties":{"tipo":"subred","red":"San Martín de Veranillo","subred":"SM-11","zona":"Red San Martín de Veranillo · subred SM-11","sector":"5","parroquia_ep":"4","caudal_l_s":4.33,"area_m2":190922.87,"area_ha":19.09,"perimetro_m":1885.65,"fuente":"EP Riobamba (ex EMAPAR)","actualizacion":"marzo 2025"},"geometry":{"type":"Polygon","coordinates":[[[-78.633436,-1.666216],[-78.633053,-1.667294],[-78.632781,-1.667647],[-78.632896,-1.667661],[-78.633339,-1.667722],[-78.634426,-1.667822],[-78.634599,-1.667848],[-78.635165,-1.668024],[-78.635609,-1.668177],[-78.635951,-1.668253],[-78.636348,-1.6683],[-78.636443,-1.66833],[-78.63681,-1.668516],[-78.637347,-1.668807],[-78.637768,-1.669047],[-78.637874,-1.669102],[-78.637997,-1.66853],[-78.63832,-1.666847],[-78.638361,-1.666677],[-78.638069,-1.666606],[-78.638002,-1.666542],[-78.637586,-1.666099],[-78.637224,-1.665709],[-78.636848,-1.66531],[-78.636524,-1.664963],[-78.63611,-1.664519],[-78.635681,-1.664094],[-78.635197,-1.663634],[-78.634611,-1.664508],[-78.633969,-1.665443],[-78.633436,-1.666216]]]}},{"type":"Feature","properties":{"tipo":"subred","red":"San Martín de Veranillo","subred":"SM-12","zona":"Red San Martín de Veranillo · subred SM-12","sector":"5","parroquia_ep":"4","caudal_l_s":7.37,"area_m2":181298.45,"area_ha":18.13,"perimetro_m":1826.07,"fuente":"EP Riobamba (ex EMAPAR)","actualizacion":"marzo 2025"},"geometry":{"type":"Polygon","coordinates":[[[-78.641438,-1.669706],[-78.639945,-1.671296],[-78.640846,-1.671448],[-78.641119,-1.671788],[-78.641713,-1.672479],[-78.642416,-1.673296],[-78.642546,-1.673464],[-78.64423,-1.671898],[-78.645323,-1.670914],[-78.644848,-1.67036],[-78.643638,-1.668924],[-78.642726,-1.667863],[-78.642663,-1.667789],[-78.641003,-1.669183],[-78.641438,-1.669706]]]}},{"type":"Feature","properties":{"tipo":"subred","red":"San Martín de Veranillo","subred":"SM-13","zona":"Red San Martín de Veranillo · subred SM-13","sector":"5","parroquia_ep":"4","caudal_l_s":6.51,"area_m2":196073.58,"area_ha":19.61,"perimetro_m":1994.67,"fuente":"EP Riobamba (ex EMAPAR)","actualizacion":"marzo 2025"},"geometry":{"type":"Polygon","coordinates":[[[-78.637528,-1.66998],[-78.637146,-1.670501],[-78.63668,-1.67091],[-78.635987,-1.671364],[-78.635988,-1.671367],[-78.636355,-1.671866],[-78.636456,-1.67201],[-78.637208,-1.673013],[-78.637517,-1.672747],[-78.637736,-1.672619],[-78.638326,-1.672278],[-78.639843,-1.671403],[-78.639945,-1.671296],[-78.641438,-1.669706],[-78.641003,-1.669183],[-78.639747,-1.667672],[-78.640056,-1.667395],[-78.638902,-1.666639],[-78.638537,-1.666677],[-78.638361,-1.666677],[-78.63832,-1.666847],[-78.637997,-1.66853],[-78.637823,-1.669342],[-78.637738,-1.669607],[-78.637645,-1.669794],[-78.637528,-1.66998]]]}},{"type":"Feature","properties":{"tipo":"subred","red":"San Martín de Veranillo","subred":"SM-14","zona":"Red San Martín de Veranillo · subred SM-14","sector":"5","parroquia_ep":"4","caudal_l_s":4.35,"area_m2":191324.58,"area_ha":19.13,"perimetro_m":1921.47,"fuente":"EP Riobamba (ex EMAPAR)","actualizacion":"marzo 2025"},"geometry":{"type":"Polygon","coordinates":[[[-78.632296,-1.668801],[-78.634323,-1.671647],[-78.633551,-1.672267],[-78.633871,-1.672661],[-78.633992,-1.672804],[-78.634842,-1.672159],[-78.635973,-1.671373],[-78.63668,-1.67091],[-78.637146,-1.670501],[-78.637528,-1.66998],[-78.637645,-1.669794],[-78.637738,-1.669607],[-78.637823,-1.669342],[-78.637874,-1.669102],[-78.637768,-1.669047],[-78.637347,-1.668807],[-78.63681,-1.668516],[-78.636443,-1.66833],[-78.636348,-1.6683],[-78.635951,-1.668253],[-78.635609,-1.668177],[-78.635165,-1.668024],[-78.634599,-1.667848],[-78.634426,-1.667822],[-78.633339,-1.667722],[-78.632896,-1.667661],[-78.632781,-1.667647],[-78.632296,-1.668801]]]}},{"type":"Feature","properties":{"tipo":"subred","red":"San Martín de Veranillo","subred":"SM-15","zona":"Red San Martín de Veranillo · subred SM-15","sector":"5","parroquia_ep":null,"caudal_l_s":2.07,"area_m2":344705.2,"area_ha":34.47,"perimetro_m":2494.57,"fuente":"EP Riobamba (ex EMAPAR)","actualizacion":"marzo 2025"},"geometry":{"type":"Polygon","coordinates":[[[-78.626821,-1.669429],[-78.625175,-1.670747],[-78.625999,-1.671035],[-78.626234,-1.671144],[-78.626556,-1.671341],[-78.626853,-1.671561],[-78.627623,-1.672147],[-78.627791,-1.672246],[-78.628166,-1.672462],[-78.628455,-1.672648],[-78.628798,-1.672867],[-78.628921,-1.672947],[-78.629098,-1.673019],[-78.629507,-1.673184],[-78.62966,-1.67324],[-78.629715,-1.673257],[-78.62972,-1.673237],[-78.630364,-1.672533],[-78.630461,-1.672402],[-78.630757,-1.672015],[-78.630839,-1.671874],[-78.631195,-1.671228],[-78.631519,-1.670586],[-78.631685,-1.67012],[-78.631941,-1.66955],[-78.632113,-1.669269],[-78.632136,-1.669203],[-78.632296,-1.668801],[-78.632781,-1.667647],[-78.632692,-1.667635],[-78.632196,-1.667572],[-78.631683,-1.667511],[-78.631147,-1.667543],[-78.630678,-1.667598],[-78.630348,-1.667502],[-78.629827,-1.667313],[-78.629124,-1.667212],[-78.628114,-1.667194],[-78.627773,-1.667218],[-78.62728,-1.667255],[-78.627043,-1.667289],[-78.626883,-1.66729],[-78.626725,-1.667249],[-78.62638,-1.667718],[-78.626269,-1.667941],[-78.626233,-1.668098],[-78.626223,-1.66846],[-78.6263,-1.668654],[-78.626481,-1.668982],[-78.626663,-1.669327],[-78.62683,-1.669383],[-78.626821,-1.669429]]]}},{"type":"Feature","properties":{"tipo":"subred","red":"San Martín de Veranillo","subred":"SM-16","zona":"Red San Martín de Veranillo · subred SM-16","sector":"5","parroquia_ep":"4","caudal_l_s":6.24,"area_m2":169662.65,"area_ha":16.97,"perimetro_m":1644.12,"fuente":"EP Riobamba (ex EMAPAR)","actualizacion":"marzo 2025"},"geometry":{"type":"Polygon","coordinates":[[[-78.642546,-1.673464],[-78.642924,-1.673917],[-78.643448,-1.674531],[-78.643906,-1.675074],[-78.644387,-1.675632],[-78.644874,-1.676211],[-78.645433,-1.675727],[-78.645992,-1.675243],[-78.646572,-1.674751],[-78.646754,-1.674594],[-78.647134,-1.674267],[-78.647697,-1.673761],[-78.647261,-1.673249],[-78.646381,-1.672163],[-78.645901,-1.671589],[-78.645323,-1.670914],[-78.64423,-1.671898],[-78.642546,-1.673464]]]}},{"type":"Feature","properties":{"tipo":"subred","red":"San Martín de Veranillo","subred":"SM-17","zona":"Red San Martín de Veranillo · subred SM-17","sector":"5","parroquia_ep":"4","caudal_l_s":5.31,"area_m2":164031.95,"area_ha":16.4,"perimetro_m":1601.2,"fuente":"EP Riobamba (ex EMAPAR)","actualizacion":"marzo 2025"},"geometry":{"type":"Polygon","coordinates":[[[-78.642546,-1.673464],[-78.642416,-1.673296],[-78.641713,-1.672479],[-78.641119,-1.671788],[-78.640846,-1.671448],[-78.639945,-1.671296],[-78.639843,-1.671403],[-78.638326,-1.672278],[-78.637736,-1.672619],[-78.637517,-1.672747],[-78.637208,-1.673013],[-78.639015,-1.675162],[-78.639685,-1.675948],[-78.640241,-1.675452],[-78.640821,-1.674966],[-78.641402,-1.674463],[-78.641988,-1.673974],[-78.642546,-1.673464]]]}},{"type":"Feature","properties":{"tipo":"subred","red":"San Martín de Veranillo","subred":"SM-18","zona":"Red San Martín de Veranillo · subred SM-18","sector":"5","parroquia_ep":"4","caudal_l_s":3.93,"area_m2":141527.23,"area_ha":14.15,"perimetro_m":1640.28,"fuente":"EP Riobamba (ex EMAPAR)","actualizacion":"marzo 2025"},"geometry":{"type":"Polygon","coordinates":[[[-78.635502,-1.674632],[-78.636348,-1.675613],[-78.636926,-1.676287],[-78.636687,-1.676523],[-78.636896,-1.677338],[-78.637002,-1.677765],[-78.637941,-1.677512],[-78.638362,-1.677108],[-78.638773,-1.676706],[-78.63922,-1.676343],[-78.639682,-1.675951],[-78.639685,-1.675948],[-78.639015,-1.675162],[-78.637208,-1.673013],[-78.636939,-1.672655],[-78.636824,-1.672719],[-78.636256,-1.673027],[-78.635647,-1.673355],[-78.635318,-1.673534],[-78.63488,-1.673908],[-78.635502,-1.674632]]]}},{"type":"Feature","properties":{"tipo":"subred","red":"San Martín de Veranillo","subred":"SM-19","zona":"Red San Martín de Veranillo · subred SM-19","sector":"5","parroquia_ep":"4","caudal_l_s":2.83,"area_m2":106955.64,"area_ha":10.7,"perimetro_m":1661.71,"fuente":"EP Riobamba (ex EMAPAR)","actualizacion":"marzo 2025"},"geometry":{"type":"Polygon","coordinates":[[[-78.634842,-1.672159],[-78.633945,-1.67284],[-78.633539,-1.673134],[-78.63306,-1.673503],[-78.632432,-1.673979],[-78.631804,-1.674444],[-78.631205,-1.67491],[-78.631598,-1.6754],[-78.632148,-1.676075],[-78.6327,-1.675632],[-78.633548,-1.674961],[-78.63488,-1.673908],[-78.635318,-1.673534],[-78.635647,-1.673355],[-78.636256,-1.673027],[-78.636824,-1.672719],[-78.636939,-1.672655],[-78.636456,-1.67201],[-78.636355,-1.671866],[-78.635987,-1.671364],[-78.635973,-1.671373],[-78.634842,-1.672159]]]}},{"type":"Feature","properties":{"tipo":"subred","red":"San Martín de Veranillo","subred":"SM-20","zona":"Red San Martín de Veranillo · subred SM-20","sector":"5","parroquia_ep":"4","caudal_l_s":3.66,"area_m2":161638.65,"area_ha":16.16,"perimetro_m":1788.02,"fuente":"EP Riobamba (ex EMAPAR)","actualizacion":"marzo 2025"},"geometry":{"type":"Polygon","coordinates":[[[-78.630364,-1.672533],[-78.62972,-1.673237],[-78.629715,-1.673257],[-78.630223,-1.673644],[-78.630285,-1.673702],[-78.630434,-1.673864],[-78.630557,-1.674027],[-78.630731,-1.674357],[-78.630937,-1.674636],[-78.631037,-1.674746],[-78.631166,-1.674882],[-78.631205,-1.67491],[-78.631804,-1.674444],[-78.632432,-1.673979],[-78.63306,-1.673503],[-78.633539,-1.673134],[-78.633945,-1.67284],[-78.633992,-1.672804],[-78.633871,-1.672661],[-78.633551,-1.672267],[-78.634323,-1.671647],[-78.632296,-1.668801],[-78.632136,-1.669203],[-78.632113,-1.669269],[-78.631941,-1.66955],[-78.631685,-1.67012],[-78.631519,-1.670586],[-78.631195,-1.671228],[-78.630839,-1.671874],[-78.630757,-1.672015],[-78.630461,-1.672402],[-78.630364,-1.672533]]]}},{"type":"Feature","properties":{"tipo":"subred","red":"San Martín de Veranillo","subred":"SM-21","zona":"Red San Martín de Veranillo · subred SM-21","sector":"5","parroquia_ep":"4","caudal_l_s":4.91,"area_m2":199852.26,"area_ha":19.99,"perimetro_m":1791.78,"fuente":"EP Riobamba (ex EMAPAR)","actualizacion":"marzo 2025"},"geometry":{"type":"Polygon","coordinates":[[[-78.631719,-1.67642],[-78.631912,-1.677095],[-78.632048,-1.677623],[-78.6324,-1.67893],[-78.633808,-1.678591],[-78.635154,-1.678249],[-78.636259,-1.67796],[-78.637002,-1.677765],[-78.636896,-1.677338],[-78.636687,-1.676523],[-78.636926,-1.676287],[-78.636348,-1.675613],[-78.635502,-1.674632],[-78.63488,-1.673908],[-78.633548,-1.674961],[-78.6327,-1.675632],[-78.632148,-1.676075],[-78.631719,-1.67642]]]}},{"type":"Feature","properties":{"tipo":"subred","red":"San Martín de Veranillo","subred":"SM-22","zona":"Red San Martín de Veranillo · subred SM-22","sector":"5","parroquia_ep":"4","caudal_l_s":5.84,"area_m2":237566.92,"area_ha":23.76,"perimetro_m":3045.62,"fuente":"EP Riobamba (ex EMAPAR)","actualizacion":"marzo 2025"},"geometry":{"type":"Polygon","coordinates":[[[-78.629966,-1.67965],[-78.630013,-1.680926],[-78.632711,-1.680219],[-78.633632,-1.679982],[-78.634364,-1.679792],[-78.634825,-1.67969],[-78.63554,-1.679509],[-78.635921,-1.679411],[-78.636277,-1.679319],[-78.637328,-1.679044],[-78.638032,-1.678861],[-78.638739,-1.678674],[-78.638895,-1.678652],[-78.638272,-1.677892],[-78.637941,-1.677512],[-78.637002,-1.677765],[-78.636259,-1.67796],[-78.635154,-1.678249],[-78.633808,-1.678591],[-78.6324,-1.67893],[-78.632048,-1.677623],[-78.631912,-1.677095],[-78.631719,-1.67642],[-78.632148,-1.676075],[-78.631598,-1.6754],[-78.631205,-1.67491],[-78.631155,-1.674949],[-78.630928,-1.675153],[-78.63075,-1.675376],[-78.630447,-1.675799],[-78.630328,-1.675982],[-78.630124,-1.676484],[-78.629966,-1.677101],[-78.629925,-1.677452],[-78.629901,-1.677814],[-78.629929,-1.678379],[-78.629966,-1.67965]]]}},{"type":"Feature","properties":{"tipo":"subred","red":"San Martín de Veranillo","subred":"SM-23","zona":"Red San Martín de Veranillo · subred SM-23","sector":"3","parroquia_ep":"4","caudal_l_s":6.91,"area_m2":1514076.09,"area_ha":151.41,"perimetro_m":9439.7,"fuente":"EP Riobamba (ex EMAPAR)","actualizacion":"marzo 2025"},"geometry":{"type":"Polygon","coordinates":[[[-78.62207,-1.675715],[-78.622616,-1.678619],[-78.622592,-1.678743],[-78.619434,-1.678111],[-78.618494,-1.676961],[-78.617981,-1.674503],[-78.616905,-1.672783],[-78.614128,-1.670052],[-78.613701,-1.67048],[-78.612693,-1.673998],[-78.611152,-1.675948],[-78.611764,-1.678495],[-78.610892,-1.680802],[-78.613065,-1.682088],[-78.612454,-1.684188],[-78.614383,-1.684379],[-78.615759,-1.683692],[-78.616223,-1.684946],[-78.616619,-1.68627],[-78.617073,-1.685924],[-78.617309,-1.685784],[-78.617344,-1.685602],[-78.617323,-1.685566],[-78.617261,-1.685498],[-78.617176,-1.685435],[-78.617067,-1.685313],[-78.617006,-1.685208],[-78.616956,-1.685077],[-78.616926,-1.684936],[-78.616891,-1.684844],[-78.616874,-1.68471],[-78.616884,-1.684652],[-78.616915,-1.6846],[-78.616961,-1.684561],[-78.617004,-1.684546],[-78.617052,-1.684466],[-78.617067,-1.684438],[-78.617086,-1.684388],[-78.617095,-1.684336],[-78.617095,-1.684284],[-78.617087,-1.684232],[-78.61705,-1.683917],[-78.617006,-1.683644],[-78.617025,-1.683467],[-78.617054,-1.682967],[-78.617068,-1.682902],[-78.617092,-1.682847],[-78.617124,-1.682797],[-78.617959,-1.682682],[-78.618408,-1.68183],[-78.618904,-1.680801],[-78.619642,-1.678955],[-78.620199,-1.67911],[-78.620938,-1.679163],[-78.621363,-1.679101],[-78.621848,-1.678995],[-78.622641,-1.678753],[-78.624195,-1.678972],[-78.625002,-1.679031],[-78.625804,-1.679129],[-78.626305,-1.679205],[-78.626589,-1.679306],[-78.626985,-1.679972],[-78.627146,-1.680175],[-78.627276,-1.680236],[-78.628212,-1.680616],[-78.628985,-1.68093],[-78.629445,-1.681033],[-78.629801,-1.681024],[-78.630017,-1.681005],[-78.630013,-1.680926],[-78.629966,-1.67965],[-78.629929,-1.678379],[-78.629901,-1.677814],[-78.629925,-1.677452],[-78.629966,-1.677101],[-78.630124,-1.676484],[-78.630328,-1.675982],[-78.630447,-1.675799],[-78.63075,-1.675376],[-78.630928,-1.675153],[-78.631155,-1.674949],[-78.631205,-1.67491],[-78.631166,-1.674882],[-78.631037,-1.674746],[-78.630937,-1.674636],[-78.630731,-1.674357],[-78.630557,-1.674027],[-78.630434,-1.673864],[-78.630285,-1.673702],[-78.630223,-1.673644],[-78.629715,-1.673257],[-78.62966,-1.67324],[-78.629507,-1.673184],[-78.629098,-1.673019],[-78.628921,-1.672947],[-78.628798,-1.672867],[-78.628455,-1.672648],[-78.628166,-1.672462],[-78.627791,-1.672246],[-78.627623,-1.672147],[-78.626853,-1.671561],[-78.626556,-1.671341],[-78.626234,-1.671144],[-78.625999,-1.671035],[-78.625175,-1.670747],[-78.624869,-1.671325],[-78.626627,-1.673461],[-78.627749,-1.674438],[-78.62648,-1.676679],[-78.62207,-1.675715]]]}},{"type":"Feature","properties":{"tipo":"subred","red":"Tapi","subred":"JT-01","zona":"Red Tapi · subred JT-01","sector":"1","parroquia_ep":"3","caudal_l_s":4.71,"area_m2":247504.63,"area_ha":24.75,"perimetro_m":2175.66,"fuente":"EP Riobamba (ex EMAPAR)","actualizacion":"marzo 2025"},"geometry":{"type":"Polygon","coordinates":[[[-78.680981,-1.63592],[-78.680921,-1.635939],[-78.680362,-1.63579],[-78.679804,-1.635641],[-78.6795,-1.635601],[-78.679181,-1.635558],[-78.678937,-1.635485],[-78.678835,-1.635404],[-78.678732,-1.635323],[-78.678557,-1.635114],[-78.678381,-1.634905],[-78.678273,-1.634714],[-78.678164,-1.634524],[-78.678025,-1.63407],[-78.677885,-1.633617],[-78.677809,-1.633493],[-78.677733,-1.63337],[-78.677518,-1.633167],[-78.677303,-1.632964],[-78.677257,-1.633077],[-78.677211,-1.63311],[-78.677165,-1.633142],[-78.67716,-1.633174],[-78.677155,-1.633206],[-78.67717,-1.633234],[-78.677164,-1.633281],[-78.677155,-1.633331],[-78.677091,-1.633402],[-78.677031,-1.63348],[-78.676973,-1.633543],[-78.676915,-1.633606],[-78.676821,-1.633693],[-78.676728,-1.63378],[-78.676472,-1.633979],[-78.676215,-1.634179],[-78.676128,-1.634251],[-78.676041,-1.634324],[-78.675971,-1.634345],[-78.675901,-1.634366],[-78.675845,-1.634353],[-78.675789,-1.63434],[-78.675735,-1.634353],[-78.67568,-1.634366],[-78.675667,-1.634405],[-78.675653,-1.634445],[-78.675684,-1.634488],[-78.675666,-1.634527],[-78.675647,-1.634566],[-78.675625,-1.634588],[-78.675604,-1.63461],[-78.675574,-1.634614],[-78.675544,-1.634617],[-78.675507,-1.634605],[-78.67547,-1.634593],[-78.675444,-1.634586],[-78.675418,-1.63458],[-78.675391,-1.634579],[-78.675364,-1.634577],[-78.675337,-1.634581],[-78.675309,-1.634585],[-78.675275,-1.634597],[-78.675242,-1.634609],[-78.675211,-1.634631],[-78.67518,-1.634652],[-78.675156,-1.634679],[-78.675132,-1.634707],[-78.675115,-1.63474],[-78.675098,-1.634774],[-78.67509,-1.634807],[-78.675082,-1.63484],[-78.675082,-1.634873],[-78.675082,-1.634906],[-78.675087,-1.634932],[-78.675092,-1.634958],[-78.675098,-1.634976],[-78.675105,-1.634995],[-78.675116,-1.635015],[-78.675126,-1.635034],[-78.675211,-1.635088],[-78.675231,-1.635148],[-78.675252,-1.635208],[-78.675248,-1.635279],[-78.675244,-1.63535],[-78.67524,-1.635423],[-78.675236,-1.635495],[-78.675233,-1.635544],[-78.675198,-1.635691],[-78.675163,-1.635838],[-78.675156,-1.635865],[-78.67515,-1.635892],[-78.675149,-1.635916],[-78.675149,-1.63594],[-78.675149,-1.635967],[-78.675149,-1.635995],[-78.675142,-1.636012],[-78.675135,-1.636029],[-78.67513,-1.636059],[-78.675125,-1.636088],[-78.675124,-1.636145],[-78.675122,-1.636203],[-78.675109,-1.636228],[-78.675097,-1.636254],[-78.675094,-1.636267],[-78.67509,-1.636281],[-78.67509,-1.63631],[-78.67509,-1.636339],[-78.675094,-1.636382],[-78.675099,-1.636424],[-78.675093,-1.636434],[-78.675088,-1.636443],[-78.675075,-1.636464],[-78.675063,-1.636484],[-78.675063,-1.636498],[-78.675062,-1.636513],[-78.675062,-1.636527],[-78.675062,-1.63654],[-78.675058,-1.636558],[-78.675054,-1.636575],[-78.675039,-1.636604],[-78.675025,-1.636633],[-78.675022,-1.63667],[-78.675019,-1.636707],[-78.675014,-1.636717],[-78.67501,-1.636726],[-78.674991,-1.636743],[-78.674977,-1.636759],[-78.674963,-1.636775],[-78.674958,-1.636792],[-78.674953,-1.636809],[-78.674947,-1.636818],[-78.674941,-1.636827],[-78.67494,-1.636845],[-78.674938,-1.636862],[-78.674941,-1.636895],[-78.674944,-1.636928],[-78.674944,-1.63695],[-78.674945,-1.636971],[-78.674962,-1.636995],[-78.67498,-1.637018],[-78.67499,-1.637062],[-78.67498,-1.637076],[-78.67497,-1.637089],[-78.674965,-1.63713],[-78.67496,-1.637171],[-78.67497,-1.637196],[-78.67498,-1.637222],[-78.674994,-1.637242],[-78.675008,-1.637262],[-78.675008,-1.637286],[-78.675002,-1.637297],[-78.674996,-1.637309],[-78.67499,-1.637326],[-78.674984,-1.637342],[-78.674989,-1.637358],[-78.675003,-1.637375],[-78.674999,-1.637396],[-78.67499,-1.637419],[-78.674978,-1.637457],[-78.674932,-1.637493],[-78.674854,-1.637524],[-78.674796,-1.637575],[-78.675586,-1.637929],[-78.676376,-1.638284],[-78.67664,-1.638401],[-78.67842,-1.639218],[-78.678718,-1.638851],[-78.679648,-1.637717],[-78.680578,-1.636583],[-78.680744,-1.636345],[-78.680909,-1.636107],[-78.680981,-1.63592]]]}},{"type":"Feature","properties":{"tipo":"subred","red":"Tapi","subred":"JT-02","zona":"Red Tapi · subred JT-02","sector":"1","parroquia_ep":"3","caudal_l_s":4.4,"area_m2":231000.35,"area_ha":23.1,"perimetro_m":2178.33,"fuente":"EP Riobamba (ex EMAPAR)","actualizacion":"marzo 2025"},"geometry":{"type":"Polygon","coordinates":[[[-78.67842,-1.639218],[-78.677662,-1.638869],[-78.67753,-1.63881],[-78.676904,-1.638519],[-78.676508,-1.638342],[-78.676376,-1.638284],[-78.675981,-1.638106],[-78.675586,-1.637929],[-78.675191,-1.637752],[-78.674796,-1.637575],[-78.674737,-1.637627],[-78.674566,-1.637813],[-78.674396,-1.637999],[-78.674364,-1.638039],[-78.674332,-1.638079],[-78.674304,-1.638107],[-78.674276,-1.638135],[-78.674264,-1.638175],[-78.674251,-1.638216],[-78.674244,-1.638252],[-78.674236,-1.638288],[-78.674207,-1.638331],[-78.674177,-1.638373],[-78.674159,-1.6384],[-78.67414,-1.638427],[-78.674125,-1.638447],[-78.674109,-1.638467],[-78.674058,-1.638505],[-78.674007,-1.638542],[-78.673957,-1.63855],[-78.673906,-1.638558],[-78.673865,-1.638545],[-78.673824,-1.638531],[-78.673785,-1.638552],[-78.673747,-1.638572],[-78.67372,-1.638572],[-78.673693,-1.638571],[-78.673661,-1.638576],[-78.673629,-1.638581],[-78.673587,-1.638619],[-78.673545,-1.638657],[-78.673508,-1.638669],[-78.673472,-1.638681],[-78.673455,-1.638673],[-78.673438,-1.638665],[-78.673373,-1.638643],[-78.673309,-1.638622],[-78.673271,-1.638603],[-78.673227,-1.638587],[-78.673183,-1.63857],[-78.673147,-1.63857],[-78.673111,-1.63857],[-78.673066,-1.63857],[-78.673021,-1.63857],[-78.673002,-1.638602],[-78.672983,-1.638635],[-78.672955,-1.63866],[-78.672927,-1.638684],[-78.672884,-1.638694],[-78.67284,-1.638703],[-78.672783,-1.638699],[-78.672725,-1.638694],[-78.672697,-1.638714],[-78.672668,-1.638734],[-78.67262,-1.63875],[-78.672572,-1.638765],[-78.672524,-1.638779],[-78.672477,-1.638793],[-78.67244,-1.638806],[-78.672404,-1.638818],[-78.672381,-1.638809],[-78.672358,-1.6388],[-78.672298,-1.63882],[-78.672237,-1.63884],[-78.672221,-1.638878],[-78.672203,-1.638888],[-78.67222,-1.638951],[-78.672236,-1.639015],[-78.672259,-1.639144],[-78.672281,-1.639273],[-78.672289,-1.639371],[-78.672297,-1.639468],[-78.672324,-1.639619],[-78.672351,-1.639769],[-78.672387,-1.639808],[-78.672423,-1.639847],[-78.672465,-1.639866],[-78.672507,-1.639886],[-78.672759,-1.640008],[-78.673012,-1.64013],[-78.67296,-1.640202],[-78.672908,-1.640274],[-78.672817,-1.640426],[-78.672726,-1.640577],[-78.672667,-1.640705],[-78.672609,-1.640834],[-78.67256,-1.641031],[-78.672512,-1.641228],[-78.672486,-1.6414],[-78.67246,-1.641572],[-78.6728,-1.641674],[-78.673141,-1.641776],[-78.673061,-1.642015],[-78.673453,-1.642198],[-78.673845,-1.642382],[-78.673928,-1.642028],[-78.674012,-1.641674],[-78.674726,-1.642281],[-78.67544,-1.642889],[-78.676232,-1.641913],[-78.676503,-1.641579],[-78.67842,-1.639218]]]}},{"type":"Feature","properties":{"tipo":"subred","red":"Tapi","subred":"JT-03","zona":"Red Tapi · subred JT-03","sector":"1","parroquia_ep":"3","caudal_l_s":2.8,"area_m2":147292,"area_ha":14.73,"perimetro_m":1953.64,"fuente":"EP Riobamba (ex EMAPAR)","actualizacion":"marzo 2025"},"geometry":{"type":"Polygon","coordinates":[[[-78.67544,-1.642889],[-78.675083,-1.642585],[-78.674726,-1.642281],[-78.674369,-1.641978],[-78.674012,-1.641674],[-78.67397,-1.641851],[-78.673928,-1.642028],[-78.673887,-1.642205],[-78.673845,-1.642382],[-78.673649,-1.64229],[-78.673453,-1.642198],[-78.673257,-1.642107],[-78.673061,-1.642015],[-78.673101,-1.641895],[-78.673141,-1.641776],[-78.67297,-1.641725],[-78.6728,-1.641674],[-78.67263,-1.641623],[-78.67246,-1.641572],[-78.672473,-1.641486],[-78.672486,-1.6414],[-78.672499,-1.641314],[-78.672512,-1.641228],[-78.672536,-1.64113],[-78.67256,-1.641031],[-78.672584,-1.640932],[-78.672609,-1.640834],[-78.672638,-1.640769],[-78.672667,-1.640705],[-78.672697,-1.640641],[-78.672726,-1.640577],[-78.672772,-1.640501],[-78.672817,-1.640426],[-78.672863,-1.64035],[-78.672908,-1.640274],[-78.672934,-1.640238],[-78.67296,-1.640202],[-78.672986,-1.640166],[-78.673012,-1.64013],[-78.672886,-1.640069],[-78.672759,-1.640008],[-78.672633,-1.639947],[-78.672507,-1.639886],[-78.672314,-1.640271],[-78.672122,-1.640656],[-78.671949,-1.641048],[-78.671775,-1.641441],[-78.671535,-1.641984],[-78.671295,-1.642527],[-78.671153,-1.64286],[-78.67101,-1.643194],[-78.670747,-1.643836],[-78.670483,-1.644478],[-78.670693,-1.644507],[-78.670956,-1.644544],[-78.671404,-1.644612],[-78.671852,-1.644681],[-78.672408,-1.64481],[-78.672965,-1.644939],[-78.673061,-1.644952],[-78.673158,-1.644965],[-78.673435,-1.645002],[-78.673696,-1.645037],[-78.673746,-1.644975],[-78.67544,-1.642889]]]}},{"type":"Feature","properties":{"tipo":"subred","red":"Tapi","subred":"JT-04","zona":"Red Tapi · subred JT-04","sector":"1","parroquia_ep":"3","caudal_l_s":5,"area_m2":262422.45,"area_ha":26.24,"perimetro_m":2420.67,"fuente":"EP Riobamba (ex EMAPAR)","actualizacion":"marzo 2025"},"geometry":{"type":"Polygon","coordinates":[[[-78.672507,-1.639886],[-78.672486,-1.639876],[-78.672465,-1.639866],[-78.672444,-1.639857],[-78.672423,-1.639847],[-78.672405,-1.639827],[-78.672369,-1.639789],[-78.672351,-1.639769],[-78.672338,-1.639694],[-78.672324,-1.639619],[-78.672311,-1.639543],[-78.672297,-1.639468],[-78.672293,-1.639419],[-78.672289,-1.639371],[-78.672285,-1.639322],[-78.672281,-1.639273],[-78.67227,-1.639209],[-78.672259,-1.639144],[-78.672248,-1.63908],[-78.672236,-1.639015],[-78.672228,-1.638983],[-78.67222,-1.638951],[-78.672211,-1.63892],[-78.672203,-1.638888],[-78.672188,-1.638887],[-78.672174,-1.638887],[-78.672114,-1.638901],[-78.672053,-1.638916],[-78.671898,-1.638945],[-78.671742,-1.638975],[-78.671638,-1.639059],[-78.671533,-1.639143],[-78.671457,-1.63914],[-78.671382,-1.639137],[-78.671323,-1.639113],[-78.671263,-1.639089],[-78.671247,-1.639058],[-78.671235,-1.639043],[-78.671223,-1.639029],[-78.671163,-1.639014],[-78.671108,-1.638999],[-78.671053,-1.638985],[-78.67101,-1.638917],[-78.670967,-1.63885],[-78.67088,-1.638748],[-78.670794,-1.638646],[-78.670769,-1.638617],[-78.670743,-1.638587],[-78.670709,-1.638577],[-78.670675,-1.638568],[-78.670662,-1.638563],[-78.67065,-1.638558],[-78.67064,-1.638561],[-78.67063,-1.638565],[-78.670627,-1.638574],[-78.670623,-1.638583],[-78.670623,-1.638594],[-78.670622,-1.638605],[-78.670606,-1.638624],[-78.670589,-1.638643],[-78.670559,-1.638693],[-78.670529,-1.638742],[-78.67052,-1.638767],[-78.67051,-1.638791],[-78.670478,-1.638805],[-78.670446,-1.638819],[-78.670425,-1.638819],[-78.670404,-1.638819],[-78.670383,-1.638797],[-78.670362,-1.638774],[-78.670342,-1.638767],[-78.670323,-1.63876],[-78.67029,-1.638788],[-78.670257,-1.638817],[-78.670155,-1.63882],[-78.670053,-1.638822],[-78.670031,-1.638839],[-78.67002,-1.638865],[-78.670006,-1.638845],[-78.669992,-1.638826],[-78.669954,-1.638799],[-78.669916,-1.638772],[-78.669855,-1.638726],[-78.669793,-1.638681],[-78.669734,-1.63865],[-78.669674,-1.638619],[-78.669612,-1.638595],[-78.66955,-1.638571],[-78.669497,-1.638563],[-78.669443,-1.638556],[-78.669427,-1.638552],[-78.66941,-1.638548],[-78.669383,-1.638545],[-78.669355,-1.638542],[-78.66932,-1.638541],[-78.669285,-1.63854],[-78.669261,-1.638548],[-78.669238,-1.638557],[-78.669219,-1.638576],[-78.669201,-1.638595],[-78.669185,-1.638626],[-78.669169,-1.638656],[-78.669145,-1.638674],[-78.66912,-1.638692],[-78.669093,-1.638705],[-78.669066,-1.638717],[-78.669044,-1.638726],[-78.669021,-1.638735],[-78.668977,-1.638741],[-78.668934,-1.638747],[-78.668921,-1.638752],[-78.668909,-1.638758],[-78.668896,-1.638758],[-78.668884,-1.638759],[-78.668869,-1.638754],[-78.668854,-1.638749],[-78.668836,-1.638742],[-78.668818,-1.638734],[-78.668786,-1.638716],[-78.668755,-1.638698],[-78.66872,-1.63868],[-78.668685,-1.638661],[-78.668661,-1.638649],[-78.668637,-1.638636],[-78.668611,-1.638615],[-78.668586,-1.638594],[-78.668572,-1.638572],[-78.668559,-1.63855],[-78.668528,-1.638522],[-78.668497,-1.638495],[-78.668475,-1.638482],[-78.668452,-1.638468],[-78.668431,-1.638477],[-78.66841,-1.638485],[-78.6684,-1.638488],[-78.668391,-1.638491],[-78.66837,-1.638497],[-78.668349,-1.638503],[-78.668329,-1.638501],[-78.66831,-1.638498],[-78.668288,-1.638502],[-78.668267,-1.638506],[-78.668248,-1.638497],[-78.668229,-1.638487],[-78.668213,-1.638495],[-78.668196,-1.638502],[-78.668191,-1.638512],[-78.668186,-1.638521],[-78.668179,-1.63853],[-78.668173,-1.63854],[-78.668167,-1.638547],[-78.668161,-1.638553],[-78.668156,-1.638559],[-78.66815,-1.638565],[-78.668141,-1.638573],[-78.668133,-1.63858],[-78.668124,-1.638586],[-78.668115,-1.638592],[-78.668103,-1.638599],[-78.668091,-1.638606],[-78.668074,-1.638612],[-78.668057,-1.638619],[-78.668041,-1.638622],[-78.668026,-1.638625],[-78.668011,-1.638627],[-78.667997,-1.638628],[-78.667982,-1.638627],[-78.667967,-1.638626],[-78.667942,-1.638622],[-78.667925,-1.638617],[-78.667688,-1.639309],[-78.667451,-1.640001],[-78.667357,-1.640158],[-78.667264,-1.640316],[-78.667034,-1.640675],[-78.666804,-1.641035],[-78.667567,-1.641368],[-78.66833,-1.641702],[-78.668628,-1.641912],[-78.668926,-1.642121],[-78.668551,-1.642633],[-78.668176,-1.643145],[-78.667838,-1.643647],[-78.6675,-1.64415],[-78.667695,-1.644176],[-78.667991,-1.644216],[-78.668109,-1.644231],[-78.668226,-1.644247],[-78.668609,-1.644273],[-78.668992,-1.644299],[-78.66911,-1.644307],[-78.669228,-1.644316],[-78.669436,-1.644338],[-78.669645,-1.64436],[-78.670038,-1.644415],[-78.670483,-1.644478],[-78.670615,-1.644157],[-78.670747,-1.643836],[-78.670879,-1.643515],[-78.67101,-1.643194],[-78.671082,-1.643027],[-78.671153,-1.64286],[-78.671224,-1.642694],[-78.671295,-1.642527],[-78.671415,-1.642255],[-78.671535,-1.641984],[-78.671655,-1.641712],[-78.671775,-1.641441],[-78.671862,-1.641245],[-78.671949,-1.641048],[-78.672035,-1.640852],[-78.672122,-1.640656],[-78.672218,-1.640463],[-78.672314,-1.640271],[-78.67241,-1.640079],[-78.672507,-1.639886]]]}},{"type":"Feature","properties":{"tipo":"subred","red":"Tapi","subred":"JT-05","zona":"Red Tapi · subred JT-05","sector":"1","parroquia_ep":"3","caudal_l_s":3.1,"area_m2":162983.36,"area_ha":16.3,"perimetro_m":2050.21,"fuente":"EP Riobamba (ex EMAPAR)","actualizacion":"marzo 2025"},"geometry":{"type":"Polygon","coordinates":[[[-78.667925,-1.638617],[-78.667911,-1.638608],[-78.667898,-1.638599],[-78.667873,-1.638599],[-78.667848,-1.638599],[-78.667835,-1.638599],[-78.667822,-1.638599],[-78.667804,-1.638593],[-78.667785,-1.638587],[-78.667761,-1.638579],[-78.667738,-1.638571],[-78.667706,-1.638559],[-78.667674,-1.638548],[-78.667627,-1.638563],[-78.667579,-1.638578],[-78.667511,-1.63857],[-78.667443,-1.638562],[-78.667294,-1.638531],[-78.667144,-1.6385],[-78.667094,-1.638499],[-78.667045,-1.638498],[-78.66699,-1.638539],[-78.666935,-1.63858],[-78.666929,-1.638667],[-78.666923,-1.638755],[-78.66693,-1.638816],[-78.666937,-1.638878],[-78.666932,-1.638931],[-78.666928,-1.638985],[-78.666908,-1.639057],[-78.666887,-1.639128],[-78.66685,-1.63919],[-78.666813,-1.639252],[-78.666758,-1.639323],[-78.666703,-1.639394],[-78.666625,-1.639452],[-78.666547,-1.639509],[-78.666492,-1.639595],[-78.666437,-1.63968],[-78.666364,-1.639804],[-78.666291,-1.639929],[-78.666208,-1.640004],[-78.666125,-1.640079],[-78.666054,-1.640179],[-78.665984,-1.640278],[-78.665903,-1.640355],[-78.665822,-1.640432],[-78.665723,-1.640578],[-78.665624,-1.640724],[-78.665573,-1.640781],[-78.665523,-1.640838],[-78.665422,-1.640939],[-78.665321,-1.64104],[-78.665246,-1.641144],[-78.665171,-1.641247],[-78.665066,-1.641372],[-78.66496,-1.641496],[-78.664851,-1.641642],[-78.664742,-1.641788],[-78.664609,-1.641941],[-78.664506,-1.6421],[-78.664402,-1.642259],[-78.664237,-1.642518],[-78.664072,-1.642776],[-78.663841,-1.64302],[-78.663611,-1.643263],[-78.663601,-1.64327],[-78.663816,-1.643312],[-78.664032,-1.643354],[-78.664135,-1.643374],[-78.664669,-1.643478],[-78.665892,-1.643788],[-78.667115,-1.644099],[-78.667257,-1.644118],[-78.667411,-1.644138],[-78.6675,-1.64415],[-78.667669,-1.643899],[-78.667838,-1.643647],[-78.668007,-1.643396],[-78.668176,-1.643145],[-78.668364,-1.642889],[-78.668551,-1.642633],[-78.668738,-1.642377],[-78.668926,-1.642121],[-78.668777,-1.642016],[-78.668628,-1.641912],[-78.668479,-1.641807],[-78.66833,-1.641702],[-78.667949,-1.641535],[-78.667567,-1.641368],[-78.667186,-1.641202],[-78.666804,-1.641035],[-78.666919,-1.640855],[-78.667034,-1.640675],[-78.667149,-1.640495],[-78.667264,-1.640316],[-78.667311,-1.640237],[-78.667357,-1.640158],[-78.667404,-1.64008],[-78.667451,-1.640001],[-78.667569,-1.639655],[-78.667688,-1.639309],[-78.667806,-1.638963],[-78.667925,-1.638617]]]}},{"type":"Feature","properties":{"tipo":"subred","red":"Tapi","subred":"JT-06","zona":"Red Tapi · subred JT-06","sector":"1","parroquia_ep":"3","caudal_l_s":0.67,"area_m2":27448.78,"area_ha":2.74,"perimetro_m":895.27,"fuente":"EP Riobamba (ex EMAPAR)","actualizacion":"marzo 2025"},"geometry":{"type":"Polygon","coordinates":[[[-78.667411,-1.644138],[-78.667334,-1.644128],[-78.667257,-1.644118],[-78.667186,-1.644109],[-78.667115,-1.644099],[-78.666504,-1.643944],[-78.665892,-1.643788],[-78.665281,-1.643633],[-78.664669,-1.643478],[-78.664402,-1.643426],[-78.664135,-1.643374],[-78.664083,-1.643364],[-78.664032,-1.643354],[-78.66553,-1.64448],[-78.666575,-1.645265],[-78.666993,-1.644702],[-78.667411,-1.644138]]]}},{"type":"Feature","properties":{"tipo":"subred","red":"Tapi","subred":"JT-07","zona":"Red Tapi · subred JT-07","sector":"1","parroquia_ep":"3","caudal_l_s":4.29,"area_m2":175846.69,"area_ha":17.58,"perimetro_m":2065.02,"fuente":"EP Riobamba (ex EMAPAR)","actualizacion":"marzo 2025"},"geometry":{"type":"Polygon","coordinates":[[[-78.673712,-1.645039],[-78.673696,-1.645037],[-78.673565,-1.645019],[-78.673435,-1.645002],[-78.673296,-1.644983],[-78.673158,-1.644965],[-78.67311,-1.644958],[-78.673061,-1.644952],[-78.673013,-1.644945],[-78.672965,-1.644939],[-78.672686,-1.644874],[-78.672408,-1.64481],[-78.67213,-1.644745],[-78.671852,-1.644681],[-78.671628,-1.644647],[-78.671404,-1.644612],[-78.67118,-1.644578],[-78.670956,-1.644544],[-78.670824,-1.644526],[-78.670693,-1.644507],[-78.670588,-1.644492],[-78.670483,-1.644478],[-78.670431,-1.64447],[-78.670261,-1.644446],[-78.670038,-1.644415],[-78.669841,-1.644387],[-78.669645,-1.64436],[-78.669541,-1.644349],[-78.669436,-1.644338],[-78.669332,-1.644327],[-78.669228,-1.644316],[-78.669169,-1.644312],[-78.66911,-1.644307],[-78.669051,-1.644303],[-78.668992,-1.644299],[-78.6688,-1.644286],[-78.668609,-1.644273],[-78.668418,-1.64426],[-78.668226,-1.644247],[-78.668167,-1.644239],[-78.668109,-1.644231],[-78.66805,-1.644223],[-78.667991,-1.644216],[-78.667843,-1.644196],[-78.667695,-1.644176],[-78.667597,-1.644163],[-78.6675,-1.64415],[-78.667455,-1.644144],[-78.667411,-1.644138],[-78.667202,-1.64442],[-78.666993,-1.644702],[-78.666784,-1.644983],[-78.666575,-1.645265],[-78.667028,-1.645606],[-78.667257,-1.64527],[-78.667486,-1.644935],[-78.667899,-1.645256],[-78.668312,-1.645578],[-78.668118,-1.645929],[-78.667924,-1.646279],[-78.668339,-1.646591],[-78.668754,-1.646902],[-78.669322,-1.647055],[-78.669891,-1.647207],[-78.670613,-1.647574],[-78.671335,-1.64794],[-78.671528,-1.647704],[-78.671722,-1.647469],[-78.67174,-1.647448],[-78.672169,-1.646924],[-78.672598,-1.6464],[-78.673135,-1.645745],[-78.673671,-1.64509],[-78.673692,-1.645065],[-78.673712,-1.645039]]]}},{"type":"Feature","properties":{"tipo":"subred","red":"Tapi","subred":"JT-08","zona":"Red Tapi · subred JT-08","sector":"1","parroquia_ep":"1","caudal_l_s":4.54,"area_m2":238455.03,"area_ha":23.85,"perimetro_m":2238.34,"fuente":"EP Riobamba (ex EMAPAR)","actualizacion":"marzo 2025"},"geometry":{"type":"Polygon","coordinates":[[[-78.683,-1.637099],[-78.682965,-1.637023],[-78.682738,-1.636895],[-78.682512,-1.636766],[-78.68204,-1.636479],[-78.681568,-1.636192],[-78.681352,-1.636032],[-78.681136,-1.635872],[-78.681058,-1.635896],[-78.680981,-1.63592],[-78.680945,-1.636013],[-78.680909,-1.636107],[-78.680826,-1.636226],[-78.680744,-1.636345],[-78.680661,-1.636464],[-78.680578,-1.636583],[-78.680113,-1.63715],[-78.679648,-1.637717],[-78.679183,-1.638284],[-78.678718,-1.638851],[-78.678569,-1.639035],[-78.67842,-1.639218],[-78.677461,-1.640399],[-78.676503,-1.641579],[-78.677248,-1.641963],[-78.677994,-1.642348],[-78.678852,-1.642714],[-78.679711,-1.643081],[-78.679827,-1.642767],[-78.679993,-1.642318],[-78.680602,-1.641173],[-78.68121,-1.640028],[-78.681201,-1.640021],[-78.681287,-1.639864],[-78.681373,-1.639707],[-78.681415,-1.63963],[-78.681457,-1.639553],[-78.681446,-1.639495],[-78.681436,-1.639437],[-78.681586,-1.639159],[-78.681736,-1.638881],[-78.681794,-1.638815],[-78.681852,-1.638749],[-78.681878,-1.638748],[-78.681905,-1.638746],[-78.682093,-1.638428],[-78.682282,-1.638111],[-78.682435,-1.637862],[-78.682589,-1.637612],[-78.682761,-1.637331],[-78.682934,-1.637049],[-78.682967,-1.637074],[-78.683,-1.637099]]]}},{"type":"Feature","properties":{"tipo":"subred","red":"Tapi","subred":"JT-09","zona":"Red Tapi · subred JT-09","sector":"1","parroquia_ep":"1","caudal_l_s":3.56,"area_m2":187152.11,"area_ha":18.72,"perimetro_m":1787.37,"fuente":"EP Riobamba (ex EMAPAR)","actualizacion":"marzo 2025"},"geometry":{"type":"Polygon","coordinates":[[[-78.679711,-1.643081],[-78.679282,-1.642897],[-78.678852,-1.642714],[-78.678423,-1.642531],[-78.677994,-1.642348],[-78.677621,-1.642155],[-78.677248,-1.641963],[-78.676876,-1.641771],[-78.676503,-1.641579],[-78.676368,-1.641746],[-78.676232,-1.641913],[-78.675836,-1.642401],[-78.67544,-1.642889],[-78.674593,-1.643932],[-78.673746,-1.644975],[-78.673721,-1.645006],[-78.673696,-1.645037],[-78.673704,-1.645038],[-78.673712,-1.645039],[-78.673903,-1.645083],[-78.674093,-1.645128],[-78.674606,-1.645226],[-78.675119,-1.645325],[-78.675487,-1.645389],[-78.675854,-1.645454],[-78.676376,-1.645544],[-78.676899,-1.645634],[-78.677394,-1.64572],[-78.677888,-1.645806],[-78.678638,-1.645938],[-78.678662,-1.645942],[-78.679162,-1.644579],[-78.679661,-1.643215],[-78.679711,-1.643081]]]}},{"type":"Feature","properties":{"tipo":"subred","red":"Tapi","subred":"JT-10","zona":"Red Tapi · subred JT-10","sector":"1","parroquia_ep":"1","caudal_l_s":5.02,"area_m2":213876.64,"area_ha":21.39,"perimetro_m":2318.57,"fuente":"EP Riobamba (ex EMAPAR)","actualizacion":"marzo 2025"},"geometry":{"type":"Polygon","coordinates":[[[-78.677902,-1.645809],[-78.677888,-1.645806],[-78.677641,-1.645763],[-78.677394,-1.64572],[-78.677146,-1.645677],[-78.676899,-1.645634],[-78.676638,-1.645589],[-78.676376,-1.645544],[-78.676115,-1.645499],[-78.675854,-1.645454],[-78.67567,-1.645422],[-78.675487,-1.645389],[-78.675303,-1.645357],[-78.675119,-1.645325],[-78.674863,-1.645275],[-78.674606,-1.645226],[-78.67435,-1.645177],[-78.674093,-1.645128],[-78.673998,-1.645105],[-78.673903,-1.645083],[-78.673807,-1.645061],[-78.673712,-1.645039],[-78.673702,-1.645052],[-78.673692,-1.645065],[-78.673671,-1.64509],[-78.673403,-1.645418],[-78.673135,-1.645745],[-78.672866,-1.646073],[-78.672598,-1.6464],[-78.672384,-1.646662],[-78.672169,-1.646924],[-78.671954,-1.647186],[-78.67174,-1.647448],[-78.671731,-1.647458],[-78.671722,-1.647469],[-78.672728,-1.64801],[-78.673734,-1.648551],[-78.673908,-1.648663],[-78.674082,-1.648775],[-78.674301,-1.648895],[-78.67452,-1.649014],[-78.674082,-1.64976],[-78.673643,-1.650506],[-78.674881,-1.65094],[-78.675425,-1.651131],[-78.6755,-1.650753],[-78.675575,-1.650375],[-78.675981,-1.648993],[-78.676388,-1.647611],[-78.676536,-1.647023],[-78.676685,-1.646435],[-78.677144,-1.646529],[-78.677602,-1.646623],[-78.677752,-1.646216],[-78.677902,-1.645809]]]}},{"type":"Feature","properties":{"tipo":"subred","red":"Tapi","subred":"JT-11","zona":"Red Tapi · subred JT-11","sector":"1","parroquia_ep":"1","caudal_l_s":0.51,"area_m2":232710.36,"area_ha":23.27,"perimetro_m":2260.77,"fuente":"EP Riobamba (ex EMAPAR)","actualizacion":"marzo 2025"},"geometry":{"type":"Polygon","coordinates":[[[-78.687833,-1.641992],[-78.687784,-1.641958],[-78.687443,-1.641668],[-78.687102,-1.641379],[-78.686976,-1.641555],[-78.68685,-1.641731],[-78.686392,-1.641432],[-78.685934,-1.641133],[-78.686329,-1.640473],[-78.686724,-1.639813],[-78.686152,-1.639403],[-78.68558,-1.638993],[-78.685193,-1.638748],[-78.684806,-1.638504],[-78.6844,-1.638247],[-78.683993,-1.637989],[-78.683531,-1.637619],[-78.683069,-1.637249],[-78.683017,-1.637136],[-78.683,-1.637099],[-78.682983,-1.637086],[-78.682967,-1.637074],[-78.68295,-1.637062],[-78.682934,-1.637049],[-78.682847,-1.63719],[-78.682761,-1.637331],[-78.682675,-1.637472],[-78.682589,-1.637612],[-78.682512,-1.637737],[-78.682435,-1.637862],[-78.682359,-1.637986],[-78.682282,-1.638111],[-78.682187,-1.63827],[-78.682093,-1.638428],[-78.681999,-1.638587],[-78.681905,-1.638746],[-78.681892,-1.638747],[-78.681878,-1.638748],[-78.681865,-1.638748],[-78.681852,-1.638749],[-78.681823,-1.638782],[-78.681794,-1.638815],[-78.681765,-1.638848],[-78.681736,-1.638881],[-78.681661,-1.63902],[-78.681586,-1.639159],[-78.681511,-1.639298],[-78.681436,-1.639437],[-78.681441,-1.639466],[-78.681446,-1.639495],[-78.681451,-1.639524],[-78.681457,-1.639553],[-78.681436,-1.639592],[-78.681415,-1.63963],[-78.681394,-1.639669],[-78.681373,-1.639707],[-78.68133,-1.639786],[-78.681287,-1.639864],[-78.681244,-1.639942],[-78.681201,-1.640021],[-78.681206,-1.640024],[-78.68121,-1.640028],[-78.68141,-1.640179],[-78.68162,-1.640338],[-78.681942,-1.640569],[-78.682264,-1.6408],[-78.682585,-1.641034],[-78.682906,-1.641267],[-78.683032,-1.641356],[-78.683158,-1.641445],[-78.683388,-1.641603],[-78.683618,-1.641761],[-78.683881,-1.641953],[-78.684141,-1.642142],[-78.684248,-1.64222],[-78.684622,-1.642498],[-78.684995,-1.642775],[-78.685084,-1.642826],[-78.685172,-1.642877],[-78.685243,-1.642934],[-78.685315,-1.64299],[-78.685427,-1.643065],[-78.68554,-1.643141],[-78.6856,-1.64319],[-78.68566,-1.64324],[-78.685713,-1.643292],[-78.685767,-1.643344],[-78.68582,-1.643295],[-78.685873,-1.643245],[-78.685992,-1.643167],[-78.68611,-1.643088],[-78.686238,-1.643001],[-78.686365,-1.642914],[-78.68665,-1.642736],[-78.686935,-1.642558],[-78.686943,-1.642563],[-78.68695,-1.642568],[-78.687392,-1.64228],[-78.687833,-1.641992]]]}},{"type":"Feature","properties":{"tipo":"subred","red":"Tapi","subred":"JT-12","zona":"Red Tapi · subred JT-12","sector":"1","parroquia_ep":"1","caudal_l_s":3.96,"area_m2":207817.86,"area_ha":20.78,"perimetro_m":2132.54,"fuente":"EP Riobamba (ex EMAPAR)","actualizacion":"marzo 2025"},"geometry":{"type":"Polygon","coordinates":[[[-78.684141,-1.642142],[-78.684011,-1.642047],[-78.683881,-1.641953],[-78.68375,-1.641857],[-78.683618,-1.641761],[-78.683503,-1.641682],[-78.683388,-1.641603],[-78.683273,-1.641524],[-78.683158,-1.641445],[-78.683095,-1.641401],[-78.683032,-1.641356],[-78.682969,-1.641312],[-78.682906,-1.641267],[-78.682745,-1.641151],[-78.682585,-1.641034],[-78.682424,-1.640917],[-78.682264,-1.6408],[-78.682103,-1.640685],[-78.681942,-1.640569],[-78.681781,-1.640459],[-78.68162,-1.640338],[-78.681515,-1.640258],[-78.68141,-1.640179],[-78.68131,-1.640104],[-78.68121,-1.640028],[-78.680906,-1.640601],[-78.680602,-1.641173],[-78.680297,-1.641746],[-78.679993,-1.642318],[-78.67991,-1.642542],[-78.679827,-1.642767],[-78.679769,-1.642924],[-78.679711,-1.643081],[-78.679686,-1.643148],[-78.679661,-1.643215],[-78.679411,-1.643897],[-78.679162,-1.644579],[-78.678912,-1.64526],[-78.678662,-1.645942],[-78.679388,-1.64607],[-78.679757,-1.646137],[-78.680126,-1.646204],[-78.680498,-1.64628],[-78.68087,-1.646356],[-78.681355,-1.64646],[-78.681599,-1.646513],[-78.682016,-1.644658],[-78.682443,-1.642763],[-78.682805,-1.642849],[-78.683166,-1.642935],[-78.683564,-1.64292],[-78.683961,-1.642906],[-78.684051,-1.642524],[-78.684141,-1.642142]]]}},{"type":"Feature","properties":{"tipo":"subred","red":"Tapi","subred":"JT-13","zona":"Red Tapi · subred JT-13","sector":"1","parroquia_ep":"1","caudal_l_s":4.78,"area_m2":203624.63,"area_ha":20.36,"perimetro_m":2086.84,"fuente":"EP Riobamba (ex EMAPAR)","actualizacion":"marzo 2025"},"geometry":{"type":"Polygon","coordinates":[[[-78.681599,-1.646513],[-78.681477,-1.646487],[-78.681355,-1.64646],[-78.681113,-1.646408],[-78.68087,-1.646356],[-78.680684,-1.646318],[-78.680498,-1.64628],[-78.680313,-1.646239],[-78.680126,-1.646204],[-78.679942,-1.646171],[-78.679757,-1.646137],[-78.679572,-1.646103],[-78.679388,-1.64607],[-78.679025,-1.646006],[-78.678662,-1.645942],[-78.67865,-1.64594],[-78.678638,-1.645938],[-78.678263,-1.645872],[-78.677902,-1.645809],[-78.677827,-1.646012],[-78.677752,-1.646216],[-78.677677,-1.64642],[-78.677602,-1.646623],[-78.677373,-1.646576],[-78.677144,-1.646529],[-78.676914,-1.646482],[-78.676685,-1.646435],[-78.67661,-1.646729],[-78.676536,-1.647023],[-78.676462,-1.647317],[-78.676388,-1.647611],[-78.676184,-1.648302],[-78.675981,-1.648993],[-78.675778,-1.649684],[-78.675575,-1.650375],[-78.675537,-1.650564],[-78.6755,-1.650753],[-78.675463,-1.650942],[-78.675425,-1.651131],[-78.676119,-1.651374],[-78.676134,-1.651457],[-78.67615,-1.651539],[-78.67819,-1.649768],[-78.680231,-1.647996],[-78.680866,-1.647427],[-78.681502,-1.646858],[-78.681546,-1.646705],[-78.68159,-1.646553],[-78.681599,-1.646513]]]}},{"type":"Feature","properties":{"tipo":"subred","red":"Tapi","subred":"JT-14","zona":"Red Tapi · subred JT-14","sector":"1","parroquia_ep":"1","caudal_l_s":3.07,"area_m2":161100.63,"area_ha":16.11,"perimetro_m":1691.51,"fuente":"EP Riobamba (ex EMAPAR)","actualizacion":"marzo 2025"},"geometry":{"type":"Polygon","coordinates":[[[-78.685808,-1.643363],[-78.685788,-1.643354],[-78.685767,-1.643344],[-78.68574,-1.643318],[-78.685713,-1.643292],[-78.685687,-1.643266],[-78.68566,-1.64324],[-78.68563,-1.643215],[-78.6856,-1.64319],[-78.68557,-1.643165],[-78.68554,-1.643141],[-78.685484,-1.643103],[-78.685427,-1.643065],[-78.685371,-1.643028],[-78.685315,-1.64299],[-78.685279,-1.642962],[-78.685243,-1.642934],[-78.685208,-1.642905],[-78.685172,-1.642877],[-78.685128,-1.642852],[-78.685084,-1.642826],[-78.685039,-1.642801],[-78.684995,-1.642775],[-78.684808,-1.642637],[-78.684622,-1.642498],[-78.684435,-1.642359],[-78.684248,-1.64222],[-78.684195,-1.642181],[-78.684141,-1.642142],[-78.684096,-1.642333],[-78.684051,-1.642524],[-78.684006,-1.642715],[-78.683961,-1.642906],[-78.683762,-1.642913],[-78.683564,-1.64292],[-78.683365,-1.642928],[-78.683166,-1.642935],[-78.682986,-1.642892],[-78.682805,-1.642849],[-78.682624,-1.642806],[-78.682443,-1.642763],[-78.68223,-1.643711],[-78.682016,-1.644658],[-78.681808,-1.645585],[-78.681599,-1.646513],[-78.68184,-1.646565],[-78.682443,-1.646698],[-78.683078,-1.646832],[-78.683445,-1.646909],[-78.683812,-1.646986],[-78.684183,-1.647065],[-78.684543,-1.647143],[-78.684738,-1.646294],[-78.684954,-1.645355],[-78.685185,-1.644836],[-78.685415,-1.644317],[-78.685612,-1.64384],[-78.685808,-1.643363]]]}},{"type":"Feature","properties":{"tipo":"subred","red":"Tapi","subred":"JT-15","zona":"Red Tapi · subred JT-15","sector":"1","parroquia_ep":"1","caudal_l_s":3.64,"area_m2":155061.53,"area_ha":15.51,"perimetro_m":2310.68,"fuente":"EP Riobamba (ex EMAPAR)","actualizacion":"marzo 2025"},"geometry":{"type":"Polygon","coordinates":[[[-78.684543,-1.647143],[-78.684363,-1.647104],[-78.684183,-1.647065],[-78.683997,-1.647026],[-78.683812,-1.646986],[-78.683628,-1.646947],[-78.683445,-1.646909],[-78.683261,-1.64687],[-78.683078,-1.646832],[-78.68276,-1.646765],[-78.682443,-1.646698],[-78.682141,-1.646631],[-78.68184,-1.646565],[-78.681719,-1.646539],[-78.681599,-1.646513],[-78.681594,-1.646533],[-78.68159,-1.646553],[-78.681568,-1.646629],[-78.681546,-1.646705],[-78.681524,-1.646781],[-78.681502,-1.646858],[-78.681184,-1.647142],[-78.680866,-1.647427],[-78.680549,-1.647712],[-78.680231,-1.647996],[-78.679211,-1.648882],[-78.67819,-1.649768],[-78.67717,-1.650653],[-78.67615,-1.651539],[-78.676396,-1.65189],[-78.676641,-1.652242],[-78.67675,-1.652175],[-78.676859,-1.652109],[-78.67703,-1.652003],[-78.677202,-1.651896],[-78.677522,-1.651702],[-78.677842,-1.651508],[-78.678245,-1.651261],[-78.678648,-1.651013],[-78.678844,-1.65089],[-78.67904,-1.650767],[-78.679269,-1.650621],[-78.679498,-1.650475],[-78.679691,-1.650349],[-78.679885,-1.650224],[-78.679984,-1.650153],[-78.680084,-1.650082],[-78.6803,-1.649929],[-78.680516,-1.649776],[-78.68063,-1.649688],[-78.680836,-1.649554],[-78.681042,-1.649421],[-78.681538,-1.649122],[-78.682035,-1.648824],[-78.682192,-1.648706],[-78.682348,-1.648587],[-78.682483,-1.648479],[-78.682619,-1.648371],[-78.682866,-1.648196],[-78.683113,-1.648022],[-78.683375,-1.647863],[-78.683638,-1.647704],[-78.683987,-1.647484],[-78.684337,-1.647263],[-78.684378,-1.647243],[-78.68442,-1.647223],[-78.684441,-1.647222],[-78.684463,-1.647221],[-78.684493,-1.647227],[-78.684524,-1.647234],[-78.684533,-1.647188],[-78.684543,-1.647143]]]}},{"type":"Feature","properties":{"tipo":"subred","red":"Tapi","subred":"JT-16","zona":"Red Tapi · subred JT-16","sector":"1","parroquia_ep":"1","caudal_l_s":3.74,"area_m2":210438.13,"area_ha":21.04,"perimetro_m":2002.54,"fuente":"EP Riobamba (ex EMAPAR)","actualizacion":"marzo 2025"},"geometry":{"type":"Polygon","coordinates":[[[-78.688921,-1.642736],[-78.688353,-1.642347],[-78.687833,-1.641992],[-78.687613,-1.642136],[-78.687392,-1.64228],[-78.687171,-1.642424],[-78.68695,-1.642568],[-78.686947,-1.642565],[-78.686943,-1.642563],[-78.686939,-1.642561],[-78.686935,-1.642558],[-78.686793,-1.642647],[-78.68665,-1.642736],[-78.686508,-1.642825],[-78.686365,-1.642914],[-78.686301,-1.642957],[-78.686238,-1.643001],[-78.686174,-1.643044],[-78.68611,-1.643088],[-78.686051,-1.643127],[-78.685992,-1.643167],[-78.685933,-1.643206],[-78.685873,-1.643245],[-78.685847,-1.64327],[-78.68582,-1.643295],[-78.685794,-1.643319],[-78.685767,-1.643344],[-78.685777,-1.643349],[-78.685788,-1.643354],[-78.685798,-1.643358],[-78.685808,-1.643363],[-78.68571,-1.643602],[-78.685612,-1.64384],[-78.685513,-1.644079],[-78.685415,-1.644317],[-78.6853,-1.644577],[-78.685185,-1.644836],[-78.685069,-1.645096],[-78.684954,-1.645355],[-78.684846,-1.645825],[-78.684738,-1.646294],[-78.684641,-1.646718],[-78.684543,-1.647143],[-78.684549,-1.647144],[-78.684554,-1.647145],[-78.684614,-1.647159],[-78.684674,-1.647173],[-78.685012,-1.647253],[-78.68535,-1.647332],[-78.686166,-1.647501],[-78.686982,-1.647671],[-78.687414,-1.647767],[-78.687846,-1.647863],[-78.688084,-1.647861],[-78.688284,-1.647852],[-78.688484,-1.647843],[-78.688448,-1.647499],[-78.688412,-1.647154],[-78.688393,-1.646877],[-78.688375,-1.6466],[-78.688338,-1.646305],[-78.688301,-1.646011],[-78.688302,-1.645545],[-78.688302,-1.645079],[-78.688309,-1.644907],[-78.688316,-1.644736],[-78.688487,-1.644679],[-78.688657,-1.644621],[-78.688926,-1.64452],[-78.689195,-1.64442],[-78.689102,-1.644158],[-78.689008,-1.643895],[-78.688915,-1.643764],[-78.688822,-1.643634],[-78.688739,-1.643558],[-78.688656,-1.643482],[-78.68855,-1.643419],[-78.688444,-1.643356],[-78.688683,-1.643046],[-78.688921,-1.642736]]]}},{"type":"Feature","properties":{"tipo":"subred","red":"Tratamiento","subred":"PT-01","zona":"Red Tratamiento · subred PT-01","sector":"1","parroquia_ep":"1","caudal_l_s":3.73,"area_m2":196183.67,"area_ha":19.62,"perimetro_m":1901.86,"fuente":"EP Riobamba (ex EMAPAR)","actualizacion":"marzo 2025"},"geometry":{"type":"Polygon","coordinates":[[[-78.682482,-1.625264],[-78.682391,-1.625321],[-78.682344,-1.625344],[-78.682192,-1.625417],[-78.68209,-1.625444],[-78.682082,-1.625447],[-78.682074,-1.625452],[-78.682066,-1.625458],[-78.682061,-1.625465],[-78.682057,-1.625471],[-78.682054,-1.625477],[-78.682053,-1.625483],[-78.682052,-1.625487],[-78.682051,-1.625498],[-78.682062,-1.625564],[-78.682063,-1.625586],[-78.682051,-1.625623],[-78.68193,-1.625701],[-78.681854,-1.625675],[-78.681762,-1.625709],[-78.681693,-1.625771],[-78.681664,-1.625853],[-78.682351,-1.626375],[-78.683043,-1.626848],[-78.683628,-1.627007],[-78.684579,-1.627584],[-78.684383,-1.627886],[-78.685093,-1.628351],[-78.685104,-1.628333],[-78.685563,-1.627635],[-78.685958,-1.627266],[-78.687349,-1.62483],[-78.686618,-1.624398],[-78.68612,-1.62406],[-78.685406,-1.623536],[-78.684927,-1.623317],[-78.684911,-1.623341],[-78.684897,-1.623405],[-78.684898,-1.623441],[-78.684872,-1.623485],[-78.68484,-1.623496],[-78.68479,-1.6235],[-78.684745,-1.623478],[-78.68452,-1.623312],[-78.68451,-1.623305],[-78.684499,-1.623301],[-78.684487,-1.623299],[-78.684474,-1.6233],[-78.684459,-1.623304],[-78.684449,-1.623309],[-78.68444,-1.623316],[-78.684431,-1.623326],[-78.684392,-1.623358],[-78.684365,-1.623378],[-78.684323,-1.623396],[-78.684283,-1.623405],[-78.684243,-1.623407],[-78.684199,-1.623401],[-78.684155,-1.623385],[-78.684131,-1.62337],[-78.683969,-1.623343],[-78.683949,-1.623341],[-78.683924,-1.623345],[-78.683908,-1.623351],[-78.683892,-1.62336],[-78.683877,-1.623374],[-78.683864,-1.623389],[-78.683857,-1.623404],[-78.683852,-1.623415],[-78.68385,-1.623426],[-78.683848,-1.623437],[-78.683792,-1.623488],[-78.683753,-1.623505],[-78.683714,-1.623502],[-78.683681,-1.623517],[-78.683655,-1.623524],[-78.683541,-1.623574],[-78.683426,-1.623615],[-78.683335,-1.623687],[-78.683249,-1.623714],[-78.683137,-1.623744],[-78.683096,-1.623758],[-78.683083,-1.6238],[-78.683087,-1.623851],[-78.683104,-1.623874],[-78.683117,-1.6239],[-78.683116,-1.623922],[-78.683086,-1.62393],[-78.683035,-1.623954],[-78.683025,-1.623966],[-78.683023,-1.623968],[-78.683022,-1.623971],[-78.683022,-1.623973],[-78.683022,-1.623975],[-78.683023,-1.623977],[-78.683024,-1.623979],[-78.683025,-1.62398],[-78.683026,-1.623981],[-78.68308,-1.624021],[-78.683095,-1.624034],[-78.682948,-1.624109],[-78.682883,-1.624129],[-78.682834,-1.624152],[-78.682736,-1.624187],[-78.682649,-1.624202],[-78.68264,-1.624204],[-78.682634,-1.624207],[-78.682629,-1.624212],[-78.682623,-1.624218],[-78.682619,-1.624225],[-78.682616,-1.624232],[-78.682616,-1.624237],[-78.682615,-1.624244],[-78.682622,-1.624275],[-78.68259,-1.624308],[-78.682575,-1.624334],[-78.682551,-1.624359],[-78.682519,-1.624398],[-78.68249,-1.624461],[-78.682442,-1.624511],[-78.682392,-1.624545],[-78.682355,-1.624594],[-78.682349,-1.624703],[-78.682337,-1.624923],[-78.682324,-1.625074],[-78.682374,-1.625174],[-78.682419,-1.625227],[-78.682449,-1.625244],[-78.682466,-1.625253],[-78.682482,-1.625264]]]}},{"type":"Feature","properties":{"tipo":"subred","red":"Tratamiento","subred":"PT-02","zona":"Red Tratamiento · subred PT-02","sector":"1","parroquia_ep":"1","caudal_l_s":7.06,"area_m2":185496.19,"area_ha":18.55,"perimetro_m":1760.21,"fuente":"EP Riobamba (ex EMAPAR)","actualizacion":"marzo 2025"},"geometry":{"type":"Polygon","coordinates":[[[-78.680561,-1.626879],[-78.680714,-1.630059],[-78.681245,-1.629968],[-78.681876,-1.630424],[-78.682953,-1.631326],[-78.683774,-1.630329],[-78.684138,-1.629836],[-78.685093,-1.628351],[-78.684383,-1.627886],[-78.684579,-1.627584],[-78.683628,-1.627007],[-78.683043,-1.626848],[-78.682351,-1.626375],[-78.681664,-1.625853],[-78.681596,-1.625951],[-78.681515,-1.626065],[-78.681458,-1.626057],[-78.681354,-1.626167],[-78.681228,-1.626201],[-78.6811,-1.626278],[-78.680752,-1.626493],[-78.680639,-1.626519],[-78.680616,-1.626547],[-78.680619,-1.626602],[-78.680594,-1.626653],[-78.680587,-1.626698],[-78.68061,-1.626735],[-78.680561,-1.626879]]]}},{"type":"Feature","properties":{"tipo":"subred","red":"Tratamiento","subred":"PT-03","zona":"Red Tratamiento · subred PT-03","sector":"1","parroquia_ep":"3","caudal_l_s":4.95,"area_m2":260229.22,"area_ha":26.02,"perimetro_m":2413.02,"fuente":"EP Riobamba (ex EMAPAR)","actualizacion":"marzo 2025"},"geometry":{"type":"Polygon","coordinates":[[[-78.677823,-1.631373],[-78.677683,-1.63157],[-78.677666,-1.631596],[-78.677649,-1.631623],[-78.677635,-1.63165],[-78.677623,-1.631675],[-78.677612,-1.631704],[-78.677602,-1.631732],[-78.677594,-1.631759],[-78.677587,-1.631788],[-78.677582,-1.631817],[-78.677579,-1.63184],[-78.677577,-1.631864],[-78.677576,-1.631886],[-78.677576,-1.631901],[-78.677576,-1.631921],[-78.677577,-1.631937],[-78.677531,-1.63211],[-78.677509,-1.632236],[-78.677443,-1.63243],[-78.677354,-1.632837],[-78.677303,-1.632964],[-78.677733,-1.63337],[-78.677885,-1.633617],[-78.678164,-1.634524],[-78.678381,-1.634905],[-78.678732,-1.635323],[-78.678937,-1.635485],[-78.679196,-1.635562],[-78.679804,-1.635641],[-78.680921,-1.635939],[-78.680981,-1.63592],[-78.681039,-1.635767],[-78.681095,-1.635293],[-78.681019,-1.634496],[-78.680853,-1.632381],[-78.680714,-1.630059],[-78.680561,-1.626879],[-78.680522,-1.626927],[-78.680224,-1.627364],[-78.680135,-1.627404],[-78.680075,-1.627502],[-78.679991,-1.627617],[-78.679932,-1.627648],[-78.679878,-1.627763],[-78.679847,-1.627822],[-78.67976,-1.627894],[-78.679632,-1.627967],[-78.67953,-1.628004],[-78.679454,-1.628025],[-78.679395,-1.628054],[-78.679318,-1.628102],[-78.679222,-1.628131],[-78.679213,-1.628135],[-78.679203,-1.628142],[-78.679197,-1.628147],[-78.679192,-1.628155],[-78.679186,-1.628164],[-78.679183,-1.628174],[-78.679182,-1.628183],[-78.679184,-1.628225],[-78.679196,-1.628286],[-78.679133,-1.628506],[-78.679104,-1.628534],[-78.679055,-1.628542],[-78.678985,-1.628504],[-78.678977,-1.6285],[-78.678968,-1.628497],[-78.678958,-1.628495],[-78.678949,-1.628494],[-78.67894,-1.628494],[-78.678933,-1.628495],[-78.678926,-1.628496],[-78.678917,-1.628499],[-78.678768,-1.628569],[-78.678762,-1.628573],[-78.678757,-1.628577],[-78.678753,-1.628581],[-78.678751,-1.628585],[-78.678748,-1.628589],[-78.678747,-1.628593],[-78.678746,-1.628597],[-78.678745,-1.628602],[-78.678745,-1.628606],[-78.678745,-1.62861],[-78.678746,-1.628615],[-78.678798,-1.628697],[-78.678813,-1.628725],[-78.678698,-1.628978],[-78.67868,-1.629045],[-78.678685,-1.62923],[-78.678669,-1.629307],[-78.678608,-1.62939],[-78.678488,-1.629556],[-78.678302,-1.629765],[-78.678272,-1.629803],[-78.678253,-1.629835],[-78.678237,-1.629869],[-78.678224,-1.629908],[-78.678217,-1.629939],[-78.678212,-1.629979],[-78.678212,-1.630019],[-78.678216,-1.630058],[-78.678225,-1.630094],[-78.67823,-1.630113],[-78.678247,-1.630188],[-78.678104,-1.630404],[-78.67801,-1.630656],[-78.677993,-1.630735],[-78.678004,-1.630922],[-78.677955,-1.6311],[-78.677907,-1.631202],[-78.677823,-1.631373]]]}},{"type":"Feature","properties":{"tipo":"subred","red":"Tratamiento","subred":"PT-04","zona":"Red Tratamiento · subred PT-04","sector":"1","parroquia_ep":"1","caudal_l_s":4.29,"area_m2":225393.41,"area_ha":22.54,"perimetro_m":2017.8,"fuente":"EP Riobamba (ex EMAPAR)","actualizacion":"marzo 2025"},"geometry":{"type":"Polygon","coordinates":[[[-78.680853,-1.632381],[-78.681019,-1.634496],[-78.681095,-1.635293],[-78.681039,-1.635767],[-78.680981,-1.63592],[-78.681136,-1.635872],[-78.681568,-1.636192],[-78.682512,-1.636766],[-78.682965,-1.637023],[-78.68451,-1.634455],[-78.684945,-1.633836],[-78.685174,-1.633572],[-78.684618,-1.632943],[-78.684053,-1.632396],[-78.682953,-1.631326],[-78.681876,-1.630424],[-78.681245,-1.629968],[-78.680714,-1.630059],[-78.680853,-1.632381]]]}},{"type":"Feature","properties":{"tipo":"subred","red":"Tratamiento","subred":"PT-05","zona":"Red Tratamiento · subred PT-05","sector":"1","parroquia_ep":"1","caudal_l_s":3.2,"area_m2":168303.85,"area_ha":16.83,"perimetro_m":1744.17,"fuente":"EP Riobamba (ex EMAPAR)","actualizacion":"marzo 2025"},"geometry":{"type":"Polygon","coordinates":[[[-78.684138,-1.629836],[-78.683774,-1.630329],[-78.682953,-1.631326],[-78.684053,-1.632396],[-78.684868,-1.631913],[-78.685663,-1.63149],[-78.686218,-1.631845],[-78.687401,-1.630014],[-78.688042,-1.629396],[-78.688176,-1.629297],[-78.68829,-1.62864],[-78.685958,-1.627266],[-78.685563,-1.627635],[-78.685104,-1.628333],[-78.684138,-1.629836]]]}},{"type":"Feature","properties":{"tipo":"subred","red":"Tratamiento","subred":"PT-06","zona":"Red Tratamiento · subred PT-06","sector":"1","parroquia_ep":"1","caudal_l_s":3.75,"area_m2":212211.06,"area_ha":21.22,"perimetro_m":1843.93,"fuente":"EP Riobamba (ex EMAPAR)","actualizacion":"marzo 2025"},"geometry":{"type":"Polygon","coordinates":[[[-78.688042,-1.629396],[-78.687401,-1.630014],[-78.687007,-1.630624],[-78.688405,-1.631499],[-78.689072,-1.631911],[-78.689165,-1.63194],[-78.68926,-1.631941],[-78.690574,-1.632292],[-78.691855,-1.630306],[-78.692045,-1.629772],[-78.692209,-1.629491],[-78.692438,-1.629221],[-78.692809,-1.628514],[-78.692966,-1.628328],[-78.692538,-1.628065],[-78.692096,-1.627796],[-78.691681,-1.627529],[-78.691499,-1.6274],[-78.69099,-1.627017],[-78.68829,-1.62864],[-78.688176,-1.629297],[-78.688042,-1.629396]]]}},{"type":"Feature","properties":{"tipo":"subred","red":"Tratamiento","subred":"PT-07","zona":"Red Tratamiento · subred PT-07","sector":"1","parroquia_ep":"1","caudal_l_s":3.75,"area_m2":238473.5,"area_ha":23.85,"perimetro_m":2267.02,"fuente":"EP Riobamba (ex EMAPAR)","actualizacion":"marzo 2025"},"geometry":{"type":"Polygon","coordinates":[[[-78.684618,-1.632943],[-78.686226,-1.634765],[-78.686647,-1.63514],[-78.687023,-1.63545],[-78.687551,-1.635877],[-78.687655,-1.636014],[-78.687904,-1.636405],[-78.688281,-1.636936],[-78.688362,-1.636969],[-78.688565,-1.635663],[-78.688609,-1.63562],[-78.689581,-1.635726],[-78.689926,-1.632722],[-78.690574,-1.632292],[-78.68926,-1.631941],[-78.689165,-1.63194],[-78.689072,-1.631911],[-78.688405,-1.631499],[-78.687007,-1.630624],[-78.686218,-1.631845],[-78.685663,-1.63149],[-78.684868,-1.631913],[-78.684053,-1.632396],[-78.684618,-1.632943]]]}},{"type":"Feature","properties":{"tipo":"subred","red":"Yaruquíes","subred":"Y-01","zona":"Red Yaruquíes · subred Y-01","sector":"4","parroquia_ep":"5","caudal_l_s":1.71,"area_m2":457852.88,"area_ha":45.79,"perimetro_m":3466.9,"fuente":"EP Riobamba (ex EMAPAR)","actualizacion":"marzo 2025"},"geometry":{"type":"Polygon","coordinates":[[[-78.668166,-1.682923],[-78.669432,-1.683253],[-78.669901,-1.683697],[-78.670896,-1.684113],[-78.67155,-1.684385],[-78.672445,-1.684644],[-78.673398,-1.684874],[-78.67438,-1.684954],[-78.674847,-1.685065],[-78.675135,-1.685288],[-78.675275,-1.685351],[-78.675387,-1.68533],[-78.675439,-1.685299],[-78.675512,-1.685187],[-78.675546,-1.685066],[-78.675633,-1.684936],[-78.675771,-1.684858],[-78.676037,-1.684739],[-78.676126,-1.684711],[-78.676374,-1.684545],[-78.676434,-1.684532],[-78.676245,-1.683682],[-78.676523,-1.683535],[-78.676421,-1.683298],[-78.676318,-1.683001],[-78.676285,-1.682806],[-78.676282,-1.68265],[-78.67631,-1.682397],[-78.676451,-1.68097],[-78.676463,-1.6809],[-78.67648,-1.680812],[-78.676495,-1.680741],[-78.676512,-1.680683],[-78.676537,-1.680624],[-78.676574,-1.680557],[-78.676618,-1.680499],[-78.677478,-1.679567],[-78.677489,-1.67955],[-78.677496,-1.679536],[-78.6775,-1.679522],[-78.677502,-1.679511],[-78.677503,-1.679502],[-78.677503,-1.679492],[-78.677502,-1.679484],[-78.677501,-1.67948],[-78.677498,-1.679467],[-78.677495,-1.679458],[-78.677492,-1.679452],[-78.677163,-1.678774],[-78.677153,-1.67875],[-78.677142,-1.67873],[-78.677125,-1.678705],[-78.677111,-1.678691],[-78.677097,-1.678679],[-78.677079,-1.678666],[-78.67697,-1.678763],[-78.676661,-1.678907],[-78.676471,-1.67891],[-78.675612,-1.678947],[-78.674824,-1.679065],[-78.674525,-1.67927],[-78.674092,-1.679285],[-78.673588,-1.679372],[-78.672736,-1.679832],[-78.671019,-1.680711],[-78.670783,-1.680811],[-78.670114,-1.681015],[-78.669206,-1.681583],[-78.668655,-1.681731],[-78.668133,-1.681696],[-78.667759,-1.681646],[-78.667259,-1.681824],[-78.666742,-1.682041],[-78.666437,-1.682228],[-78.665777,-1.682193],[-78.665365,-1.682203],[-78.665748,-1.682273],[-78.666084,-1.682379],[-78.666165,-1.682425],[-78.666478,-1.682554],[-78.666791,-1.682601],[-78.667185,-1.682593],[-78.668166,-1.682923]]]}},{"type":"Feature","properties":{"tipo":"subred","red":"Yaruquíes","subred":"Y-02","zona":"Red Yaruquíes · subred Y-02","sector":"4","parroquia_ep":"5","caudal_l_s":6.37,"area_m2":279998.39,"area_ha":28,"perimetro_m":3071.11,"fuente":"EP Riobamba (ex EMAPAR)","actualizacion":"marzo 2025"},"geometry":{"type":"Polygon","coordinates":[[[-78.670229,-1.685626],[-78.670961,-1.685971],[-78.671545,-1.68666],[-78.671967,-1.687299],[-78.672074,-1.68784],[-78.67243,-1.688313],[-78.6729,-1.688529],[-78.673249,-1.688753],[-78.673107,-1.688995],[-78.672988,-1.689612],[-78.674775,-1.687581],[-78.675664,-1.686546],[-78.676628,-1.6854],[-78.676434,-1.684532],[-78.676374,-1.684545],[-78.676126,-1.684711],[-78.676037,-1.684739],[-78.675771,-1.684858],[-78.675633,-1.684936],[-78.675546,-1.685066],[-78.675512,-1.685187],[-78.675439,-1.685299],[-78.675387,-1.68533],[-78.675275,-1.685351],[-78.675135,-1.685288],[-78.674847,-1.685065],[-78.67438,-1.684954],[-78.673398,-1.684874],[-78.672445,-1.684644],[-78.67155,-1.684385],[-78.670896,-1.684113],[-78.669901,-1.683697],[-78.669432,-1.683253],[-78.668166,-1.682923],[-78.667185,-1.682593],[-78.666956,-1.683485],[-78.666913,-1.684634],[-78.667535,-1.684635],[-78.667857,-1.684711],[-78.668738,-1.685014],[-78.669276,-1.685158],[-78.670229,-1.685626]]]}},{"type":"Feature","properties":{"tipo":"subred","red":"Yaruquíes","subred":"Y-03","zona":"Red Yaruquíes · subred Y-03","sector":"4","parroquia_ep":"5","caudal_l_s":2.94,"area_m2":284603.36,"area_ha":28.46,"perimetro_m":3536.95,"fuente":"EP Riobamba (ex EMAPAR)","actualizacion":"marzo 2025"},"geometry":{"type":"Polygon","coordinates":[[[-78.664227,-1.676961],[-78.664172,-1.677013],[-78.664055,-1.677093],[-78.663962,-1.677152],[-78.663703,-1.677327],[-78.663669,-1.677365],[-78.663636,-1.677433],[-78.663622,-1.677513],[-78.663631,-1.67759],[-78.663655,-1.677643],[-78.663687,-1.677689],[-78.663798,-1.677816],[-78.663855,-1.677829],[-78.663858,-1.677896],[-78.66389,-1.677966],[-78.663834,-1.678072],[-78.663797,-1.678137],[-78.663776,-1.678207],[-78.663811,-1.67831],[-78.663837,-1.678385],[-78.663855,-1.678549],[-78.663861,-1.678605],[-78.663849,-1.678699],[-78.66384,-1.678769],[-78.663834,-1.678856],[-78.663858,-1.678983],[-78.663907,-1.679063],[-78.663933,-1.679128],[-78.663939,-1.679216],[-78.66392,-1.679342],[-78.663888,-1.679423],[-78.663842,-1.67945],[-78.663762,-1.679447],[-78.663725,-1.679494],[-78.66372,-1.679556],[-78.66369,-1.679635],[-78.663686,-1.679696],[-78.663683,-1.679762],[-78.663679,-1.679822],[-78.663674,-1.679949],[-78.663671,-1.680054],[-78.663651,-1.680271],[-78.663591,-1.680369],[-78.663543,-1.680427],[-78.663413,-1.680586],[-78.663369,-1.680733],[-78.663402,-1.680858],[-78.663444,-1.68094],[-78.663512,-1.681033],[-78.663545,-1.681091],[-78.663572,-1.68119],[-78.663567,-1.681284],[-78.663554,-1.681366],[-78.663536,-1.681463],[-78.663543,-1.681561],[-78.663549,-1.681645],[-78.663591,-1.681825],[-78.663587,-1.681935],[-78.663546,-1.681982],[-78.663457,-1.68196],[-78.663326,-1.681891],[-78.663246,-1.681896],[-78.663173,-1.681919],[-78.663048,-1.681963],[-78.662963,-1.681997],[-78.662917,-1.68202],[-78.662872,-1.682042],[-78.662817,-1.682044],[-78.662757,-1.682016],[-78.662706,-1.682024],[-78.662633,-1.682045],[-78.662587,-1.682068],[-78.662539,-1.682099],[-78.662503,-1.682135],[-78.662455,-1.682189],[-78.662418,-1.682255],[-78.662397,-1.682313],[-78.662351,-1.682505],[-78.662309,-1.682677],[-78.662262,-1.682874],[-78.662224,-1.682945],[-78.662173,-1.683002],[-78.662117,-1.683035],[-78.662069,-1.683053],[-78.662102,-1.683131],[-78.662208,-1.683384],[-78.66229,-1.6835],[-78.662346,-1.683579],[-78.662532,-1.683844],[-78.662568,-1.683884],[-78.662794,-1.684136],[-78.662868,-1.684219],[-78.662953,-1.684262],[-78.663336,-1.684459],[-78.663529,-1.684558],[-78.663618,-1.684583],[-78.663947,-1.684678],[-78.664434,-1.684817],[-78.664483,-1.684831],[-78.664675,-1.684844],[-78.665127,-1.684883],[-78.665484,-1.684913],[-78.665573,-1.684893],[-78.665776,-1.684845],[-78.66625,-1.684734],[-78.666311,-1.68472],[-78.666913,-1.684635],[-78.666916,-1.684542],[-78.666937,-1.68398],[-78.666949,-1.683673],[-78.666959,-1.683473],[-78.667054,-1.683106],[-78.667151,-1.682729],[-78.667185,-1.682593],[-78.666785,-1.6826],[-78.666664,-1.682582],[-78.666478,-1.682554],[-78.666177,-1.68243],[-78.666084,-1.682379],[-78.665823,-1.682297],[-78.665748,-1.682273],[-78.665365,-1.682203],[-78.665169,-1.682219],[-78.664936,-1.682237],[-78.664019,-1.682411],[-78.663752,-1.682411],[-78.663567,-1.682422],[-78.663426,-1.682362],[-78.66363,-1.682291],[-78.663974,-1.682163],[-78.664281,-1.681993],[-78.66445,-1.681959],[-78.664566,-1.681916],[-78.664709,-1.681864],[-78.664896,-1.681214],[-78.665149,-1.681208],[-78.666291,-1.681514],[-78.666881,-1.681618],[-78.667241,-1.681541],[-78.667201,-1.681354],[-78.667184,-1.681174],[-78.667186,-1.680784],[-78.667218,-1.68049],[-78.666944,-1.680437],[-78.666983,-1.680306],[-78.666582,-1.680194],[-78.666328,-1.680123],[-78.665864,-1.679989],[-78.665672,-1.679846],[-78.665806,-1.67961],[-78.665948,-1.679405],[-78.665982,-1.679227],[-78.665985,-1.678946],[-78.666197,-1.678402],[-78.66648,-1.678097],[-78.666697,-1.677773],[-78.666555,-1.677665],[-78.666067,-1.677633],[-78.665132,-1.677282],[-78.664227,-1.676961]]]}},{"type":"Feature","properties":{"tipo":"subred","red":"Yaruquíes","subred":"Y-04","zona":"Red Yaruquíes · subred Y-04","sector":"4","parroquia_ep":"5","caudal_l_s":5.05,"area_m2":233837.57,"area_ha":23.38,"perimetro_m":2509.07,"fuente":"EP Riobamba (ex EMAPAR)","actualizacion":"marzo 2025"},"geometry":{"type":"Polygon","coordinates":[[[-78.678107,-1.687166],[-78.6763,-1.689053],[-78.67676,-1.689508],[-78.677251,-1.690021],[-78.677923,-1.690651],[-78.678289,-1.690963],[-78.678178,-1.691096],[-78.679218,-1.692001],[-78.680271,-1.690674],[-78.679769,-1.690004],[-78.680003,-1.689679],[-78.679698,-1.689344],[-78.680184,-1.688748],[-78.679259,-1.687843],[-78.680968,-1.686019],[-78.67966,-1.683626],[-78.67946,-1.683411],[-78.677393,-1.685635],[-78.677878,-1.686575],[-78.678107,-1.687166]]]}},{"type":"Feature","properties":{"tipo":"subred","red":"Yaruquíes","subred":"Y-05","zona":"Red Yaruquíes · subred Y-05","sector":"4","parroquia_ep":"5","caudal_l_s":3.98,"area_m2":170794.51,"area_ha":17.08,"perimetro_m":2179.88,"fuente":"EP Riobamba (ex EMAPAR)","actualizacion":"marzo 2025"},"geometry":{"type":"Polygon","coordinates":[[[-78.674775,-1.687581],[-78.672988,-1.689612],[-78.672751,-1.689881],[-78.674272,-1.691282],[-78.6763,-1.689053],[-78.678107,-1.687166],[-78.677878,-1.686575],[-78.677393,-1.685635],[-78.676701,-1.683972],[-78.676633,-1.683812],[-78.676523,-1.683535],[-78.676245,-1.683682],[-78.676628,-1.6854],[-78.675664,-1.686546],[-78.674775,-1.687581]]]}},{"type":"Feature","properties":{"tipo":"subred","red":"Yaruquíes","subred":"Y-06","zona":"Red Yaruquíes · subred Y-06","sector":"4","parroquia_ep":"5","caudal_l_s":4.32,"area_m2":183667.44,"area_ha":18.37,"perimetro_m":1864.03,"fuente":"EP Riobamba (ex EMAPAR)","actualizacion":"marzo 2025"},"geometry":{"type":"Polygon","coordinates":[[[-78.673709,-1.69189],[-78.674247,-1.692426],[-78.673401,-1.693329],[-78.675115,-1.695175],[-78.677247,-1.692999],[-78.676933,-1.69252],[-78.678178,-1.691096],[-78.678289,-1.690963],[-78.677923,-1.690651],[-78.677251,-1.690021],[-78.67676,-1.689508],[-78.6763,-1.689053],[-78.674272,-1.691282],[-78.67385,-1.691747],[-78.673709,-1.69189]]]}},{"type":"Feature","properties":{"tipo":"subred","red":"Yaruquíes","subred":"Y-07","zona":"Red Yaruquíes · subred Y-07","sector":"4","parroquia_ep":"5","caudal_l_s":9.62,"area_m2":3121445.34,"area_ha":312.14,"perimetro_m":9800.22,"fuente":"EP Riobamba (ex EMAPAR)","actualizacion":"marzo 2025"},"geometry":{"type":"Polygon","coordinates":[[[-78.662069,-1.683053],[-78.662069,-1.683053],[-78.662066,-1.683054],[-78.662042,-1.683059],[-78.66202,-1.683061],[-78.661986,-1.683062],[-78.661808,-1.683054],[-78.661238,-1.683027],[-78.660294,-1.683013],[-78.659808,-1.682964],[-78.659476,-1.682887],[-78.658553,-1.682822],[-78.658486,-1.68281],[-78.658421,-1.682804],[-78.658345,-1.682804],[-78.658287,-1.68281],[-78.658209,-1.682825],[-78.658133,-1.68285],[-78.658045,-1.68289],[-78.657984,-1.682927],[-78.657908,-1.682987],[-78.657844,-1.683052],[-78.65778,-1.683129],[-78.657699,-1.683203],[-78.657605,-1.683266],[-78.657491,-1.683317],[-78.657444,-1.683331],[-78.657381,-1.683344],[-78.657299,-1.683353],[-78.657222,-1.683353],[-78.657143,-1.683354],[-78.657045,-1.683364],[-78.656949,-1.68338],[-78.656853,-1.683405],[-78.656762,-1.683436],[-78.65668,-1.683471],[-78.656571,-1.683529],[-78.656475,-1.683592],[-78.65636,-1.683687],[-78.656215,-1.683837],[-78.656111,-1.683944],[-78.655854,-1.684237],[-78.655708,-1.68446],[-78.655554,-1.68464],[-78.655427,-1.68478],[-78.65535,-1.684883],[-78.655258,-1.685024],[-78.655173,-1.685141],[-78.655115,-1.68524],[-78.655032,-1.685415],[-78.654992,-1.685502],[-78.654963,-1.685557],[-78.654872,-1.685603],[-78.654808,-1.685611],[-78.654728,-1.685627],[-78.654656,-1.685626],[-78.654507,-1.685604],[-78.654363,-1.685589],[-78.654261,-1.685601],[-78.654152,-1.685671],[-78.654056,-1.685744],[-78.653988,-1.685863],[-78.653967,-1.685907],[-78.653963,-1.685932],[-78.653968,-1.685943],[-78.653981,-1.685948],[-78.653981,-1.685956],[-78.653974,-1.685964],[-78.653922,-1.686028],[-78.653882,-1.686089],[-78.653851,-1.68615],[-78.653798,-1.68618],[-78.653714,-1.686256],[-78.653675,-1.686299],[-78.653673,-1.686348],[-78.653686,-1.686386],[-78.65368,-1.686431],[-78.653656,-1.686437],[-78.653626,-1.686535],[-78.653632,-1.686587],[-78.653602,-1.686639],[-78.653581,-1.68667],[-78.65357,-1.686728],[-78.653544,-1.686788],[-78.653485,-1.686869],[-78.653453,-1.686913],[-78.653419,-1.687035],[-78.653341,-1.687142],[-78.653289,-1.687193],[-78.653287,-1.687239],[-78.653234,-1.687291],[-78.653125,-1.687421],[-78.653021,-1.68753],[-78.652908,-1.687606],[-78.652808,-1.687667],[-78.652714,-1.68772],[-78.652619,-1.687757],[-78.652522,-1.687781],[-78.652387,-1.687822],[-78.652323,-1.687831],[-78.652243,-1.687834],[-78.652109,-1.687857],[-78.651909,-1.6879],[-78.651728,-1.68793],[-78.651603,-1.687962],[-78.651507,-1.687993],[-78.651374,-1.68807],[-78.651284,-1.688128],[-78.651157,-1.688244],[-78.651041,-1.688365],[-78.650913,-1.688489],[-78.650832,-1.688544],[-78.650768,-1.688569],[-78.650717,-1.688579],[-78.650564,-1.688574],[-78.650431,-1.688566],[-78.650313,-1.68855],[-78.649984,-1.688525],[-78.649695,-1.688495],[-78.649487,-1.688477],[-78.649239,-1.688484],[-78.64907,-1.68856],[-78.648927,-1.688664],[-78.648787,-1.68886],[-78.648704,-1.689019],[-78.648613,-1.689163],[-78.648539,-1.68932],[-78.648442,-1.689479],[-78.648432,-1.689627],[-78.648144,-1.690263],[-78.648101,-1.690353],[-78.648059,-1.690473],[-78.64794,-1.690623],[-78.647814,-1.690761],[-78.647717,-1.690798],[-78.64764,-1.690802],[-78.647545,-1.690781],[-78.647532,-1.690777],[-78.647502,-1.690773],[-78.647477,-1.690772],[-78.647448,-1.690774],[-78.647419,-1.690781],[-78.647384,-1.690794],[-78.647359,-1.690809],[-78.647342,-1.690821],[-78.647324,-1.690838],[-78.647305,-1.690861],[-78.647292,-1.690879],[-78.647281,-1.6909],[-78.647269,-1.690923],[-78.647259,-1.690948],[-78.647254,-1.690964],[-78.647236,-1.691074],[-78.647215,-1.691201],[-78.647226,-1.691273],[-78.647233,-1.691352],[-78.647241,-1.691436],[-78.647262,-1.691693],[-78.647278,-1.69178],[-78.647271,-1.691834],[-78.647207,-1.691899],[-78.647099,-1.692015],[-78.646912,-1.692276],[-78.646873,-1.692352],[-78.646838,-1.692423],[-78.646801,-1.692543],[-78.646782,-1.69263],[-78.64675,-1.692714],[-78.646724,-1.692828],[-78.646715,-1.692906],[-78.646723,-1.692996],[-78.646748,-1.693094],[-78.646802,-1.693156],[-78.646811,-1.69318],[-78.646809,-1.693181],[-78.646808,-1.693181],[-78.646807,-1.693182],[-78.646806,-1.693182],[-78.646805,-1.693183],[-78.646804,-1.693184],[-78.646803,-1.693185],[-78.646802,-1.693187],[-78.646801,-1.693189],[-78.6468,-1.69319],[-78.646799,-1.693192],[-78.646799,-1.693194],[-78.646799,-1.693196],[-78.646799,-1.693198],[-78.646799,-1.6932],[-78.6468,-1.693203],[-78.646801,-1.693205],[-78.646836,-1.693263],[-78.646933,-1.693405],[-78.647109,-1.693597],[-78.647455,-1.693883],[-78.647525,-1.693959],[-78.647594,-1.694053],[-78.647608,-1.694112],[-78.647611,-1.694142],[-78.6476,-1.694224],[-78.647605,-1.694297],[-78.647586,-1.694329],[-78.647568,-1.694396],[-78.647538,-1.694475],[-78.647527,-1.694554],[-78.647525,-1.694596],[-78.647517,-1.69468],[-78.647515,-1.694777],[-78.647451,-1.694853],[-78.6474,-1.694932],[-78.647365,-1.695072],[-78.647349,-1.695158],[-78.647361,-1.695294],[-78.647376,-1.695496],[-78.647364,-1.695654],[-78.647357,-1.695686],[-78.647322,-1.6958],[-78.647316,-1.695826],[-78.647309,-1.695862],[-78.647303,-1.695897],[-78.647298,-1.695929],[-78.647294,-1.695969],[-78.647291,-1.695999],[-78.647288,-1.696055],[-78.647287,-1.696098],[-78.647288,-1.696131],[-78.64729,-1.696178],[-78.647294,-1.696224],[-78.6473,-1.696275],[-78.647307,-1.696315],[-78.647315,-1.696357],[-78.647324,-1.696396],[-78.647334,-1.696433],[-78.647345,-1.696472],[-78.647357,-1.696507],[-78.64737,-1.696543],[-78.647381,-1.696571],[-78.647391,-1.696595],[-78.647562,-1.696826],[-78.647636,-1.696907],[-78.647679,-1.696964],[-78.647726,-1.697047],[-78.647781,-1.697169],[-78.647794,-1.697256],[-78.647874,-1.697427],[-78.647993,-1.697603],[-78.648077,-1.697737],[-78.648155,-1.697793],[-78.648235,-1.697832],[-78.648297,-1.697851],[-78.648363,-1.697856],[-78.648454,-1.697837],[-78.648511,-1.697798],[-78.64858,-1.697726],[-78.648645,-1.697674],[-78.648733,-1.69761],[-78.648839,-1.697555],[-78.648907,-1.697568],[-78.648993,-1.69758],[-78.649058,-1.697599],[-78.649124,-1.697632],[-78.649165,-1.69767],[-78.649203,-1.697708],[-78.649259,-1.697836],[-78.649286,-1.697946],[-78.649311,-1.698002],[-78.649339,-1.698041],[-78.649354,-1.698125],[-78.649347,-1.698186],[-78.649358,-1.698273],[-78.64935,-1.698347],[-78.649343,-1.698434],[-78.649342,-1.69847],[-78.649365,-1.698532],[-78.649389,-1.698614],[-78.649378,-1.698669],[-78.649348,-1.698762],[-78.649299,-1.698976],[-78.649266,-1.69897],[-78.649247,-1.699063],[-78.649236,-1.699157],[-78.649229,-1.699255],[-78.649238,-1.699377],[-78.650017,-1.698392],[-78.650287,-1.698254],[-78.650431,-1.698332],[-78.650543,-1.698397],[-78.650653,-1.698435],[-78.650736,-1.698452],[-78.65077,-1.698454],[-78.650894,-1.698463],[-78.651013,-1.698492],[-78.651125,-1.698443],[-78.65116,-1.698431],[-78.651197,-1.698425],[-78.651234,-1.698424],[-78.651271,-1.698429],[-78.651418,-1.698459],[-78.651422,-1.698459],[-78.651426,-1.698459],[-78.651431,-1.698459],[-78.651437,-1.698459],[-78.651442,-1.698458],[-78.651447,-1.698456],[-78.651452,-1.698455],[-78.651458,-1.698452],[-78.651462,-1.698451],[-78.651466,-1.698448],[-78.651471,-1.698445],[-78.651475,-1.698442],[-78.651479,-1.698439],[-78.651482,-1.698436],[-78.651485,-1.698433],[-78.651489,-1.698426],[-78.651492,-1.698421],[-78.651495,-1.698418],[-78.651498,-1.698414],[-78.651503,-1.698409],[-78.651507,-1.698405],[-78.65151,-1.698402],[-78.651514,-1.698399],[-78.651519,-1.698395],[-78.651525,-1.698391],[-78.651533,-1.698388],[-78.651538,-1.698385],[-78.651544,-1.698383],[-78.65167,-1.698421],[-78.651724,-1.698444],[-78.651785,-1.698442],[-78.651941,-1.698505],[-78.651943,-1.698503],[-78.651945,-1.6985],[-78.651949,-1.698496],[-78.651953,-1.698492],[-78.651958,-1.698489],[-78.651963,-1.698487],[-78.65197,-1.698486],[-78.651975,-1.698485],[-78.651981,-1.698485],[-78.651988,-1.698486],[-78.651995,-1.698488],[-78.652,-1.698491],[-78.652005,-1.698495],[-78.652009,-1.698498],[-78.652012,-1.698502],[-78.652015,-1.698507],[-78.652017,-1.698511],[-78.652019,-1.698515],[-78.652071,-1.698563],[-78.652072,-1.698564],[-78.652073,-1.698565],[-78.652075,-1.698566],[-78.652076,-1.698566],[-78.652079,-1.698566],[-78.652081,-1.698566],[-78.652082,-1.698565],[-78.65223,-1.698511],[-78.652326,-1.698489],[-78.652564,-1.698447],[-78.652738,-1.698467],[-78.653029,-1.698531],[-78.653115,-1.698532],[-78.653201,-1.69849],[-78.653301,-1.698435],[-78.653407,-1.698385],[-78.653412,-1.698383],[-78.653418,-1.698381],[-78.653426,-1.698379],[-78.653436,-1.698379],[-78.653446,-1.698379],[-78.653453,-1.698381],[-78.65346,-1.698383],[-78.653468,-1.698387],[-78.653475,-1.698391],[-78.653518,-1.698419],[-78.653632,-1.698414],[-78.653745,-1.698549],[-78.653751,-1.698554],[-78.65376,-1.698559],[-78.653769,-1.698564],[-78.653782,-1.69857],[-78.653795,-1.698574],[-78.653805,-1.698577],[-78.653819,-1.69858],[-78.653832,-1.698582],[-78.65385,-1.698582],[-78.653866,-1.69858],[-78.653879,-1.698579],[-78.653895,-1.698579],[-78.653912,-1.69858],[-78.653931,-1.698583],[-78.653948,-1.698587],[-78.653963,-1.698593],[-78.653979,-1.6986],[-78.653991,-1.698606],[-78.654002,-1.698613],[-78.654012,-1.698621],[-78.654031,-1.698637],[-78.654109,-1.698729],[-78.654112,-1.698733],[-78.654114,-1.698737],[-78.654117,-1.69874],[-78.65412,-1.698743],[-78.654125,-1.698747],[-78.654131,-1.698752],[-78.654136,-1.698756],[-78.654145,-1.698761],[-78.654153,-1.698764],[-78.654161,-1.698767],[-78.65417,-1.698769],[-78.654177,-1.69877],[-78.654183,-1.69877],[-78.654191,-1.69877],[-78.654199,-1.698769],[-78.654209,-1.698766],[-78.65422,-1.698762],[-78.654235,-1.698757],[-78.654251,-1.698753],[-78.654267,-1.69875],[-78.654287,-1.698748],[-78.654308,-1.698748],[-78.654322,-1.698749],[-78.654339,-1.698751],[-78.654355,-1.698755],[-78.65437,-1.698759],[-78.654385,-1.698764],[-78.654397,-1.69877],[-78.654443,-1.698809],[-78.654489,-1.698908],[-78.654543,-1.698961],[-78.654623,-1.698998],[-78.654671,-1.699],[-78.654755,-1.699032],[-78.654761,-1.699034],[-78.654767,-1.699035],[-78.654776,-1.699035],[-78.654784,-1.699034],[-78.654793,-1.699031],[-78.654799,-1.699029],[-78.654807,-1.699025],[-78.654813,-1.699021],[-78.65482,-1.699015],[-78.654824,-1.69901],[-78.6549,-1.698899],[-78.6549,-1.698897],[-78.654901,-1.698894],[-78.654902,-1.698893],[-78.654903,-1.698891],[-78.654904,-1.69889],[-78.654905,-1.698888],[-78.654907,-1.698886],[-78.65491,-1.698884],[-78.654912,-1.698883],[-78.654915,-1.698882],[-78.654917,-1.698881],[-78.654919,-1.698881],[-78.654922,-1.69888],[-78.654925,-1.698881],[-78.654928,-1.698881],[-78.65493,-1.698882],[-78.654933,-1.698883],[-78.654934,-1.698884],[-78.654936,-1.698885],[-78.654937,-1.698886],[-78.654939,-1.698887],[-78.65494,-1.698889],[-78.654941,-1.69889],[-78.654942,-1.698891],[-78.655088,-1.69899],[-78.655138,-1.699079],[-78.65519,-1.699143],[-78.655276,-1.699195],[-78.655284,-1.6992],[-78.65529,-1.699203],[-78.655297,-1.699205],[-78.655304,-1.699207],[-78.655312,-1.699207],[-78.65532,-1.699207],[-78.655328,-1.699206],[-78.655336,-1.699204],[-78.655345,-1.699202],[-78.655354,-1.699201],[-78.655368,-1.699201],[-78.655382,-1.699201],[-78.655392,-1.699202],[-78.655403,-1.699205],[-78.655416,-1.699208],[-78.655428,-1.699213],[-78.655439,-1.699219],[-78.655451,-1.699226],[-78.655459,-1.699232],[-78.655468,-1.699239],[-78.655474,-1.699246],[-78.655481,-1.699254],[-78.655488,-1.699262],[-78.655493,-1.699268],[-78.655497,-1.699274],[-78.655503,-1.699279],[-78.65551,-1.699284],[-78.655517,-1.699287],[-78.655525,-1.69929],[-78.655535,-1.699291],[-78.655543,-1.69929],[-78.655553,-1.699288],[-78.655562,-1.699284],[-78.65557,-1.699279],[-78.655578,-1.69927],[-78.655663,-1.699169],[-78.655709,-1.699134],[-78.655779,-1.699062],[-78.655783,-1.699058],[-78.655787,-1.699055],[-78.655793,-1.699052],[-78.655799,-1.699051],[-78.655807,-1.699053],[-78.655814,-1.699056],[-78.655818,-1.69906],[-78.655822,-1.699066],[-78.655824,-1.699073],[-78.655824,-1.699079],[-78.655823,-1.699085],[-78.65582,-1.699091],[-78.655802,-1.699158],[-78.655803,-1.699167],[-78.655805,-1.699174],[-78.655809,-1.699183],[-78.655815,-1.699193],[-78.655825,-1.699203],[-78.65584,-1.699213],[-78.655851,-1.699216],[-78.655864,-1.699218],[-78.655873,-1.699217],[-78.655977,-1.699183],[-78.656028,-1.699172],[-78.656081,-1.6992],[-78.656169,-1.699196],[-78.65631,-1.69927],[-78.656416,-1.699319],[-78.656481,-1.699335],[-78.656563,-1.699355],[-78.656615,-1.699399],[-78.656622,-1.699401],[-78.656628,-1.699402],[-78.656637,-1.699404],[-78.656648,-1.699405],[-78.656659,-1.699405],[-78.656669,-1.699405],[-78.656679,-1.699403],[-78.65669,-1.6994],[-78.656702,-1.699396],[-78.656823,-1.699267],[-78.656828,-1.699258],[-78.656836,-1.699249],[-78.656845,-1.699239],[-78.656854,-1.699231],[-78.656865,-1.699224],[-78.656875,-1.699219],[-78.656886,-1.699214],[-78.656902,-1.69921],[-78.656917,-1.699208],[-78.656937,-1.699208],[-78.656951,-1.69921],[-78.656962,-1.699214],[-78.656974,-1.699218],[-78.656985,-1.699224],[-78.656997,-1.699233],[-78.657072,-1.699311],[-78.657077,-1.699314],[-78.657083,-1.699317],[-78.657092,-1.699319],[-78.657099,-1.69932],[-78.657108,-1.69932],[-78.657117,-1.699318],[-78.657127,-1.699314],[-78.657132,-1.699311],[-78.657137,-1.699307],[-78.657145,-1.699301],[-78.657152,-1.699296],[-78.657161,-1.699291],[-78.657171,-1.699287],[-78.657184,-1.699282],[-78.657197,-1.699279],[-78.657208,-1.699278],[-78.657222,-1.699277],[-78.657235,-1.699277],[-78.657246,-1.699279],[-78.657258,-1.699281],[-78.657268,-1.699285],[-78.657279,-1.699289],[-78.657288,-1.699294],[-78.657337,-1.699312],[-78.657423,-1.699305],[-78.657573,-1.699282],[-78.657588,-1.699281],[-78.657605,-1.699279],[-78.65762,-1.699279],[-78.657633,-1.69928],[-78.657647,-1.699281],[-78.657665,-1.699284],[-78.657679,-1.699287],[-78.657691,-1.69929],[-78.657705,-1.699294],[-78.657715,-1.699298],[-78.657724,-1.699302],[-78.657735,-1.699307],[-78.657743,-1.699311],[-78.657806,-1.699327],[-78.657816,-1.699329],[-78.657826,-1.699329],[-78.657836,-1.699329],[-78.657845,-1.699329],[-78.657853,-1.699328],[-78.657862,-1.699327],[-78.65787,-1.699325],[-78.657879,-1.699322],[-78.657891,-1.699318],[-78.657901,-1.699313],[-78.65791,-1.699308],[-78.657918,-1.699303],[-78.657926,-1.699297],[-78.657932,-1.699292],[-78.657936,-1.699288],[-78.657942,-1.699282],[-78.657948,-1.699276],[-78.657954,-1.699271],[-78.657962,-1.699266],[-78.65797,-1.699262],[-78.65798,-1.699257],[-78.657988,-1.699255],[-78.658001,-1.699253],[-78.658015,-1.699252],[-78.658018,-1.699252],[-78.658144,-1.699265],[-78.658295,-1.699261],[-78.658368,-1.699221],[-78.658564,-1.699153],[-78.658713,-1.698999],[-78.658791,-1.698843],[-78.659302,-1.698448],[-78.659703,-1.698236],[-78.660228,-1.6983],[-78.66055,-1.697856],[-78.660035,-1.697186],[-78.659817,-1.696794],[-78.659588,-1.696608],[-78.659541,-1.696051],[-78.659758,-1.695877],[-78.659566,-1.695302],[-78.6596,-1.69496],[-78.659746,-1.694579],[-78.660091,-1.69443],[-78.660443,-1.694427],[-78.660832,-1.694598],[-78.661465,-1.694841],[-78.66193,-1.694942],[-78.662341,-1.695019],[-78.662738,-1.694506],[-78.662414,-1.694201],[-78.66209,-1.693895],[-78.661966,-1.693408],[-78.661849,-1.693151],[-78.661754,-1.692456],[-78.661945,-1.691894],[-78.662507,-1.691576],[-78.663176,-1.691785],[-78.663415,-1.692094],[-78.663787,-1.692126],[-78.664108,-1.691943],[-78.664511,-1.692279],[-78.664545,-1.692512],[-78.664773,-1.692592],[-78.665007,-1.692502],[-78.665286,-1.69287],[-78.665439,-1.692894],[-78.665864,-1.692652],[-78.665933,-1.692704],[-78.665912,-1.693082],[-78.666036,-1.693141],[-78.666298,-1.69301],[-78.666394,-1.693156],[-78.666587,-1.693187],[-78.66677,-1.693017],[-78.666774,-1.692584],[-78.666602,-1.692338],[-78.666665,-1.69203],[-78.667297,-1.691126],[-78.667553,-1.691113],[-78.667907,-1.691373],[-78.668136,-1.692029],[-78.66826,-1.692235],[-78.668252,-1.692448],[-78.668307,-1.69262],[-78.668439,-1.69267],[-78.668539,-1.692585],[-78.668777,-1.692098],[-78.668835,-1.692028],[-78.66891,-1.691973],[-78.668977,-1.691945],[-78.669082,-1.691923],[-78.669373,-1.69188],[-78.669552,-1.691813],[-78.669709,-1.691808],[-78.669723,-1.691811],[-78.669735,-1.691813],[-78.66975,-1.691814],[-78.669769,-1.691814],[-78.669785,-1.691813],[-78.6698,-1.691811],[-78.669814,-1.691808],[-78.669831,-1.691804],[-78.669847,-1.691798],[-78.669864,-1.691791],[-78.669878,-1.691784],[-78.669893,-1.691776],[-78.669908,-1.691765],[-78.67055,-1.691287],[-78.670689,-1.691194],[-78.670781,-1.691161],[-78.670985,-1.691118],[-78.671118,-1.691097],[-78.671365,-1.691045],[-78.671641,-1.690982],[-78.671744,-1.690992],[-78.672012,-1.691065],[-78.672063,-1.691095],[-78.67215,-1.691172],[-78.672391,-1.691492],[-78.672397,-1.691495],[-78.672403,-1.691497],[-78.672412,-1.691498],[-78.672419,-1.691497],[-78.672428,-1.691495],[-78.672742,-1.691356],[-78.672921,-1.691288],[-78.672991,-1.691319],[-78.673282,-1.691572],[-78.673488,-1.691669],[-78.673709,-1.69189],[-78.67385,-1.691747],[-78.674272,-1.691282],[-78.672751,-1.689881],[-78.672988,-1.689612],[-78.673107,-1.688995],[-78.673249,-1.688753],[-78.6729,-1.688529],[-78.67243,-1.688313],[-78.672074,-1.68784],[-78.671967,-1.687299],[-78.671545,-1.68666],[-78.670961,-1.685971],[-78.670229,-1.685626],[-78.669276,-1.685158],[-78.668738,-1.685014],[-78.667857,-1.684711],[-78.667535,-1.684635],[-78.666913,-1.684634],[-78.666311,-1.68472],[-78.665484,-1.684913],[-78.664464,-1.684826],[-78.663529,-1.684558],[-78.662868,-1.684219],[-78.662532,-1.683844],[-78.662208,-1.683384],[-78.662069,-1.683053]]]}}]}